[    0.0144] Program Path: /home/spider/tyrax2-debugger-linux-v1/squashfs-root/usr/bin/pcsx2-qt
[    0.0145] AppRoot Directory: /home/spider/tyrax2-debugger-linux-v1/squashfs-root/usr/bin
[    0.0145] Resources Directory: /home/spider/tyrax2-debugger-linux-v1/squashfs-root/usr/bin/resources
[    0.0145] DataRoot Directory: /home/spider/sky-retint-production-v2/profile/PCSX2
[    0.0145] Loading config from /home/spider/sky-retint-production-v2/profile/PCSX2/inis/PCSX2.ini.
[    0.0147] Loading secrets from /home/spider/sky-retint-production-v2/profile/PCSX2/inis/secrets.ini.
[    0.0151] BIOS Directory: /mnt/c/Users/pawel/OneDrive/Documents/PCSX2/bios
[    0.0151] Snapshots Directory: /home/spider/sky-retint-production-v2/profile/PCSX2/snaps
[    0.0151] Savestates Directory: /home/spider/sky-retint-production-v2/profile/PCSX2/sstates
[    0.0152] MemoryCards Directory: /home/spider/sky-retint-production-v2/profile/PCSX2/memcards
[    0.0152] Logs Directory: /home/spider/sky-retint-production-v2/profile/PCSX2/logs
[    0.0152] Cheats Directory: /home/spider/sky-retint-production-v2/profile/PCSX2/cheats
[    0.0152] Patches Directory: /home/spider/sky-retint-production-v2/profile/PCSX2/patches
[    0.0152] Covers Directory: /home/spider/sky-retint-production-v2/profile/PCSX2/covers
[    0.0152] Game Settings Directory: /home/spider/sky-retint-production-v2/profile/PCSX2/gamesettings
[    0.0152] Resources Directory: /home/spider/tyrax2-debugger-linux-v1/squashfs-root/usr/bin/resources
[    0.0152] User Resources Directory: /home/spider/sky-retint-production-v2/profile/PCSX2/resources
[    0.0152] Cache Directory: /home/spider/sky-retint-production-v2/profile/PCSX2/cache
[    0.0152] Textures Directory: /home/spider/sky-retint-production-v2/profile/PCSX2/textures
[    0.0152] Input Profile Directory: /home/spider/sky-retint-production-v2/profile/PCSX2/inputprofiles
[    0.0152] Video Dumping Directory: /home/spider/sky-retint-production-v2/profile/PCSX2/videos
[    0.0152] Debugger Layouts Directory: /home/spider/sky-retint-production-v2/profile/PCSX2/inis/debuggerlayouts
[    0.0152] Debugger Settings Directory: /home/spider/sky-retint-production-v2/profile/PCSX2/inis/debuggersettings
[    0.0280] Loaded translation file for language en-US
[    0.0354] PCSX2 v2.9.93
[    0.0355] Savestate version: 0x9a590000
[    0.0355] 
[    0.0355] 
[    0.0355] Host Machine Init:
[    0.0358]   Operating System = Ubuntu 22.04
[    0.0358]   Available RAM    = 49169 MB (48.02 GB)
[    0.0358]   Physical RAM     = 50191 MB (49.02 GB)
[    0.0358] 
[    0.0358]   Processor        = AMD Ryzen Threadripper 1920X
[    0.0358]   Core Count       = 24 cores
[    0.0359]   Thread Count     = 24 threads
[    0.0359]   Cluster Count    = 1 clusters
[    0.0359] CPU Extensions Detected:
[    0.0359]   AVX AVX2
[    0.0359] 
[    0.0360] Allocating host memory for virtual systems...
[    0.0367]   EE Main Memory                   @ 0x00007F672B200000 -> 0x00007F6734100000 [143mb]
[    0.0368]   IOP Main Memory                  @ 0x00007F6734100000 -> 0x00007F673C200000 [129mb]
[    0.0368]   VU0/1 On-Chip Memory             @ 0x00007F673C200000 -> 0x00007F673C300000 [1mb]
[    0.0368]   VTLB Virtual Map                 @ 0x00007F673C300000 -> 0x00007F673CB00000 [8mb]
[    0.0368]   VTLB Address Map                 @ 0x00007F673CB00000 -> 0x00007F673CF00000 [4mb]
[    0.0368]   R5900 Recompiler Cache           @ 0x00007F673CF00000 -> 0x00007F6740F00000 [64mb]
[    0.0368]   R3000A Recompiler Cache          @ 0x00007F6740F00000 -> 0x00007F6742F00000 [32mb]
[    0.0368]   Micro VU0 Recompiler Cache       @ 0x00007F6743F00000 -> 0x00007F6747F00000 [64mb]
[    0.0368]   Micro VU1 Recompiler Cache       @ 0x00007F6747F00000 -> 0x00007F674BF00000 [64mb]
[    0.0368]   VIF0 Unpack Recompiler Cache     @ 0x00007F6742F00000 -> 0x00007F6743700000 [8mb]
[    0.0368]   VIF1 Unpack Recompiler Cache     @ 0x00007F6743700000 -> 0x00007F6743F00000 [8mb]
[    0.0368]   VIF Unpack Recompiler Cache      @ 0x00007F674BF00000 -> 0x00007F674C000000 [1mb]
[    0.0368]   GS Software Renderer             @ 0x00007F674C000000 -> 0x00007F6750000000 [64mb]
[    0.0396] Fastmem area: 0x7f662b200000 - 0x7f672b1fffff
[    0.0404] Generating SSE-optimized unpacking functions for VIF interpreters...
[    0.0408] Unpack function generation complete.  Generated function statistics:
[    0.0408]   Reserved buffer    : 1048576 bytes @ 0x00007F674BF00000
[    0.0409]   x86 code generated : 7422 bytes
[    0.0409] 
[    0.0413] SDLInputSource: Using Controller DB from resources.
[    0.0581] SDLInputSource: 765 gamepad mappings are loaded.
[    0.0582] Invalid binding: 'XInput-0/DPadUp'
[    0.0582] Invalid binding: 'XInput-0/DPadRight'
[    0.0582] Invalid binding: 'XInput-0/DPadDown'
[    0.0582] Invalid binding: 'XInput-0/DPadLeft'
[    0.0582] Invalid binding: 'XInput-0/Y'
[    0.0582] Invalid binding: 'XInput-0/B'
[    0.0582] Invalid binding: 'XInput-0/A'
[    0.0582] Invalid binding: 'XInput-0/X'
[    0.0582] Invalid binding: 'XInput-0/Back'
[    0.0582] Invalid binding: 'XInput-0/Start'
[    0.0582] Invalid binding: 'XInput-0/LeftShoulder'
[    0.0582] Invalid binding: 'XInput-0/+LeftTrigger'
[    0.0582] Invalid binding: 'XInput-0/RightShoulder'
[    0.0582] Invalid binding: 'XInput-0/+RightTrigger'
[    0.0582] Invalid binding: 'XInput-0/LeftStick'
[    0.0582] Invalid binding: 'XInput-0/RightStick'
[    0.0582] Invalid binding: 'XInput-0/Guide'
[    0.0582] Invalid binding: 'XInput-0/-LeftY'
[    0.0582] Invalid binding: 'XInput-0/+LeftX'
[    0.0582] Invalid binding: 'XInput-0/+LeftY'
[    0.0582] Invalid binding: 'XInput-0/-LeftX'
[    0.0582] Invalid binding: 'XInput-0/-RightY'
[    0.0583] Invalid binding: 'XInput-0/+RightX'
[    0.0583] Invalid binding: 'XInput-0/+RightY'
[    0.0583] Invalid binding: 'XInput-0/-RightX'
[    0.0589] Settings: Advanced Settings are enabled; only proceed if you know what you're doing! No support will be provided if you have the option enabled.
[    0.1023] Scanning F:\PS2\Games (recursively)
[    0.1058] Loading BIOS...
[    0.1184] BIOS Found: Europe  v02.00(14/06/2004)  Console 20040614-100914
[    0.1711] Mechacon version: 0x00020603
[    0.1725] Opening CDVD...
[    0.2059] Initializing Elf: 4624060 bytes
[    0.2071] Disc changed to .
[    0.2071]   Name: vehicle-playground [?]
[    0.2071]   Serial: vehicle-playground
[    0.2071]   Version: 
[    0.2071]   CRC: C08DDF4B
[    0.2072] No game settings found (tried '/home/spider/sky-retint-production-v2/profile/PCSX2/gamesettings/C08DDF4B.ini')
[    0.2072] Applying settings...
[    0.2075] Invalid binding: 'XInput-0/DPadUp'
[    0.2075] Invalid binding: 'XInput-0/DPadRight'
[    0.2075] Invalid binding: 'XInput-0/DPadDown'
[    0.2075] Invalid binding: 'XInput-0/DPadLeft'
[    0.2075] Invalid binding: 'XInput-0/Y'
[    0.2075] Invalid binding: 'XInput-0/B'
[    0.2075] Invalid binding: 'XInput-0/A'
[    0.2075] Invalid binding: 'XInput-0/X'
[    0.2075] Invalid binding: 'XInput-0/Back'
[    0.2075] Invalid binding: 'XInput-0/Start'
[    0.2075] Invalid binding: 'XInput-0/LeftShoulder'
[    0.2075] Invalid binding: 'XInput-0/+LeftTrigger'
[    0.2075] Invalid binding: 'XInput-0/RightShoulder'
[    0.2075] Invalid binding: 'XInput-0/+RightTrigger'
[    0.2075] Invalid binding: 'XInput-0/LeftStick'
[    0.2075] Invalid binding: 'XInput-0/RightStick'
[    0.2076] Invalid binding: 'XInput-0/Guide'
[    0.2076] Invalid binding: 'XInput-0/-LeftY'
[    0.2076] Invalid binding: 'XInput-0/+LeftX'
[    0.2076] Invalid binding: 'XInput-0/+LeftY'
[    0.2076] Invalid binding: 'XInput-0/-LeftX'
[    0.2076] Invalid binding: 'XInput-0/-RightY'
[    0.2076] Invalid binding: 'XInput-0/+RightX'
[    0.2076] Invalid binding: 'XInput-0/+RightY'
[    0.2076] Invalid binding: 'XInput-0/-RightX'
[    0.2078] GameDB: Has not been initialized yet, initializing...
[    0.2589] GameDB: 12841 games on record (loaded in 51.11ms)
[    0.2613] Reopening memory cards...
[    0.2613] (FileMcd) Creating new 8MB memory card: /home/spider/sky-retint-production-v2/profile/PCSX2/memcards/Mcd001.ps2
[    0.2718] McdSlot 0 [File]: Mcd001.ps2 [8 MB, UNFORMATTED]
[    0.2718] McdSlot 1 [File]: [disabled/empty filename]
[    0.2777] HLE Host: Set 'host:' root path to: /mnt/f/Projects/tyrax2-lab-20261001/sky-retint-production-vehicle-v1/game/bin
[    0.2778] EE/iR5900 Recompiler Reset
[    0.3201] iR3000A Recompiler reset.
[    0.3324] mVU Reset
[    0.3332] mVU Reset
[    0.3377] Resetting host memory for virtual systems...
[    0.5753] Time Zone Offset: GMT+01:00
[    0.5754] Time Zone Location: Berlin
[    0.5754] DST: Winter Time
[    0.5754] Time Format: 24-Hour
[    0.5754] Date Format: DD/MM/YYYY
[    0.5754] System Time Basis: Operating System Time
[    0.5754] Resulting System Time: 2026-10-05 22:36:04
[    0.5754] Close virtual disk tray
[    0.5754] Media already loaded (fast boot)
[    0.5754] Opening GS...
[    0.6130] VK: Enabling extension: VK_KHR_get_surface_capabilities2
[    0.6240] Using Vulkan GPU 'llvmpipe (LLVM 15.0.7, 256 bits)' for automatic renderer check.
[    0.6240] Not using Vulkan for software renderer.
[    0.6241] acquireRenderWindow() recreate=true fullscreen=false render_to_main=false surfaceless=false
[    0.6287] (GetRefreshRateFromXRandR) Modeline is invalid: 0/0/0
[    0.6287] Surface refresh rate: 60 Hz
[    0.6289] Loading EGL from libEGL.so...
[    0.6301] GLAD EGL Version: 1.0
[    0.6301] Using EGL platform EGL_EXT_platform_x11.
[    0.6389] eglInitialize() version: 1.5
[    0.6391] GLAD EGL Version: 1.5
[    0.6391] Trying GL version 4.6
[    0.6391] eglCreateContext() failed: 0x3009
[    0.6391] Trying GL version 4.5
[    0.6524] Got GL version 4.5
[    0.6524] EGL_MIN_SWAP_INTERVAL = 1
[    0.6524] EGL_MAX_SWAP_INTERVAL = 1
[    0.6524] Negative swap interval/tear-control is NOT supported
[    0.6552] GL_VENDOR: Mesa
[    0.6552] GL_VERSION: 4.5 (Core Profile) Mesa 23.2.1-1ubuntu3.1~22.04.4
[    0.6552] GL_RENDERER: llvmpipe (LLVM 15.0.7, 256 bits)
[    0.6552] GL_SHADING_LANGUAGE_VERSION: 4.50
[    0.6553] GL_MAX_VERTEX_SHADER_STORAGE_BLOCKS: 16
[    0.6553] GL: Viewport Array:            Supported       => Using: GL_ARB_viewport_array
[    0.6553] GL: Direct State Access:       Supported       => Using: OpenGL 4.5 Core
[    0.6553] GL: Copy Image:                Supported       => Using: OpenGL 4.3 Core
[    0.6553] GL: Clip Control:              Supported       => Using: OpenGL 4.5 Core
[    0.6553] GL: Conservative Depth:        Supported       => Using: OpenGL 4.2 Core
[    0.6553] GL: CAS Sharpening:            Supported       => Using: OpenGL 4.2 Core
[    0.6553] GL: Texture Barriers:          Auto            => Using: Framebuffer Fetch
[    0.6553] GL: RGBA16 HW Blending:        Supported       => Using: RGBA16 UNORM
[    0.6553] GL: Point Expansion:           Supported       => Using: Hardware
[    0.6553] GL: Line Expansion:            Fallback        => Using: Vertex Expansion
[    0.6553] GL: Sprite Expansion:          Supported       => Using: Vertex Expansion
[    0.6553] GL: DXTn Texture Compression:  Supported       => Using: GL_EXT_texture_compression_s3tc
[    0.6553] GL: BC6/7 Texture Compression: Supported       => Using: OpenGL 4.2 Core
[    0.6575] 1 program binary formats supported by driver
[    0.6929] Program binary retrieved, 4105 bytes, format 34655
[    0.6933] Program binary retrieved, 4121 bytes, format 34655
[    0.6937] Program binary retrieved, 4249 bytes, format 34655
[    0.6941] Program binary retrieved, 4013 bytes, format 34655
[    0.6945] Program binary retrieved, 4013 bytes, format 34655
[    0.6948] Program binary retrieved, 4017 bytes, format 34655
[    0.6952] Program binary retrieved, 4017 bytes, format 34655
[    0.6956] Program binary retrieved, 4185 bytes, format 34655
[    0.6960] Program binary retrieved, 4217 bytes, format 34655
[    0.6964] Program binary retrieved, 4137 bytes, format 34655
[    0.6968] Program binary retrieved, 4125 bytes, format 34655
[    0.6971] Program binary retrieved, 4121 bytes, format 34655
[    0.6977] Program binary retrieved, 4253 bytes, format 34655
[    0.6984] Program binary retrieved, 4237 bytes, format 34655
[    0.6988] Program binary retrieved, 4245 bytes, format 34655
[    0.6992] Program binary retrieved, 4261 bytes, format 34655
[    0.6998] Program binary retrieved, 4965 bytes, format 34655
[    0.7003] Program binary retrieved, 4981 bytes, format 34655
[    0.7007] Program binary retrieved, 4261 bytes, format 34655
[    0.7011] Program binary retrieved, 4277 bytes, format 34655
[    0.7016] Program binary retrieved, 5005 bytes, format 34655
[    0.7021] Program binary retrieved, 5021 bytes, format 34655
[    0.7025] Program binary retrieved, 4257 bytes, format 34655
[    0.7029] Program binary retrieved, 4273 bytes, format 34655
[    0.7034] Program binary retrieved, 5001 bytes, format 34655
[    0.7039] Program binary retrieved, 5017 bytes, format 34655
[    0.7043] Program binary retrieved, 4277 bytes, format 34655
[    0.7047] Program binary retrieved, 4293 bytes, format 34655
[    0.7052] Program binary retrieved, 5057 bytes, format 34655
[    0.7058] Program binary retrieved, 5073 bytes, format 34655
[    0.7064] Program binary retrieved, 4153 bytes, format 34655
[    0.7067] Program binary retrieved, 4169 bytes, format 34655
[    0.7072] Program binary retrieved, 4233 bytes, format 34655
[    0.7077] Program binary retrieved, 5781 bytes, format 34655
[    0.7082] Program binary retrieved, 5373 bytes, format 34655
[    0.7089] Program binary retrieved, 6389 bytes, format 34655
[    0.7094] Program binary retrieved, 4917 bytes, format 34655
[    0.7098] Program binary retrieved, 4845 bytes, format 34655
[    0.7103] Program binary retrieved, 4997 bytes, format 34655
[    0.7106] Program binary retrieved, 4101 bytes, format 34655
[    0.7137] Program binary retrieved, 4137 bytes, format 34655
[    0.7170] Program binary retrieved, 4109 bytes, format 34655
[    0.7174] Program binary retrieved, 5389 bytes, format 34655
[    0.7178] Program binary retrieved, 5829 bytes, format 34655
[    0.7181] Program binary retrieved, 5857 bytes, format 34655
[    0.7185] Program binary retrieved, 4289 bytes, format 34655
[    0.7209] Program binary retrieved, 21205 bytes, format 34655
[    0.7213] Program binary retrieved, 4765 bytes, format 34655
[    0.7218] Program binary retrieved, 5685 bytes, format 34655
[    0.7221] Program binary retrieved, 4141 bytes, format 34655
[    0.7224] Program binary retrieved, 4537 bytes, format 34655
[    0.7228] Program binary retrieved, 4889 bytes, format 34655
[    0.7231] Program binary retrieved, 4117 bytes, format 34655
[    0.7235] Program binary retrieved, 4741 bytes, format 34655
[    0.7238] Program binary retrieved, 4965 bytes, format 34655
[    0.7244] Program binary retrieved, 6613 bytes, format 34655
[    0.7248] Program binary retrieved, 4797 bytes, format 34655
[    0.7264] Program binary retrieved, 13085 bytes, format 34655
[    0.7327] Program binary retrieved, 7285 bytes, format 34655
[    0.7383] Program binary retrieved, 5497 bytes, format 34655
[    0.7386] Program binary retrieved, 4141 bytes, format 34655
[    0.7390] Program binary retrieved, 4141 bytes, format 34655
[    0.7394] Program binary retrieved, 4145 bytes, format 34655
[    0.7398] Program binary retrieved, 4145 bytes, format 34655
[    0.7807] Program binary retrieved, 5369 bytes, format 34655
[    0.7822] OpenGL Graphics Driver Info:
[    0.7822] OpenGL Context:
[    0.7822] 4.5 (Core Profile) Mesa 23.2.1-1ubuntu3.1~22.04.4
[    0.7822] Mesa llvmpipe (LLVM 15.0.7, 256 bits)
[    0.7822] GLSL: 4.50
[    0.7854] Processor count: 24 cores, 24 processors, 1 clusters
[    0.7855] Ordered processor list: 12, 23, 22, 21, 20, 19, 18, 17, 16, 15, 14, 13, 0, 11, 10, 9, 8, 7, 6, 5, 4, 3, 2, 1
[    0.7855] Not pinning SW threads, we need 4 processors, but only have 0
[    0.7866] Opening SPU2...
[    0.7869] Creating Null audio stream, sample rate = 48000, expansion = Disabled, buffer = 50, latency = 32, stretching enabled, driver = wasapi, device = 
[    0.7869] Allocated buffer of 2432 frames for buffer of 50 ms [expansion Disabled (block size 2048), stretch disabled, target size 2432].
[    0.7869] Initializing Pad...
[    0.7869] Initializing SIO2...
[    0.7869] Initializing SIO0...
[    0.7869] Opening DEV9...
[    0.7869] DEV9: DEV9init
[    0.7875] DEV9: DEV9init2
[    0.7875] DEV9: DEV9init3
[    0.7902] DEV9: DEV9init ok
[    0.7903] DEV9: DEV9open
[    0.7903] Opening USB...
[    0.7903] Opening FW...
[    0.7905] Frame rate: 59.94, target speed: 1, target frame rate: 59.94, ticks per frame: 16683350
[    0.7938] VM subsystems initialized in 688.21 ms
[    0.7965] MultiPause time: 142ns
[    0.7971] MultiPause time: 142ns
[    0.7971] MultiPause time: 202ns
[    0.7972] MultiPause time: 142ns
[    0.8045] Failed to inhibit screen saver.
[    0.8045] Processor order assignment: EE=12, VU=23, GS=22
[    0.8045]   EE thread is on processor 12 (0x1000)
[    0.8046]   VU thread is on processor 23 (0x800000)
[    0.8046]   GS thread is on processor 22 (0x400000)
[    0.8152] Failed to inhibit screen saver.
[    0.8381] # Initialize memory (rev:3.70, ctm:197Mhz, cpuclk:147Mhz detected)
[    0.8464] R3000 Debugger: Branch to 0x890 (SYSMEM). Clearing modules.
[    0.8478] RegisterLibraryEntries: excepman version 1.01
[    0.8487] RegisterLibraryEntries:  intrman version 1.02
[    0.8488] RegisterLibraryEntries:   ssbusc version 1.01
[    0.8492] RegisterLibraryEntries:  dmacman version 1.02
[    0.8496] RegisterLibraryEntries:  timrman version 1.01
[    0.8498] RegisterLibraryEntries:  sysclib version 1.01
[    0.8499] RegisterLibraryEntries:    stdio version 1.01
[    0.8500] RegisterLibraryEntries:  heaplib version 1.01
[    0.8504] FW: read mem 0x1f80847c: 0x10000001
[    0.8504] FW: write mem 0x1f808414: 0x417f0000
[    0.8504] FW: read mem 0x1f808400: 0xffc00001
[    0.8505] FW: write mem 0x1f80844c: 0xffffffff
[    0.8505] FW: write mem 0x1f808420: 0xffffffff
[    0.8505] FW: write mem 0x1f808428: 0xffffffff
[    0.8505] FW: write mem 0x1f808430: 0xffffffff
[    0.8514] RegisterLibraryEntries:   thbase version 1.01
[    0.8515] RegisterLibraryEntries:  thevent version 1.01
[    0.8516] RegisterLibraryEntries:  thsemap version 1.01
[    0.8516] RegisterLibraryEntries:  thmsgbx version 1.01
[    0.8516] RegisterLibraryEntries:  thfpool version 1.01
[    0.8517] RegisterLibraryEntries:  thvpool version 1.01
[    0.8524] RegisterLibraryEntries:   vblank version 1.01
[    0.8528] RegisterLibraryEntries:    ioman version 1.02
[    0.8535] RegisterLibraryEntries:  modload version 1.01
[    0.8538] RegisterLibraryEntries:   romdrv version 2.01
[    0.8540] RegisterLibraryEntries:    stdio version 1.02
[    0.8544] RegisterLibraryEntries:   sifman version 1.01
[    0.8546] 
[    0.8547] PlayStation 2 ======== Hard reset boot
[    0.8548]  ROMGEN=2004-0614, IOP info (CPUID=1f, CACH_CONFIG=0, 2MB, IOP mode)
[    0.8550]  <20040614-100914,ROMconf,PS20200EC20040614.bin:11696>
[    0.8639] # Total accessable memory size: 32 MB (B:2:8:0) (370:2:7c30)
[    0.8649] # TLB spad=0 kernel=1:12 default=13:30 extended=31:38
[    0.9258] # Initialize Start.
[    0.9263] # Initialize GS ...
[    0.9263] # Initialize INTC ...
[    0.9263] # Initialize TIMER ...
[    0.9264] # Initialize DMAC ...
[    0.9265] # Initialize VU1 ...
[    0.9268] # Initialize VIF1 ...
[    0.9270] # Initialize GIF ...
[    0.9270] # Initialize VU0 ...
[    0.9271] # Initialize VIF0 ...
[    0.9271] # Initialize IPU ...
[    0.9273] # Initialize FPU ...
[    0.9273] # Initialize User Memory ...
[    0.9833] # Initialize Scratch Pad ...
[    0.9834] # Initialize Done.
[    0.9843] 
[    0.9843] EE DECI2 Manager version 0.06 Feb  6 2003 08:38:48
[    0.9843]   CPUID=2e20, BoardID=0, ROMGEN=2004-0614, 32M
[    0.9843] 
[    0.9845] RegisterLibraryEntries:   sifcmd version 1.01
[    1.0151] Initializing Elf: 4624060 bytes
[    1.0182] ELF Loading: host:vehicle-playground.elf, Game CRC = C08DDF4B, EntryPoint = 0x00100E78
[    1.0210] RegisterLibraryEntries:  cdvdman version 1.01
[    1.0271] RegisterLibraryEntries:  cdvdfsv version 1.01
[    1.0286] RegisterLibraryEntries:  secrman version 1.03
[    1.0287] RegisterLibraryEntries:   eesync version 1.01
[    1.0291] 
[    1.0291] IOP Realtime Kernel Ver.0.9.1
[    1.0291]     Copyright 1999 (C) Sony Computer Entertainment Inc. 
[    1.0298] Reboot service module.(99/11/10)
[    1.0322] cdvd driver module version 0.1.1 (C)SCEI
[    1.0326] Load File service.(99/11/05)
[    1.0327] Multi Threaded Fileio module.(99/11/15) 
[    1.0327] iop heap service (99/11/03)
[    1.0583] loadelf: fname host:vehicle-playground.elf secname all
[    1.0583] loadelf version 3.30
[    1.0613] Input ELF format filename = host:vehicle-playground.elf
[    1.1051] 1 00100000 0041c93c ..................................................................
[    1.1052] Loaded, host:vehicle-playground.elf
[    1.1052] start address 0x100e78
[    1.1052] gp address 00000000
[    1.1066] # Restart Without Memory Clear.
[    1.1131] # Initialize GS ...
[    1.1131] # Initialize INTC ...
[    1.1131] # Initialize TIMER ...
[    1.1131] # Initialize DMAC ...
[    1.1131] # Initialize VU1 ...
[    1.1133] # Initialize VIF1 ...
[    1.1134] # Initialize GIF ...
[    1.1134] # Initialize VU0 ...
[    1.1134] # Initialize VIF0 ...
[    1.1134] # Initialize IPU ...
[    1.1134] # Initialize FPU ...
[    1.1134] # Initialize Scratch Pad ...
[    1.1134] # Restart Without Memory Clear Done.
[    1.1135] ELF host:vehicle-playground.elf with entry point at 0x00100E78 is executing.
[    1.1136] ELF changed, active CRC C08DDF4B (host:vehicle-playground.elf)
[    1.1138] Applying core settings...
[    1.1142] Updating CPU configuration...
[    1.1142] iR3000A Recompiler reset.
[    1.1178] mVU Reset
[    1.1183] mVU Reset
[    1.1370] iR3000A Recompiler reset.
[    1.1402] mVU Reset
[    1.1402] mVU Reset
[    1.1439] EE/iR5900 Recompiler Reset
[    1.1590] BIOS: Successfully found the instruction pattern. Assuming the thread list is here: 8001a640
[    1.1614] Warning: GetOsdConfigParam2 Reading extended language/version configs, may be incorrect!
[    1.1712] read/write allocate memory 4000
[    1.1713] open name host:/ps2link.run flag 1 data 41378
[    1.1727] open fd = -5
[    1.1755] Get Reboot Request From EE
[    1.1767] R3000 Debugger: Branch to 0x890 (SYSMEM). Clearing modules.
[    1.1787] RegisterLibraryEntries: excepman version 1.01
[    1.1797] RegisterLibraryEntries:  intrman version 1.02
[    1.1799] RegisterLibraryEntries:   ssbusc version 1.01
[    1.1804] RegisterLibraryEntries:  dmacman version 1.02
[    1.1810] RegisterLibraryEntries:  timrman version 1.01
[    1.1815] RegisterLibraryEntries:  sysclib version 1.01
[    1.1816] RegisterLibraryEntries:    stdio version 1.01
[    1.1818] RegisterLibraryEntries:  heaplib version 1.01
[    1.1840] RegisterLibraryEntries:   thbase version 1.01
[    1.1841] RegisterLibraryEntries:  thevent version 1.01
[    1.1841] RegisterLibraryEntries:  thsemap version 1.01
[    1.1841] RegisterLibraryEntries:  thmsgbx version 1.01
[    1.1842] RegisterLibraryEntries:  thfpool version 1.01
[    1.1842] RegisterLibraryEntries:  thvpool version 1.01
[    1.1851] RegisterLibraryEntries:   vblank version 1.01
[    1.1856] RegisterLibraryEntries:    ioman version 1.02
[    1.1866] RegisterLibraryEntries:  modload version 1.01
[    1.1921] RegisterLibraryEntries:   romdrv version 2.01
[    1.1925] RegisterLibraryEntries:    stdio version 1.02
[    1.1929] RegisterLibraryEntries:   sifman version 1.01
[    1.1933] 
[    1.1934] PlayStation 2 ======== Soft reboot
[    1.1941] RegisterLibraryEntries:   sifcmd version 1.01
[    1.1980] RegisterLibraryEntries:  cdvdman version 1.01
[    1.1996] RegisterLibraryEntries:  cdvdfsv version 1.01
[    1.2083] RegisterLibraryEntries:  secrman version 1.03
[    1.2084] RegisterLibraryEntries:   eesync version 1.01
[    1.2086] 
[    1.2086] IOP Realtime Kernel Ver.0.9.1
[    1.2086]     Copyright 1999 (C) Sony Computer Entertainment Inc. 
[    1.2091] Reboot service module.(99/11/10)
[    1.2109] [EE] Skipping timeout loop at 0x002F7360 -> 0x002F7380
[    1.2110] cdvd driver module version 0.1.1 (C)SCEI
[    1.2113] Load File service.(99/11/05)
[    1.2113] Multi Threaded Fileio module.(99/11/15) 
[    1.2114] iop heap service (99/11/03)
[    1.2426] RegisterLibraryEntries:   iomanx version 1.01
[    1.2438] fileXio: fileXio: fileXio RPC Server v1.00
[    1.2438] Copyright (c) 2003 adresd
[    1.2441] RegisterLibraryEntries:  sio2man version 2.07
[    1.2442] RegisterLibraryEntries:  sio2man version 1.02
[    1.2449] RegisterLibraryEntries:   padman version 1.02
[    1.2450] Pad Driver for OSD
[    1.2454] FREESD v1.01
[    1.2454] RegisterLibraryEntries:    libsd version 1.04
[    1.2580] debug_level = 1 (ps2snd 0.1
[    1.2591] read/write allocate memory 4000
[    1.2592] open name host:/log.txt flag 302 data 41378
[    1.2627] open fd = 256
[    1.2673] greetings from version 0.93 !
[    1.2674] RegisterLibraryEntries:   audsrv version 1.04
[    1.2674] audsrv_adpcm_init()
[    1.2678] open name host:/log.txt flag 302 data 41378
[    1.2696] open fd = 256
[    1.2716] open name host:/log.txt flag 302 data 41378
[    1.2734] open fd = 256
[    1.2766] open name host:/log.txt flag 302 data 41378
[    1.2784] open fd = 256
[    1.2803] UpdateVSyncRate: Mode Changed to SDTV 480p.
[    1.2803] Frame rate: 59.94, target speed: 1, target frame rate: 59.94, ticks per frame: 16683350
[    1.2803] Set GS CRTC configuration. SDTV   720x480 @ 59.94 Progressive (FRAME)
[    1.2812] open name host:/log.txt flag 302 data 41378
[    1.2827] open fd = 256
[    1.2847] open name host:/log.txt flag 302 data 41378
[    1.2867] open fd = 256
[    1.2882] open name host:/log.txt flag 302 data 41378
[    1.2897] open fd = 256
[    1.2920] open name host:/log.txt flag 302 data 41378
[    1.2935] open fd = 256
[    1.2956] open name host:/log.txt flag 302 data 41378
[    1.2974] open fd = 256
[    1.2991] open name host:/log.txt flag 302 data 41378
[    1.3005] open fd = 256
[    1.3022] open name host:/log.txt flag 302 data 41378
[    1.3036] open fd = 256
[    1.3053] open name host:/log.txt flag 302 data 41378
[    1.3068] open fd = 256
[    1.3085] open name host:/log.txt flag 302 data 41378
[    1.3100] open fd = 256
[    1.3120] open name host:/log.txt flag 302 data 41378
[    1.3135] open fd = 256
[    3.3969] 
[    3.3971] -----------------------------------------
[    3.3972]         _____        ____   ___
[    3.3972]           |     /   ____| |___|
[    3.3973]           |     |   |     |   |
[    3.3973] -----------------------------------------
[    3.3974] Copyright 2022
[    3.3974] Repository: https://github.com/h4570/tyra
[    3.3975] Licensed under Apache License 2.0
[    3.3979] Version: 2.2.0
[    3.3979] -----------------------------------------
[    3.3980] 
[    3.5633] open name host:/log.txt flag 302 data 41378
[    3.5655] open fd = 256
[    3.5676] open name host:/log.txt flag 302 data 41378
[    3.5693] open fd = 256
[    3.5714] audsrv_adpcm_init()
[    3.5726] open name host:/log.txt flag 302 data 41378
[    3.5743] open fd = 256
[    3.5763] [EE] Skipping timeout loop at 0x00102F60 -> 0x00102F80
[    3.5974] open name host:/log.txt flag 302 data 41378
[    3.5995] open fd = 256
[    3.6016] open name host:/log.txt flag 302 data 41378
[    3.6032] open fd = 256
[    3.6051] Curent pad(0,0) status: EXECCMD
[    3.7954] Pad: DS2 Config Finished - P1/S1 - AL: Off - AB: Usable - VS: Disabled - VL: Disabled - RB: D (0x00000000)
[    3.8297] open name host:/log.txt flag 302 data 41378
[    3.8314] open fd = 256
[    3.8334] open name host:/log.txt flag 302 data 41378
[    3.8349] open fd = 256
[    3.8366] open name host:/log.txt flag 302 data 41378
[    3.8381] open fd = 256
[    3.8396] Curent pad(0,0) status: EXECCMD
[    3.8960] Pad: DS2 Config Finished - P1/S1 - AL: On - AB: Locked - VS: Disabled - VL: Disabled - RB: D (0x00000000)
[    4.0959] Pad: DS2 Config Finished - P1/S1 - AL: On - AB: Locked - VS: Disabled - VL: Disabled - RB: D (0x00000000)
[    4.1294] open name host:/log.txt flag 302 data 41378
[    4.1312] open fd = 256
[    4.1341] open name host:/log.txt flag 302 data 41378
[    4.1357] open fd = 256
[    4.1377] open name host:/log.txt flag 302 data 41378
[    4.1398] open fd = 256
[    4.1418] Curent pad(0,0) status: EXECCMD
[    4.3961] Pad: DS2 Config Finished - P1/S1 - AL: On - AB: Locked - VS: Disabled - VL: Disabled - RB: D+A+P (0x0003FFFF)
[    4.5966] Pad: DS2 Config Finished - P1/S1 - AL: On - AB: Locked - VS: Disabled - VL: Disabled - RB: D+A+P (0x0003FFFF)
[    4.6302] open name host:/log.txt flag 302 data 41378
[    4.6323] open fd = 256
[    4.6340] open name host:/log.txt flag 302 data 41378
[    4.6355] open fd = 256
[    4.6373] open name host:/log.txt flag 302 data 41378
[    4.6387] open fd = 256
[    4.6401] open name host:/log.txt flag 302 data 41378
[    4.6417] open fd = 256
[    4.6433] Curent pad(0,0) status: EXECCMD
[    4.6963] Pad: DS2 Config Finished - P1/S1 - AL: On - AB: Locked - VS: Normal - VL: Normal - RB: D+A+P (0x0003FFFF)
[    4.7136] open name host:/log.txt flag 302 data 41378
[    4.7155] open fd = 256
[    4.7172] open name host:/log.txt flag 302 data 41378
[    4.7189] open fd = 256
[    4.7239] open name host:/log.txt flag 302 data 41378
[    4.7262] open fd = 256
[    4.7283] open name host:/log.txt flag 302 data 41378
[    4.7298] open fd = 256
[    4.7321] open name host:/log.txt flag 302 data 41378
[    4.7337] open fd = 256
[    4.7399] loadmodule: fname rom0:XMCMAN args 0 arg 
[    4.7502] RegisterLibraryEntries:    mcman version 2.03
[    4.7510] loadmodule: id 32, ret 0
[    4.7511] loadmodule: fname rom0:XMCSERV args 0 arg 
[    4.7514] RegisterLibraryEntries:   mcserv version 1.01
[    4.7634] loadmodule: id 33, ret 0
[    4.7636] [EE] Skipping timeout loop at 0x00104BF0 -> 0x00104C10
[    5.1325] (FileMcd) Warning: checksum sector overwritten. (0)
[    5.1325] OSD [MemoryCardSave0]: Memory Card 'Mcd001.ps2' was saved to storage.
[    5.6003] (FileMcd) Warning: checksum sector overwritten. (0)
[    5.7157] open name host:/save/icon.sys flag 1 data 41378
[    5.7189] open fd = 256
[    5.7867] open name host:/save/list.icn flag 1 data 41378
[    5.7899] open fd = 256
[    5.9543] open name host:/log.txt flag 302 data 41378
[    5.9562] open fd = 256
[    5.9580] open name host:/log.txt flag 302 data 41378
[    5.9595] open fd = 256
[    5.9701] open name host:/menus/save.png flag 1 data 41378
[    5.9721] open fd = 256
[    6.0034] open name host:/hud/save-cursor.png flag 1 data 41378
[    6.0058] open fd = 256
[    6.0167] open name host:/hud/save-used.png flag 1 data 41378
[    6.0188] open fd = 256
[    6.0217] open name host:/hud/save-saved.png flag 1 data 41378
[    6.0240] open fd = 256
[    6.0274] open name host:/hud/save-loaded.png flag 1 data 41378
[    6.0295] open fd = 256
[    6.0324] open name host:/hud/save-error.png flag 1 data 41378
[    6.0345] open fd = 256
[    6.0444] open name host:/hud/save-busy.png flag 1 data 41378
[    6.0466] open fd = 256
[    6.0714] open name host:/hud/save-spinner.png flag 1 data 41378
[    6.0737] open fd = 256
[    6.0850] open name host:/menus/save.png flag 1 data 41378
[    6.0872] open fd = 256
[    6.1316] open name host:/menus/district-pause.png flag 1 data 41378
[    6.1339] open fd = 256
[    6.1501] open name host:/menus/district-pause-values.png flag 1 data 41378
[    6.1527] open fd = 256
[    6.1661] open name host:/hud/save-cursor.png flag 1 data 41378
[    6.1683] open fd = 256
[    6.1706] open name host:/hud/save-cursor.png flag 1 data 41378
[    6.1725] open fd = 256
[    6.1744] open name host:/hud/save-cursor.png flag 1 data 41378
[    6.1763] open fd = 256
[    6.1786] open name host:/hud/menu-dim.png flag 1 data 41378
[    6.1804] open fd = 256
[    6.1831] open name host:/hud/flare-corona.png flag 1 data 41378
[    6.1850] open fd = 256
[    6.1974] open name host:/hud/flashlight-gobo.png flag 1 data 41378
[    6.1997] open fd = 256
[    6.2132] open name host:/hud/flare-glow.png flag 1 data 41378
[    6.2155] open fd = 256
[    6.2256] open name host:/hud/sun-disc.png flag 1 data 41378
[    6.2277] open fd = 256
[    6.2312] open name host:/hud/moon-disc.png flag 1 data 41378
[    6.2336] open fd = 256
[    6.2673] open name host:/hud/use-text.png flag 1 data 41378
[    6.2696] open fd = 256
[    6.2724] open name host:/hud/pick-text.png flag 1 data 41378
[    6.2745] open fd = 256
[    6.2774] open name host:/sfx/engine_idle.adpcm flag 1 data 41378
[    6.2800] open fd = 256
[    6.2956] open name host:/log.txt flag 302 data 41378
[    6.2973] open fd = 256
[    6.2993] open name host:/sfx/engine_high.adpcm flag 1 data 41378
[    6.3013] open fd = 256
[    6.3180] open name host:/log.txt flag 302 data 41378
[    6.3198] open fd = 256
[    6.3215] open name host:/sfx/tires_screech.adpcm flag 1 data 41378
[    6.3234] open fd = 256
[    6.3280] open name host:/log.txt flag 302 data 41378
[    6.3296] open fd = 256
[    6.3311] open name host:/sfx/gear-shift.adpcm flag 1 data 41378
[    6.3330] open fd = 256
[    6.3426] open name host:/log.txt flag 302 data 41378
[    6.3444] open fd = 256
[    6.3461] open name host:/hardware-trace.cfg flag 1 data 41378
[    6.3474] open fd = -5
[    6.3484] open name host:/livepad.bin flag 1 data 41378
[    6.3497] open fd = -5
[    6.3500] LOG: SKYMOTION scene=0 generation=0 stage=0 enabled=1
[    6.3504] open name host:/launch.scene flag 1 data 41378
[    6.3516] open fd = -5
[    6.3519] open name host:/hud/loading.png flag 1 data 41378
[    6.3540] open fd = 256
[    6.3600] FRAMEARENA allocated=1 bytes=1048576
[    6.3654] open name host:/log.txt flag 302 data 41378
[    6.3673] open fd = 256
[    6.3689] open name host:/livepad.bin flag 1 data 41378
[    6.3699] open fd = -5
[    6.3797] open name host:/livepad.bin flag 1 data 41378
[    6.3809] open fd = -5
[    6.3958] open name host:/livepad.bin flag 1 data 41378
[    6.3972] open fd = -5
[    6.4110] open name host:/livepad.bin flag 1 data 41378
[    6.4123] open fd = -5
[    6.4297] open name host:/vehicles/veh-ravager000001-shadow.png flag 1 data 41378
[    6.4321] open fd = 256
[    6.4331] open name host:/vehicles/veh-ravager000001-shadow.png flag 1 data 41378
[    6.4353] open fd = 256
[    6.4511] open name host:/vehicles/veh-pica00000001-shadow.png flag 1 data 41378
[    6.4535] open fd = 256
[    6.4543] open name host:/vehicles/veh-pica00000001-shadow.png flag 1 data 41378
[    6.4562] open fd = 256
[    6.4614] open name host:/vehicles/veh-strix0000001-shadow.png flag 1 data 41378
[    6.4635] open fd = 256
[    6.4642] open name host:/vehicles/veh-strix0000001-shadow.png flag 1 data 41378
[    6.4662] open fd = 256
[    6.4791] open name host:/shadowatlas/scene0-0.png flag 1 data 41378
[    6.4813] open fd = 256
[    6.4821] open name host:/shadowatlas/scene0-0.png flag 1 data 41378
[    6.4841] open fd = 256
[    6.4983] open name host:/shadowatlas/scene0-1.png flag 1 data 41378
[    6.5006] open fd = 256
[    6.5014] open name host:/shadowatlas/scene0-1.png flag 1 data 41378
[    6.5034] open fd = 256
[    6.5171] open name host:/textures/district-ground.png flag 1 data 41378
[    6.5195] open fd = 256
[    6.5205] open name host:/textures/district-ground.png flag 1 data 41378
[    6.5223] open fd = 256
[    6.5430] open name host:/materials/district-asphalt.mtl flag 1 data 41378
[    6.5453] open fd = 256
[    6.5525] open name host:/textures/district-asphalt.png flag 1 data 41378
[    6.5546] open fd = 256
[    6.5554] open name host:/textures/district-asphalt.png flag 1 data 41378
[    6.5575] open fd = 256
[    6.5738] open name host:/materials/district-sign.mtl flag 1 data 41378
[    6.5765] open fd = 256
[    6.5790] open name host:/textures/district-sign.png flag 1 data 41378
[    6.5812] open fd = 256
[    6.5819] open name host:/textures/district-sign.png flag 1 data 41378
[    6.5841] open fd = 256
[    6.5879] open name host:/materials/night-warm.mtl flag 1 data 41378
[    6.5902] open fd = 256
[    6.5933] open name host:/materials/night-cyan.mtl flag 1 data 41378
[    6.5957] open fd = 256
[    6.5977] open name host:/materials/night-pink.mtl flag 1 data 41378
[    6.5996] open fd = 256
[    6.6021] open name host:/models/urban/district-workshop.tmdl flag 1 data 41378
[    6.6047] open fd = 256
[    6.6090] open name host:/models/urban/Textures/district-facades.png flag 1 data 41378
[    6.6123] open fd = 256
[    6.6135] open name host:/models/urban/Textures/district-facades.png flag 1 data 41378
[    6.6166] open fd = 256
[    6.6426] open name host:/models/urban/district-tower.tmdl flag 1 data 41378
[    6.6454] open fd = 256
[    6.6483] open name host:/models/urban/district-loft.tmdl flag 1 data 41378
[    6.6514] open fd = 256
[    6.6538] open name host:/models/urban/detail-light-double.tmdl flag 1 data 41378
[    6.6563] open fd = 256
[    6.6671] open name host:/models/urban/Textures/metal.png flag 1 data 41378
[    6.6702] open fd = 256
[    6.6712] open name host:/models/urban/Textures/metal.png flag 1 data 41378
[    6.6739] open fd = 256
[    6.6857] open name host:/models/urban/detail-light-traffic.tmdl flag 1 data 41378
[    6.6885] open fd = 256
[    6.6998] open name host:/models/urban/Textures/roof.png flag 1 data 41378
[    6.7028] open fd = 256
[    6.7040] open name host:/models/urban/Textures/roof.png flag 1 data 41378
[    6.7066] open fd = 256
[    6.7102] open name host:/models/urban/tree-park-large.tmdl flag 1 data 41378
[    6.7128] open fd = 256
[    6.7199] open name host:/models/urban/Textures/treeA.png flag 1 data 41378
[    6.7229] open fd = 256
[    6.7239] open name host:/models/urban/Textures/treeA.png flag 1 data 41378
[    6.7269] open fd = 256
[    6.7382] open name host:/models/urban/Textures/tiles.png flag 1 data 41378
[    6.7412] open fd = 256
[    6.7423] open name host:/models/urban/Textures/tiles.png flag 1 data 41378
[    6.7452] open fd = 256
[    6.7483] open name host:/models/urban/Textures/dirt.png flag 1 data 41378
[    6.7511] open fd = 256
[    6.7521] open name host:/models/urban/Textures/dirt.png flag 1 data 41378
[    6.7550] open fd = 256
[    6.7580] open name host:/models/urban/tree-park-pine-large.tmdl flag 1 data 41378
[    6.7605] open fd = 256
[    6.7673] open name host:/models/urban/Textures/treeB.png flag 1 data 41378
[    6.7700] open fd = 256
[    6.7709] open name host:/models/urban/Textures/treeB.png flag 1 data 41378
[    6.7737] open fd = 256
[    6.7767] open name host:/models/urban/detail-barrier-type-a.tmdl flag 1 data 41378
[    6.7794] open fd = 256
[    6.7906] open name host:/models/urban/Textures/signs.png flag 1 data 41378
[    6.7936] open fd = 256
[    6.7947] open name host:/models/urban/Textures/signs.png flag 1 data 41378
[    6.7976] open fd = 256
[    6.8003] open name host:/models/urban/detail-dumpster-closed.tmdl flag 1 data 41378
[    6.8027] open fd = 256
[    6.8063] open name host:/models/urban/Textures/metal_wall.png flag 1 data 41378
[    6.8094] open fd = 256
[    6.8106] open name host:/models/urban/Textures/metal_wall.png flag 1 data 41378
[    6.8136] open fd = 256
[    6.8166] open name host:/models/urban/Textures/wall.png flag 1 data 41378
[    6.8194] open fd = 256
[    6.8203] open name host:/models/urban/Textures/wall.png flag 1 data 41378
[    6.8229] open fd = 256
[    6.8255] open name host:/models/urban/detail-bench.tmdl flag 1 data 41378
[    6.8280] open fd = 256
[    6.8420] open name host:/models/urban/Textures/planks.png flag 1 data 41378
[    6.8453] open fd = 256
[    6.8463] open name host:/models/urban/Textures/planks.png flag 1 data 41378
[    6.8495] open fd = 256
[    6.8529] open name host:/models/urban/pallet.tmdl flag 1 data 41378
[    6.8554] open fd = 256
[    6.8636] open name host:/vehicles/veh-ravager000001-body.tmdl flag 1 data 41378
[    6.8655] open fd = 256
[    6.9869] open name host:/vehicles/veh-ravager000001-palette.png flag 1 data 41378
[    6.9893] open fd = 256
[    6.9901] open name host:/vehicles/veh-ravager000001-palette.png flag 1 data 41378
[    6.9922] open fd = 256
[    7.0119] open name host:/vehicles/veh-ravager000001-palette-image-0.png flag 1 data 41378
[    7.0141] open fd = 256
[    7.0150] open name host:/vehicles/veh-ravager000001-palette-image-0.png flag 1 data 41378
[    7.0169] open fd = 256
[    7.0375] open name host:/vehicles/veh-pica00000001-body.tmdl flag 1 data 41378
[    7.0397] open fd = 256
[    7.1521] open name host:/vehicles/veh-pica00000001-palette.png flag 1 data 41378
[    7.1542] open fd = 256
[    7.1549] open name host:/vehicles/veh-pica00000001-palette.png flag 1 data 41378
[    7.1572] open fd = 256
[    7.1597] open name host:/vehicles/veh-pica00000001-palette-image-0.png flag 1 data 41378
[    7.1618] open fd = 256
[    7.1626] open name host:/vehicles/veh-pica00000001-palette-image-0.png flag 1 data 41378
[    7.1644] open fd = 256
[    7.1895] open name host:/vehicles/veh-strix0000001-body.tmdl flag 1 data 41378
[    7.1920] open fd = 256
[    7.3059] open name host:/vehicles/veh-strix0000001-palette.png flag 1 data 41378
[    7.3081] open fd = 256
[    7.3091] open name host:/vehicles/veh-strix0000001-palette.png flag 1 data 41378
[    7.3111] open fd = 256
[    7.3132] open name host:/vehicles/veh-strix0000001-palette-image-0.png flag 1 data 41378
[    7.3155] open fd = 256
[    7.3165] open name host:/vehicles/veh-strix0000001-palette-image-0.png flag 1 data 41378
[    7.3184] open fd = 256
[    7.3440] open name host:/sky/scene0.png flag 1 data 41378
[    7.3467] open fd = 256
[    7.3477] open name host:/sky/scene0.png flag 1 data 41378
[    7.3499] open fd = 256
[    7.6200] open name host:/vehicles/fx-skid.png flag 1 data 41378
[    7.6224] open fd = 256
[    7.6232] open name host:/vehicles/fx-skid.png flag 1 data 41378
[    7.6251] open fd = 256
[    7.6393] open name host:/vehicles/fx-smoke.png flag 1 data 41378
[    7.6413] open fd = 256
[    7.6421] open name host:/vehicles/fx-smoke.png flag 1 data 41378
[    7.6440] open fd = 256
[    7.6482] open name host:/log.txt flag 302 data 41378
[    7.6496] open fd = 256
[    7.6512] open name host:/vehicles/veh-ravager000001-wheel.tmdl flag 1 data 41378
[    7.6533] open fd = 256
[    7.6608] open name host:/vehicles/veh-ravager000001-wheelfast.tmdl flag 1 data 41378
[    7.6629] open fd = 256
[    7.6694] open name host:/fonts/atlas-default.png flag 1 data 41378
[    7.6712] open fd = 256
[    7.6838] open name host:/hud/icons.png flag 1 data 41378
[    7.6860] open fd = 256
[    7.6995] open name host:/hud/loading-white.png flag 1 data 41378
[    7.7024] open fd = 256
[    7.7050] open name host:/log.txt flag 302 data 41378
[    7.7065] open fd = 256
[    7.7080] open name host:/vehicles/veh-pica00000001-wheel.tmdl flag 1 data 41378
[    7.7102] open fd = 256
[    7.7179] open name host:/vehicles/veh-pica00000001-wheelfast.tmdl flag 1 data 41378
[    7.7199] open fd = 256
[    7.7330] open name host:/log.txt flag 302 data 41378
[    7.7347] open fd = 256
[    7.7361] open name host:/vehicles/veh-strix0000001-wheel.tmdl flag 1 data 41378
[    7.7382] open fd = 256
[    7.7460] open name host:/vehicles/veh-strix0000001-wheelfast.tmdl flag 1 data 41378
[    7.7483] open fd = 256
[    7.7594] open name host:/log.txt flag 302 data 41378
[    7.7611] open fd = 256
[    7.7631] open name host:/log.txt flag 302 data 41378
[    7.7647] open fd = 256
[    7.7665] open name host:/log.txt flag 302 data 41378
[    7.7680] open fd = 256
[    7.7704] open name host:/textures/district-road.png flag 1 data 41378
[    7.7724] open fd = 256
[    7.7731] open name host:/textures/district-road.png flag 1 data 41378
[    7.7751] open fd = 256
[    7.9006] open name host:/textures/district-asphalt.png flag 1 data 41378
[    7.9029] open fd = 256
[    7.9038] open name host:/textures/district-asphalt.png flag 1 data 41378
[    7.9056] open fd = 256
[    7.9123] open name host:/textures/district-plaza.png flag 1 data 41378
[    7.9145] open fd = 256
[    7.9153] open name host:/textures/district-plaza.png flag 1 data 41378
[    7.9172] open fd = 256
[    7.9322] open name host:/log.txt flag 302 data 41378
[    7.9343] open fd = 256
[    7.9480] open name host:/log.txt flag 302 data 41378
[    7.9497] open fd = 256
[    7.9514] open name host:/log.txt flag 302 data 41378
[    7.9529] open fd = 256
[    7.9623] open name host:/gshadow/s0_2_1.png flag 1 data 41378
[    7.9645] open fd = 256
[    7.9654] open name host:/gshadow/s0_2_1.png flag 1 data 41378
[    7.9673] open fd = 256
[    7.9786] open name host:/log.txt flag 302 data 41378
[    7.9803] open fd = 256
[    7.9830] open name host:/log.txt flag 302 data 41378
[    7.9847] open fd = 256
[    7.9869] open name host:/gshadow/s0_1_1.png flag 1 data 41378
[    7.9889] open fd = 256
[    7.9896] open name host:/gshadow/s0_1_1.png flag 1 data 41378
[    7.9916] open fd = 256
[    8.0013] open name host:/log.txt flag 302 data 41378
[    8.0030] open fd = 256
[    8.0046] open name host:/gshadow/s0_3_1.png flag 1 data 41378
[    8.0066] open fd = 256
[    8.0074] open name host:/gshadow/s0_3_1.png flag 1 data 41378
[    8.0093] open fd = 256
[    8.0128] open name host:/log.txt flag 302 data 41378
[    8.0145] open fd = 256
[    8.0164] open name host:/log.txt flag 302 data 41378
[    8.0180] open fd = 256
[    8.0198] open name host:/gshadow/s0_2_2.png flag 1 data 41378
[    8.0220] open fd = 256
[    8.0227] open name host:/gshadow/s0_2_2.png flag 1 data 41378
[    8.0248] open fd = 256
[    8.0346] open name host:/log.txt flag 302 data 41378
[    8.0363] open fd = 256
[    8.0384] open name host:/log.txt flag 302 data 41378
[    8.0401] open fd = 256
[    8.0421] open name host:/gshadow/s0_1_2.png flag 1 data 41378
[    8.0442] open fd = 256
[    8.0450] open name host:/gshadow/s0_1_2.png flag 1 data 41378
[    8.0469] open fd = 256
[    8.0503] open name host:/log.txt flag 302 data 41378
[    8.0517] open fd = 256
[    8.0538] open name host:/gshadow/s0_3_2.png flag 1 data 41378
[    8.0558] open fd = 256
[    8.0566] open name host:/gshadow/s0_3_2.png flag 1 data 41378
[    8.0585] open fd = 256
[    8.0835] open name host:/log.txt flag 302 data 41378
[    8.0852] open fd = 256
[    8.0869] open name host:/gshadow/s0_0_1.png flag 1 data 41378
[    8.0887] open fd = 256
[    8.0896] open name host:/gshadow/s0_0_1.png flag 1 data 41378
[    8.0916] open fd = 256
[    8.0946] open name host:/log.txt flag 302 data 41378
[    8.0961] open fd = 256
[    8.0977] open name host:/gshadow/s0_4_1.png flag 1 data 41378
[    8.0995] open fd = 256
[    8.1002] open name host:/gshadow/s0_4_1.png flag 1 data 41378
[    8.1025] open fd = 256
[    8.1056] open name host:/log.txt flag 302 data 41378
[    8.1071] open fd = 256
[    8.1173] open name host:/log.txt flag 302 data 41378
[    8.1191] open fd = 256
[    8.1207] open name host:/gshadow/s0_4_0.png flag 1 data 41378
[    8.1227] open fd = 256
[    8.1234] open name host:/gshadow/s0_4_0.png flag 1 data 41378
[    8.1253] open fd = 256
[    8.1283] open name host:/log.txt flag 302 data 41378
[    8.1298] open fd = 256
[    8.1313] open name host:/gshadow/s0_2_3.png flag 1 data 41378
[    8.1334] open fd = 256
[    8.1342] open name host:/gshadow/s0_2_3.png flag 1 data 41378
[    8.1360] open fd = 256
[    8.1390] open name host:/log.txt flag 302 data 41378
[    8.1405] open fd = 256
[    8.1422] open name host:/gshadow/s0_0_2.png flag 1 data 41378
[    8.1441] open fd = 256
[    8.1449] open name host:/gshadow/s0_0_2.png flag 1 data 41378
[    8.1468] open fd = 256
[    8.1561] open name host:/log.txt flag 302 data 41378
[    8.1576] open fd = 256
[    8.1591] open name host:/gshadow/s0_4_2.png flag 1 data 41378
[    8.1612] open fd = 256
[    8.1619] open name host:/gshadow/s0_4_2.png flag 1 data 41378
[    8.1640] open fd = 256
[    8.1670] open name host:/log.txt flag 302 data 41378
[    8.1684] open fd = 256
[    8.1700] open name host:/gshadow/s0_1_3.png flag 1 data 41378
[    8.1720] open fd = 256
[    8.1728] open name host:/gshadow/s0_1_3.png flag 1 data 41378
[    8.1749] open fd = 256
[    8.2008] open name host:/log.txt flag 302 data 41378
[    8.2025] open fd = 256
[    8.2041] open name host:/gshadow/s0_3_3.png flag 1 data 41378
[    8.2061] open fd = 256
[    8.2069] open name host:/gshadow/s0_3_3.png flag 1 data 41378
[    8.2094] open fd = 256
[    8.2129] open name host:/log.txt flag 302 data 41378
[    8.2143] open fd = 256
[    8.2158] open name host:/gshadow/s0_0_3.png flag 1 data 41378
[    8.2177] open fd = 256
[    8.2184] open name host:/gshadow/s0_0_3.png flag 1 data 41378
[    8.2203] open fd = 256
[    8.2232] open name host:/log.txt flag 302 data 41378
[    8.2248] open fd = 256
[    8.2265] open name host:/gshadow/s0_4_3.png flag 1 data 41378
[    8.2286] open fd = 256
[    8.2296] open name host:/gshadow/s0_4_3.png flag 1 data 41378
[    8.2319] open fd = 256
[    8.2430] open name host:/log.txt flag 302 data 41378
[    8.2449] open fd = 256
[    8.2469] open name host:/log.txt flag 302 data 41378
[    8.2485] open fd = 256
[    8.2506] open name host:/livepad.bin flag 1 data 41378
[    8.2517] open fd = -5
[    8.2519] LOG: SKYMOTION scene=0 generation=1 stage=0 enabled=1
[    8.2625] open name host:/livepad.bin flag 1 data 41378
[    8.2637] open fd = -5
[    8.2765] open name host:/livepad.bin flag 1 data 41378
[    8.2779] open fd = -5
[    8.2907] open name host:/livepad.bin flag 1 data 41378
[    8.2918] open fd = -5
[    8.3045] open name host:/livepad.bin flag 1 data 41378
[    8.3058] open fd = -5
[    8.3190] open name host:/livepad.bin flag 1 data 41378
[    8.3203] open fd = -5
[    8.3359] open name host:/livepad.bin flag 1 data 41378
[    8.3372] open fd = -5
[    8.3519] open name host:/livepad.bin flag 1 data 41378
[    8.3532] open fd = -5
[    8.3687] open name host:/livepad.bin flag 1 data 41378
[    8.3698] open fd = -5
[    8.3852] open name host:/livepad.bin flag 1 data 41378
[    8.3864] open fd = -5
[    8.4022] open name host:/livepad.bin flag 1 data 41378
[    8.4036] open fd = -5
[    8.4188] open name host:/livepad.bin flag 1 data 41378
[    8.4206] open fd = -5
[    8.4350] open name host:/livepad.bin flag 1 data 41378
[    8.4362] open fd = -5
[    8.4517] open name host:/livepad.bin flag 1 data 41378
[    8.4530] open fd = -5
[    8.4681] open name host:/livepad.bin flag 1 data 41378
[    8.4694] open fd = -5
[    8.4852] open name host:/livepad.bin flag 1 data 41378
[    8.4865] open fd = -5
[    8.5070] open name host:/livepad.bin flag 1 data 41378
[    8.5083] open fd = -5
[    8.5211] open name host:/livepad.bin flag 1 data 41378
[    8.5224] open fd = -5
[    8.5349] open name host:/livepad.bin flag 1 data 41378
[    8.5363] open fd = -5
[    8.5527] open name host:/livepad.bin flag 1 data 41378
[    8.5540] open fd = -5
[    8.5689] open name host:/livepad.bin flag 1 data 41378
[    8.5705] open fd = -5
[    8.5853] open name host:/livepad.bin flag 1 data 41378
[    8.5865] open fd = -5
[    8.6024] open name host:/livepad.bin flag 1 data 41378
[    8.6036] open fd = -5
[    8.6194] open name host:/livepad.bin flag 1 data 41378
[    8.6206] open fd = -5
[    8.6361] open name host:/livepad.bin flag 1 data 41378
[    8.6371] open fd = -5
[    8.6530] open name host:/livepad.bin flag 1 data 41378
[    8.6541] open fd = -5
[    8.6693] open name host:/livepad.bin flag 1 data 41378
[    8.6704] open fd = -5
[    8.6869] open name host:/livepad.bin flag 1 data 41378
[    8.6882] open fd = -5
[    8.7028] open name host:/livepad.bin flag 1 data 41378
[    8.7042] open fd = -5
[    8.7200] open name host:/livepad.bin flag 1 data 41378
[    8.7218] open fd = -5
[    8.7363] open name host:/livepad.bin flag 1 data 41378
[    8.7378] open fd = -5
[    8.7529] open name host:/livepad.bin flag 1 data 41378
[    8.7542] open fd = -5
[    8.7698] open name host:/livepad.bin flag 1 data 41378
[    8.7711] open fd = -5
[    8.7865] open name host:/livepad.bin flag 1 data 41378
[    8.7880] open fd = -5
[    8.8031] open name host:/livepad.bin flag 1 data 41378
[    8.8041] open fd = -5
[    8.8201] open name host:/livepad.bin flag 1 data 41378
[    8.8215] open fd = -5
[    8.8364] open name host:/livepad.bin flag 1 data 41378
[    8.8375] open fd = -5
[    8.8387] open name host:/livedbg.bin flag 602 data 41378
[    8.8409] open fd = 256
[    8.8456] open name host:/log.txt flag 302 data 41378
[    8.8477] open fd = 256
[    8.8593] open name host:/log.txt flag 302 data 41378
[    8.8607] open fd = 256
[    8.8813] open name host:/log.txt flag 302 data 41378
[    8.8831] open fd = 256
[    8.8918] open name host:/log.txt flag 302 data 41378
[    8.8939] open fd = 256
[    8.8963] open name host:/log.txt flag 302 data 41378
[    8.8980] open fd = 256
[    8.9000] open name host:/log.txt flag 302 data 41378
[    8.9015] open fd = 256
[    8.9102] open name host:/log.txt flag 302 data 41378
[    8.9119] open fd = 256
[    8.9138] open name host:/log.txt flag 302 data 41378
[    8.9153] open fd = 256
[    8.9211] open name host:/log.txt flag 302 data 41378
[    8.9228] open fd = 256
[    8.9633] open name host:/log.txt flag 302 data 41378
[    8.9650] open fd = 256
[    8.9739] open name host:/log.txt flag 302 data 41378
[    8.9757] open fd = 256
[    9.0061] open name host:/log.txt flag 302 data 41378
[    9.0082] open fd = 256
[    9.0521] microVU1: Cached Prog = [000] [PC=2590] [List=01] (Cache=0.000%) [0.0mb]
[    9.0527] microVU1: 3 cycle stall on branch instruction [2b28]
[    9.0532] microVU1: Cached Prog = [001] [PC=1a30] [List=01] (Cache=0.130%) [0.1mb]
[    9.0532] microVU1: 1 cycle stall on branch instruction [1ae8]
[    9.0533] microVU1: 3 cycle stall on branch instruction [1ba0]
[    9.0536] microVU1: 3 cycle stall on branch instruction [2520]
[    9.0536] microVU1: 3 cycle stall on branch instruction [1ba0]
[    9.0539] microVU1: 3 cycle stall on branch instruction [2520]
[    9.0539] microVU1: 3 cycle stall on branch instruction [1ba0]
[    9.0541] microVU1: 3 cycle stall on branch instruction [2520]
[    9.0541] microVU1: 3 cycle stall on branch instruction [1ba0]
[    9.0545] microVU1: 3 cycle stall on branch instruction [2520]
[    9.0546] microVU1: 3 cycle stall on branch instruction [1ba0]
[    9.0549] microVU1: 3 cycle stall on branch instruction [2520]
[    9.0550] microVU1: 3 cycle stall on branch instruction [1ba0]
[    9.0551] microVU1: 3 cycle stall on branch instruction [2520]
[    9.0551] microVU1: 3 cycle stall on branch instruction [1ba0]
[    9.0554] microVU1: 3 cycle stall on branch instruction [2520]
[    9.0554] microVU1: 3 cycle stall on branch instruction [1ba0]
[    9.0554] microVU1: 3 cycle stall on branch instruction [1fc0]
[    9.0556] microVU1: 3 cycle stall on branch instruction [2520]
[    9.0556] microVU1: 3 cycle stall on branch instruction [1ba0]
[    9.0558] microVU1: 3 cycle stall on branch instruction [2520]
[    9.0558] microVU1: 3 cycle stall on branch instruction [1ba0]
[    9.0563] microVU1: 3 cycle stall on branch instruction [2520]
[    9.0563] microVU1: 3 cycle stall on branch instruction [1ba0]
[    9.0565] microVU1: 3 cycle stall on branch instruction [2520]
[    9.0565] microVU1: 3 cycle stall on branch instruction [1ba0]
[    9.0570] microVU1: 3 cycle stall on branch instruction [2520]
[    9.0570] microVU1: 3 cycle stall on branch instruction [1ba0]
[    9.0572] microVU1: 3 cycle stall on branch instruction [2520]
[    9.0572] microVU1: 3 cycle stall on branch instruction [1ba0]
[    9.0576] microVU1: 3 cycle stall on branch instruction [2520]
[    9.0577] microVU1: 3 cycle stall on branch instruction [1ba0]
[    9.0582] microVU1: 3 cycle stall on branch instruction [1fc0]
[    9.0583] microVU1: 3 cycle stall on branch instruction [2520]
[    9.0583] microVU1: 3 cycle stall on branch instruction [1ba0]
[    9.0584] microVU1: 3 cycle stall on branch instruction [1fc0]
[    9.0585] microVU1: 3 cycle stall on branch instruction [1fc0]
[    9.0586] microVU1: 3 cycle stall on branch instruction [2520]
[    9.0586] microVU1: 3 cycle stall on branch instruction [1ba0]
[    9.0587] microVU1: 3 cycle stall on branch instruction [1fc0]
[    9.0588] microVU1: 3 cycle stall on branch instruction [1fc0]
[    9.0590] microVU1: 3 cycle stall on branch instruction [1fc0]
[    9.0591] microVU1: 3 cycle stall on branch instruction [1fc0]
[    9.0593] microVU1: 3 cycle stall on branch instruction [1fc0]
[    9.0595] microVU1: 3 cycle stall on branch instruction [1fc0]
[    9.0596] microVU1: 3 cycle stall on branch instruction [1fc0]
[    9.0597] microVU1: 3 cycle stall on branch instruction [1fc0]
[    9.0598] microVU1: 3 cycle stall on branch instruction [1fc0]
[    9.0599] microVU1: 3 cycle stall on branch instruction [1fc0]
[    9.0600] microVU1: 3 cycle stall on branch instruction [1fc0]
[    9.0601] microVU1: 3 cycle stall on branch instruction [1fc0]
[    9.0602] microVU1: 3 cycle stall on branch instruction [1ba0]
[    9.0602] microVU1: Cached Prog = [002] [PC=2578] [List=01] (Cache=0.850%) [0.5mb]
[    9.0602] microVU1: 1 cycle stall on branch instruction [1ae8]
[    9.0603] microVU1: 3 cycle stall on branch instruction [1ba0]
[    9.0606] microVU1: 3 cycle stall on branch instruction [2520]
[    9.0606] microVU1: 3 cycle stall on branch instruction [1ba0]
[    9.0608] microVU1: 3 cycle stall on branch instruction [2520]
[    9.0609] microVU1: 3 cycle stall on branch instruction [1ba0]
[    9.0610] microVU1: 3 cycle stall on branch instruction [2520]
[    9.0610] microVU1: 3 cycle stall on branch instruction [1ba0]
[    9.0613] microVU1: 3 cycle stall on branch instruction [2520]
[    9.0613] microVU1: 3 cycle stall on branch instruction [1ba0]
[    9.0616] microVU1: 3 cycle stall on branch instruction [2520]
[    9.0616] microVU1: 3 cycle stall on branch instruction [1ba0]
[    9.0618] microVU1: 3 cycle stall on branch instruction [2520]
[    9.0618] microVU1: 3 cycle stall on branch instruction [1ba0]
[    9.0619] microVU1: 3 cycle stall on branch instruction [2520]
[    9.0620] microVU1: 3 cycle stall on branch instruction [1ba0]
[    9.0620] microVU1: 3 cycle stall on branch instruction [1fc0]
[    9.0621] microVU1: 3 cycle stall on branch instruction [2520]
[    9.0621] microVU1: 3 cycle stall on branch instruction [1ba0]
[    9.0622] microVU1: 3 cycle stall on branch instruction [2520]
[    9.0623] microVU1: 3 cycle stall on branch instruction [1ba0]
[    9.0627] microVU1: 3 cycle stall on branch instruction [2520]
[    9.0627] microVU1: 3 cycle stall on branch instruction [1ba0]
[    9.0628] microVU1: 3 cycle stall on branch instruction [2520]
[    9.0628] microVU1: 3 cycle stall on branch instruction [1ba0]
[    9.0633] microVU1: 3 cycle stall on branch instruction [2520]
[    9.0633] microVU1: 3 cycle stall on branch instruction [1ba0]
[    9.0634] microVU1: 3 cycle stall on branch instruction [2520]
[    9.0634] microVU1: 3 cycle stall on branch instruction [1ba0]
[    9.0639] microVU1: 3 cycle stall on branch instruction [2520]
[    9.0640] microVU1: 3 cycle stall on branch instruction [1ba0]
[    9.0645] microVU1: 3 cycle stall on branch instruction [1fc0]
[    9.0646] microVU1: 3 cycle stall on branch instruction [2520]
[    9.0646] microVU1: 3 cycle stall on branch instruction [1ba0]
[    9.0647] microVU1: 3 cycle stall on branch instruction [1fc0]
[    9.0648] microVU1: 3 cycle stall on branch instruction [1fc0]
[    9.0649] microVU1: 3 cycle stall on branch instruction [2520]
[    9.0649] microVU1: 3 cycle stall on branch instruction [1ba0]
[    9.0650] microVU1: 3 cycle stall on branch instruction [1fc0]
[    9.0652] microVU1: 3 cycle stall on branch instruction [1fc0]
[    9.0654] microVU1: 3 cycle stall on branch instruction [1fc0]
[    9.0655] microVU1: 3 cycle stall on branch instruction [1fc0]
[    9.0656] microVU1: 3 cycle stall on branch instruction [1fc0]
[    9.0657] microVU1: 3 cycle stall on branch instruction [1fc0]
[    9.0658] microVU1: 3 cycle stall on branch instruction [1fc0]
[    9.0659] microVU1: 3 cycle stall on branch instruction [1fc0]
[    9.0660] microVU1: 3 cycle stall on branch instruction [1fc0]
[    9.0661] microVU1: 3 cycle stall on branch instruction [1fc0]
[    9.0662] microVU1: 3 cycle stall on branch instruction [1fc0]
[    9.0663] microVU1: 3 cycle stall on branch instruction [1fc0]
[    9.0664] microVU1: 3 cycle stall on branch instruction [1ba0]
[    9.0665] microVU1: Cached Prog = [003] [PC=2f08] [List=01] (Cache=1.570%) [1.0mb]
[    9.0670] microVU1: 3 cycle stall on branch instruction [2b28]
[    9.0684] microVU1: Cached Prog = [004] [PC=0000] [List=01] (Cache=1.700%) [1.0mb]
[    9.0696] microVU1: Cached Prog = [005] [PC=0710] [List=01] (Cache=1.793%) [1.1mb]
[    9.0696] microVU1: 2 cycle stall on branch instruction [07c8]
[    9.0700] microVU1: 3 cycle stall on branch instruction [1108]
[    9.0700] microVU1: 3 cycle stall on branch instruction [1130]
[    9.0703] microVU1: 3 cycle stall on branch instruction [1108]
[    9.0703] microVU1: 3 cycle stall on branch instruction [1130]
[    9.0704] microVU1: 3 cycle stall on branch instruction [1108]
[    9.0704] microVU1: 3 cycle stall on branch instruction [1130]
[    9.0707] microVU1: 3 cycle stall on branch instruction [1108]
[    9.0708] microVU1: 3 cycle stall on branch instruction [1130]
[    9.0710] microVU1: 3 cycle stall on branch instruction [1108]
[    9.0710] microVU1: 3 cycle stall on branch instruction [1130]
[    9.0711] microVU1: 3 cycle stall on branch instruction [1108]
[    9.0711] microVU1: 3 cycle stall on branch instruction [1130]
[    9.0713] microVU1: 3 cycle stall on branch instruction [1108]
[    9.0713] microVU1: 3 cycle stall on branch instruction [1130]
[    9.0713] microVU1: 3 cycle stall on branch instruction [09e8]
[    9.0714] microVU1: 3 cycle stall on branch instruction [0a70]
[    9.0714] microVU1: 3 cycle stall on branch instruction [1108]
[    9.0715] microVU1: 3 cycle stall on branch instruction [1130]
[    9.0718] microVU1: 3 cycle stall on branch instruction [1108]
[    9.0718] microVU1: 3 cycle stall on branch instruction [1130]
[    9.0719] microVU1: 3 cycle stall on branch instruction [1108]
[    9.0719] microVU1: 3 cycle stall on branch instruction [1130]
[    9.0724] microVU1: 3 cycle stall on branch instruction [1108]
[    9.0725] microVU1: 3 cycle stall on branch instruction [1130]
[    9.0728] microVU1: 3 cycle stall on branch instruction [1108]
[    9.0728] microVU1: 3 cycle stall on branch instruction [1130]
[    9.0729] microVU1: 3 cycle stall on branch instruction [1108]
[    9.0729] microVU1: 3 cycle stall on branch instruction [1130]
[    9.0736] microVU1: 3 cycle stall on branch instruction [1108]
[    9.0736] microVU1: 3 cycle stall on branch instruction [1130]
[    9.0737] microVU1: 3 cycle stall on branch instruction [09e8]
[    9.0737] microVU1: 3 cycle stall on branch instruction [0a70]
[    9.0740] microVU1: 3 cycle stall on branch instruction [09e8]
[    9.0740] microVU1: 3 cycle stall on branch instruction [0a70]
[    9.0742] microVU1: 3 cycle stall on branch instruction [09e8]
[    9.0742] microVU1: 3 cycle stall on branch instruction [0a70]
[    9.0744] microVU1: 3 cycle stall on branch instruction [1108]
[    9.0744] microVU1: 3 cycle stall on branch instruction [1130]
[    9.0745] microVU1: 3 cycle stall on branch instruction [09e8]
[    9.0745] microVU1: 3 cycle stall on branch instruction [0a70]
[    9.0747] microVU1: 3 cycle stall on branch instruction [09e8]
[    9.0747] microVU1: 3 cycle stall on branch instruction [0a70]
[    9.0748] microVU1: 3 cycle stall on branch instruction [1108]
[    9.0749] microVU1: 3 cycle stall on branch instruction [1130]
[    9.0749] microVU1: 3 cycle stall on branch instruction [09e8]
[    9.0750] microVU1: 3 cycle stall on branch instruction [0a70]
[    9.0751] microVU1: 3 cycle stall on branch instruction [09e8]
[    9.0751] microVU1: 3 cycle stall on branch instruction [0a70]
[    9.0754] microVU1: 3 cycle stall on branch instruction [09e8]
[    9.0754] microVU1: 3 cycle stall on branch instruction [0a70]
[    9.0756] microVU1: 3 cycle stall on branch instruction [09e8]
[    9.0756] microVU1: 3 cycle stall on branch instruction [0a70]
[    9.0758] microVU1: 3 cycle stall on branch instruction [09e8]
[    9.0758] microVU1: 3 cycle stall on branch instruction [0a70]
[    9.0759] microVU1: 3 cycle stall on branch instruction [09e8]
[    9.0760] microVU1: 3 cycle stall on branch instruction [0a70]
[    9.0761] microVU1: 3 cycle stall on branch instruction [09e8]
[    9.0761] microVU1: 3 cycle stall on branch instruction [0a70]
[    9.0764] microVU1: 3 cycle stall on branch instruction [09e8]
[    9.0764] microVU1: 3 cycle stall on branch instruction [0a70]
[    9.0765] microVU1: 3 cycle stall on branch instruction [09e8]
[    9.0765] microVU1: 3 cycle stall on branch instruction [0a70]
[    9.0767] microVU1: 3 cycle stall on branch instruction [09e8]
[    9.0767] microVU1: 3 cycle stall on branch instruction [0a70]
[    9.0768] microVU1: 3 cycle stall on branch instruction [07f0]
[    9.0769] microVU1: Cached Prog = [006] [PC=1188] [List=01] (Cache=2.594%) [1.6mb]
[    9.0770] microVU1: 2 cycle stall on branch instruction [07c8]
[    9.0772] microVU1: 3 cycle stall on branch instruction [1108]
[    9.0773] microVU1: 3 cycle stall on branch instruction [1130]
[    9.0775] microVU1: 3 cycle stall on branch instruction [1108]
[    9.0775] microVU1: 3 cycle stall on branch instruction [1130]
[    9.0776] microVU1: 3 cycle stall on branch instruction [1108]
[    9.0776] microVU1: 3 cycle stall on branch instruction [1130]
[    9.0779] microVU1: 3 cycle stall on branch instruction [1108]
[    9.0780] microVU1: 3 cycle stall on branch instruction [1130]
[    9.0782] microVU1: 3 cycle stall on branch instruction [1108]
[    9.0782] microVU1: 3 cycle stall on branch instruction [1130]
[    9.0783] microVU1: 3 cycle stall on branch instruction [1108]
[    9.0784] microVU1: 3 cycle stall on branch instruction [1130]
[    9.0785] microVU1: 3 cycle stall on branch instruction [1108]
[    9.0785] microVU1: 3 cycle stall on branch instruction [1130]
[    9.0786] microVU1: 3 cycle stall on branch instruction [09e8]
[    9.0786] microVU1: 3 cycle stall on branch instruction [0a70]
[    9.0787] microVU1: 3 cycle stall on branch instruction [1108]
[    9.0787] microVU1: 3 cycle stall on branch instruction [1130]
[    9.0791] microVU1: 3 cycle stall on branch instruction [1108]
[    9.0791] microVU1: 3 cycle stall on branch instruction [1130]
[    9.0792] microVU1: 3 cycle stall on branch instruction [1108]
[    9.0793] microVU1: 3 cycle stall on branch instruction [1130]
[    9.0797] microVU1: 3 cycle stall on branch instruction [1108]
[    9.0797] microVU1: 3 cycle stall on branch instruction [1130]
[    9.0800] microVU1: 3 cycle stall on branch instruction [1108]
[    9.0800] microVU1: 3 cycle stall on branch instruction [1130]
[    9.0801] microVU1: 3 cycle stall on branch instruction [1108]
[    9.0801] microVU1: 3 cycle stall on branch instruction [1130]
[    9.0806] microVU1: 3 cycle stall on branch instruction [1108]
[    9.0807] microVU1: 3 cycle stall on branch instruction [1130]
[    9.0808] microVU1: 3 cycle stall on branch instruction [09e8]
[    9.0808] microVU1: 3 cycle stall on branch instruction [0a70]
[    9.0811] microVU1: 3 cycle stall on branch instruction [09e8]
[    9.0811] microVU1: 3 cycle stall on branch instruction [0a70]
[    9.0812] microVU1: 3 cycle stall on branch instruction [09e8]
[    9.0813] microVU1: 3 cycle stall on branch instruction [0a70]
[    9.0814] microVU1: 3 cycle stall on branch instruction [1108]
[    9.0814] microVU1: 3 cycle stall on branch instruction [1130]
[    9.0816] microVU1: 3 cycle stall on branch instruction [09e8]
[    9.0816] microVU1: 3 cycle stall on branch instruction [0a70]
[    9.0817] microVU1: 3 cycle stall on branch instruction [09e8]
[    9.0817] microVU1: 3 cycle stall on branch instruction [0a70]
[    9.0819] microVU1: 3 cycle stall on branch instruction [1108]
[    9.0819] microVU1: 3 cycle stall on branch instruction [1130]
[    9.0820] microVU1: 3 cycle stall on branch instruction [09e8]
[    9.0821] microVU1: 3 cycle stall on branch instruction [0a70]
[    9.0822] microVU1: 3 cycle stall on branch instruction [09e8]
[    9.0822] microVU1: 3 cycle stall on branch instruction [0a70]
[    9.0825] microVU1: 3 cycle stall on branch instruction [09e8]
[    9.0825] microVU1: 3 cycle stall on branch instruction [0a70]
[    9.0827] microVU1: 3 cycle stall on branch instruction [09e8]
[    9.0827] microVU1: 3 cycle stall on branch instruction [0a70]
[    9.0829] microVU1: 3 cycle stall on branch instruction [09e8]
[    9.0829] microVU1: 3 cycle stall on branch instruction [0a70]
[    9.0830] microVU1: 3 cycle stall on branch instruction [09e8]
[    9.0831] microVU1: 3 cycle stall on branch instruction [0a70]
[    9.0832] microVU1: 3 cycle stall on branch instruction [09e8]
[    9.0832] microVU1: 3 cycle stall on branch instruction [0a70]
[    9.0834] microVU1: 3 cycle stall on branch instruction [09e8]
[    9.0835] microVU1: 3 cycle stall on branch instruction [0a70]
[    9.0836] microVU1: 3 cycle stall on branch instruction [09e8]
[    9.0836] microVU1: 3 cycle stall on branch instruction [0a70]
[    9.0838] microVU1: 3 cycle stall on branch instruction [09e8]
[    9.0838] microVU1: 3 cycle stall on branch instruction [0a70]
[    9.0839] microVU1: 3 cycle stall on branch instruction [07f0]
[    9.1720] open name host:/log.txt flag 302 data 41378
[    9.1740] open fd = 256
[    9.1769] open name host:/log.txt flag 302 data 41378
[    9.1790] open fd = 256
[    9.1933] open name host:/log.txt flag 302 data 41378
[    9.1951] open fd = 256
[    9.2043] open name host:/log.txt flag 302 data 41378
[    9.2060] open fd = 256
[    9.2220] microVU1: Cached Prog = [007] [PC=0700] [List=01] (Cache=3.396%) [2.1mb]
[    9.2235] microVU1: Cached Prog = [008] [PC=2f20] [List=01] (Cache=3.489%) [2.1mb]
[    9.2240] microVU1: Cached Prog = [009] [PC=3300] [List=01] (Cache=3.541%) [2.2mb]
[    9.2596] open name host:/hud/debugfont.png flag 1 data 41378
[    9.2622] open fd = 256
[    9.2696] open name host:/livepad.bin flag 1 data 41378
[    9.2709] open fd = -5
[    9.2848] open name host:/log.txt flag 302 data 41378
[    9.2867] open fd = 256
[    9.2890] open name host:/log.txt flag 302 data 41378
[    9.2907] open fd = 256
[    9.2958] open name host:/log.txt flag 302 data 41378
[    9.2978] open fd = 256
[    9.3008] open name host:/log.txt flag 302 data 41378
[    9.3026] open fd = 256
[    9.3269] open name host:/livepad.bin flag 1 data 41378
[    9.3285] open fd = -5
[    9.3330] open name host:/log.txt flag 302 data 41378
[    9.3349] open fd = 256
[    9.3375] open name host:/log.txt flag 302 data 41378
[    9.3398] open fd = 256
[    9.3718] open name host:/livepad.bin flag 1 data 41378
[    9.3732] open fd = -5
[    9.3759] open name host:/log.txt flag 302 data 41378
[    9.3779] open fd = 256
[    9.3800] open name host:/log.txt flag 302 data 41378
[    9.3818] open fd = 256
[    9.4031] open name host:/livepad.bin flag 1 data 41378
[    9.4046] open fd = -5
[    9.4082] open name host:/log.txt flag 302 data 41378
[    9.4103] open fd = 256
[    9.4121] open name host:/log.txt flag 302 data 41378
[    9.4138] open fd = 256
[    9.4322] open name host:/livepad.bin flag 1 data 41378
[    9.4336] open fd = -5
[    9.4359] open name host:/log.txt flag 302 data 41378
[    9.4375] open fd = 256
[    9.4394] open name host:/log.txt flag 302 data 41378
[    9.4410] open fd = 256
[    9.4604] open name host:/livepad.bin flag 1 data 41378
[    9.4617] open fd = -5
[    9.4661] open name host:/log.txt flag 302 data 41378
[    9.4679] open fd = 256
[    9.4697] open name host:/log.txt flag 302 data 41378
[    9.4714] open fd = 256
[    9.4992] open name host:/livepad.bin flag 1 data 41378
[    9.5005] open fd = -5
[    9.5024] open name host:/log.txt flag 302 data 41378
[    9.5041] open fd = 256
[    9.5057] open name host:/log.txt flag 302 data 41378
[    9.5075] open fd = 256
[    9.5277] open name host:/livepad.bin flag 1 data 41378
[    9.5294] open fd = -5
[    9.5323] open name host:/log.txt flag 302 data 41378
[    9.5341] open fd = 256
[    9.5358] open name host:/log.txt flag 302 data 41378
[    9.5376] open fd = 256
[    9.5607] open name host:/livepad.bin flag 1 data 41378
[    9.5621] open fd = -5
[    9.5639] open name host:/log.txt flag 302 data 41378
[    9.5640] microVU1: Cached Prog = [010] [PC=3610] [List=01] (Cache=3.593%) [2.2mb]
[    9.5642] microVU1: Cached Prog = [011] [PC=3970] [List=01] (Cache=3.609%) [2.2mb]
[    9.5658] open fd = 256
[    9.5845] open name host:/livepad.bin flag 1 data 41378
[    9.5858] open fd = -5
[    9.6038] open name host:/livepad.bin flag 1 data 41378
[    9.6052] open fd = -5
[    9.6226] open name host:/livepad.bin flag 1 data 41378
[    9.6239] open fd = -5
[    9.6421] open name host:/livepad.bin flag 1 data 41378
[    9.6438] open fd = -5
[    9.6614] open name host:/livepad.bin flag 1 data 41378
[    9.6626] open fd = -5
[    9.6798] open name host:/livepad.bin flag 1 data 41378
[    9.6810] open fd = -5
[    9.6988] open name host:/livepad.bin flag 1 data 41378
[    9.7002] open fd = -5
[    9.7176] open name host:/livepad.bin flag 1 data 41378
[    9.7189] open fd = -5
[    9.7365] open name host:/livepad.bin flag 1 data 41378
[    9.7378] open fd = -5
[    9.7564] open name host:/livepad.bin flag 1 data 41378
[    9.7578] open fd = -5
[    9.7601] open name host:/log.txt flag 302 data 41378
[    9.7616] open fd = 256
[    9.7806] open name host:/livepad.bin flag 1 data 41378
[    9.7819] open fd = -5
[    9.7823] open name host:/livedbg.cmd flag 1 data 41378
[    9.7834] open fd = -5
[    9.7878] open name host:/log.txt flag 302 data 41378
[    9.7898] open fd = 256
[    9.8080] open name host:/livepad.bin flag 1 data 41378
[    9.8100] open fd = -5
[    9.8135] open name host:/log.txt flag 302 data 41378
[    9.8153] open fd = 256
[    9.8330] open name host:/livepad.bin flag 1 data 41378
[    9.8342] open fd = -5
[    9.8559] open name host:/livepad.bin flag 1 data 41378
[    9.8582] open fd = -5
[    9.8803] open name host:/livepad.bin flag 1 data 41378
[    9.8818] open fd = -5
[    9.9018] open name host:/livepad.bin flag 1 data 41378
[    9.9032] open fd = -5
[    9.9211] open name host:/livepad.bin flag 1 data 41378
[    9.9223] open fd = -5
[    9.9226] open name host:/livedbg.cmd flag 1 data 41378
[    9.9235] open fd = -5
[    9.9418] open name host:/livepad.bin flag 1 data 41378
[    9.9431] open fd = -5
[    9.9622] open name host:/livepad.bin flag 1 data 41378
[    9.9635] open fd = -5
[    9.9829] open name host:/livepad.bin flag 1 data 41378
[    9.9841] open fd = -5
[   10.0026] open name host:/livepad.bin flag 1 data 41378
[   10.0039] open fd = -5
[   10.0220] open name host:/livepad.bin flag 1 data 41378
[   10.0234] open fd = -5
[   10.0427] open name host:/livepad.bin flag 1 data 41378
[   10.0441] open fd = -5
[   10.0443] open name host:/livedbg.cmd flag 1 data 41378
[   10.0455] open fd = -5
[   10.0634] open name host:/livepad.bin flag 1 data 41378
[   10.0647] open fd = -5
[   10.0825] open name host:/livepad.bin flag 1 data 41378
[   10.0838] open fd = -5
[   10.1025] open name host:/livepad.bin flag 1 data 41378
[   10.1037] open fd = -5
[   10.1227] open name host:/livepad.bin flag 1 data 41378
[   10.1239] open fd = -5
[   10.1418] open name host:/livepad.bin flag 1 data 41378
[   10.1432] open fd = -5
[   10.1610] open name host:/livepad.bin flag 1 data 41378
[   10.1623] open fd = -5
[   10.1627] open name host:/livedbg.cmd flag 1 data 41378
[   10.1637] open fd = -5
[   10.1825] open name host:/livepad.bin flag 1 data 41378
[   10.1838] open fd = -5
[   10.2019] open name host:/livepad.bin flag 1 data 41378
[   10.2032] open fd = -5
[   10.2234] open name host:/livepad.bin flag 1 data 41378
[   10.2249] open fd = -5
[   10.2428] open name host:/livepad.bin flag 1 data 41378
[   10.2441] open fd = -5
[   10.2622] open name host:/livepad.bin flag 1 data 41378
[   10.2635] open fd = -5
[   10.2807] open name host:/livepad.bin flag 1 data 41378
[   10.2822] open fd = -5
[   10.2824] open name host:/livedbg.cmd flag 1 data 41378
[   10.2834] open fd = -5
[   10.2843] open name host:/log.txt flag 302 data 41378
[   10.2857] open fd = 256
[   10.3047] open name host:/livepad.bin flag 1 data 41378
[   10.3060] open fd = -5
[   10.3253] open name host:/livepad.bin flag 1 data 41378
[   10.3267] open fd = -5
[   10.3437] open name host:/livepad.bin flag 1 data 41378
[   10.3454] open fd = -5
[   10.3630] open name host:/livepad.bin flag 1 data 41378
[   10.3643] open fd = -5
[   10.3667] open name host:/log.txt flag 302 data 41378
[   10.3685] open fd = 256
[   10.3872] open name host:/livepad.bin flag 1 data 41378
[   10.3884] open fd = -5
[   10.3917] open name host:/log.txt flag 302 data 41378
[   10.3934] open fd = 256
[   10.4150] open name host:/livepad.bin flag 1 data 41378
[   10.4163] open fd = -5
[   10.4166] open name host:/livedbg.cmd flag 1 data 41378
[   10.4177] open fd = -5
[   10.4342] open name host:/livepad.bin flag 1 data 41378
[   10.4355] open fd = -5
[   10.4532] open name host:/livepad.bin flag 1 data 41378
[   10.4545] open fd = -5
[   10.4709] open name host:/livepad.bin flag 1 data 41378
[   10.4723] open fd = -5
[   10.4896] open name host:/livepad.bin flag 1 data 41378
[   10.4909] open fd = -5
[   10.5092] FRAMEARENA frames=120 peak=1037904 resets=2 fallbacks=0 maxFrameBytes=2731360 maxBorrowed=2025568 freeKiB=10570
[   10.5096] NATIVEVIF frames=120 batches=122
[   10.5097] ORDEREDFRAME frames=120 splitFrames=1
[   10.5099] FRAMEPIPELINE starts=120 dmaBusyStarts=0
[   10.5102] open name host:/livepad.bin flag 1 data 41378
[   10.5117] open fd = -5
[   10.5284] open name host:/livepad.bin flag 1 data 41378
[   10.5297] open fd = -5
[   10.5301] open name host:/livedbg.cmd flag 1 data 41378
[   10.5311] open fd = -5
[   10.5503] open name host:/livepad.bin flag 1 data 41378
[   10.5517] open fd = -5
[   10.5688] open name host:/livepad.bin flag 1 data 41378
[   10.5701] open fd = -5
[   10.5891] open name host:/livepad.bin flag 1 data 41378
[   10.5904] open fd = -5
[   10.6070] open name host:/livepad.bin flag 1 data 41378
[   10.6085] open fd = -5
[   10.6268] open name host:/livepad.bin flag 1 data 41378
[   10.6281] open fd = -5
[   10.6451] open name host:/livepad.bin flag 1 data 41378
[   10.6463] open fd = -5
[   10.6466] open name host:/livedbg.cmd flag 1 data 41378
[   10.6477] open fd = -5
[   10.6643] open name host:/livepad.bin flag 1 data 41378
[   10.6655] open fd = -5
[   10.6826] open name host:/livepad.bin flag 1 data 41378
[   10.6839] open fd = -5
[   10.7010] open name host:/livepad.bin flag 1 data 41378
[   10.7023] open fd = -5
[   10.7190] open name host:/livepad.bin flag 1 data 41378
[   10.7202] open fd = -5
[   10.7383] open name host:/livepad.bin flag 1 data 41378
[   10.7395] open fd = -5
[   10.7552] open name host:/livepad.bin flag 1 data 41378
[   10.7564] open fd = -5
[   10.7568] open name host:/livedbg.cmd flag 1 data 41378
[   10.7580] open fd = -5
[   10.7744] open name host:/livepad.bin flag 1 data 41378
[   10.7755] open fd = -5
[   10.7768] open name host:/log.txt flag 302 data 41378
[   10.7786] open fd = 256
[   10.7969] open name host:/livepad.bin flag 1 data 41378
[   10.7983] open fd = -5
[   10.8153] open name host:/livepad.bin flag 1 data 41378
[   10.8165] open fd = -5
[   10.8356] open name host:/livepad.bin flag 1 data 41378
[   10.8370] open fd = -5
[   10.8542] open name host:/livepad.bin flag 1 data 41378
[   10.8556] open fd = -5
[   10.8728] open name host:/livepad.bin flag 1 data 41378
[   10.8740] open fd = -5
[   10.8743] open name host:/livedbg.cmd flag 1 data 41378
[   10.8756] open fd = -5
[   10.8930] open name host:/livepad.bin flag 1 data 41378
[   10.8944] open fd = -5
[   10.9137] open name host:/livepad.bin flag 1 data 41378
[   10.9150] open fd = -5
[   10.9326] open name host:/livepad.bin flag 1 data 41378
[   10.9337] open fd = -5
[   10.9517] open name host:/livepad.bin flag 1 data 41378
[   10.9529] open fd = -5
[   10.9696] open name host:/livepad.bin flag 1 data 41378
[   10.9707] open fd = -5
[   10.9873] open name host:/livepad.bin flag 1 data 41378
[   10.9888] open fd = -5
[   10.9892] open name host:/livedbg.cmd flag 1 data 41378
[   10.9903] open fd = -5
[   11.0065] open name host:/livepad.bin flag 1 data 41378
[   11.0076] open fd = -5
[   11.0247] open name host:/livepad.bin flag 1 data 41378
[   11.0262] open fd = -5
[   11.0429] open name host:/livepad.bin flag 1 data 41378
[   11.0442] open fd = -5
[   11.0608] open name host:/livepad.bin flag 1 data 41378
[   11.0620] open fd = -5
[   11.0800] open name host:/livepad.bin flag 1 data 41378
[   11.0812] open fd = -5
[   11.0982] open name host:/livepad.bin flag 1 data 41378
[   11.0994] open fd = -5
[   11.0999] open name host:/livedbg.cmd flag 1 data 41378
[   11.1009] open fd = -5
[   11.1181] open name host:/livepad.bin flag 1 data 41378
[   11.1194] open fd = -5
[   11.1365] open name host:/livepad.bin flag 1 data 41378
[   11.1381] open fd = -5
[   11.1563] open name host:/livepad.bin flag 1 data 41378
[   11.1576] open fd = -5
[   11.1764] open name host:/livepad.bin flag 1 data 41378
[   11.1777] open fd = -5
[   11.1964] open name host:/livepad.bin flag 1 data 41378
[   11.1976] open fd = -5
[   11.2149] open name host:/livepad.bin flag 1 data 41378
[   11.2164] open fd = -5
[   11.2168] open name host:/livedbg.cmd flag 1 data 41378
[   11.2178] open fd = -5
[   11.2346] open name host:/livepad.bin flag 1 data 41378
[   11.2359] open fd = -5
[   11.2549] open name host:/livepad.bin flag 1 data 41378
[   11.2563] open fd = -5
[   11.2577] open name host:/log.txt flag 302 data 41378
[   11.2595] open fd = 256
[   11.2775] open name host:/livepad.bin flag 1 data 41378
[   11.2790] open fd = -5
[   11.2979] open name host:/livepad.bin flag 1 data 41378
[   11.2992] open fd = -5
[   11.3158] open name host:/livepad.bin flag 1 data 41378
[   11.3170] open fd = -5
[   11.3336] open name host:/livepad.bin flag 1 data 41378
[   11.3348] open fd = -5
[   11.3350] open name host:/livedbg.cmd flag 1 data 41378
[   11.3360] open fd = -5
[   11.3535] open name host:/livepad.bin flag 1 data 41378
[   11.3547] open fd = -5
[   11.3576] open name host:/log.txt flag 302 data 41378
[   11.3593] open fd = 256
[   11.3762] open name host:/livepad.bin flag 1 data 41378
[   11.3776] open fd = -5
[   11.3947] open name host:/livepad.bin flag 1 data 41378
[   11.3960] open fd = -5
[   11.4127] open name host:/livepad.bin flag 1 data 41378
[   11.4140] open fd = -5
[   11.4308] open name host:/livepad.bin flag 1 data 41378
[   11.4319] open fd = -5
[   11.4487] open name host:/livepad.bin flag 1 data 41378
[   11.4499] open fd = -5
[   11.4502] open name host:/livedbg.cmd flag 1 data 41378
[   11.4512] open fd = -5
[   11.4683] open name host:/livepad.bin flag 1 data 41378
[   11.4695] open fd = -5
[   11.4872] open name host:/livepad.bin flag 1 data 41378
[   11.4885] open fd = -5
[   11.5047] open name host:/livepad.bin flag 1 data 41378
[   11.5060] open fd = -5
[   11.5233] open name host:/livepad.bin flag 1 data 41378
[   11.5245] open fd = -5
[   11.5407] open name host:/livepad.bin flag 1 data 41378
[   11.5419] open fd = -5
[   11.5584] open name host:/livepad.bin flag 1 data 41378
[   11.5599] open fd = -5
[   11.5602] open name host:/livedbg.cmd flag 1 data 41378
[   11.5613] open fd = -5
[   11.5768] open name host:/livepad.bin flag 1 data 41378
[   11.5779] open fd = -5
[   11.5963] open name host:/livepad.bin flag 1 data 41378
[   11.5975] open fd = -5
[   11.6144] open name host:/livepad.bin flag 1 data 41378
[   11.6156] open fd = -5
[   11.6330] open name host:/livepad.bin flag 1 data 41378
[   11.6342] open fd = -5
[   11.6506] open name host:/livepad.bin flag 1 data 41378
[   11.6519] open fd = -5
[   11.6684] open name host:/livepad.bin flag 1 data 41378
[   11.6696] open fd = -5
[   11.6699] open name host:/livedbg.cmd flag 1 data 41378
[   11.6709] open fd = -5
[   11.6884] open name host:/livepad.bin flag 1 data 41378
[   11.6897] open fd = -5
[   11.7065] open name host:/livepad.bin flag 1 data 41378
[   11.7076] open fd = -5
[   11.7240] open name host:/livepad.bin flag 1 data 41378
[   11.7253] open fd = -5
[   11.7265] open name host:/log.txt flag 302 data 41378
[   11.7282] open fd = 256
[   11.7462] open name host:/livepad.bin flag 1 data 41378
[   11.7475] open fd = -5
[   11.7641] open name host:/livepad.bin flag 1 data 41378
[   11.7656] open fd = -5
[   11.7825] open name host:/livepad.bin flag 1 data 41378
[   11.7837] open fd = -5
[   11.7840] open name host:/livedbg.cmd flag 1 data 41378
[   11.7851] open fd = -5
[   11.8013] open name host:/livepad.bin flag 1 data 41378
[   11.8026] open fd = -5
[   11.8195] open name host:/livepad.bin flag 1 data 41378
[   11.8207] open fd = -5
[   11.8386] open name host:/livepad.bin flag 1 data 41378
[   11.8401] open fd = -5
[   11.8568] open name host:/livepad.bin flag 1 data 41378
[   11.8585] open fd = -5
[   11.8749] open name host:/livepad.bin flag 1 data 41378
[   11.8762] open fd = -5
[   11.8921] open name host:/livepad.bin flag 1 data 41378
[   11.8937] open fd = -5
[   11.8940] open name host:/livedbg.cmd flag 1 data 41378
[   11.8951] open fd = -5
[   11.9117] open name host:/livepad.bin flag 1 data 41378
[   11.9131] open fd = -5
[   11.9292] open name host:/livepad.bin flag 1 data 41378
[   11.9305] open fd = -5
[   11.9473] open name host:/livepad.bin flag 1 data 41378
[   11.9488] open fd = -5
[   11.9646] open name host:/livepad.bin flag 1 data 41378
[   11.9659] open fd = -5
[   11.9822] open name host:/livepad.bin flag 1 data 41378
[   11.9834] open fd = -5
[   11.9993] open name host:/livepad.bin flag 1 data 41378
[   12.0004] open fd = -5
[   12.0006] open name host:/livedbg.cmd flag 1 data 41378
[   12.0017] open fd = -5
[   12.0181] open name host:/livepad.bin flag 1 data 41378
[   12.0195] open fd = -5
[   12.0359] open name host:/livepad.bin flag 1 data 41378
[   12.0372] open fd = -5
[   12.0539] open name host:/livepad.bin flag 1 data 41378
[   12.0553] open fd = -5
[   12.0714] open name host:/livepad.bin flag 1 data 41378
[   12.0724] open fd = -5
[   12.0883] open name host:/livepad.bin flag 1 data 41378
[   12.0895] open fd = -5
[   12.1055] open name host:/livepad.bin flag 1 data 41378
[   12.1072] open fd = -5
[   12.1075] open name host:/livedbg.cmd flag 1 data 41378
[   12.1085] open fd = -5
[   12.1244] open name host:/livepad.bin flag 1 data 41378
[   12.1257] open fd = -5
[   12.1416] open name host:/livepad.bin flag 1 data 41378
[   12.1430] open fd = -5
[   12.1593] open name host:/livepad.bin flag 1 data 41378
[   12.1606] open fd = -5
[   12.1783] open name host:/livepad.bin flag 1 data 41378
[   12.1795] open fd = -5
[   12.1806] open name host:/log.txt flag 302 data 41378
[   12.1825] open fd = 256
[   12.2004] open name host:/livepad.bin flag 1 data 41378
[   12.2020] open fd = -5
[   12.2035] open name host:/log.txt flag 302 data 41378
[   12.2057] open fd = 256
[   12.2075] open name host:/log.txt flag 302 data 41378
[   12.2091] open fd = 256
[   12.2294] open name host:/livepad.bin flag 1 data 41378
[   12.2309] open fd = -5
[   12.2313] open name host:/livedbg.cmd flag 1 data 41378
[   12.2325] open fd = -5
[   12.2494] open name host:/livepad.bin flag 1 data 41378
[   12.2508] open fd = -5
[   12.2678] open name host:/livepad.bin flag 1 data 41378
[   12.2695] open fd = -5
[   12.2863] open name host:/livepad.bin flag 1 data 41378
[   12.2882] open fd = -5
[   12.2907] open name host:/log.txt flag 302 data 41378
[   12.2932] open fd = 256
[   12.3099] open name host:/livepad.bin flag 1 data 41378
[   12.3115] open fd = -5
[   12.3312] open name host:/livepad.bin flag 1 data 41378
[   12.3327] open fd = -5
[   12.3498] open name host:/livepad.bin flag 1 data 41378
[   12.3512] open fd = -5
[   12.3515] open name host:/livedbg.cmd flag 1 data 41378
[   12.3527] open fd = -5
[   12.3696] open name host:/livepad.bin flag 1 data 41378
[   12.3710] open fd = -5
[   12.3877] open name host:/livepad.bin flag 1 data 41378
[   12.3893] open fd = -5
[   12.4107] open name host:/livepad.bin flag 1 data 41378
[   12.4127] open fd = -5
[   12.4311] open name host:/livepad.bin flag 1 data 41378
[   12.4328] open fd = -5
[   12.4486] open name host:/livepad.bin flag 1 data 41378
[   12.4499] open fd = -5
[   12.4654] open name host:/livepad.bin flag 1 data 41378
[   12.4670] open fd = -5
[   12.4674] open name host:/livedbg.cmd flag 1 data 41378
[   12.4684] open fd = -5
[   12.4840] open name host:/livepad.bin flag 1 data 41378
[   12.4854] open fd = -5
[   12.5028] open name host:/livepad.bin flag 1 data 41378
[   12.5040] open fd = -5
[   12.5210] open name host:/livepad.bin flag 1 data 41378
[   12.5221] open fd = -5
[   12.5383] open name host:/livepad.bin flag 1 data 41378
[   12.5395] open fd = -5
[   12.5559] open name host:/livepad.bin flag 1 data 41378
[   12.5573] open fd = -5
[   12.5737] open name host:/livepad.bin flag 1 data 41378
[   12.5751] open fd = -5
[   12.5754] open name host:/livedbg.cmd flag 1 data 41378
[   12.5765] open fd = -5
[   12.5926] open name host:/livepad.bin flag 1 data 41378
[   12.5938] open fd = -5
[   12.6103] open name host:/livepad.bin flag 1 data 41378
[   12.6116] open fd = -5
[   12.6277] open name host:/livepad.bin flag 1 data 41378
[   12.6289] open fd = -5
[   12.6449] open name host:/livepad.bin flag 1 data 41378
[   12.6462] open fd = -5
[   12.6620] open name host:/livepad.bin flag 1 data 41378
[   12.6632] open fd = -5
[   12.6643] open name host:/log.txt flag 302 data 41378
[   12.6659] open fd = 256
[   12.6823] open name host:/livepad.bin flag 1 data 41378
[   12.6833] open fd = -5
[   12.6836] open name host:/livedbg.cmd flag 1 data 41378
[   12.6847] open fd = -5
[   12.7005] open name host:/livepad.bin flag 1 data 41378
[   12.7018] open fd = -5
[   12.7186] open name host:/livepad.bin flag 1 data 41378
[   12.7198] open fd = -5
[   12.7355] open name host:/livepad.bin flag 1 data 41378
[   12.7369] open fd = -5
[   12.7387] open name host:/log.txt flag 302 data 41378
[   12.7404] open fd = 256
[   12.7422] open name host:/log.txt flag 302 data 41378
[   12.7438] open fd = 256
[   12.7595] open name host:/livepad.bin flag 1 data 41378
[   12.7607] open fd = -5
[   12.7637] open name host:/log.txt flag 302 data 41378
[   12.7654] open fd = 256
[   12.7671] open name host:/log.txt flag 302 data 41378
[   12.7687] open fd = 256
[   12.7932] FRAMEARENA frames=240 peak=1037904 resets=2 fallbacks=0 maxFrameBytes=2731360 maxBorrowed=2028560 freeKiB=10566
[   12.7934] NATIVEVIF frames=240 batches=242
[   12.7936] ORDEREDFRAME frames=240 splitFrames=1
[   12.7937] FRAMEPIPELINE starts=240 dmaBusyStarts=0
[   12.7939] open name host:/livepad.bin flag 1 data 41378
[   12.7955] open fd = -5
[   12.7975] open name host:/log.txt flag 302 data 41378
[   12.7991] open fd = 256
[   12.8007] open name host:/log.txt flag 302 data 41378
[   12.8023] open fd = 256
[   12.8293] open name host:/livepad.bin flag 1 data 41378
[   12.8307] open fd = -5
[   12.8310] open name host:/livedbg.cmd flag 1 data 41378
[   12.8318] open fd = -5
[   12.8328] open name host:/log.txt flag 302 data 41378
[   12.8344] open fd = 256
[   12.8365] open name host:/log.txt flag 302 data 41378
[   12.8381] open fd = 256
[   12.8548] open name host:/livepad.bin flag 1 data 41378
[   12.8562] open fd = -5
[   12.8578] open name host:/log.txt flag 302 data 41378
[   12.8595] open fd = 256
[   12.8611] open name host:/log.txt flag 302 data 41378
[   12.8627] open fd = 256
[   12.8789] open name host:/livepad.bin flag 1 data 41378
[   12.8802] open fd = -5
[   12.8819] open name host:/log.txt flag 302 data 41378
[   12.8834] open fd = 256
[   12.8850] open name host:/log.txt flag 302 data 41378
[   12.8864] open fd = 256
[   12.9033] open name host:/livepad.bin flag 1 data 41378
[   12.9049] open fd = -5
[   12.9063] open name host:/log.txt flag 302 data 41378
[   12.9080] open fd = 256
[   12.9098] open name host:/log.txt flag 302 data 41378
[   12.9114] open fd = 256
[   12.9272] open name host:/livepad.bin flag 1 data 41378
[   12.9283] open fd = -5
[   12.9296] open name host:/log.txt flag 302 data 41378
[   12.9312] open fd = 256
[   12.9328] open name host:/log.txt flag 302 data 41378
[   12.9344] open fd = 256
[   12.9509] open name host:/livepad.bin flag 1 data 41378
[   12.9522] open fd = -5
[   12.9534] open name host:/log.txt flag 302 data 41378
[   12.9551] open fd = 256
[   12.9717] open name host:/livepad.bin flag 1 data 41378
[   12.9732] open fd = -5
[   12.9734] open name host:/livedbg.cmd flag 1 data 41378
[   12.9744] open fd = -5
[   12.9907] open name host:/livepad.bin flag 1 data 41378
[   12.9920] open fd = -5
[   13.0089] open name host:/livepad.bin flag 1 data 41378
[   13.0101] open fd = -5
[   13.0258] open name host:/livepad.bin flag 1 data 41378
[   13.0270] open fd = -5
[   13.0433] open name host:/livepad.bin flag 1 data 41378
[   13.0446] open fd = -5
[   13.0602] open name host:/livepad.bin flag 1 data 41378
[   13.0616] open fd = -5
[   13.0772] open name host:/livepad.bin flag 1 data 41378
[   13.0787] open fd = -5
[   13.0790] open name host:/livedbg.cmd flag 1 data 41378
[   13.0803] open fd = -5
[   13.0956] open name host:/livepad.bin flag 1 data 41378
[   13.0969] open fd = -5
[   13.1127] open name host:/livepad.bin flag 1 data 41378
[   13.1141] open fd = -5
[   13.1300] open name host:/livepad.bin flag 1 data 41378
[   13.1312] open fd = -5
[   13.1473] open name host:/livepad.bin flag 1 data 41378
[   13.1485] open fd = -5
[   13.1494] open name host:/log.txt flag 302 data 41378
[   13.1509] open fd = 256
[   13.1691] open name host:/livepad.bin flag 1 data 41378
[   13.1704] open fd = -5
[   13.1862] open name host:/livepad.bin flag 1 data 41378
[   13.1876] open fd = -5
[   13.1879] open name host:/livedbg.cmd flag 1 data 41378
[   13.1890] open fd = -5
[   13.2064] open name host:/livepad.bin flag 1 data 41378
[   13.2076] open fd = -5
[   13.2242] open name host:/livepad.bin flag 1 data 41378
[   13.2256] open fd = -5
[   13.2422] open name host:/livepad.bin flag 1 data 41378
[   13.2435] open fd = -5
[   13.2597] open name host:/livepad.bin flag 1 data 41378
[   13.2611] open fd = -5
[   13.2625] open name host:/log.txt flag 302 data 41378
[   13.2641] open fd = 256
[   13.2803] open name host:/livepad.bin flag 1 data 41378
[   13.2816] open fd = -5
[   13.2839] open name host:/log.txt flag 302 data 41378
[   13.2857] open fd = 256
[   13.3009] open name host:/livepad.bin flag 1 data 41378
[   13.3024] open fd = -5
[   13.3027] open name host:/livedbg.cmd flag 1 data 41378
[   13.3038] open fd = -5
[   13.3194] open name host:/livepad.bin flag 1 data 41378
[   13.3205] open fd = -5
[   13.3373] open name host:/livepad.bin flag 1 data 41378
[   13.3386] open fd = -5
[   13.3550] open name host:/livepad.bin flag 1 data 41378
[   13.3564] open fd = -5
[   13.3729] open name host:/livepad.bin flag 1 data 41378
[   13.3740] open fd = -5
[   13.3760] open name host:/log.txt flag 302 data 41378
[   13.3776] open fd = 256
[   13.3796] open name host:/log.txt flag 302 data 41378
[   13.3812] open fd = 256
[   13.3985] open name host:/livepad.bin flag 1 data 41378
[   13.3998] open fd = -5
[   13.4011] open name host:/log.txt flag 302 data 41378
[   13.4028] open fd = 256
[   13.4044] open name host:/log.txt flag 302 data 41378
[   13.4060] open fd = 256
[   13.4241] open name host:/livepad.bin flag 1 data 41378
[   13.4254] open fd = -5
[   13.4256] open name host:/livedbg.cmd flag 1 data 41378
[   13.4266] open fd = -5
[   13.4278] open name host:/log.txt flag 302 data 41378
[   13.4294] open fd = 256
[   13.4311] open name host:/log.txt flag 302 data 41378
[   13.4325] open fd = 256
[   13.4358] open name host:/log.txt flag 302 data 41378
[   13.4377] open fd = 256
[   13.4631] open name host:/livepad.bin flag 1 data 41378
[   13.4643] open fd = -5
[   13.4658] open name host:/log.txt flag 302 data 41378
[   13.4673] open fd = 256
[   13.4689] open name host:/log.txt flag 302 data 41378
[   13.4705] open fd = 256
[   13.4861] open name host:/livepad.bin flag 1 data 41378
[   13.4877] open fd = -5
[   13.4898] open name host:/log.txt flag 302 data 41378
[   13.4916] open fd = 256
[   13.4935] open name host:/log.txt flag 302 data 41378
[   13.4950] open fd = 256
[   13.5107] open name host:/livepad.bin flag 1 data 41378
[   13.5120] open fd = -5
[   13.5133] open name host:/log.txt flag 302 data 41378
[   13.5148] open fd = 256
[   13.5166] open name host:/log.txt flag 302 data 41378
[   13.5183] open fd = 256
[   13.5356] open name host:/livepad.bin flag 1 data 41378
[   13.5368] open fd = -5
[   13.5382] open name host:/log.txt flag 302 data 41378
[   13.5398] open fd = 256
[   13.5418] open name host:/log.txt flag 302 data 41378
[   13.5436] open fd = 256
[   13.5609] open name host:/livepad.bin flag 1 data 41378
[   13.5620] open fd = -5
[   13.5638] open name host:/log.txt flag 302 data 41378
[   13.5654] open fd = 256
[   13.5673] open name host:/log.txt flag 302 data 41378
[   13.5690] open fd = 256
[   13.5875] open name host:/livepad.bin flag 1 data 41378
[   13.5888] open fd = -5
[   13.5891] open name host:/livedbg.cmd flag 1 data 41378
[   13.5902] open fd = -5
[   13.5917] open name host:/log.txt flag 302 data 41378
[   13.5933] open fd = 256
[   13.5950] open name host:/log.txt flag 302 data 41378
[   13.5971] open fd = 256
[   13.6151] open name host:/livepad.bin flag 1 data 41378
[   13.6163] open fd = -5
[   13.6178] open name host:/gshadow/s0_3_4.png flag 1 data 41378
[   13.6198] open fd = 256
[   13.6206] open name host:/gshadow/s0_3_4.png flag 1 data 41378
[   13.6223] open fd = 256
[   13.6251] open name host:/log.txt flag 302 data 41378
[   13.6266] open fd = 256
[   13.6281] open name host:/gshadow/s0_0_4.png flag 1 data 41378
[   13.6304] open fd = 256
[   13.6313] open name host:/gshadow/s0_0_4.png flag 1 data 41378
[   13.6331] open fd = 256
[   13.6361] open name host:/log.txt flag 302 data 41378
[   13.6374] open fd = 256
[   13.6622] open name host:/livepad.bin flag 1 data 41378
[   13.6635] open fd = -5
[   13.6653] open name host:/log.txt flag 302 data 41378
[   13.6670] open fd = 256
[   13.6830] open name host:/livepad.bin flag 1 data 41378
[   13.6844] open fd = -5
[   13.6851] open name host:/log.txt flag 302 data 41378
[   13.6869] open fd = 256
[   13.7054] open name host:/livepad.bin flag 1 data 41378
[   13.7067] open fd = -5
[   13.7242] open name host:/livepad.bin flag 1 data 41378
[   13.7254] open fd = -5
[   13.7425] open name host:/livepad.bin flag 1 data 41378
[   13.7438] open fd = -5
[   13.7441] open name host:/livedbg.cmd flag 1 data 41378
[   13.7451] open fd = -5
[   13.7614] open name host:/livepad.bin flag 1 data 41378
[   13.7627] open fd = -5
[   13.7796] open name host:/livepad.bin flag 1 data 41378
[   13.7808] open fd = -5
[   13.7997] open name host:/livepad.bin flag 1 data 41378
[   13.8009] open fd = -5
[   13.8176] open name host:/livepad.bin flag 1 data 41378
[   13.8188] open fd = -5
[   13.8355] open name host:/livepad.bin flag 1 data 41378
[   13.8367] open fd = -5
[   13.8540] open name host:/livepad.bin flag 1 data 41378
[   13.8552] open fd = -5
[   13.8555] open name host:/livedbg.cmd flag 1 data 41378
[   13.8566] open fd = -5
[   13.8738] open name host:/livepad.bin flag 1 data 41378
[   13.8749] open fd = -5
[   13.8917] open name host:/livepad.bin flag 1 data 41378
[   13.8930] open fd = -5
[   13.9100] open name host:/livepad.bin flag 1 data 41378
[   13.9112] open fd = -5
[   13.9279] open name host:/livepad.bin flag 1 data 41378
[   13.9291] open fd = -5
[   13.9464] open name host:/livepad.bin flag 1 data 41378
[   13.9475] open fd = -5
[   13.9640] open name host:/livepad.bin flag 1 data 41378
[   13.9651] open fd = -5
[   13.9654] open name host:/livedbg.cmd flag 1 data 41378
[   13.9666] open fd = -5
[   13.9824] open name host:/livepad.bin flag 1 data 41378
[   13.9836] open fd = -5
[   13.9997] open name host:/livepad.bin flag 1 data 41378
[   14.0008] open fd = -5
[   14.0175] open name host:/livepad.bin flag 1 data 41378
[   14.0189] open fd = -5
[   14.0354] open name host:/livepad.bin flag 1 data 41378
[   14.0369] open fd = -5
[   14.0538] open name host:/livepad.bin flag 1 data 41378
[   14.0552] open fd = -5
[   14.0724] open name host:/livepad.bin flag 1 data 41378
[   14.0735] open fd = -5
[   14.0738] open name host:/livedbg.cmd flag 1 data 41378
[   14.0749] open fd = -5
[   14.0934] open name host:/livepad.bin flag 1 data 41378
[   14.0947] open fd = -5
[   14.1108] open name host:/livepad.bin flag 1 data 41378
[   14.1121] open fd = -5
[   14.1298] open name host:/livepad.bin flag 1 data 41378
[   14.1310] open fd = -5
[   14.1487] open name host:/livepad.bin flag 1 data 41378
[   14.1503] open fd = -5
[   14.1510] open name host:/log.txt flag 302 data 41378
[   14.1526] open fd = 256
[   14.1706] open name host:/livepad.bin flag 1 data 41378
[   14.1719] open fd = -5
[   14.1879] open name host:/livepad.bin flag 1 data 41378
[   14.1891] open fd = -5
[   14.1897] open name host:/livedbg.cmd flag 1 data 41378
[   14.1906] open fd = -5
[   14.2064] open name host:/livepad.bin flag 1 data 41378
[   14.2077] open fd = -5
[   14.2252] open name host:/livepad.bin flag 1 data 41378
[   14.2266] open fd = -5
[   14.2425] open name host:/livepad.bin flag 1 data 41378
[   14.2439] open fd = -5
[   14.2600] open name host:/livepad.bin flag 1 data 41378
[   14.2612] open fd = -5
[   14.2769] open name host:/livepad.bin flag 1 data 41378
[   14.2783] open fd = -5
[   14.2952] open name host:/livepad.bin flag 1 data 41378
[   14.2964] open fd = -5
[   14.2967] open name host:/livedbg.cmd flag 1 data 41378
[   14.2977] open fd = -5
[   14.3132] open name host:/livepad.bin flag 1 data 41378
[   14.3144] open fd = -5
[   14.3170] open name host:/log.txt flag 302 data 41378
[   14.3185] open fd = 256
[   14.3353] open name host:/livepad.bin flag 1 data 41378
[   14.3367] open fd = -5
[   14.3522] open name host:/livepad.bin flag 1 data 41378
[   14.3534] open fd = -5
[   14.3695] open name host:/livepad.bin flag 1 data 41378
[   14.3706] open fd = -5
[   14.3869] open name host:/livepad.bin flag 1 data 41378
[   14.3882] open fd = -5
[   14.4043] open name host:/livepad.bin flag 1 data 41378
[   14.4056] open fd = -5
[   14.4059] open name host:/livedbg.cmd flag 1 data 41378
[   14.4068] open fd = -5
[   14.4225] open name host:/livepad.bin flag 1 data 41378
[   14.4237] open fd = -5
[   14.4394] open name host:/livepad.bin flag 1 data 41378
[   14.4406] open fd = -5
[   14.4570] open name host:/livepad.bin flag 1 data 41378
[   14.4586] open fd = -5
[   14.4741] open name host:/livepad.bin flag 1 data 41378
[   14.4755] open fd = -5
[   14.4920] open name host:/livepad.bin flag 1 data 41378
[   14.4935] open fd = -5
[   14.5102] open name host:/livepad.bin flag 1 data 41378
[   14.5118] open fd = -5
[   14.5121] open name host:/livedbg.cmd flag 1 data 41378
[   14.5132] open fd = -5
[   14.5295] open name host:/livepad.bin flag 1 data 41378
[   14.5307] open fd = -5
[   14.5490] open name host:/livepad.bin flag 1 data 41378
[   14.5502] open fd = -5
[   14.5653] open name host:/livepad.bin flag 1 data 41378
[   14.5665] open fd = -5
[   14.5832] open name host:/livepad.bin flag 1 data 41378
[   14.5845] open fd = -5
[   14.6025] open name host:/livepad.bin flag 1 data 41378
[   14.6044] open fd = -5
[   14.6050] open name host:/log.txt flag 302 data 41378
[   14.6068] open fd = 256
[   14.6241] open name host:/livepad.bin flag 1 data 41378
[   14.6256] open fd = -5
[   14.6259] open name host:/livedbg.cmd flag 1 data 41378
[   14.6270] open fd = -5
[   14.6429] open name host:/livepad.bin flag 1 data 41378
[   14.6440] open fd = -5
[   14.6599] open name host:/livepad.bin flag 1 data 41378
[   14.6610] open fd = -5
[   14.6775] open name host:/livepad.bin flag 1 data 41378
[   14.6788] open fd = -5
[   14.6950] open name host:/livepad.bin flag 1 data 41378
[   14.6964] open fd = -5
[   14.7126] open name host:/livepad.bin flag 1 data 41378
[   14.7138] open fd = -5
[   14.7296] open name host:/livepad.bin flag 1 data 41378
[   14.7307] open fd = -5
[   14.7310] open name host:/livedbg.cmd flag 1 data 41378
[   14.7320] open fd = -5
[   14.7481] open name host:/livepad.bin flag 1 data 41378
[   14.7495] open fd = -5
[   14.7669] open name host:/livepad.bin flag 1 data 41378
[   14.7680] open fd = -5
[   14.7834] open name host:/livepad.bin flag 1 data 41378
[   14.7845] open fd = -5
[   14.8005] open name host:/livepad.bin flag 1 data 41378
[   14.8017] open fd = -5
[   14.8187] open name host:/livepad.bin flag 1 data 41378
[   14.8200] open fd = -5
[   14.8355] open name host:/livepad.bin flag 1 data 41378
[   14.8367] open fd = -5
[   14.8370] open name host:/livedbg.cmd flag 1 data 41378
[   14.8380] open fd = -5
[   14.8531] open name host:/livepad.bin flag 1 data 41378
[   14.8543] open fd = -5
[   14.8747] open name host:/livepad.bin flag 1 data 41378
[   14.8758] open fd = -5
[   14.8913] open name host:/livepad.bin flag 1 data 41378
[   14.8925] open fd = -5
[   14.9095] open name host:/livepad.bin flag 1 data 41378
[   14.9110] open fd = -5
[   14.9273] open name host:/livepad.bin flag 1 data 41378
[   14.9287] open fd = -5
[   14.9458] open name host:/livepad.bin flag 1 data 41378
[   14.9470] open fd = -5
[   14.9472] open name host:/livedbg.cmd flag 1 data 41378
[   14.9482] open fd = -5
[   14.9645] open name host:/livepad.bin flag 1 data 41378
[   14.9657] open fd = -5
[   14.9817] open name host:/livepad.bin flag 1 data 41378
[   14.9830] open fd = -5
[   14.9983] open name host:/livepad.bin flag 1 data 41378
[   14.9995] open fd = -5
[   15.0157] open name host:/livepad.bin flag 1 data 41378
[   15.0170] open fd = -5
[   15.0206] open name host:/log.txt flag 302 data 41378
[   15.0224] open fd = 256
[   15.0365] open name host:/livepad.bin flag 1 data 41378
[   15.0377] open fd = -5
[   15.0555] open name host:/livepad.bin flag 1 data 41378
[   15.0567] open fd = -5
[   15.0570] open name host:/livedbg.cmd flag 1 data 41378
[   15.0579] open fd = -5
[   15.0581] open name host:/log.txt flag 302 data 41378
[   15.0596] open fd = 256
[   15.0763] open name host:/livepad.bin flag 1 data 41378
[   15.0775] open fd = -5
[   15.0931] open name host:/livepad.bin flag 1 data 41378
[   15.0944] open fd = -5
[   15.1103] open name host:/livepad.bin flag 1 data 41378
[   15.1115] open fd = -5
[   15.1277] open name host:/livepad.bin flag 1 data 41378
[   15.1291] open fd = -5
[   15.1300] open name host:/log.txt flag 302 data 41378
[   15.1315] open fd = 256
[   15.1332] open name host:/log.txt flag 302 data 41378
[   15.1346] open fd = 256
[   15.1510] FRAMEARENA frames=360 peak=1037904 resets=2 fallbacks=0 maxFrameBytes=2731360 maxBorrowed=2028560 freeKiB=9993
[   15.1512] NATIVEVIF frames=360 batches=362
[   15.1514] ORDEREDFRAME frames=360 splitFrames=1
[   15.1516] FRAMEPIPELINE starts=360 dmaBusyStarts=0
[   15.1517] open name host:/livepad.bin flag 1 data 41378
[   15.1529] open fd = -5
[   15.1535] open name host:/log.txt flag 302 data 41378
[   15.1548] open fd = 256
[   15.1567] open name host:/log.txt flag 302 data 41378
[   15.1581] open fd = 256
[   15.1744] open name host:/livepad.bin flag 1 data 41378
[   15.1758] open fd = -5
[   15.1760] open name host:/livedbg.cmd flag 1 data 41378
[   15.1775] open fd = -5
[   15.1796] open name host:/log.txt flag 302 data 41378
[   15.1813] open fd = 256
[   15.1830] open name host:/log.txt flag 302 data 41378
[   15.1845] open fd = 256
[   15.2117] open name host:/livepad.bin flag 1 data 41378
[   15.2130] open fd = -5
[   15.2141] open name host:/log.txt flag 302 data 41378
[   15.2158] open fd = 256
[   15.2174] open name host:/log.txt flag 302 data 41378
[   15.2189] open fd = 256
[   15.2356] open name host:/livepad.bin flag 1 data 41378
[   15.2368] open fd = -5
[   15.2388] open name host:/log.txt flag 302 data 41378
[   15.2407] open fd = 256
[   15.2422] open name host:/log.txt flag 302 data 41378
[   15.2438] open fd = 256
[   15.2712] open name host:/livepad.bin flag 1 data 41378
[   15.2725] open fd = -5
[   15.2733] open name host:/log.txt flag 302 data 41378
[   15.2749] open fd = 256
[   15.2782] open name host:/log.txt flag 302 data 41378
[   15.2801] open fd = 256
[   15.2955] open name host:/livepad.bin flag 1 data 41378
[   15.2970] open fd = -5
[   15.3143] open name host:/livepad.bin flag 1 data 41378
[   15.3154] open fd = -5
[   15.3316] open name host:/livepad.bin flag 1 data 41378
[   15.3330] open fd = -5
[   15.3333] open name host:/livedbg.cmd flag 1 data 41378
[   15.3342] open fd = -5
[   15.3521] open name host:/livepad.bin flag 1 data 41378
[   15.3533] open fd = -5
[   15.3696] open name host:/livepad.bin flag 1 data 41378
[   15.3707] open fd = -5
[   15.3857] open name host:/livepad.bin flag 1 data 41378
[   15.3871] open fd = -5
[   15.4035] open name host:/livepad.bin flag 1 data 41378
[   15.4047] open fd = -5
[   15.4212] open name host:/livepad.bin flag 1 data 41378
[   15.4224] open fd = -5
[   15.4405] open name host:/livepad.bin flag 1 data 41378
[   15.4419] open fd = -5
[   15.4421] open name host:/livedbg.cmd flag 1 data 41378
[   15.4432] open fd = -5
[   15.4593] open name host:/livepad.bin flag 1 data 41378
[   15.4605] open fd = -5
[   15.4766] open name host:/livepad.bin flag 1 data 41378
[   15.4779] open fd = -5
[   15.4949] open name host:/livepad.bin flag 1 data 41378
[   15.4963] open fd = -5
[   15.5112] open name host:/livepad.bin flag 1 data 41378
[   15.5124] open fd = -5
[   15.5302] open name host:/livepad.bin flag 1 data 41378
[   15.5316] open fd = -5
[   15.5322] open name host:/log.txt flag 302 data 41378
[   15.5337] open fd = 256
[   15.5529] open name host:/livepad.bin flag 1 data 41378
[   15.5545] open fd = -5
[   15.5548] open name host:/livedbg.cmd flag 1 data 41378
[   15.5556] open fd = -5
[   15.5712] open name host:/livepad.bin flag 1 data 41378
[   15.5724] open fd = -5
[   15.5896] open name host:/livepad.bin flag 1 data 41378
[   15.5908] open fd = -5
[   15.6068] open name host:/livepad.bin flag 1 data 41378
[   15.6083] open fd = -5
[   15.6240] open name host:/livepad.bin flag 1 data 41378
[   15.6256] open fd = -5
[   15.6415] open name host:/livepad.bin flag 1 data 41378
[   15.6430] open fd = -5
[   15.6590] open name host:/livepad.bin flag 1 data 41378
[   15.6602] open fd = -5
[   15.6605] open name host:/livedbg.cmd flag 1 data 41378
[   15.6615] open fd = -5
[   15.6767] open name host:/livepad.bin flag 1 data 41378
[   15.6781] open fd = -5
[   15.6940] open name host:/livepad.bin flag 1 data 41378
[   15.6953] open fd = -5
[   15.7108] open name host:/livepad.bin flag 1 data 41378
[   15.7121] open fd = -5
[   15.7289] open name host:/livepad.bin flag 1 data 41378
[   15.7301] open fd = -5
[   15.7478] open name host:/livepad.bin flag 1 data 41378
[   15.7491] open fd = -5
[   15.7655] open name host:/livepad.bin flag 1 data 41378
[   15.7669] open fd = -5
[   15.7672] open name host:/livedbg.cmd flag 1 data 41378
[   15.7681] open fd = -5
[   15.7838] open name host:/livepad.bin flag 1 data 41378
[   15.7852] open fd = -5
[   15.8010] open name host:/livepad.bin flag 1 data 41378
[   15.8021] open fd = -5
[   15.8197] open name host:/livepad.bin flag 1 data 41378
[   15.8210] open fd = -5
[   15.8373] open name host:/livepad.bin flag 1 data 41378
[   15.8386] open fd = -5
[   15.8567] open name host:/livepad.bin flag 1 data 41378
[   15.8579] open fd = -5
[   15.8739] open name host:/livepad.bin flag 1 data 41378
[   15.8752] open fd = -5
[   15.8755] open name host:/livedbg.cmd flag 1 data 41378
[   15.8768] open fd = -5
[   15.8940] open name host:/livepad.bin flag 1 data 41378
[   15.8954] open fd = -5
[   15.9121] open name host:/livepad.bin flag 1 data 41378
[   15.9134] open fd = -5
[   15.9287] open name host:/livepad.bin flag 1 data 41378
[   15.9301] open fd = -5
[   15.9465] open name host:/livepad.bin flag 1 data 41378
[   15.9477] open fd = -5
[   15.9636] open name host:/livepad.bin flag 1 data 41378
[   15.9647] open fd = -5
[   15.9816] open name host:/livepad.bin flag 1 data 41378
[   15.9829] open fd = -5
[   15.9832] open name host:/livedbg.cmd flag 1 data 41378
[   15.9843] open fd = -5
[   15.9848] open name host:/log.txt flag 302 data 41378
[   15.9868] open fd = 256
[   16.0045] open name host:/livepad.bin flag 1 data 41378
[   16.0058] open fd = -5
[   16.0234] open name host:/livepad.bin flag 1 data 41378
[   16.0251] open fd = -5
[   16.0408] open name host:/livepad.bin flag 1 data 41378
[   16.0421] open fd = -5
[   16.0580] open name host:/livepad.bin flag 1 data 41378
[   16.0593] open fd = -5
[   16.0761] open name host:/livepad.bin flag 1 data 41378
[   16.0776] open fd = -5
[   16.0929] open name host:/livepad.bin flag 1 data 41378
[   16.0941] open fd = -5
[   16.0944] open name host:/livedbg.cmd flag 1 data 41378
[   16.0953] open fd = -5
[   16.1110] open name host:/livepad.bin flag 1 data 41378
[   16.1121] open fd = -5
[   16.1282] open name host:/livepad.bin flag 1 data 41378
[   16.1295] open fd = -5
[   16.1456] open name host:/livepad.bin flag 1 data 41378
[   16.1468] open fd = -5
[   16.1629] open name host:/livepad.bin flag 1 data 41378
[   16.1641] open fd = -5
[   16.1666] open name host:/log.txt flag 302 data 41378
[   16.1683] open fd = 256
[   16.1839] open name host:/livepad.bin flag 1 data 41378
[   16.1854] open fd = -5
[   16.1877] open name host:/log.txt flag 302 data 41378
[   16.1898] open fd = 256
[   16.2058] open name host:/livepad.bin flag 1 data 41378
[   16.2071] open fd = -5
[   16.2076] open name host:/livedbg.cmd flag 1 data 41378
[   16.2086] open fd = -5
[   16.2243] open name host:/livepad.bin flag 1 data 41378
[   16.2259] open fd = -5
[   16.2417] open name host:/livepad.bin flag 1 data 41378
[   16.2430] open fd = -5
[   16.2586] open name host:/livepad.bin flag 1 data 41378
[   16.2599] open fd = -5
[   16.2756] open name host:/livepad.bin flag 1 data 41378
[   16.2768] open fd = -5
[   16.2925] open name host:/livepad.bin flag 1 data 41378
[   16.2936] open fd = -5
[   16.3095] open name host:/livepad.bin flag 1 data 41378
[   16.3108] open fd = -5
[   16.3110] open name host:/livedbg.cmd flag 1 data 41378
[   16.3120] open fd = -5
[   16.3275] open name host:/livepad.bin flag 1 data 41378
[   16.3287] open fd = -5
[   16.3461] open name host:/livepad.bin flag 1 data 41378
[   16.3475] open fd = -5
[   16.3654] open name host:/livepad.bin flag 1 data 41378
[   16.3668] open fd = -5
[   16.3826] open name host:/livepad.bin flag 1 data 41378
[   16.3839] open fd = -5
[   16.3998] open name host:/livepad.bin flag 1 data 41378
[   16.4012] open fd = -5
[   16.4170] open name host:/livepad.bin flag 1 data 41378
[   16.4182] open fd = -5
[   16.4184] open name host:/livedbg.cmd flag 1 data 41378
[   16.4195] open fd = -5
[   16.4348] open name host:/livepad.bin flag 1 data 41378
[   16.4360] open fd = -5
[   16.4367] open name host:/log.txt flag 302 data 41378
[   16.4385] open fd = 256
[   16.4564] open name host:/livepad.bin flag 1 data 41378
[   16.4577] open fd = -5
[   16.4734] open name host:/livepad.bin flag 1 data 41378
[   16.4746] open fd = -5
[   16.4901] open name host:/livepad.bin flag 1 data 41378
[   16.4915] open fd = -5
[   16.5074] open name host:/livepad.bin flag 1 data 41378
[   16.5087] open fd = -5
[   16.5239] open name host:/livepad.bin flag 1 data 41378
[   16.5255] open fd = -5
[   16.5257] open name host:/livedbg.cmd flag 1 data 41378
[   16.5266] open fd = -5
[   16.5418] open name host:/livepad.bin flag 1 data 41378
[   16.5431] open fd = -5
[   16.5595] open name host:/livepad.bin flag 1 data 41378
[   16.5607] open fd = -5
[   16.5759] open name host:/livepad.bin flag 1 data 41378
[   16.5773] open fd = -5
[   16.5930] open name host:/livepad.bin flag 1 data 41378
[   16.5944] open fd = -5
[   16.6104] open name host:/livepad.bin flag 1 data 41378
[   16.6117] open fd = -5
[   16.6274] open name host:/livepad.bin flag 1 data 41378
[   16.6286] open fd = -5
[   16.6289] open name host:/livedbg.cmd flag 1 data 41378
[   16.6298] open fd = -5
[   16.6456] open name host:/livepad.bin flag 1 data 41378
[   16.6471] open fd = -5
[   16.6623] open name host:/livepad.bin flag 1 data 41378
[   16.6637] open fd = -5
[   16.6798] open name host:/livepad.bin flag 1 data 41378
[   16.6810] open fd = -5
[   16.6960] open name host:/livepad.bin flag 1 data 41378
[   16.6974] open fd = -5
[   16.7134] open name host:/livepad.bin flag 1 data 41378
[   16.7145] open fd = -5
[   16.7299] open name host:/livepad.bin flag 1 data 41378
[   16.7312] open fd = -5
[   16.7315] open name host:/livedbg.cmd flag 1 data 41378
[   16.7326] open fd = -5
[   16.7513] open name host:/livepad.bin flag 1 data 41378
[   16.7525] open fd = -5
[   16.7682] open name host:/livepad.bin flag 1 data 41378
[   16.7693] open fd = -5
[   16.7844] open name host:/livepad.bin flag 1 data 41378
[   16.7856] open fd = -5
[   16.8019] open name host:/livepad.bin flag 1 data 41378
[   16.8031] open fd = -5
[   16.8189] open name host:/livepad.bin flag 1 data 41378
[   16.8203] open fd = -5
[   16.8354] open name host:/livepad.bin flag 1 data 41378
[   16.8366] open fd = -5
[   16.8368] open name host:/livedbg.cmd flag 1 data 41378
[   16.8379] open fd = -5
[   16.8536] open name host:/livepad.bin flag 1 data 41378
[   16.8551] open fd = -5
[   16.8707] open name host:/livepad.bin flag 1 data 41378
[   16.8719] open fd = -5
[   16.8724] open name host:/log.txt flag 302 data 41378
[   16.8740] open fd = 256
[   16.8915] open name host:/livepad.bin flag 1 data 41378
[   16.8928] open fd = -5
[   16.9087] open name host:/livepad.bin flag 1 data 41378
[   16.9101] open fd = -5
[   16.9260] open name host:/livepad.bin flag 1 data 41378
[   16.9273] open fd = -5
[   16.9426] open name host:/livepad.bin flag 1 data 41378
[   16.9438] open fd = -5
[   16.9440] open name host:/livedbg.cmd flag 1 data 41378
[   16.9451] open fd = -5
[   16.9607] open name host:/livepad.bin flag 1 data 41378
[   16.9619] open fd = -5
[   16.9771] open name host:/livepad.bin flag 1 data 41378
[   16.9783] open fd = -5
[   16.9951] open name host:/livepad.bin flag 1 data 41378
[   16.9963] open fd = -5
[   17.0115] open name host:/livepad.bin flag 1 data 41378
[   17.0126] open fd = -5
[   17.0279] open name host:/livepad.bin flag 1 data 41378
[   17.0294] open fd = -5
[   17.0457] open name host:/livepad.bin flag 1 data 41378
[   17.0468] open fd = -5
[   17.0470] open name host:/livedbg.cmd flag 1 data 41378
[   17.0480] open fd = -5
[   17.0634] open name host:/livepad.bin flag 1 data 41378
[   17.0648] open fd = -5
[   17.0670] open name host:/log.txt flag 302 data 41378
[   17.0687] open fd = 256
[   17.0847] open name host:/livepad.bin flag 1 data 41378
[   17.0860] open fd = -5
[   17.1011] open name host:/livepad.bin flag 1 data 41378
[   17.1023] open fd = -5
[   17.1184] open name host:/livepad.bin flag 1 data 41378
[   17.1198] open fd = -5
[   17.1351] open name host:/livepad.bin flag 1 data 41378
[   17.1364] open fd = -5
[   17.1523] open name host:/livepad.bin flag 1 data 41378
[   17.1535] open fd = -5
[   17.1538] open name host:/livedbg.cmd flag 1 data 41378
[   17.1550] open fd = -5
[   17.1705] open name host:/livepad.bin flag 1 data 41378
[   17.1720] open fd = -5
[   17.1890] open name host:/livepad.bin flag 1 data 41378
[   17.1902] open fd = -5
[   17.2061] open name host:/livepad.bin flag 1 data 41378
[   17.2077] open fd = -5
[   17.2231] open name host:/livepad.bin flag 1 data 41378
[   17.2245] open fd = -5
[   17.2404] open name host:/livepad.bin flag 1 data 41378
[   17.2416] open fd = -5
[   17.2569] open name host:/livepad.bin flag 1 data 41378
[   17.2582] open fd = -5
[   17.2585] open name host:/livedbg.cmd flag 1 data 41378
[   17.2599] open fd = -5
[   17.2767] open name host:/livepad.bin flag 1 data 41378
[   17.2783] open fd = -5
[   17.2946] open name host:/livepad.bin flag 1 data 41378
[   17.2961] open fd = -5
[   17.3115] open name host:/livepad.bin flag 1 data 41378
[   17.3130] open fd = -5
[   17.3135] open name host:/log.txt flag 302 data 41378
[   17.3152] open fd = 256
[   17.3320] open name host:/livepad.bin flag 1 data 41378
[   17.3332] open fd = -5
[   17.3490] FRAMEARENA frames=480 peak=1037904 resets=2 fallbacks=0 maxFrameBytes=2731360 maxBorrowed=2028560 freeKiB=10705
[   17.3492] NATIVEVIF frames=480 batches=482
[   17.3494] ORDEREDFRAME frames=480 splitFrames=1
[   17.3496] FRAMEPIPELINE starts=480 dmaBusyStarts=0
[   17.3497] open name host:/livepad.bin flag 1 data 41378
[   17.3508] open fd = -5
[   17.3655] open name host:/livepad.bin flag 1 data 41378
[   17.3665] open fd = -5
[   17.3668] open name host:/livedbg.cmd flag 1 data 41378
[   17.3677] open fd = -5
[   17.3831] open name host:/livepad.bin flag 1 data 41378
[   17.3844] open fd = -5
[   17.4003] open name host:/livepad.bin flag 1 data 41378
[   17.4015] open fd = -5
[   17.4173] open name host:/livepad.bin flag 1 data 41378
[   17.4185] open fd = -5
[   17.4356] open name host:/livepad.bin flag 1 data 41378
[   17.4367] open fd = -5
[   17.4524] open name host:/livepad.bin flag 1 data 41378
[   17.4535] open fd = -5
[   17.4691] open name host:/livepad.bin flag 1 data 41378
[   17.4705] open fd = -5
[   17.4707] open name host:/livedbg.cmd flag 1 data 41378
[   17.4719] open fd = -5
[   17.4867] open name host:/livepad.bin flag 1 data 41378
[   17.4880] open fd = -5
[   17.5041] open name host:/livepad.bin flag 1 data 41378
[   17.5054] open fd = -5
[   17.5210] open name host:/livepad.bin flag 1 data 41378
[   17.5222] open fd = -5
[   17.5369] open name host:/livepad.bin flag 1 data 41378
[   17.5380] open fd = -5
[   17.5543] open name host:/livepad.bin flag 1 data 41378
[   17.5557] open fd = -5
[   17.5715] open name host:/livepad.bin flag 1 data 41378
[   17.5731] open fd = -5
[   17.5733] open name host:/livedbg.cmd flag 1 data 41378
[   17.5742] open fd = -5
[   17.5899] open name host:/livepad.bin flag 1 data 41378
[   17.5914] open fd = -5
[   17.6071] open name host:/livepad.bin flag 1 data 41378
[   17.6084] open fd = -5
[   17.6255] open name host:/livepad.bin flag 1 data 41378
[   17.6272] open fd = -5
[   17.6433] open name host:/livepad.bin flag 1 data 41378
[   17.6446] open fd = -5
[   17.6599] open name host:/livepad.bin flag 1 data 41378
[   17.6611] open fd = -5
[   17.6769] open name host:/livepad.bin flag 1 data 41378
[   17.6782] open fd = -5
[   17.6784] open name host:/livedbg.cmd flag 1 data 41378
[   17.6795] open fd = -5
[   17.6957] open name host:/livepad.bin flag 1 data 41378
[   17.6970] open fd = -5
[   17.7130] open name host:/livepad.bin flag 1 data 41378
[   17.7144] open fd = -5
[   17.7302] open name host:/livepad.bin flag 1 data 41378
[   17.7314] open fd = -5
[   17.7471] open name host:/livepad.bin flag 1 data 41378
[   17.7482] open fd = -5
[   17.7488] open name host:/log.txt flag 302 data 41378
[   17.7505] open fd = 256
[   17.7672] open name host:/livepad.bin flag 1 data 41378
[   17.7684] open fd = -5
[   17.7839] open name host:/livepad.bin flag 1 data 41378
[   17.7852] open fd = -5
[   17.7856] open name host:/livedbg.cmd flag 1 data 41378
[   17.7865] open fd = -5
[   17.8020] open name host:/livepad.bin flag 1 data 41378
[   17.8032] open fd = -5
[   17.8198] open name host:/livepad.bin flag 1 data 41378
[   17.8214] open fd = -5
[   17.8378] open name host:/livepad.bin flag 1 data 41378
[   17.8391] open fd = -5
[   17.8551] open name host:/livepad.bin flag 1 data 41378
[   17.8563] open fd = -5
[   17.8586] open name host:/log.txt flag 302 data 41378
[   17.8602] open fd = 256
[   17.8619] open name host:/log.txt flag 302 data 41378
[   17.8634] open fd = 256
[   17.8913] open name host:/livepad.bin flag 1 data 41378
[   17.8927] open fd = -5
[   17.8935] open name host:/log.txt flag 302 data 41378
[   17.8950] open fd = 256
[   17.8970] open name host:/log.txt flag 302 data 41378
[   17.8986] open fd = 256
[   17.9249] open name host:/livepad.bin flag 1 data 41378
[   17.9261] open fd = -5
[   17.9262] open name host:/livedbg.cmd flag 1 data 41378
[   17.9272] open fd = -5
[   17.9282] open name host:/log.txt flag 302 data 41378
[   17.9297] open fd = 256
[   17.9318] open name host:/log.txt flag 302 data 41378
[   17.9333] open fd = 256
[   17.9604] open name host:/livepad.bin flag 1 data 41378
[   17.9616] open fd = -5
[   17.9622] open name host:/log.txt flag 302 data 41378
[   17.9636] open fd = 256
[   17.9658] open name host:/log.txt flag 302 data 41378
[   17.9676] open fd = 256
[   17.9942] open name host:/livepad.bin flag 1 data 41378
[   17.9954] open fd = -5
[   17.9961] open name host:/log.txt flag 302 data 41378
[   17.9976] open fd = 256
[   17.9992] open name host:/log.txt flag 302 data 41378
[   18.0007] open fd = 256
[   18.0291] open name host:/livepad.bin flag 1 data 41378
[   18.0302] open fd = -5
[   18.0309] open name host:/log.txt flag 302 data 41378
[   18.0324] open fd = 256
[   18.0344] open name host:/log.txt flag 302 data 41378
[   18.0358] open fd = 256
[   18.0503] open name host:/log.txt flag 302 data 41378
[   18.0524] open fd = 256
[   18.0647] open name host:/livepad.bin flag 1 data 41378
[   18.0663] open fd = -5
[   18.0677] open name host:/log.txt flag 302 data 41378
[   18.0692] open fd = 256
[   18.0713] open name host:/log.txt flag 302 data 41378
[   18.0729] open fd = 256
[   18.0999] open name host:/livepad.bin flag 1 data 41378
[   18.1014] open fd = -5
[   18.1026] open name host:/log.txt flag 302 data 41378
[   18.1040] open fd = 256
[   18.1057] open name host:/log.txt flag 302 data 41378
[   18.1076] open fd = 256
[   18.1335] open name host:/livepad.bin flag 1 data 41378
[   18.1349] open fd = -5
[   18.1350] open name host:/livedbg.cmd flag 1 data 41378
[   18.1359] open fd = -5
[   18.1369] open name host:/log.txt flag 302 data 41378
[   18.1384] open fd = 256
[   18.1400] open name host:/log.txt flag 302 data 41378
[   18.1416] open fd = 256
[   18.1668] open name host:/livepad.bin flag 1 data 41378
[   18.1681] open fd = -5
[   18.1688] open name host:/log.txt flag 302 data 41378
[   18.1704] open fd = 256
[   18.1722] open name host:/log.txt flag 302 data 41378
[   18.1737] open fd = 256
[   18.2018] open name host:/livepad.bin flag 1 data 41378
[   18.2031] open fd = -5
[   18.2033] open name host:/log.txt flag 302 data 41378
[   18.2050] open fd = 256
[   18.2071] open name host:/log.txt flag 302 data 41378
[   18.2093] open fd = 256
[   18.2368] open name host:/livepad.bin flag 1 data 41378
[   18.2381] open fd = -5
[   18.2533] open name host:/livepad.bin flag 1 data 41378
[   18.2544] open fd = -5
[   18.2694] open name host:/livepad.bin flag 1 data 41378
[   18.2706] open fd = -5
[   18.2853] open name host:/livepad.bin flag 1 data 41378
[   18.2869] open fd = -5
[   18.2876] open name host:/livedbg.cmd flag 1 data 41378
[   18.2886] open fd = -5
[   18.3036] open name host:/livepad.bin flag 1 data 41378
[   18.3049] open fd = -5
[   18.3197] open name host:/livepad.bin flag 1 data 41378
[   18.3211] open fd = -5
[   18.3355] open name host:/livepad.bin flag 1 data 41378
[   18.3370] open fd = -5
[   18.3524] open name host:/livepad.bin flag 1 data 41378
[   18.3537] open fd = -5
[   18.3682] open name host:/livepad.bin flag 1 data 41378
[   18.3694] open fd = -5
[   18.3837] open name host:/livepad.bin flag 1 data 41378
[   18.3851] open fd = -5
[   18.3859] open name host:/livedbg.cmd flag 1 data 41378
[   18.3869] open fd = -5
[   18.4025] open name host:/livepad.bin flag 1 data 41378
[   18.4040] open fd = -5
[   18.4200] open name host:/livepad.bin flag 1 data 41378
[   18.4211] open fd = -5
[   18.4366] open name host:/livepad.bin flag 1 data 41378
[   18.4377] open fd = -5
[   18.4517] open name host:/livepad.bin flag 1 data 41378
[   18.4528] open fd = -5
[   18.4672] open name host:/livepad.bin flag 1 data 41378
[   18.4684] open fd = -5
[   18.4834] open name host:/livepad.bin flag 1 data 41378
[   18.4848] open fd = -5
[   18.4853] open name host:/livedbg.cmd flag 1 data 41378
[   18.4863] open fd = -5
[   18.5010] open name host:/livepad.bin flag 1 data 41378
[   18.5022] open fd = -5
[   18.5171] open name host:/livepad.bin flag 1 data 41378
[   18.5183] open fd = -5
[   18.5334] open name host:/livepad.bin flag 1 data 41378
[   18.5347] open fd = -5
[   18.5498] open name host:/livepad.bin flag 1 data 41378
[   18.5511] open fd = -5
[   18.5667] open name host:/livepad.bin flag 1 data 41378
[   18.5680] open fd = -5
[   18.5845] open name host:/livepad.bin flag 1 data 41378
[   18.5861] open fd = -5
[   18.5866] open name host:/livedbg.cmd flag 1 data 41378
[   18.5876] open fd = -5
[   18.6028] open name host:/livepad.bin flag 1 data 41378
[   18.6041] open fd = -5
[   18.6048] open name host:/log.txt flag 302 data 41378
[   18.6064] open fd = 256
[   18.6232] open name host:/livepad.bin flag 1 data 41378
[   18.6246] open fd = -5
[   18.6397] open name host:/livepad.bin flag 1 data 41378
[   18.6408] open fd = -5
[   18.6551] open name host:/livepad.bin flag 1 data 41378
[   18.6565] open fd = -5
[   18.6712] open name host:/livepad.bin flag 1 data 41378
[   18.6725] open fd = -5
[   18.6871] open name host:/livepad.bin flag 1 data 41378
[   18.6888] open fd = -5
[   18.6893] open name host:/livedbg.cmd flag 1 data 41378
[   18.6903] open fd = -5
[   18.7052] open name host:/livepad.bin flag 1 data 41378
[   18.7065] open fd = -5
[   18.7210] open name host:/livepad.bin flag 1 data 41378
[   18.7222] open fd = -5
[   18.7382] open name host:/livepad.bin flag 1 data 41378
[   18.7396] open fd = -5
[   18.7542] open name host:/livepad.bin flag 1 data 41378
[   18.7556] open fd = -5
[   18.7705] open name host:/livepad.bin flag 1 data 41378
[   18.7715] open fd = -5
[   18.7871] open name host:/livepad.bin flag 1 data 41378
[   18.7886] open fd = -5
[   18.7890] open name host:/livedbg.cmd flag 1 data 41378
[   18.7901] open fd = -5
[   18.8050] open name host:/livepad.bin flag 1 data 41378
[   18.8062] open fd = -5
[   18.8210] open name host:/livepad.bin flag 1 data 41378
[   18.8222] open fd = -5
[   18.8363] open name host:/livepad.bin flag 1 data 41378
[   18.8375] open fd = -5
[   18.8533] open name host:/livepad.bin flag 1 data 41378
[   18.8545] open fd = -5
[   18.8557] open name host:/log.txt flag 302 data 41378
[   18.8571] open fd = 256
[   18.8727] open name host:/livepad.bin flag 1 data 41378
[   18.8741] open fd = -5
[   18.8884] open name host:/livepad.bin flag 1 data 41378
[   18.8897] open fd = -5
[   18.8902] open name host:/livedbg.cmd flag 1 data 41378
[   18.8911] open fd = -5
[   18.9067] open name host:/livepad.bin flag 1 data 41378
[   18.9080] open fd = -5
[   18.9225] open name host:/livepad.bin flag 1 data 41378
[   18.9237] open fd = -5
[   18.9383] open name host:/livepad.bin flag 1 data 41378
[   18.9397] open fd = -5
[   18.9542] open name host:/livepad.bin flag 1 data 41378
[   18.9557] open fd = -5
[   18.9708] open name host:/livepad.bin flag 1 data 41378
[   18.9722] open fd = -5
[   18.9763] open name host:/log.txt flag 302 data 41378
[   18.9780] open fd = 256
[   18.9918] open name host:/livepad.bin flag 1 data 41378
[   18.9931] open fd = -5
[   18.9937] open name host:/livedbg.cmd flag 1 data 41378
[   18.9946] open fd = -5
[   19.0090] open name host:/livepad.bin flag 1 data 41378
[   19.0101] open fd = -5
[   19.0250] open name host:/livepad.bin flag 1 data 41378
[   19.0262] open fd = -5
[   19.0271] open name host:/log.txt flag 302 data 41378
[   19.0290] open fd = 256
[   19.0451] open name host:/livepad.bin flag 1 data 41378
[   19.0463] open fd = -5
[   19.0616] open name host:/livepad.bin flag 1 data 41378
[   19.0629] open fd = -5
[   19.0781] open name host:/livepad.bin flag 1 data 41378
[   19.0795] open fd = -5
[   19.0956] open name host:/livepad.bin flag 1 data 41378
[   19.0969] open fd = -5
[   19.0974] open name host:/livedbg.cmd flag 1 data 41378
[   19.0987] open fd = -5
[   19.1128] open name host:/livepad.bin flag 1 data 41378
[   19.1140] open fd = -5
[   19.1292] open name host:/livepad.bin flag 1 data 41378
[   19.1305] open fd = -5
[   19.1455] open name host:/livepad.bin flag 1 data 41378
[   19.1467] open fd = -5
[   19.1619] open name host:/livepad.bin flag 1 data 41378
[   19.1630] open fd = -5
[   19.1789] open name host:/livepad.bin flag 1 data 41378
[   19.1801] open fd = -5
[   19.1951] open name host:/livepad.bin flag 1 data 41378
[   19.1963] open fd = -5
[   19.1967] open name host:/livedbg.cmd flag 1 data 41378
[   19.1979] open fd = -5
[   19.2128] open name host:/livepad.bin flag 1 data 41378
[   19.2143] open fd = -5
[   19.2295] open name host:/livepad.bin flag 1 data 41378
[   19.2307] open fd = -5
[   19.2458] open name host:/livepad.bin flag 1 data 41378
[   19.2470] open fd = -5
[   19.2618] open name host:/livepad.bin flag 1 data 41378
[   19.2631] open fd = -5
[   19.2785] open name host:/livepad.bin flag 1 data 41378
[   19.2798] open fd = -5
[   19.2948] open name host:/livepad.bin flag 1 data 41378
[   19.2966] open fd = -5
[   19.2968] open name host:/livedbg.cmd flag 1 data 41378
[   19.2979] open fd = -5
[   19.3127] open name host:/livepad.bin flag 1 data 41378
[   19.3140] open fd = -5
[   19.3288] open name host:/livepad.bin flag 1 data 41378
[   19.3299] open fd = -5
[   19.3447] open name host:/livepad.bin flag 1 data 41378
[   19.3460] open fd = -5
[   19.3613] open name host:/livepad.bin flag 1 data 41378
[   19.3627] open fd = -5
[   19.3775] open name host:/livepad.bin flag 1 data 41378
[   19.3786] open fd = -5
[   19.3938] open name host:/livepad.bin flag 1 data 41378
[   19.3950] open fd = -5
[   19.3955] open name host:/livedbg.cmd flag 1 data 41378
[   19.3965] open fd = -5
[   19.4109] open name host:/livepad.bin flag 1 data 41378
[   19.4122] open fd = -5
[   19.4280] open name host:/livepad.bin flag 1 data 41378
[   19.4291] open fd = -5
[   19.4434] open name host:/livepad.bin flag 1 data 41378
[   19.4446] open fd = -5
[   19.4453] open name host:/log.txt flag 302 data 41378
[   19.4468] open fd = 256
[   19.4632] open name host:/livepad.bin flag 1 data 41378
[   19.4644] open fd = -5
[   19.4790] open name host:/livepad.bin flag 1 data 41378
[   19.4802] open fd = -5
[   19.4951] open name host:/livepad.bin flag 1 data 41378
[   19.4966] open fd = -5
[   19.4971] open name host:/livedbg.cmd flag 1 data 41378
[   19.4983] open fd = -5
[   19.5135] open name host:/livepad.bin flag 1 data 41378
[   19.5147] open fd = -5
[   19.5298] open name host:/livepad.bin flag 1 data 41378
[   19.5310] open fd = -5
[   19.5462] open name host:/livepad.bin flag 1 data 41378
[   19.5475] open fd = -5
[   19.5624] open name host:/livepad.bin flag 1 data 41378
[   19.5637] open fd = -5
[   19.5792] FRAMEARENA frames=600 peak=1037904 resets=2 fallbacks=0 maxFrameBytes=2731360 maxBorrowed=2028560 freeKiB=11105
[   19.5794] NATIVEVIF frames=600 batches=602
[   19.5798] ORDEREDFRAME frames=600 splitFrames=1
[   19.5800] FRAMEPIPELINE starts=600 dmaBusyStarts=0
[   19.5800] open name host:/livepad.bin flag 1 data 41378
[   19.5813] open fd = -5
[   19.5955] open name host:/livepad.bin flag 1 data 41378
[   19.5968] open fd = -5
[   19.5973] open name host:/livedbg.cmd flag 1 data 41378
[   19.5982] open fd = -5
[   19.6125] open name host:/livepad.bin flag 1 data 41378
[   19.6136] open fd = -5
[   19.6286] open name host:/livepad.bin flag 1 data 41378
[   19.6302] open fd = -5
[   19.6453] open name host:/livepad.bin flag 1 data 41378
[   19.6466] open fd = -5
[   19.6618] open name host:/livepad.bin flag 1 data 41378
[   19.6630] open fd = -5
[   19.6783] open name host:/livepad.bin flag 1 data 41378
[   19.6796] open fd = -5
[   19.6948] open name host:/livepad.bin flag 1 data 41378
[   19.6961] open fd = -5
[   19.6967] open name host:/livedbg.cmd flag 1 data 41378
[   19.6979] open fd = -5
[   19.7131] open name host:/livepad.bin flag 1 data 41378
[   19.7143] open fd = -5
[   19.7290] open name host:/livepad.bin flag 1 data 41378
[   19.7303] open fd = -5
[   19.7463] open name host:/livepad.bin flag 1 data 41378
[   19.7477] open fd = -5
[   19.7630] open name host:/livepad.bin flag 1 data 41378
[   19.7642] open fd = -5
[   19.7787] open name host:/livepad.bin flag 1 data 41378
[   19.7801] open fd = -5
[   19.7947] open name host:/livepad.bin flag 1 data 41378
[   19.7959] open fd = -5
[   19.7966] open name host:/livedbg.cmd flag 1 data 41378
[   19.7978] open fd = -5
[   19.8127] open name host:/livepad.bin flag 1 data 41378
[   19.8140] open fd = -5
[   19.8174] open name host:/log.txt flag 302 data 41378
[   19.8188] open fd = 256
[   19.8320] open name host:/livepad.bin flag 1 data 41378
[   19.8331] open fd = -5
[   19.8481] open name host:/livepad.bin flag 1 data 41378
[   19.8495] open fd = -5
[   19.8655] open name host:/livepad.bin flag 1 data 41378
[   19.8669] open fd = -5
[   19.8677] open name host:/log.txt flag 302 data 41378
[   19.8692] open fd = 256
[   19.8847] open name host:/livepad.bin flag 1 data 41378
[   19.8861] open fd = -5
[   19.9019] open name host:/livepad.bin flag 1 data 41378
[   19.9032] open fd = -5
[   19.9037] open name host:/livedbg.cmd flag 1 data 41378
[   19.9046] open fd = -5
[   19.9180] open name host:/livepad.bin flag 1 data 41378
[   19.9193] open fd = -5
[   19.9338] open name host:/livepad.bin flag 1 data 41378
[   19.9349] open fd = -5
[   19.9508] open name host:/livepad.bin flag 1 data 41378
[   19.9522] open fd = -5
[   19.9662] open name host:/livepad.bin flag 1 data 41378
[   19.9674] open fd = -5
[   19.9832] open name host:/livepad.bin flag 1 data 41378
[   19.9846] open fd = -5
[   19.9995] open name host:/livepad.bin flag 1 data 41378
[   20.0008] open fd = -5
[   20.0013] open name host:/livedbg.cmd flag 1 data 41378
[   20.0022] open fd = -5
[   20.0172] open name host:/livepad.bin flag 1 data 41378
[   20.0185] open fd = -5
[   20.0349] open name host:/livepad.bin flag 1 data 41378
[   20.0364] open fd = -5
[   20.0519] open name host:/livepad.bin flag 1 data 41378
[   20.0534] open fd = -5
[   20.0676] open name host:/livepad.bin flag 1 data 41378
[   20.0687] open fd = -5
[   20.0695] open name host:/log.txt flag 302 data 41378
[   20.0710] open fd = 256
[   20.1076] open name host:/livepad.bin flag 1 data 41378
[   20.1091] open fd = -5
[   20.1263] open name host:/livepad.bin flag 1 data 41378
[   20.1278] open fd = -5
[   20.1282] open name host:/livedbg.cmd flag 1 data 41378
[   20.1293] open fd = -5
[   20.1446] open name host:/livepad.bin flag 1 data 41378
[   20.1461] open fd = -5
[   20.1615] open name host:/livepad.bin flag 1 data 41378
[   20.1630] open fd = -5
[   20.1781] open name host:/livepad.bin flag 1 data 41378
[   20.1794] open fd = -5
[   20.1962] open name host:/livepad.bin flag 1 data 41378
[   20.1974] open fd = -5
[   20.2125] open name host:/livepad.bin flag 1 data 41378
[   20.2136] open fd = -5
[   20.2286] open name host:/livepad.bin flag 1 data 41378
[   20.2301] open fd = -5
[   20.2305] open name host:/livedbg.cmd flag 1 data 41378
[   20.2313] open fd = -5
[   20.2452] open name host:/livepad.bin flag 1 data 41378
[   20.2463] open fd = -5
[   20.2617] open name host:/livepad.bin flag 1 data 41378
[   20.2628] open fd = -5
[   20.2781] open name host:/livepad.bin flag 1 data 41378
[   20.2793] open fd = -5
[   20.2961] open name host:/livepad.bin flag 1 data 41378
[   20.2974] open fd = -5
[   20.2981] open name host:/log.txt flag 302 data 41378
[   20.2997] open fd = 256
[   20.3169] open name host:/livepad.bin flag 1 data 41378
[   20.3184] open fd = -5
[   20.3340] open name host:/livepad.bin flag 1 data 41378
[   20.3352] open fd = -5
[   20.3358] open name host:/livedbg.cmd flag 1 data 41378
[   20.3369] open fd = -5
[   20.3518] open name host:/livepad.bin flag 1 data 41378
[   20.3529] open fd = -5
[   20.3682] open name host:/livepad.bin flag 1 data 41378
[   20.3697] open fd = -5
[   20.3864] open name host:/livepad.bin flag 1 data 41378
[   20.3877] open fd = -5
[   20.4042] open name host:/livepad.bin flag 1 data 41378
[   20.4055] open fd = -5
[   20.4218] open name host:/livepad.bin flag 1 data 41378
[   20.4230] open fd = -5
[   20.4389] open name host:/livepad.bin flag 1 data 41378
[   20.4403] open fd = -5
[   20.4408] open name host:/livedbg.cmd flag 1 data 41378
[   20.4419] open fd = -5
[   20.4574] open name host:/livepad.bin flag 1 data 41378
[   20.4587] open fd = -5
[   20.4747] open name host:/livepad.bin flag 1 data 41378
[   20.4760] open fd = -5
[   20.4922] open name host:/livepad.bin flag 1 data 41378
[   20.4935] open fd = -5
[   20.5097] open name host:/livepad.bin flag 1 data 41378
[   20.5110] open fd = -5
[   20.5261] open name host:/livepad.bin flag 1 data 41378
[   20.5273] open fd = -5
[   20.5423] open name host:/livepad.bin flag 1 data 41378
[   20.5436] open fd = -5
[   20.5443] open name host:/livedbg.cmd flag 1 data 41378
[   20.5453] open fd = -5
[   20.5601] open name host:/livepad.bin flag 1 data 41378
[   20.5613] open fd = -5
[   20.5789] open name host:/livepad.bin flag 1 data 41378
[   20.5801] open fd = -5
[   20.5955] open name host:/livepad.bin flag 1 data 41378
[   20.5967] open fd = -5
[   20.6125] open name host:/livepad.bin flag 1 data 41378
[   20.6137] open fd = -5
[   20.6287] open name host:/livepad.bin flag 1 data 41378
[   20.6298] open fd = -5
[   20.6457] open name host:/livepad.bin flag 1 data 41378
[   20.6471] open fd = -5
[   20.6476] open name host:/livedbg.cmd flag 1 data 41378
[   20.6485] open fd = -5
[   20.6637] open name host:/livepad.bin flag 1 data 41378
[   20.6652] open fd = -5
[   20.6805] open name host:/livepad.bin flag 1 data 41378
[   20.6820] open fd = -5
[   20.6989] open name host:/livepad.bin flag 1 data 41378
[   20.7003] open fd = -5
[   20.7046] open name host:/log.txt flag 302 data 41378
[   20.7062] open fd = 256
[   20.7199] open name host:/livepad.bin flag 1 data 41378
[   20.7211] open fd = -5
[   20.7375] open name host:/livepad.bin flag 1 data 41378
[   20.7386] open fd = -5
[   20.7394] open name host:/log.txt flag 302 data 41378
[   20.7412] open fd = 256
[   20.7579] open name host:/livepad.bin flag 1 data 41378
[   20.7594] open fd = -5
[   20.7600] open name host:/livedbg.cmd flag 1 data 41378
[   20.7610] open fd = -5
[   20.7760] open name host:/livepad.bin flag 1 data 41378
[   20.7774] open fd = -5
[   20.7930] open name host:/livepad.bin flag 1 data 41378
[   20.7943] open fd = -5
[   20.8095] open name host:/livepad.bin flag 1 data 41378
[   20.8107] open fd = -5
[   20.8262] open name host:/livepad.bin flag 1 data 41378
[   20.8275] open fd = -5
[   20.8426] open name host:/livepad.bin flag 1 data 41378
[   20.8439] open fd = -5
[   20.8605] open name host:/livepad.bin flag 1 data 41378
[   20.8618] open fd = -5
[   20.8623] open name host:/livedbg.cmd flag 1 data 41378
[   20.8633] open fd = -5
[   20.8778] open name host:/livepad.bin flag 1 data 41378
[   20.8792] open fd = -5
[   20.8963] open name host:/livepad.bin flag 1 data 41378
[   20.8976] open fd = -5
[   20.9141] open name host:/livepad.bin flag 1 data 41378
[   20.9155] open fd = -5
[   20.9308] open name host:/livepad.bin flag 1 data 41378
[   20.9320] open fd = -5
[   20.9478] open name host:/livepad.bin flag 1 data 41378
[   20.9493] open fd = -5
[   20.9651] open name host:/livepad.bin flag 1 data 41378
[   20.9665] open fd = -5
[   20.9669] open name host:/livedbg.cmd flag 1 data 41378
[   20.9678] open fd = -5
[   20.9836] open name host:/livepad.bin flag 1 data 41378
[   20.9849] open fd = -5
[   21.0004] open name host:/livepad.bin flag 1 data 41378
[   21.0017] open fd = -5
[   21.0174] open name host:/livepad.bin flag 1 data 41378
[   21.0188] open fd = -5
[   21.0363] open name host:/livepad.bin flag 1 data 41378
[   21.0376] open fd = -5
[   21.0538] open name host:/livepad.bin flag 1 data 41378
[   21.0551] open fd = -5
[   21.0708] open name host:/livepad.bin flag 1 data 41378
[   21.0721] open fd = -5
[   21.0727] open name host:/livedbg.cmd flag 1 data 41378
[   21.0740] open fd = -5
[   21.0889] open name host:/livepad.bin flag 1 data 41378
[   21.0902] open fd = -5
[   21.1052] open name host:/livepad.bin flag 1 data 41378
[   21.1065] open fd = -5
[   21.1219] open name host:/livepad.bin flag 1 data 41378
[   21.1232] open fd = -5
[   21.1387] open name host:/livepad.bin flag 1 data 41378
[   21.1401] open fd = -5
[   21.1427] open name host:/log.txt flag 302 data 41378
[   21.1445] open fd = 256
[   21.1462] open name host:/log.txt flag 302 data 41378
[   21.1479] open fd = 256
[   21.1724] open name host:/livepad.bin flag 1 data 41378
[   21.1736] open fd = -5
[   21.1743] open name host:/log.txt flag 302 data 41378
[   21.1759] open fd = 256
[   21.1783] open name host:/log.txt flag 302 data 41378
[   21.1801] open fd = 256
[   21.1817] open name host:/log.txt flag 302 data 41378
[   21.1833] open fd = 256
[   21.1999] open name host:/livepad.bin flag 1 data 41378
[   21.2011] open fd = -5
[   21.2014] open name host:/livedbg.cmd flag 1 data 41378
[   21.2025] open fd = -5
[   21.2032] open name host:/log.txt flag 302 data 41378
[   21.2047] open fd = 256
[   21.2080] open name host:/log.txt flag 302 data 41378
[   21.2101] open fd = 256
[   21.2262] open name host:/livepad.bin flag 1 data 41378
[   21.2277] open fd = -5
[   21.2287] open name host:/log.txt flag 302 data 41378
[   21.2302] open fd = 256
[   21.2323] open name host:/log.txt flag 302 data 41378
[   21.2341] open fd = 256
[   21.2517] open name host:/livepad.bin flag 1 data 41378
[   21.2529] open fd = -5
[   21.2540] open name host:/log.txt flag 302 data 41378
[   21.2557] open fd = 256
[   21.2576] open name host:/log.txt flag 302 data 41378
[   21.2591] open fd = 256
[   21.2767] open name host:/livepad.bin flag 1 data 41378
[   21.2780] open fd = -5
[   21.2791] open name host:/log.txt flag 302 data 41378
[   21.2806] open fd = 256
[   21.2823] open name host:/log.txt flag 302 data 41378
[   21.2839] open fd = 256
[   21.3010] open name host:/livepad.bin flag 1 data 41378
[   21.3024] open fd = -5
[   21.3034] open name host:/log.txt flag 302 data 41378
[   21.3051] open fd = 256
[   21.3068] open name host:/log.txt flag 302 data 41378
[   21.3085] open fd = 256
[   21.3261] open name host:/livepad.bin flag 1 data 41378
[   21.3275] open fd = -5
[   21.3289] open name host:/log.txt flag 302 data 41378
[   21.3309] open fd = 256
[   21.3328] open name host:/log.txt flag 302 data 41378
[   21.3343] open fd = 256
[   21.3506] open name host:/livepad.bin flag 1 data 41378
[   21.3519] open fd = -5
[   21.3522] open name host:/livedbg.cmd flag 1 data 41378
[   21.3532] open fd = -5
[   21.3542] open name host:/log.txt flag 302 data 41378
[   21.3557] open fd = 256
[   21.3572] open name host:/log.txt flag 302 data 41378
[   21.3587] open fd = 256
[   21.3759] open name host:/livepad.bin flag 1 data 41378
[   21.3772] open fd = -5
[   21.3781] open name host:/log.txt flag 302 data 41378
[   21.3797] open fd = 256
[   21.3812] open name host:/log.txt flag 302 data 41378
[   21.3828] open fd = 256
[   21.3996] open name host:/livepad.bin flag 1 data 41378
[   21.4008] open fd = -5
[   21.4018] open name host:/log.txt flag 302 data 41378
[   21.4033] open fd = 256
[   21.4204] open name host:/livepad.bin flag 1 data 41378
[   21.4218] open fd = -5
[   21.4379] open name host:/livepad.bin flag 1 data 41378
[   21.4391] open fd = -5
[   21.4557] open name host:/livepad.bin flag 1 data 41378
[   21.4571] open fd = -5
[   21.4733] open name host:/livepad.bin flag 1 data 41378
[   21.4744] open fd = -5
[   21.4747] open name host:/livedbg.cmd flag 1 data 41378
[   21.4757] open fd = -5
[   21.4920] open name host:/livepad.bin flag 1 data 41378
[   21.4932] open fd = -5
[   21.5098] open name host:/livepad.bin flag 1 data 41378
[   21.5111] open fd = -5
[   21.5287] open name host:/livepad.bin flag 1 data 41378
[   21.5299] open fd = -5
[   21.5467] open name host:/livepad.bin flag 1 data 41378
[   21.5481] open fd = -5
[   21.5644] open name host:/livepad.bin flag 1 data 41378
[   21.5656] open fd = -5
[   21.5821] open name host:/livepad.bin flag 1 data 41378
[   21.5835] open fd = -5
[   21.5837] open name host:/livedbg.cmd flag 1 data 41378
[   21.5848] open fd = -5
[   21.6008] open name host:/livepad.bin flag 1 data 41378
[   21.6022] open fd = -5
[   21.6187] open name host:/livepad.bin flag 1 data 41378
[   21.6200] open fd = -5
[   21.6364] open name host:/livepad.bin flag 1 data 41378
[   21.6376] open fd = -5
[   21.6550] open name host:/livepad.bin flag 1 data 41378
[   21.6565] open fd = -5
[   21.6756] open name host:/livepad.bin flag 1 data 41378
[   21.6774] open fd = -5
[   21.6796] open name host:/log.txt flag 302 data 41378
[   21.6813] open fd = 256
[   21.6988] open name host:/livepad.bin flag 1 data 41378
[   21.7004] open fd = -5
[   21.7008] open name host:/livedbg.cmd flag 1 data 41378
[   21.7019] open fd = -5
[   21.7024] open name host:/log.txt flag 302 data 41378
[   21.7044] open fd = 256
[   21.7273] open name host:/livepad.bin flag 1 data 41378
[   21.7289] open fd = -5
[   21.7489] open name host:/livepad.bin flag 1 data 41378
[   21.7504] open fd = -5
[   21.7700] open name host:/livepad.bin flag 1 data 41378
[   21.7716] open fd = -5
[   21.7908] open name host:/livepad.bin flag 1 data 41378
[   21.7926] open fd = -5
[   21.8105] FRAMEARENA frames=720 peak=1037904 resets=2 fallbacks=0 maxFrameBytes=2731360 maxBorrowed=2028560 freeKiB=11326
[   21.8107] NATIVEVIF frames=720 batches=722
[   21.8109] ORDEREDFRAME frames=720 splitFrames=1
[   21.8110] FRAMEPIPELINE starts=720 dmaBusyStarts=0
[   21.8111] open name host:/livepad.bin flag 1 data 41378
[   21.8125] open fd = -5
[   21.8297] open name host:/livepad.bin flag 1 data 41378
[   21.8312] open fd = -5
[   21.8315] open name host:/livedbg.cmd flag 1 data 41378
[   21.8327] open fd = -5
[   21.8496] open name host:/livepad.bin flag 1 data 41378
[   21.8510] open fd = -5
[   21.8675] open name host:/livepad.bin flag 1 data 41378
[   21.8689] open fd = -5
[   21.8859] open name host:/livepad.bin flag 1 data 41378
[   21.8872] open fd = -5
[   21.9055] open name host:/livepad.bin flag 1 data 41378
[   21.9071] open fd = -5
[   21.9246] open name host:/livepad.bin flag 1 data 41378
[   21.9260] open fd = -5
[   21.9441] open name host:/livepad.bin flag 1 data 41378
[   21.9454] open fd = -5
[   21.9457] open name host:/livedbg.cmd flag 1 data 41378
[   21.9468] open fd = -5
[   21.9675] open name host:/livepad.bin flag 1 data 41378
[   21.9692] open fd = -5
[   21.9885] open name host:/livepad.bin flag 1 data 41378
[   21.9903] open fd = -5
[   22.0098] open name host:/livepad.bin flag 1 data 41378
[   22.0114] open fd = -5
[   22.0294] open name host:/livepad.bin flag 1 data 41378
[   22.0311] open fd = -5
[   22.0503] open name host:/livepad.bin flag 1 data 41378
[   22.0518] open fd = -5
[   22.0688] open name host:/livepad.bin flag 1 data 41378
[   22.0705] open fd = -5
[   22.0709] open name host:/livedbg.cmd flag 1 data 41378
[   22.0721] open fd = -5
[   22.0892] open name host:/livepad.bin flag 1 data 41378
[   22.0908] open fd = -5
[   22.1084] open name host:/livepad.bin flag 1 data 41378
[   22.1098] open fd = -5
[   22.1267] open name host:/livepad.bin flag 1 data 41378
[   22.1280] open fd = -5
[   22.1443] open name host:/livepad.bin flag 1 data 41378
[   22.1455] open fd = -5
[   22.1473] open name host:/log.txt flag 302 data 41378
[   22.1489] open fd = 256
[   22.1657] open name host:/livepad.bin flag 1 data 41378
[   22.1670] open fd = -5
[   22.1836] open name host:/livepad.bin flag 1 data 41378
[   22.1851] open fd = -5
[   22.1854] open name host:/livedbg.cmd flag 1 data 41378
[   22.1864] open fd = -5
[   22.2022] open name host:/livepad.bin flag 1 data 41378
[   22.2035] open fd = -5
[   22.2043] open name host:/log.txt flag 302 data 41378
[   22.2059] open fd = 256
[   22.2249] open name host:/livepad.bin flag 1 data 41378
[   22.2265] open fd = -5
[   22.2447] open name host:/livepad.bin flag 1 data 41378
[   22.2461] open fd = -5
[   22.2645] open name host:/livepad.bin flag 1 data 41378
[   22.2659] open fd = -5
[   22.2844] open name host:/livepad.bin flag 1 data 41378
[   22.2862] open fd = -5
[   22.3057] open name host:/livepad.bin flag 1 data 41378
[   22.3073] open fd = -5
[   22.3077] open name host:/livedbg.cmd flag 1 data 41378
[   22.3090] open fd = -5
[   22.3289] open name host:/livepad.bin flag 1 data 41378
[   22.3307] open fd = -5
[   22.3508] open name host:/livepad.bin flag 1 data 41378
[   22.3527] open fd = -5
[   22.3715] open name host:/livepad.bin flag 1 data 41378
[   22.3730] open fd = -5
[   22.3914] open name host:/livepad.bin flag 1 data 41378
[   22.3932] open fd = -5
[   22.4126] open name host:/log.txt flag 302 data 41378
[   22.4147] open fd = 256
[   22.4197] open name host:/log.txt flag 302 data 41378
[   22.4218] open fd = 256
[   22.4447] open name host:/livepad.bin flag 1 data 41378
[   22.4464] open fd = -5
[   22.4621] open name host:/livepad.bin flag 1 data 41378
[   22.4636] open fd = -5
[   22.4639] open name host:/livedbg.cmd flag 1 data 41378
[   22.4649] open fd = -5
[   22.4814] open name host:/livepad.bin flag 1 data 41378
[   22.4825] open fd = -5
[   22.4991] open name host:/livepad.bin flag 1 data 41378
[   22.5005] open fd = -5
[   22.5167] open name host:/livepad.bin flag 1 data 41378
[   22.5179] open fd = -5
[   22.5337] open name host:/livepad.bin flag 1 data 41378
[   22.5348] open fd = -5
[   22.5510] open name host:/livepad.bin flag 1 data 41378
[   22.5522] open fd = -5
[   22.5694] open name host:/livepad.bin flag 1 data 41378
[   22.5706] open fd = -5
[   22.5709] open name host:/livedbg.cmd flag 1 data 41378
[   22.5719] open fd = -5
[   22.5904] open name host:/livepad.bin flag 1 data 41378
[   22.5918] open fd = -5
[   22.6094] open name host:/livepad.bin flag 1 data 41378
[   22.6109] open fd = -5
[   22.6289] open name host:/livepad.bin flag 1 data 41378
[   22.6301] open fd = -5
[   22.6478] open name host:/livepad.bin flag 1 data 41378
[   22.6491] open fd = -5
[   22.6678] open name host:/livepad.bin flag 1 data 41378
[   22.6692] open fd = -5
[   22.6872] open name host:/livepad.bin flag 1 data 41378
[   22.6885] open fd = -5
[   22.6887] open name host:/livedbg.cmd flag 1 data 41378
[   22.6897] open fd = -5
[   22.6899] open name host:/log.txt flag 302 data 41378
[   22.6914] open fd = 256
[   22.7100] open name host:/livepad.bin flag 1 data 41378
[   22.7117] open fd = -5
[   22.7141] open name host:/log.txt flag 302 data 41378
[   22.7163] open fd = 256
[   22.7327] open name host:/livepad.bin flag 1 data 41378
[   22.7341] open fd = -5
[   22.7511] open name host:/livepad.bin flag 1 data 41378
[   22.7525] open fd = -5
[   22.7699] open name host:/livepad.bin flag 1 data 41378
[   22.7712] open fd = -5
[   22.7878] open name host:/livepad.bin flag 1 data 41378
[   22.7896] open fd = -5
[   22.8072] open name host:/livepad.bin flag 1 data 41378
[   22.8091] open fd = -5
[   22.8095] open name host:/livedbg.cmd flag 1 data 41378
[   22.8108] open fd = -5
[   22.8275] open name host:/livepad.bin flag 1 data 41378
[   22.8291] open fd = -5
[   22.8469] open name host:/livepad.bin flag 1 data 41378
[   22.8482] open fd = -5
[   22.8655] open name host:/livepad.bin flag 1 data 41378
[   22.8670] open fd = -5
[   22.8964] open name host:/livepad.bin flag 1 data 41378
[   22.8980] open fd = -5
[   22.9159] open name host:/livepad.bin flag 1 data 41378
[   22.9174] open fd = -5
[   22.9368] open name host:/livepad.bin flag 1 data 41378
[   22.9381] open fd = -5
[   22.9385] open name host:/livedbg.cmd flag 1 data 41378
[   22.9395] open fd = -5
[   22.9560] open name host:/livepad.bin flag 1 data 41378
[   22.9576] open fd = -5
[   22.9752] open name host:/livepad.bin flag 1 data 41378
[   22.9767] open fd = -5
[   22.9942] open name host:/livepad.bin flag 1 data 41378
[   22.9955] open fd = -5
[   23.0127] open name host:/livepad.bin flag 1 data 41378
[   23.0139] open fd = -5
[   23.0324] open name host:/livepad.bin flag 1 data 41378
[   23.0337] open fd = -5
[   23.0510] open name host:/livepad.bin flag 1 data 41378
[   23.0524] open fd = -5
[   23.0527] open name host:/livedbg.cmd flag 1 data 41378
[   23.0538] open fd = -5
[   23.0710] open name host:/livepad.bin flag 1 data 41378
[   23.0721] open fd = -5
[   23.0891] open name host:/livepad.bin flag 1 data 41378
[   23.0904] open fd = -5
[   23.1069] open name host:/livepad.bin flag 1 data 41378
[   23.1083] open fd = -5
[   23.1252] open name host:/livepad.bin flag 1 data 41378
[   23.1273] open fd = -5
[   23.1451] open name host:/livepad.bin flag 1 data 41378
[   23.1468] open fd = -5
[   23.1636] open name host:/livepad.bin flag 1 data 41378
[   23.1653] open fd = -5
[   23.1656] open name host:/livedbg.cmd flag 1 data 41378
[   23.1670] open fd = -5
[   23.1836] open name host:/livepad.bin flag 1 data 41378
[   23.1854] open fd = -5
[   23.1859] open name host:/log.txt flag 302 data 41378
[   23.1880] open fd = 256
[   23.2061] open name host:/livepad.bin flag 1 data 41378
[   23.2078] open fd = -5
[   23.2248] open name host:/livepad.bin flag 1 data 41378
[   23.2264] open fd = -5
[   23.2437] open name host:/livepad.bin flag 1 data 41378
[   23.2456] open fd = -5
[   23.2634] open name host:/livepad.bin flag 1 data 41378
[   23.2650] open fd = -5
[   23.2818] open name host:/livepad.bin flag 1 data 41378
[   23.2832] open fd = -5
[   23.2835] open name host:/livedbg.cmd flag 1 data 41378
[   23.2846] open fd = -5
[   23.3013] open name host:/livepad.bin flag 1 data 41378
[   23.3024] open fd = -5
[   23.3190] open name host:/livepad.bin flag 1 data 41378
[   23.3203] open fd = -5
[   23.3382] open name host:/livepad.bin flag 1 data 41378
[   23.3397] open fd = -5
[   23.3576] open name host:/livepad.bin flag 1 data 41378
[   23.3592] open fd = -5
[   23.3766] open name host:/livepad.bin flag 1 data 41378
[   23.3779] open fd = -5
[   23.3959] open name host:/livepad.bin flag 1 data 41378
[   23.3972] open fd = -5
[   23.3976] open name host:/livedbg.cmd flag 1 data 41378
[   23.3987] open fd = -5
[   23.4186] open name host:/livepad.bin flag 1 data 41378
[   23.4202] open fd = -5
[   23.4412] open name host:/livepad.bin flag 1 data 41378
[   23.4427] open fd = -5
[   23.4609] open name host:/livepad.bin flag 1 data 41378
[   23.4624] open fd = -5
[   23.4814] open name host:/livepad.bin flag 1 data 41378
[   23.4828] open fd = -5
[   23.5000] open name host:/livepad.bin flag 1 data 41378
[   23.5014] open fd = -5
[   23.5191] open name host:/livepad.bin flag 1 data 41378
[   23.5203] open fd = -5
[   23.5206] open name host:/livedbg.cmd flag 1 data 41378
[   23.5215] open fd = -5
[   23.5394] open name host:/livepad.bin flag 1 data 41378
[   23.5409] open fd = -5
[   23.5578] open name host:/livepad.bin flag 1 data 41378
[   23.5596] open fd = -5
[   23.5766] open name host:/livepad.bin flag 1 data 41378
[   23.5787] open fd = -5
[   23.5974] open name host:/livepad.bin flag 1 data 41378
[   23.5990] open fd = -5
[   23.6165] open name host:/livepad.bin flag 1 data 41378
[   23.6183] open fd = -5
[   23.6365] open name host:/livepad.bin flag 1 data 41378
[   23.6380] open fd = -5
[   23.6383] open name host:/livedbg.cmd flag 1 data 41378
[   23.6396] open fd = -5
[   23.6565] open name host:/livepad.bin flag 1 data 41378
[   23.6583] open fd = -5
[   23.6753] open name host:/livepad.bin flag 1 data 41378
[   23.6772] open fd = -5
[   23.6780] open name host:/log.txt flag 302 data 41378
[   23.6803] open fd = 256
[   23.6983] open name host:/livepad.bin flag 1 data 41378
[   23.6999] open fd = -5
[   23.7031] open name host:/log.txt flag 302 data 41378
[   23.7048] open fd = 256
[   23.7205] open name host:/livepad.bin flag 1 data 41378
[   23.7217] open fd = -5
[   23.7375] open name host:/livepad.bin flag 1 data 41378
[   23.7386] open fd = -5
[   23.7562] open name host:/livepad.bin flag 1 data 41378
[   23.7577] open fd = -5
[   23.7580] open name host:/livedbg.cmd flag 1 data 41378
[   23.7595] open fd = -5
[   23.7773] open name host:/livepad.bin flag 1 data 41378
[   23.7786] open fd = -5
[   23.7983] open name host:/livepad.bin flag 1 data 41378
[   23.7998] open fd = -5
[   23.8177] open name host:/livepad.bin flag 1 data 41378
[   23.8189] open fd = -5
[   23.8372] open name host:/livepad.bin flag 1 data 41378
[   23.8387] open fd = -5
[   23.8566] open name host:/livepad.bin flag 1 data 41378
[   23.8580] open fd = -5
[   23.8765] open name host:/livepad.bin flag 1 data 41378
[   23.8779] open fd = -5
[   23.8782] open name host:/livedbg.cmd flag 1 data 41378
[   23.8792] open fd = -5
[   23.8978] open name host:/livepad.bin flag 1 data 41378
[   23.8993] open fd = -5
[   23.9163] open name host:/livepad.bin flag 1 data 41378
[   23.9177] open fd = -5
[   23.9350] open name host:/livepad.bin flag 1 data 41378
[   23.9361] open fd = -5
[   23.9532] open name host:/livepad.bin flag 1 data 41378
[   23.9547] open fd = -5
[   23.9727] open name host:/livepad.bin flag 1 data 41378
[   23.9745] open fd = -5
[   23.9919] open name host:/livepad.bin flag 1 data 41378
[   23.9933] open fd = -5
[   23.9936] open name host:/livedbg.cmd flag 1 data 41378
[   23.9948] open fd = -5
[   24.0128] open name host:/livepad.bin flag 1 data 41378
[   24.0143] open fd = -5
[   24.0312] open name host:/livepad.bin flag 1 data 41378
[   24.0326] open fd = -5
[   24.0507] open name host:/livepad.bin flag 1 data 41378
[   24.0523] open fd = -5
[   24.0698] open name host:/livepad.bin flag 1 data 41378
[   24.0714] open fd = -5
[   24.0879] open name host:/livepad.bin flag 1 data 41378
[   24.0894] open fd = -5
[   24.1067] open name host:/livepad.bin flag 1 data 41378
[   24.1086] open fd = -5
[   24.1089] open name host:/livedbg.cmd flag 1 data 41378
[   24.1100] open fd = -5
[   24.1256] open name host:/livepad.bin flag 1 data 41378
[   24.1270] open fd = -5
[   24.1446] open name host:/livepad.bin flag 1 data 41378
[   24.1456] open fd = -5
[   24.1620] open name host:/livepad.bin flag 1 data 41378
[   24.1633] open fd = -5
[   24.1638] open name host:/log.txt flag 302 data 41378
[   24.1654] open fd = 256
[   24.1849] open name host:/livepad.bin flag 1 data 41378
[   24.1862] open fd = -5
[   24.2058] FRAMEARENA frames=840 peak=1045072 resets=3 fallbacks=0 maxFrameBytes=2731360 maxBorrowed=2028560 freeKiB=10354
[   24.2062] NATIVEVIF frames=840 batches=843
[   24.2064] ORDEREDFRAME frames=840 splitFrames=2
[   24.2066] FRAMEPIPELINE starts=840 dmaBusyStarts=0
[   24.2067] open name host:/livepad.bin flag 1 data 41378
[   24.2082] open fd = -5
[   24.2258] open name host:/livepad.bin flag 1 data 41378
[   24.2273] open fd = -5
[   24.2278] open name host:/livedbg.cmd flag 1 data 41378
[   24.2288] open fd = -5
[   24.2474] open name host:/livepad.bin flag 1 data 41378
[   24.2487] open fd = -5
[   24.2682] open name host:/livepad.bin flag 1 data 41378
[   24.2695] open fd = -5
[   24.2877] open name host:/livepad.bin flag 1 data 41378
[   24.2891] open fd = -5
[   24.3067] open name host:/livepad.bin flag 1 data 41378
[   24.3082] open fd = -5
[   24.3248] open name host:/livepad.bin flag 1 data 41378
[   24.3263] open fd = -5
[   24.3430] open name host:/livepad.bin flag 1 data 41378
[   24.3443] open fd = -5
[   24.3445] open name host:/livedbg.cmd flag 1 data 41378
[   24.3456] open fd = -5
[   24.3616] open name host:/livepad.bin flag 1 data 41378
[   24.3633] open fd = -5
[   24.3807] open name host:/livepad.bin flag 1 data 41378
[   24.3821] open fd = -5
[   24.3991] open name host:/livepad.bin flag 1 data 41378
[   24.4006] open fd = -5
[   24.4192] open name host:/livepad.bin flag 1 data 41378
[   24.4211] open fd = -5
[   24.4381] open name host:/livepad.bin flag 1 data 41378
[   24.4398] open fd = -5
[   24.4571] open name host:/livepad.bin flag 1 data 41378
[   24.4589] open fd = -5
[   24.4591] open name host:/livedbg.cmd flag 1 data 41378
[   24.4604] open fd = -5
[   24.4774] open name host:/livepad.bin flag 1 data 41378
[   24.4791] open fd = -5
[   24.4962] open name host:/livepad.bin flag 1 data 41378
[   24.4979] open fd = -5
[   24.5157] open name host:/livepad.bin flag 1 data 41378
[   24.5174] open fd = -5
[   24.5343] open name host:/livepad.bin flag 1 data 41378
[   24.5356] open fd = -5
[   24.5522] open name host:/livepad.bin flag 1 data 41378
[   24.5536] open fd = -5
[   24.5700] open name host:/livepad.bin flag 1 data 41378
[   24.5713] open fd = -5
[   24.5717] open name host:/livedbg.cmd flag 1 data 41378
[   24.5728] open fd = -5
[   24.5902] open name host:/livepad.bin flag 1 data 41378
[   24.5916] open fd = -5
[   24.6101] open name host:/livepad.bin flag 1 data 41378
[   24.6117] open fd = -5
[   24.6300] open name host:/livepad.bin flag 1 data 41378
[   24.6314] open fd = -5
[   24.6505] open name host:/livepad.bin flag 1 data 41378
[   24.6519] open fd = -5
[   24.6525] open name host:/log.txt flag 302 data 41378
[   24.6543] open fd = 256
[   24.6737] open name host:/livepad.bin flag 1 data 41378
[   24.6751] open fd = -5
[   24.6777] open name host:/log.txt flag 302 data 41378
[   24.6797] open fd = 256
[   24.6973] open name host:/livepad.bin flag 1 data 41378
[   24.6987] open fd = -5
[   24.6992] open name host:/livedbg.cmd flag 1 data 41378
[   24.7004] open fd = -5
[   24.7175] open name host:/livepad.bin flag 1 data 41378
[   24.7191] open fd = -5
[   24.7387] open name host:/livepad.bin flag 1 data 41378
[   24.7401] open fd = -5
[   24.7585] open name host:/livepad.bin flag 1 data 41378
[   24.7598] open fd = -5
[   24.7753] open name host:/livepad.bin flag 1 data 41378
[   24.7766] open fd = -5
[   24.7939] open name host:/livepad.bin flag 1 data 41378
[   24.7958] open fd = -5
[   24.8126] open name host:/livepad.bin flag 1 data 41378
[   24.8144] open fd = -5
[   24.8147] open name host:/livedbg.cmd flag 1 data 41378
[   24.8162] open fd = -5
[   24.8344] open name host:/livepad.bin flag 1 data 41378
[   24.8360] open fd = -5
[   24.8543] open name host:/livepad.bin flag 1 data 41378
[   24.8563] open fd = -5
[   24.8745] open name host:/livepad.bin flag 1 data 41378
[   24.8764] open fd = -5
[   24.8935] open name host:/livepad.bin flag 1 data 41378
[   24.8951] open fd = -5
[   24.9134] open name host:/livepad.bin flag 1 data 41378
[   24.9148] open fd = -5
[   24.9318] open name host:/livepad.bin flag 1 data 41378
[   24.9336] open fd = -5
[   24.9338] open name host:/livedbg.cmd flag 1 data 41378
[   24.9351] open fd = -5
[   24.9519] open name host:/livepad.bin flag 1 data 41378
[   24.9532] open fd = -5
[   24.9699] open name host:/livepad.bin flag 1 data 41378
[   24.9714] open fd = -5
[   24.9879] open name host:/livepad.bin flag 1 data 41378
[   24.9892] open fd = -5
[   25.0068] open name host:/livepad.bin flag 1 data 41378
[   25.0085] open fd = -5
[   25.0268] open name host:/livepad.bin flag 1 data 41378
[   25.0291] open fd = -5
[   25.0480] open name host:/livepad.bin flag 1 data 41378
[   25.0494] open fd = -5
[   25.0497] open name host:/livedbg.cmd flag 1 data 41378
[   25.0508] open fd = -5
[   25.0694] open name host:/livepad.bin flag 1 data 41378
[   25.0707] open fd = -5
[   25.0879] open name host:/livepad.bin flag 1 data 41378
[   25.0892] open fd = -5
[   25.1078] open name host:/livepad.bin flag 1 data 41378
[   25.1091] open fd = -5
[   25.1274] open name host:/livepad.bin flag 1 data 41378
[   25.1287] open fd = -5
[   25.1474] open name host:/livepad.bin flag 1 data 41378
[   25.1487] open fd = -5
[   25.1493] open name host:/log.txt flag 302 data 41378
[   25.1509] open fd = 256
[   25.1710] open name host:/livepad.bin flag 1 data 41378
[   25.1723] open fd = -5
[   25.1726] open name host:/livedbg.cmd flag 1 data 41378
[   25.1736] open fd = -5
[   25.1904] open name host:/livepad.bin flag 1 data 41378
[   25.1921] open fd = -5
[   25.2083] open name host:/livepad.bin flag 1 data 41378
[   25.2100] open fd = -5
[   25.2288] open name host:/livepad.bin flag 1 data 41378
[   25.2304] open fd = -5
[   25.2475] open name host:/livepad.bin flag 1 data 41378
[   25.2492] open fd = -5
[   25.2678] open name host:/livepad.bin flag 1 data 41378
[   25.2695] open fd = -5
[   25.2859] open name host:/livepad.bin flag 1 data 41378
[   25.2874] open fd = -5
[   25.2877] open name host:/livedbg.cmd flag 1 data 41378
[   25.2892] open fd = -5
[   25.3054] open name host:/livepad.bin flag 1 data 41378
[   25.3068] open fd = -5
[   25.3246] open name host:/livepad.bin flag 1 data 41378
[   25.3264] open fd = -5
[   25.3433] open name host:/livepad.bin flag 1 data 41378
[   25.3449] open fd = -5
[   25.3617] open name host:/livepad.bin flag 1 data 41378
[   25.3635] open fd = -5
[   25.3794] open name host:/livepad.bin flag 1 data 41378
[   25.3806] open fd = -5
[   25.3969] open name host:/livepad.bin flag 1 data 41378
[   25.3982] open fd = -5
[   25.3985] open name host:/livedbg.cmd flag 1 data 41378
[   25.3996] open fd = -5
[   25.4155] open name host:/livepad.bin flag 1 data 41378
[   25.4169] open fd = -5
[   25.4349] open name host:/livepad.bin flag 1 data 41378
[   25.4362] open fd = -5
[   25.4547] open name host:/livepad.bin flag 1 data 41378
[   25.4560] open fd = -5
[   25.4747] open name host:/livepad.bin flag 1 data 41378
[   25.4761] open fd = -5
[   25.4935] open name host:/livepad.bin flag 1 data 41378
[   25.4948] open fd = -5
[   25.5140] open name host:/livepad.bin flag 1 data 41378
[   25.5154] open fd = -5
[   25.5157] open name host:/livedbg.cmd flag 1 data 41378
[   25.5168] open fd = -5
[   25.5347] open name host:/livepad.bin flag 1 data 41378
[   25.5359] open fd = -5
[   25.5548] open name host:/livepad.bin flag 1 data 41378
[   25.5562] open fd = -5
[   25.5752] open name host:/livepad.bin flag 1 data 41378
[   25.5767] open fd = -5
[   25.5945] open name host:/livepad.bin flag 1 data 41378
[   25.5958] open fd = -5
[   25.6123] open name host:/livepad.bin flag 1 data 41378
[   25.6135] open fd = -5
[   25.6316] open name host:/livepad.bin flag 1 data 41378
[   25.6331] open fd = -5
[   25.6335] open name host:/livedbg.cmd flag 1 data 41378
[   25.6347] open fd = -5
[   25.6350] open name host:/log.txt flag 302 data 41378
[   25.6371] open fd = 256
[   25.6566] open name host:/livepad.bin flag 1 data 41378
[   25.6584] open fd = -5
[   25.6609] open name host:/log.txt flag 302 data 41378
[   25.6628] open fd = 256
[   25.6793] open name host:/livepad.bin flag 1 data 41378
[   25.6809] open fd = -5
[   25.6996] open name host:/livepad.bin flag 1 data 41378
[   25.7012] open fd = -5
[   25.7181] open name host:/livepad.bin flag 1 data 41378
[   25.7197] open fd = -5
[   25.7212] open name host:/log.txt flag 302 data 41378
[   25.7230] open fd = 256
[   25.7413] open name host:/livepad.bin flag 1 data 41378
[   25.7431] open fd = -5
[   25.7604] open name host:/livepad.bin flag 1 data 41378
[   25.7620] open fd = -5
[   25.7623] open name host:/livedbg.cmd flag 1 data 41378
[   25.7636] open fd = -5
[   25.7806] open name host:/livepad.bin flag 1 data 41378
[   25.7818] open fd = -5
[   25.7977] open name host:/livepad.bin flag 1 data 41378
[   25.7993] open fd = -5
[   25.8153] open name host:/livepad.bin flag 1 data 41378
[   25.8165] open fd = -5
[   25.8327] open name host:/livepad.bin flag 1 data 41378
[   25.8338] open fd = -5
[   25.8512] open name host:/livepad.bin flag 1 data 41378
[   25.8526] open fd = -5
[   25.8699] open name host:/log.txt flag 302 data 41378
[   25.8720] open fd = 256
[   25.8739] open name host:/livepad.bin flag 1 data 41378
[   25.8750] open fd = -5
[   25.8752] open name host:/livedbg.cmd flag 1 data 41378
[   25.8763] open fd = -5
[   25.8930] open name host:/livepad.bin flag 1 data 41378
[   25.8944] open fd = -5
[   25.9136] open name host:/livepad.bin flag 1 data 41378
[   25.9151] open fd = -5
[   25.9345] open name host:/livepad.bin flag 1 data 41378
[   25.9359] open fd = -5
[   25.9552] open name host:/livepad.bin flag 1 data 41378
[   25.9566] open fd = -5
[   25.9570] open name host:/log.txt flag 302 data 41378
[   25.9594] open fd = 256
[   25.9799] open name host:/livepad.bin flag 1 data 41378
[   25.9812] open fd = -5
[   25.9978] open name host:/livepad.bin flag 1 data 41378
[   25.9993] open fd = -5
[   25.9996] open name host:/livedbg.cmd flag 1 data 41378
[   26.0007] open fd = -5
[   26.0177] open name host:/livepad.bin flag 1 data 41378
[   26.0189] open fd = -5
[   26.0358] open name host:/livepad.bin flag 1 data 41378
[   26.0377] open fd = -5
[   26.0548] open name host:/livepad.bin flag 1 data 41378
[   26.0567] open fd = -5
[   26.0739] open name host:/livepad.bin flag 1 data 41378
[   26.0759] open fd = -5
[   26.0934] open name host:/livepad.bin flag 1 data 41378
[   26.0949] open fd = -5
[   26.1121] open name host:/livepad.bin flag 1 data 41378
[   26.1135] open fd = -5
[   26.1138] open name host:/livedbg.cmd flag 1 data 41378
[   26.1153] open fd = -5
[   26.1319] open name host:/livepad.bin flag 1 data 41378
[   26.1337] open fd = -5
[   26.1341] open name host:/log.txt flag 302 data 41378
[   26.1361] open fd = 256
[   26.1583] open name host:/livepad.bin flag 1 data 41378
[   26.1600] open fd = -5
[   26.1760] open name host:/livepad.bin flag 1 data 41378
[   26.1776] open fd = -5
[   26.1939] open name host:/livepad.bin flag 1 data 41378
[   26.1956] open fd = -5
[   26.2115] open name host:/livepad.bin flag 1 data 41378
[   26.2128] open fd = -5
[   26.2297] open name host:/livepad.bin flag 1 data 41378
[   26.2309] open fd = -5
[   26.2312] open name host:/livedbg.cmd flag 1 data 41378
[   26.2321] open fd = -5
[   26.2472] open name host:/livepad.bin flag 1 data 41378
[   26.2486] open fd = -5
[   26.2655] open name host:/livepad.bin flag 1 data 41378
[   26.2669] open fd = -5
[   26.2842] open name host:/livepad.bin flag 1 data 41378
[   26.2856] open fd = -5
[   26.3025] open name host:/livepad.bin flag 1 data 41378
[   26.3040] open fd = -5
[   26.3213] open name host:/livepad.bin flag 1 data 41378
[   26.3226] open fd = -5
[   26.3400] open name host:/livepad.bin flag 1 data 41378
[   26.3414] open fd = -5
[   26.3417] open name host:/livedbg.cmd flag 1 data 41378
[   26.3430] open fd = -5
[   26.3601] open name host:/livepad.bin flag 1 data 41378
[   26.3614] open fd = -5
[   26.3789] open name host:/livepad.bin flag 1 data 41378
[   26.3802] open fd = -5
[   26.3977] open name host:/livepad.bin flag 1 data 41378
[   26.3992] open fd = -5
[   26.4161] open name host:/livepad.bin flag 1 data 41378
[   26.4175] open fd = -5
[   26.4353] open name host:/livepad.bin flag 1 data 41378
[   26.4367] open fd = -5
[   26.4526] open name host:/livepad.bin flag 1 data 41378
[   26.4543] open fd = -5
[   26.4546] open name host:/livedbg.cmd flag 1 data 41378
[   26.4560] open fd = -5
[   26.4722] open name host:/livepad.bin flag 1 data 41378
[   26.4739] open fd = -5
[   26.4910] open name host:/livepad.bin flag 1 data 41378
[   26.4932] open fd = -5
[   26.5102] open name host:/livepad.bin flag 1 data 41378
[   26.5120] open fd = -5
[   26.5297] open name host:/livepad.bin flag 1 data 41378
[   26.5312] open fd = -5
[   26.5473] FRAMEARENA frames=960 peak=1045072 resets=3 fallbacks=0 maxFrameBytes=2731360 maxBorrowed=2028560 freeKiB=10379
[   26.5475] NATIVEVIF frames=960 batches=963
[   26.5476] ORDEREDFRAME frames=960 splitFrames=2
[   26.5478] FRAMEPIPELINE starts=960 dmaBusyStarts=0
[   26.5479] open name host:/livepad.bin flag 1 data 41378
[   26.5497] open fd = -5
[   26.5674] open name host:/livepad.bin flag 1 data 41378
[   26.5688] open fd = -5
[   26.5691] open name host:/livedbg.cmd flag 1 data 41378
[   26.5705] open fd = -5
[   26.5878] open name host:/livepad.bin flag 1 data 41378
[   26.5894] open fd = -5
[   26.6049] open name host:/livepad.bin flag 1 data 41378
[   26.6068] open fd = -5
[   26.6076] open name host:/log.txt flag 302 data 41378
[   26.6101] open fd = 256
[   26.6289] open name host:/livepad.bin flag 1 data 41378
[   26.6305] open fd = -5
[   26.6324] open name host:/log.txt flag 302 data 41378
[   26.6341] open fd = 256
[   26.6494] open name host:/livepad.bin flag 1 data 41378
[   26.6506] open fd = -5
[   26.6664] open name host:/livepad.bin flag 1 data 41378
[   26.6678] open fd = -5
[   26.6855] open name host:/livepad.bin flag 1 data 41378
[   26.6868] open fd = -5
[   26.6871] open name host:/livedbg.cmd flag 1 data 41378
[   26.6884] open fd = -5
[   26.7047] open name host:/livepad.bin flag 1 data 41378
[   26.7059] open fd = -5
[   26.7226] open name host:/livepad.bin flag 1 data 41378
[   26.7240] open fd = -5
[   26.7395] open name host:/livepad.bin flag 1 data 41378
[   26.7406] open fd = -5
[   26.7569] open name host:/livepad.bin flag 1 data 41378
[   26.7583] open fd = -5
[   26.7738] open name host:/livepad.bin flag 1 data 41378
[   26.7755] open fd = -5
[   26.7914] open name host:/livepad.bin flag 1 data 41378
[   26.7929] open fd = -5
[   26.7932] open name host:/livedbg.cmd flag 1 data 41378
[   26.7942] open fd = -5
[   26.8096] open name host:/livepad.bin flag 1 data 41378
[   26.8109] open fd = -5
[   26.8267] open name host:/livepad.bin flag 1 data 41378
[   26.8283] open fd = -5
[   26.8445] open name host:/livepad.bin flag 1 data 41378
[   26.8458] open fd = -5
[   26.8623] open name host:/livepad.bin flag 1 data 41378
[   26.8635] open fd = -5
[   26.8791] open name host:/livepad.bin flag 1 data 41378
[   26.8803] open fd = -5
[   26.8956] open name host:/livepad.bin flag 1 data 41378
[   26.8973] open fd = -5
[   26.8976] open name host:/livedbg.cmd flag 1 data 41378
[   26.8986] open fd = -5
[   26.9161] open name host:/livepad.bin flag 1 data 41378
[   26.9174] open fd = -5
[   26.9336] open name host:/livepad.bin flag 1 data 41378
[   26.9347] open fd = -5
[   26.9508] open name host:/livepad.bin flag 1 data 41378
[   26.9522] open fd = -5
[   26.9695] open name host:/livepad.bin flag 1 data 41378
[   26.9711] open fd = -5
[   26.9873] open name host:/livepad.bin flag 1 data 41378
[   26.9886] open fd = -5
[   27.0048] open name host:/livepad.bin flag 1 data 41378
[   27.0061] open fd = -5
[   27.0063] open name host:/livedbg.cmd flag 1 data 41378
[   27.0073] open fd = -5
[   27.0234] open name host:/livepad.bin flag 1 data 41378
[   27.0248] open fd = -5
[   27.0402] open name host:/livepad.bin flag 1 data 41378
[   27.0415] open fd = -5
[   27.0571] open name host:/livepad.bin flag 1 data 41378
[   27.0585] open fd = -5
[   27.0593] open name host:/log.txt flag 302 data 41378
[   27.0609] open fd = 256
[   27.0778] open name host:/livepad.bin flag 1 data 41378
[   27.0790] open fd = -5
[   27.0949] open name host:/livepad.bin flag 1 data 41378
[   27.0961] open fd = -5
[   27.1121] open name host:/livepad.bin flag 1 data 41378
[   27.1134] open fd = -5
[   27.1137] open name host:/livedbg.cmd flag 1 data 41378
[   27.1148] open fd = -5
[   27.1304] open name host:/livepad.bin flag 1 data 41378
[   27.1317] open fd = -5
[   27.1479] open name host:/livepad.bin flag 1 data 41378
[   27.1494] open fd = -5
[   27.1655] open name host:/livepad.bin flag 1 data 41378
[   27.1668] open fd = -5
[   27.1823] open name host:/livepad.bin flag 1 data 41378
[   27.1836] open fd = -5
[   27.1992] open name host:/livepad.bin flag 1 data 41378
[   27.2006] open fd = -5
[   27.2172] open name host:/livepad.bin flag 1 data 41378
[   27.2188] open fd = -5
[   27.2191] open name host:/livedbg.cmd flag 1 data 41378
[   27.2201] open fd = -5
[   27.2373] open name host:/livepad.bin flag 1 data 41378
[   27.2386] open fd = -5
[   27.2548] open name host:/livepad.bin flag 1 data 41378
[   27.2562] open fd = -5
[   27.2722] open name host:/livepad.bin flag 1 data 41378
[   27.2734] open fd = -5
[   27.2919] open name host:/livepad.bin flag 1 data 41378
[   27.2933] open fd = -5
[   27.3090] open name host:/livepad.bin flag 1 data 41378
[   27.3107] open fd = -5
[   27.3265] open name host:/livepad.bin flag 1 data 41378
[   27.3279] open fd = -5
[   27.3283] open name host:/livedbg.cmd flag 1 data 41378
[   27.3294] open fd = -5
[   27.3457] open name host:/livepad.bin flag 1 data 41378
[   27.3471] open fd = -5
[   27.3641] open name host:/livepad.bin flag 1 data 41378
[   27.3654] open fd = -5
[   27.3807] open name host:/livepad.bin flag 1 data 41378
[   27.3821] open fd = -5
[   27.3995] open name host:/livepad.bin flag 1 data 41378
[   27.4009] open fd = -5
[   27.4179] open name host:/livepad.bin flag 1 data 41378
[   27.4193] open fd = -5
[   27.4352] open name host:/livepad.bin flag 1 data 41378
[   27.4366] open fd = -5
[   27.4368] open name host:/livedbg.cmd flag 1 data 41378
[   27.4378] open fd = -5
[   27.4541] open name host:/livepad.bin flag 1 data 41378
[   27.4555] open fd = -5
[   27.4718] open name host:/livepad.bin flag 1 data 41378
[   27.4729] open fd = -5
[   27.4888] open name host:/livepad.bin flag 1 data 41378
[   27.4902] open fd = -5
[   27.5072] open name host:/livepad.bin flag 1 data 41378
[   27.5085] open fd = -5
[   27.5095] open name host:/log.txt flag 302 data 41378
[   27.5112] open fd = 256
[   27.5310] open name host:/livepad.bin flag 1 data 41378
[   27.5322] open fd = -5
[   27.5343] open name host:/log.txt flag 302 data 41378
[   27.5359] open fd = 256
[   27.5512] open name host:/livepad.bin flag 1 data 41378
[   27.5524] open fd = -5
[   27.5527] open name host:/livedbg.cmd flag 1 data 41378
[   27.5540] open fd = -5
[   27.5708] open name host:/livepad.bin flag 1 data 41378
[   27.5721] open fd = -5
[   27.5887] open name host:/livepad.bin flag 1 data 41378
[   27.5901] open fd = -5
[   27.6068] open name host:/livepad.bin flag 1 data 41378
[   27.6083] open fd = -5
[   27.6244] open name host:/livepad.bin flag 1 data 41378
[   27.6258] open fd = -5
[   27.6416] open name host:/livepad.bin flag 1 data 41378
[   27.6433] open fd = -5
[   27.6605] open name host:/livepad.bin flag 1 data 41378
[   27.6619] open fd = -5
[   27.6623] open name host:/livedbg.cmd flag 1 data 41378
[   27.6634] open fd = -5
[   27.6791] open name host:/livepad.bin flag 1 data 41378
[   27.6805] open fd = -5
[   27.6978] open name host:/livepad.bin flag 1 data 41378
[   27.6991] open fd = -5
[   27.7157] open name host:/livepad.bin flag 1 data 41378
[   27.7170] open fd = -5
[   27.7338] open name host:/livepad.bin flag 1 data 41378
[   27.7349] open fd = -5
[   27.7598] open name host:/livepad.bin flag 1 data 41378
[   27.7613] open fd = -5
[   27.7777] open name host:/livepad.bin flag 1 data 41378
[   27.7788] open fd = -5
[   27.7791] open name host:/livedbg.cmd flag 1 data 41378
[   27.7802] open fd = -5
[   27.7970] open name host:/livepad.bin flag 1 data 41378
[   27.7984] open fd = -5
[   27.8147] open name host:/livepad.bin flag 1 data 41378
[   27.8160] open fd = -5
[   27.8373] open name host:/livepad.bin flag 1 data 41378
[   27.8385] open fd = -5
[   27.8545] open name host:/livepad.bin flag 1 data 41378
[   27.8558] open fd = -5
[   27.8730] open name host:/livepad.bin flag 1 data 41378
[   27.8744] open fd = -5
[   27.8908] open name host:/livepad.bin flag 1 data 41378
[   27.8924] open fd = -5
[   27.8927] open name host:/livedbg.cmd flag 1 data 41378
[   27.8943] open fd = -5
[   27.9107] open name host:/livepad.bin flag 1 data 41378
[   27.9120] open fd = -5
[   27.9287] open name host:/livepad.bin flag 1 data 41378
[   27.9300] open fd = -5
[   27.9470] open name host:/livepad.bin flag 1 data 41378
[   27.9484] open fd = -5
[   27.9646] open name host:/livepad.bin flag 1 data 41378
[   27.9662] open fd = -5
[   27.9817] open name host:/livepad.bin flag 1 data 41378
[   27.9831] open fd = -5
[   27.9838] open name host:/log.txt flag 302 data 41378
[   27.9855] open fd = 256
[   28.0035] open name host:/livepad.bin flag 1 data 41378
[   28.0049] open fd = -5
[   28.0052] open name host:/livedbg.cmd flag 1 data 41378
[   28.0063] open fd = -5
[   28.0236] open name host:/livepad.bin flag 1 data 41378
[   28.0251] open fd = -5
[   28.0407] open name host:/livepad.bin flag 1 data 41378
[   28.0420] open fd = -5
[   28.0588] open name host:/livepad.bin flag 1 data 41378
[   28.0602] open fd = -5
[   28.0761] open name host:/livepad.bin flag 1 data 41378
[   28.0774] open fd = -5
[   28.0950] open name host:/livepad.bin flag 1 data 41378
[   28.0965] open fd = -5
[   28.1130] open name host:/livepad.bin flag 1 data 41378
[   28.1143] open fd = -5
[   28.1146] open name host:/livedbg.cmd flag 1 data 41378
[   28.1158] open fd = -5
[   28.1361] open name host:/livepad.bin flag 1 data 41378
[   28.1374] open fd = -5
[   28.1532] open name host:/livepad.bin flag 1 data 41378
[   28.1548] open fd = -5
[   28.1726] open name host:/livepad.bin flag 1 data 41378
[   28.1742] open fd = -5
[   28.1915] open name host:/livepad.bin flag 1 data 41378
[   28.1930] open fd = -5
[   28.2103] open name host:/livepad.bin flag 1 data 41378
[   28.2115] open fd = -5
[   28.2280] open name host:/livepad.bin flag 1 data 41378
[   28.2294] open fd = -5
[   28.2297] open name host:/livedbg.cmd flag 1 data 41378
[   28.2307] open fd = -5
[   28.2468] open name host:/livepad.bin flag 1 data 41378
[   28.2481] open fd = -5
[   28.2646] open name host:/livepad.bin flag 1 data 41378
[   28.2662] open fd = -5
[   28.2818] open name host:/livepad.bin flag 1 data 41378
[   28.2830] open fd = -5
[   28.2999] open name host:/livepad.bin flag 1 data 41378
[   28.3013] open fd = -5
[   28.3179] open name host:/livepad.bin flag 1 data 41378
[   28.3192] open fd = -5
[   28.3351] open name host:/livepad.bin flag 1 data 41378
[   28.3362] open fd = -5
[   28.3366] open name host:/livedbg.cmd flag 1 data 41378
[   28.3376] open fd = -5
[   28.3540] open name host:/livepad.bin flag 1 data 41378
[   28.3552] open fd = -5
[   28.3700] open name host:/livepad.bin flag 1 data 41378
[   28.3713] open fd = -5
[   28.3869] open name host:/livepad.bin flag 1 data 41378
[   28.3884] open fd = -5
[   28.4046] open name host:/livepad.bin flag 1 data 41378
[   28.4059] open fd = -5
[   28.4230] open name host:/livepad.bin flag 1 data 41378
[   28.4245] open fd = -5
[   28.4429] open name host:/livepad.bin flag 1 data 41378
[   28.4446] open fd = -5
[   28.4448] open name host:/livedbg.cmd flag 1 data 41378
[   28.4460] open fd = -5
[   28.4463] open name host:/log.txt flag 302 data 41378
[   28.4480] open fd = 256
[   28.4656] open name host:/livepad.bin flag 1 data 41378
[   28.4670] open fd = -5
[   28.4695] open name host:/log.txt flag 302 data 41378
[   28.4710] open fd = 256
[   28.4876] open name host:/livepad.bin flag 1 data 41378
[   28.4891] open fd = -5
[   28.5052] open name host:/livepad.bin flag 1 data 41378
[   28.5066] open fd = -5
[   28.5227] open name host:/livepad.bin flag 1 data 41378
[   28.5242] open fd = -5
[   28.5256] open name host:/log.txt flag 302 data 41378
[   28.5277] open fd = 256
[   28.5445] open name host:/livepad.bin flag 1 data 41378
[   28.5457] open fd = -5
[   28.5618] open name host:/livepad.bin flag 1 data 41378
[   28.5631] open fd = -5
[   28.5635] open name host:/livedbg.cmd flag 1 data 41378
[   28.5647] open fd = -5
[   28.5811] open name host:/livepad.bin flag 1 data 41378
[   28.5823] open fd = -5
[   28.5986] open name host:/livepad.bin flag 1 data 41378
[   28.6001] open fd = -5
[   28.6185] open name host:/livepad.bin flag 1 data 41378
[   28.6198] open fd = -5
[   28.6367] open name host:/livepad.bin flag 1 data 41378
[   28.6380] open fd = -5
[   28.6544] open name host:/livepad.bin flag 1 data 41378
[   28.6557] open fd = -5
[   28.6720] open name host:/livepad.bin flag 1 data 41378
[   28.6731] open fd = -5
[   28.6734] open name host:/livedbg.cmd flag 1 data 41378
[   28.6744] open fd = -5
[   28.6904] open name host:/livepad.bin flag 1 data 41378
[   28.6917] open fd = -5
[   28.7083] open name host:/livepad.bin flag 1 data 41378
[   28.7100] open fd = -5
[   28.7281] open name host:/livepad.bin flag 1 data 41378
[   28.7295] open fd = -5
[   28.7456] open name host:/livepad.bin flag 1 data 41378
[   28.7470] open fd = -5
[   28.7632] FRAMEARENA frames=1080 peak=1045072 resets=3 fallbacks=0 maxFrameBytes=2731360 maxBorrowed=2028560 freeKiB=11070
[   28.7633] NATIVEVIF frames=1080 batches=1083
[   28.7636] ORDEREDFRAME frames=1080 splitFrames=2
[   28.7637] FRAMEPIPELINE starts=1080 dmaBusyStarts=0
[   28.7638] open name host:/livepad.bin flag 1 data 41378
[   28.7651] open fd = -5
[   28.7804] open name host:/livepad.bin flag 1 data 41378
[   28.7818] open fd = -5
[   28.7820] open name host:/livedbg.cmd flag 1 data 41378
[   28.7832] open fd = -5
[   28.7984] open name host:/livepad.bin flag 1 data 41378
[   28.7998] open fd = -5
[   28.8159] open name host:/livepad.bin flag 1 data 41378
[   28.8175] open fd = -5
[   28.8341] open name host:/livepad.bin flag 1 data 41378
[   28.8353] open fd = -5
[   28.8511] open name host:/livepad.bin flag 1 data 41378
[   28.8524] open fd = -5
[   28.8676] open name host:/livepad.bin flag 1 data 41378
[   28.8688] open fd = -5
[   28.8842] open name host:/livepad.bin flag 1 data 41378
[   28.8854] open fd = -5
[   28.8858] open name host:/livedbg.cmd flag 1 data 41378
[   28.8867] open fd = -5
[   28.9032] open name host:/livepad.bin flag 1 data 41378
[   28.9044] open fd = -5
[   28.9049] open name host:/log.txt flag 302 data 41378
[   28.9064] open fd = 256
[   28.9243] open name host:/livepad.bin flag 1 data 41378
[   28.9255] open fd = -5
[   28.9411] open name host:/livepad.bin flag 1 data 41378
[   28.9423] open fd = -5
[   28.9589] open name host:/livepad.bin flag 1 data 41378
[   28.9602] open fd = -5
[   28.9758] open name host:/livepad.bin flag 1 data 41378
[   28.9770] open fd = -5
[   28.9923] open name host:/livepad.bin flag 1 data 41378
[   28.9937] open fd = -5
[   28.9940] open name host:/livedbg.cmd flag 1 data 41378
[   28.9950] open fd = -5
[   29.0106] open name host:/livepad.bin flag 1 data 41378
[   29.0118] open fd = -5
[   29.0276] open name host:/livepad.bin flag 1 data 41378
[   29.0292] open fd = -5
[   29.0445] open name host:/livepad.bin flag 1 data 41378
[   29.0458] open fd = -5
[   29.0619] open name host:/livepad.bin flag 1 data 41378
[   29.0632] open fd = -5
[   29.0789] open name host:/livepad.bin flag 1 data 41378
[   29.0803] open fd = -5
[   29.0969] open name host:/livepad.bin flag 1 data 41378
[   29.0982] open fd = -5
[   29.0985] open name host:/livedbg.cmd flag 1 data 41378
[   29.0997] open fd = -5
[   29.1164] open name host:/livepad.bin flag 1 data 41378
[   29.1177] open fd = -5
[   29.1340] open name host:/livepad.bin flag 1 data 41378
[   29.1354] open fd = -5
[   29.1515] open name host:/livepad.bin flag 1 data 41378
[   29.1527] open fd = -5
[   29.1676] open name host:/livepad.bin flag 1 data 41378
[   29.1690] open fd = -5
[   29.1854] open name host:/livepad.bin flag 1 data 41378
[   29.1866] open fd = -5
[   29.2025] open name host:/livepad.bin flag 1 data 41378
[   29.2041] open fd = -5
[   29.2044] open name host:/livedbg.cmd flag 1 data 41378
[   29.2055] open fd = -5
[   29.2210] open name host:/livepad.bin flag 1 data 41378
[   29.2225] open fd = -5
[   29.2376] open name host:/livepad.bin flag 1 data 41378
[   29.2390] open fd = -5
[   29.2551] open name host:/livepad.bin flag 1 data 41378
[   29.2565] open fd = -5
[   29.2720] open name host:/livepad.bin flag 1 data 41378
[   29.2733] open fd = -5
[   29.2900] open name host:/livepad.bin flag 1 data 41378
[   29.2914] open fd = -5
[   29.3092] open name host:/livepad.bin flag 1 data 41378
[   29.3107] open fd = -5
[   29.3109] open name host:/livedbg.cmd flag 1 data 41378
[   29.3119] open fd = -5
[   29.3272] open name host:/livepad.bin flag 1 data 41378
[   29.3288] open fd = -5
[   29.3450] open name host:/livepad.bin flag 1 data 41378
[   29.3463] open fd = -5
[   29.3468] open name host:/log.txt flag 302 data 41378
[   29.3484] open fd = 256
[   29.3664] open name host:/livepad.bin flag 1 data 41378
[   29.3681] open fd = -5
[   29.3706] open name host:/log.txt flag 302 data 41378
[   29.3724] open fd = 256
[   29.3880] open name host:/livepad.bin flag 1 data 41378
[   29.3892] open fd = -5
[   29.4054] open name host:/livepad.bin flag 1 data 41378
[   29.4066] open fd = -5
[   29.4223] open name host:/livepad.bin flag 1 data 41378
[   29.4236] open fd = -5
[   29.4239] open name host:/livedbg.cmd flag 1 data 41378
[   29.4249] open fd = -5
[   29.4401] open name host:/livepad.bin flag 1 data 41378
[   29.4414] open fd = -5
[   29.4571] open name host:/livepad.bin flag 1 data 41378
[   29.4585] open fd = -5
[   29.4749] open name host:/livepad.bin flag 1 data 41378
[   29.4764] open fd = -5
[   29.4925] open name host:/livepad.bin flag 1 data 41378
[   29.4938] open fd = -5
[   29.5106] open name host:/livepad.bin flag 1 data 41378
[   29.5121] open fd = -5
[   29.5276] open name host:/livepad.bin flag 1 data 41378
[   29.5288] open fd = -5
[   29.5292] open name host:/livedbg.cmd flag 1 data 41378
[   29.5303] open fd = -5
[   29.5458] open name host:/livepad.bin flag 1 data 41378
[   29.5471] open fd = -5
[   29.5627] open name host:/livepad.bin flag 1 data 41378
[   29.5639] open fd = -5
[   29.5801] open name host:/livepad.bin flag 1 data 41378
[   29.5815] open fd = -5
[   29.5979] open name host:/livepad.bin flag 1 data 41378
[   29.5994] open fd = -5
[   29.6157] open name host:/livepad.bin flag 1 data 41378
[   29.6171] open fd = -5
[   29.6328] open name host:/livepad.bin flag 1 data 41378
[   29.6342] open fd = -5
[   29.6345] open name host:/livedbg.cmd flag 1 data 41378
[   29.6355] open fd = -5
[   29.6510] open name host:/livepad.bin flag 1 data 41378
[   29.6523] open fd = -5
[   29.6683] open name host:/livepad.bin flag 1 data 41378
[   29.6696] open fd = -5
[   29.6857] open name host:/livepad.bin flag 1 data 41378
[   29.6871] open fd = -5
[   29.7028] open name host:/livepad.bin flag 1 data 41378
[   29.7046] open fd = -5
[   29.7213] open name host:/livepad.bin flag 1 data 41378
[   29.7227] open fd = -5
[   29.7385] open name host:/livepad.bin flag 1 data 41378
[   29.7400] open fd = -5
[   29.7403] open name host:/livedbg.cmd flag 1 data 41378
[   29.7415] open fd = -5
[   29.7567] open name host:/livepad.bin flag 1 data 41378
[   29.7583] open fd = -5
[   29.7742] open name host:/livepad.bin flag 1 data 41378
[   29.7756] open fd = -5
[   29.7919] open name host:/livepad.bin flag 1 data 41378
[   29.7939] open fd = -5
[   29.7943] open name host:/log.txt flag 302 data 41378
[   29.7960] open fd = 256
[   29.8130] open name host:/livepad.bin flag 1 data 41378
[   29.8144] open fd = -5
[   29.8309] open name host:/livepad.bin flag 1 data 41378
[   29.8322] open fd = -5
[   29.8556] open name host:/livepad.bin flag 1 data 41378
[   29.8569] open fd = -5
[   29.8572] open name host:/livedbg.cmd flag 1 data 41378
[   29.8587] open fd = -5
[   29.8741] open name host:/livepad.bin flag 1 data 41378
[   29.8759] open fd = -5
[   29.8912] open name host:/livepad.bin flag 1 data 41378
[   29.8927] open fd = -5
[   29.9085] open name host:/livepad.bin flag 1 data 41378
[   29.9104] open fd = -5
[   29.9265] open name host:/livepad.bin flag 1 data 41378
[   29.9278] open fd = -5
[   29.9454] open name host:/livepad.bin flag 1 data 41378
[   29.9468] open fd = -5
[   29.9631] open name host:/livepad.bin flag 1 data 41378
[   29.9644] open fd = -5
[   29.9647] open name host:/livedbg.cmd flag 1 data 41378
[   29.9658] open fd = -5
[   29.9818] open name host:/livepad.bin flag 1 data 41378
[   29.9831] open fd = -5
[   29.9996] open name host:/livepad.bin flag 1 data 41378
[   30.0013] open fd = -5
[   30.0180] open name host:/livepad.bin flag 1 data 41378
[   30.0195] open fd = -5
[   30.0351] open name host:/livepad.bin flag 1 data 41378
[   30.0364] open fd = -5
[   30.0524] open name host:/livepad.bin flag 1 data 41378
[   30.0539] open fd = -5
[   30.0721] open name host:/livepad.bin flag 1 data 41378
[   30.0737] open fd = -5
[   30.0740] open name host:/livedbg.cmd flag 1 data 41378
[   30.0758] open fd = -5
[   30.0921] open name host:/livepad.bin flag 1 data 41378
[   30.0936] open fd = -5
[   30.1096] open name host:/livepad.bin flag 1 data 41378
[   30.1113] open fd = -5
[   30.1275] open name host:/livepad.bin flag 1 data 41378
[   30.1289] open fd = -5
[   30.1446] open name host:/livepad.bin flag 1 data 41378
[   30.1459] open fd = -5
[   30.1613] open name host:/livepad.bin flag 1 data 41378
[   30.1626] open fd = -5
[   30.1793] open name host:/livepad.bin flag 1 data 41378
[   30.1809] open fd = -5
[   30.1811] open name host:/livedbg.cmd flag 1 data 41378
[   30.1823] open fd = -5
[   30.1979] open name host:/livepad.bin flag 1 data 41378
[   30.1995] open fd = -5
[   30.2165] open name host:/livepad.bin flag 1 data 41378
[   30.2179] open fd = -5
[   30.2343] open name host:/livepad.bin flag 1 data 41378
[   30.2357] open fd = -5
[   30.2518] open name host:/livepad.bin flag 1 data 41378
[   30.2531] open fd = -5
[   30.2536] open name host:/log.txt flag 302 data 41378
[   30.2554] open fd = 256
[   30.2727] open name host:/livepad.bin flag 1 data 41378
[   30.2742] open fd = -5
[   30.2766] open name host:/log.txt flag 302 data 41378
[   30.2788] open fd = 256
[   30.2960] open name host:/livepad.bin flag 1 data 41378
[   30.2976] open fd = -5
[   30.2979] open name host:/livedbg.cmd flag 1 data 41378
[   30.2991] open fd = -5
[   30.3158] open name host:/livepad.bin flag 1 data 41378
[   30.3172] open fd = -5
[   30.3329] open name host:/livepad.bin flag 1 data 41378
[   30.3344] open fd = -5
[   30.3505] open name host:/livepad.bin flag 1 data 41378
[   30.3520] open fd = -5
[   30.3683] open name host:/livepad.bin flag 1 data 41378
[   30.3698] open fd = -5
[   30.3866] open name host:/livepad.bin flag 1 data 41378
[   30.3881] open fd = -5
[   30.4052] open name host:/livepad.bin flag 1 data 41378
[   30.4066] open fd = -5
[   30.4070] open name host:/livedbg.cmd flag 1 data 41378
[   30.4081] open fd = -5
[   30.4247] open name host:/livepad.bin flag 1 data 41378
[   30.4262] open fd = -5
[   30.4423] open name host:/livepad.bin flag 1 data 41378
[   30.4439] open fd = -5
[   30.4596] open name host:/livepad.bin flag 1 data 41378
[   30.4611] open fd = -5
[   30.4776] open name host:/livepad.bin flag 1 data 41378
[   30.4790] open fd = -5
[   30.4949] open name host:/livepad.bin flag 1 data 41378
[   30.4962] open fd = -5
[   30.5130] open name host:/livepad.bin flag 1 data 41378
[   30.5144] open fd = -5
[   30.5147] open name host:/livedbg.cmd flag 1 data 41378
[   30.5161] open fd = -5
[   30.5325] open name host:/livepad.bin flag 1 data 41378
[   30.5338] open fd = -5
[   30.5512] open name host:/livepad.bin flag 1 data 41378
[   30.5524] open fd = -5
[   30.5686] open name host:/livepad.bin flag 1 data 41378
[   30.5703] open fd = -5
[   30.5856] open name host:/livepad.bin flag 1 data 41378
[   30.5872] open fd = -5
[   30.6029] open name host:/livepad.bin flag 1 data 41378
[   30.6042] open fd = -5
[   30.6209] open name host:/livepad.bin flag 1 data 41378
[   30.6222] open fd = -5
[   30.6225] open name host:/livedbg.cmd flag 1 data 41378
[   30.6236] open fd = -5
[   30.6399] open name host:/livepad.bin flag 1 data 41378
[   30.6413] open fd = -5
[   30.6587] open name host:/livepad.bin flag 1 data 41378
[   30.6601] open fd = -5
[   30.6755] open name host:/livepad.bin flag 1 data 41378
[   30.6769] open fd = -5
[   30.6920] open name host:/livepad.bin flag 1 data 41378
[   30.6933] open fd = -5
[   30.7094] open name host:/livepad.bin flag 1 data 41378
[   30.7106] open fd = -5
[   30.7111] open name host:/log.txt flag 302 data 41378
[   30.7127] open fd = 256
[   30.7307] open name host:/livepad.bin flag 1 data 41378
[   30.7323] open fd = -5
[   30.7325] open name host:/livedbg.cmd flag 1 data 41378
[   30.7335] open fd = -5
[   30.7496] open name host:/livepad.bin flag 1 data 41378
[   30.7509] open fd = -5
[   30.7686] open name host:/livepad.bin flag 1 data 41378
[   30.7702] open fd = -5
[   30.7865] open name host:/livepad.bin flag 1 data 41378
[   30.7879] open fd = -5
[   30.8038] open name host:/livepad.bin flag 1 data 41378
[   30.8053] open fd = -5
[   30.8215] open name host:/livepad.bin flag 1 data 41378
[   30.8229] open fd = -5
[   30.8389] open name host:/livepad.bin flag 1 data 41378
[   30.8402] open fd = -5
[   30.8404] open name host:/livedbg.cmd flag 1 data 41378
[   30.8415] open fd = -5
[   30.8573] open name host:/livepad.bin flag 1 data 41378
[   30.8586] open fd = -5
[   30.8738] open name host:/livepad.bin flag 1 data 41378
[   30.8750] open fd = -5
[   30.8905] open name host:/livepad.bin flag 1 data 41378
[   30.8920] open fd = -5
[   30.9081] open name host:/livepad.bin flag 1 data 41378
[   30.9096] open fd = -5
[   30.9256] FRAMEARENA frames=1200 peak=1045072 resets=3 fallbacks=0 maxFrameBytes=2731360 maxBorrowed=2028560 freeKiB=11142
[   30.9259] NATIVEVIF frames=1200 batches=1203
[   30.9260] ORDEREDFRAME frames=1200 splitFrames=2
[   30.9261] FRAMEPIPELINE starts=1200 dmaBusyStarts=0
[   30.9262] open name host:/livepad.bin flag 1 data 41378
[   30.9275] open fd = -5
[   30.9443] open name host:/livepad.bin flag 1 data 41378
[   30.9457] open fd = -5
[   30.9461] open name host:/livedbg.cmd flag 1 data 41378
[   30.9471] open fd = -5
[   30.9635] open name host:/livepad.bin flag 1 data 41378
[   30.9648] open fd = -5
[   30.9813] open name host:/livepad.bin flag 1 data 41378
[   30.9827] open fd = -5
[   30.9991] open name host:/livepad.bin flag 1 data 41378
[   31.0003] open fd = -5
[   31.0160] open name host:/livepad.bin flag 1 data 41378
[   31.0173] open fd = -5
[   31.0345] open name host:/livepad.bin flag 1 data 41378
[   31.0360] open fd = -5
[   31.0520] open name host:/livepad.bin flag 1 data 41378
[   31.0532] open fd = -5
[   31.0535] open name host:/livedbg.cmd flag 1 data 41378
[   31.0546] open fd = -5
[   31.0698] open name host:/livepad.bin flag 1 data 41378
[   31.0710] open fd = -5
[   31.0871] open name host:/livepad.bin flag 1 data 41378
[   31.0884] open fd = -5
[   31.1036] open name host:/livepad.bin flag 1 data 41378
[   31.1048] open fd = -5
[   31.1210] open name host:/livepad.bin flag 1 data 41378
[   31.1223] open fd = -5
[   31.1381] open name host:/livepad.bin flag 1 data 41378
[   31.1393] open fd = -5
[   31.1548] open name host:/livepad.bin flag 1 data 41378
[   31.1560] open fd = -5
[   31.1563] open name host:/livedbg.cmd flag 1 data 41378
[   31.1577] open fd = -5
[   31.1580] open name host:/log.txt flag 302 data 41378
[   31.1599] open fd = 256
[   31.1774] open name host:/livepad.bin flag 1 data 41378
[   31.1788] open fd = -5
[   31.1807] open name host:/log.txt flag 302 data 41378
[   31.1825] open fd = 256
[   31.1986] open name host:/livepad.bin flag 1 data 41378
[   31.2001] open fd = -5
[   31.2166] open name host:/livepad.bin flag 1 data 41378
[   31.2180] open fd = -5
[   31.2337] open name host:/livepad.bin flag 1 data 41378
[   31.2349] open fd = -5
[   31.2364] open name host:/log.txt flag 302 data 41378
[   31.2379] open fd = 256
[   31.2541] open name host:/livepad.bin flag 1 data 41378
[   31.2554] open fd = -5
[   31.2712] open name host:/livepad.bin flag 1 data 41378
[   31.2723] open fd = -5
[   31.2725] open name host:/livedbg.cmd flag 1 data 41378
[   31.2734] open fd = -5
[   31.2897] open name host:/livepad.bin flag 1 data 41378
[   31.2912] open fd = -5
[   31.3076] open name host:/livepad.bin flag 1 data 41378
[   31.3090] open fd = -5
[   31.3246] open name host:/livepad.bin flag 1 data 41378
[   31.3260] open fd = -5
[   31.3421] open name host:/livepad.bin flag 1 data 41378
[   31.3433] open fd = -5
[   31.3588] open name host:/livepad.bin flag 1 data 41378
[   31.3600] open fd = -5
[   31.3757] open name host:/livepad.bin flag 1 data 41378
[   31.3771] open fd = -5
[   31.3773] open name host:/livedbg.cmd flag 1 data 41378
[   31.3784] open fd = -5
[   31.3940] open name host:/livepad.bin flag 1 data 41378
[   31.3953] open fd = -5
[   31.4117] open name host:/livepad.bin flag 1 data 41378
[   31.4130] open fd = -5
[   31.4287] open name host:/livepad.bin flag 1 data 41378
[   31.4304] open fd = -5
[   31.4457] open name host:/livepad.bin flag 1 data 41378
[   31.4471] open fd = -5
[   31.4595] open name host:/livepad.bin flag 1 data 41378
[   31.4607] open fd = -5
[   31.4758] open name host:/livepad.bin flag 1 data 41378
[   31.4771] open fd = -5
[   31.4773] open name host:/livedbg.cmd flag 1 data 41378
[   31.4783] open fd = -5
[   31.4925] open name host:/livepad.bin flag 1 data 41378
[   31.4938] open fd = -5
[   31.5256] microVU1: Cached Prog = [012] [PC=3fd0] [List=01] (Cache=3.623%) [2.2mb]
[   31.5268] open name host:/vehicles/veh-ravager000001-shadow.png flag 1 data 41378
[   31.5290] open fd = 256
[   31.5299] open name host:/vehicles/veh-ravager000001-shadow.png flag 1 data 41378
[   31.5318] open fd = 256
[   31.5499] open name host:/sky/scene1.png flag 1 data 41378
[   31.5522] open fd = 256
[   31.5531] open name host:/sky/scene1.png flag 1 data 41378
[   31.5551] open fd = 256
[   31.9109] open name host:/vehicles/fx-skid.png flag 1 data 41378
[   31.9135] open fd = 256
[   31.9143] open name host:/vehicles/fx-skid.png flag 1 data 41378
[   31.9163] open fd = 256
[   31.9311] open name host:/vehicles/fx-smoke.png flag 1 data 41378
[   31.9336] open fd = 256
[   31.9345] open name host:/vehicles/fx-smoke.png flag 1 data 41378
[   31.9371] open fd = 256
[   31.9417] open name host:/log.txt flag 302 data 41378
[   31.9434] open fd = 256
[   31.9449] open name host:/vehicles/veh-ravager000001-wheel.tmdl flag 1 data 41378
[   31.9469] open fd = 256
[   31.9544] open name host:/vehicles/veh-ravager000001-wheelfast.tmdl flag 1 data 41378
[   31.9563] open fd = 256
[   31.9720] open name host:/log.txt flag 302 data 41378
[   31.9739] open fd = 256
[   31.9755] open name host:/log.txt flag 302 data 41378
[   31.9772] open fd = 256
[   31.9786] open name host:/log.txt flag 302 data 41378
[   31.9801] open fd = 256
[   32.0936] open name host:/log.txt flag 302 data 41378
[   32.0954] open fd = 256
[   32.1101] open name host:/log.txt flag 302 data 41378
[   32.1117] open fd = 256
[   32.1131] open name host:/log.txt flag 302 data 41378
[   32.1150] open fd = 256
[   32.1174] open name host:/log.txt flag 302 data 41378
[   32.1189] open fd = 256
[   32.1282] open name host:/log.txt flag 302 data 41378
[   32.1299] open fd = 256
[   32.1318] open name host:/log.txt flag 302 data 41378
[   32.1333] open fd = 256
[   32.1348] open name host:/log.txt flag 302 data 41378
[   32.1363] open fd = 256
[   32.1387] open name host:/log.txt flag 302 data 41378
[   32.1408] open fd = 256
[   32.1425] open name host:/log.txt flag 302 data 41378
[   32.1440] open fd = 256
[   32.1456] open name host:/log.txt flag 302 data 41378
[   32.1471] open fd = 256
[   32.1488] open name host:/log.txt flag 302 data 41378
[   32.1503] open fd = 256
[   32.1520] open name host:/log.txt flag 302 data 41378
[   32.1534] open fd = 256
[   32.1550] open name host:/log.txt flag 302 data 41378
[   32.1566] open fd = 256
[   32.1582] open name host:/log.txt flag 302 data 41378
[   32.1596] open fd = 256
[   32.1674] open name host:/log.txt flag 302 data 41378
[   32.1688] open fd = 256
[   32.1704] open name host:/log.txt flag 302 data 41378
[   32.1718] open fd = 256
[   32.1733] open name host:/log.txt flag 302 data 41378
[   32.1748] open fd = 256
[   32.1763] open name host:/log.txt flag 302 data 41378
[   32.1779] open fd = 256
[   32.1796] open name host:/log.txt flag 302 data 41378
[   32.1814] open fd = 256
[   32.1829] open name host:/log.txt flag 302 data 41378
[   32.1844] open fd = 256
[   32.1862] open name host:/log.txt flag 302 data 41378
[   32.1878] open fd = 256
[   32.1894] open name host:/log.txt flag 302 data 41378
[   32.1908] open fd = 256
[   32.1923] open name host:/log.txt flag 302 data 41378
[   32.1939] open fd = 256
[   32.1955] open name host:/log.txt flag 302 data 41378
[   32.1970] open fd = 256
[   32.1989] open name host:/log.txt flag 302 data 41378
[   32.2004] open fd = 256
[   32.2019] open name host:/log.txt flag 302 data 41378
[   32.2034] open fd = 256
[   32.2050] open name host:/log.txt flag 302 data 41378
[   32.2063] open fd = 256
[   32.2159] open name host:/log.txt flag 302 data 41378
[   32.2177] open fd = 256
[   32.2318] open name host:/livepad.bin flag 1 data 41378
[   32.2329] open fd = -5
[   32.2330] LOG: SKYMOTION scene=1 generation=2 stage=1 enabled=1
[   32.2335] open name host:/log.txt flag 302 data 41378
[   32.2350] open fd = 256
[   32.2493] open name host:/livepad.bin flag 1 data 41378
[   32.2506] open fd = -5
[   32.2632] open name host:/livepad.bin flag 1 data 41378
[   32.2645] open fd = -5
[   32.2790] open name host:/livepad.bin flag 1 data 41378
[   32.2803] open fd = -5
[   32.2927] open name host:/livepad.bin flag 1 data 41378
[   32.2939] open fd = -5
[   32.2939] open name host:/livedbg.cmd flag 1 data 41378
[   32.2949] open fd = -5
[   32.3096] open name host:/livepad.bin flag 1 data 41378
[   32.3107] open fd = -5
[   32.3262] open name host:/livepad.bin flag 1 data 41378
[   32.3273] open fd = -5
[   32.3429] open name host:/livepad.bin flag 1 data 41378
[   32.3441] open fd = -5
[   32.3593] open name host:/livepad.bin flag 1 data 41378
[   32.3606] open fd = -5
[   32.3764] open name host:/livepad.bin flag 1 data 41378
[   32.3777] open fd = -5
[   32.3932] open name host:/livepad.bin flag 1 data 41378
[   32.3946] open fd = -5
[   32.3947] open name host:/livedbg.cmd flag 1 data 41378
[   32.3957] open fd = -5
[   32.4098] open name host:/livepad.bin flag 1 data 41378
[   32.4110] open fd = -5
[   32.4258] open name host:/livepad.bin flag 1 data 41378
[   32.4269] open fd = -5
[   32.4430] open name host:/livepad.bin flag 1 data 41378
[   32.4442] open fd = -5
[   32.4599] open name host:/livepad.bin flag 1 data 41378
[   32.4612] open fd = -5
[   32.4766] open name host:/livepad.bin flag 1 data 41378
[   32.4777] open fd = -5
[   32.4925] open name host:/livepad.bin flag 1 data 41378
[   32.4937] open fd = -5
[   32.4938] open name host:/livedbg.cmd flag 1 data 41378
[   32.4948] open fd = -5
[   32.5091] open name host:/livepad.bin flag 1 data 41378
[   32.5104] open fd = -5
[   32.5261] open name host:/livepad.bin flag 1 data 41378
[   32.5273] open fd = -5
[   32.5431] open name host:/livepad.bin flag 1 data 41378
[   32.5443] open fd = -5
[   32.5597] open name host:/livepad.bin flag 1 data 41378
[   32.5611] open fd = -5
[   32.5767] open name host:/livepad.bin flag 1 data 41378
[   32.5779] open fd = -5
[   32.5935] open name host:/livepad.bin flag 1 data 41378
[   32.5946] open fd = -5
[   32.5947] open name host:/livedbg.cmd flag 1 data 41378
[   32.5957] open fd = -5
[   32.6102] open name host:/livepad.bin flag 1 data 41378
[   32.6113] open fd = -5
[   32.6264] open name host:/livepad.bin flag 1 data 41378
[   32.6277] open fd = -5
[   32.6436] open name host:/livepad.bin flag 1 data 41378
[   32.6448] open fd = -5
[   32.6600] open name host:/livepad.bin flag 1 data 41378
[   32.6611] open fd = -5
[   32.6769] open name host:/livepad.bin flag 1 data 41378
[   32.6783] open fd = -5
[   32.6936] open name host:/livepad.bin flag 1 data 41378
[   32.6949] open fd = -5
[   32.6950] open name host:/livedbg.cmd flag 1 data 41378
[   32.6960] open fd = -5
[   32.7102] open name host:/livepad.bin flag 1 data 41378
[   32.7114] open fd = -5
[   32.7269] open name host:/livepad.bin flag 1 data 41378
[   32.7279] open fd = -5
[   32.7441] open name host:/livepad.bin flag 1 data 41378
[   32.7452] open fd = -5
[   32.7600] open name host:/livepad.bin flag 1 data 41378
[   32.7611] open fd = -5
[   32.7762] open name host:/livepad.bin flag 1 data 41378
[   32.7776] open fd = -5
[   32.7935] open name host:/livepad.bin flag 1 data 41378
[   32.7947] open fd = -5
[   32.7947] open name host:/livedbg.cmd flag 1 data 41378
[   32.7958] open fd = -5
[   32.8100] open name host:/livepad.bin flag 1 data 41378
[   32.8112] open fd = -5
[   32.8265] open name host:/livepad.bin flag 1 data 41378
[   32.8278] open fd = -5
[   32.8286] open name host:/log.txt flag 302 data 41378
[   32.8305] open fd = 256
[   32.8460] open name host:/log.txt flag 302 data 41378
[   32.8478] open fd = 256
[   32.8495] open name host:/log.txt flag 302 data 41378
[   32.8513] open fd = 256
[   32.8628] open name host:/log.txt flag 302 data 41378
[   32.8646] open fd = 256
[   32.8666] open name host:/log.txt flag 302 data 41378
[   32.8688] open fd = 256
[   33.0751] open name host:/log.txt flag 302 data 41378
[   33.0768] open fd = 256
[   33.0810] open name host:/livepad.bin flag 1 data 41378
[   33.0821] open fd = -5
[   33.0941] open name host:/log.txt flag 302 data 41378
[   33.0957] open fd = 256
[   33.0977] open name host:/log.txt flag 302 data 41378
[   33.0997] open fd = 256
[   33.1133] open name host:/livepad.bin flag 1 data 41378
[   33.1147] open fd = -5
[   33.1162] open name host:/log.txt flag 302 data 41378
[   33.1180] open fd = 256
[   33.1200] open name host:/log.txt flag 302 data 41378
[   33.1216] open fd = 256
[   33.1373] open name host:/livepad.bin flag 1 data 41378
[   33.1385] open fd = -5
[   33.1400] open name host:/log.txt flag 302 data 41378
[   33.1414] open fd = 256
[   33.1429] open name host:/log.txt flag 302 data 41378
[   33.1445] open fd = 256
[   33.1606] open name host:/livepad.bin flag 1 data 41378
[   33.1619] open fd = -5
[   33.1621] open name host:/livedbg.cmd flag 1 data 41378
[   33.1631] open fd = -5
[   33.1651] open name host:/log.txt flag 302 data 41378
[   33.1668] open fd = 256
[   33.1685] open name host:/log.txt flag 302 data 41378
[   33.1701] open fd = 256
[   33.1867] open name host:/livepad.bin flag 1 data 41378
[   33.1879] open fd = -5
[   33.1894] open name host:/log.txt flag 302 data 41378
[   33.1910] open fd = 256
[   33.1930] open name host:/log.txt flag 302 data 41378
[   33.1946] open fd = 256
[   33.2118] open name host:/livepad.bin flag 1 data 41378
[   33.2130] open fd = -5
[   33.2147] open name host:/log.txt flag 302 data 41378
[   33.2166] open fd = 256
[   33.2184] open name host:/log.txt flag 302 data 41378
[   33.2200] open fd = 256
[   33.2364] open name host:/livepad.bin flag 1 data 41378
[   33.2376] open fd = -5
[   33.2389] open name host:/log.txt flag 302 data 41378
[   33.2407] open fd = 256
[   33.2423] open name host:/log.txt flag 302 data 41378
[   33.2441] open fd = 256
[   33.2605] open name host:/livepad.bin flag 1 data 41378
[   33.2617] open fd = -5
[   33.2628] open name host:/log.txt flag 302 data 41378
[   33.2647] open fd = 256
[   33.2667] open name host:/log.txt flag 302 data 41378
[   33.2682] open fd = 256
[   33.2696] open name host:/log.txt flag 302 data 41378
[   33.2713] open fd = 256
[   33.2881] open name host:/livepad.bin flag 1 data 41378
[   33.2894] open fd = -5
[   33.2910] open name host:/log.txt flag 302 data 41378
[   33.2926] open fd = 256
[   33.2944] open name host:/log.txt flag 302 data 41378
[   33.2959] open fd = 256
[   33.3123] open name host:/livepad.bin flag 1 data 41378
[   33.3135] open fd = -5
[   33.3138] open name host:/livedbg.cmd flag 1 data 41378
[   33.3149] open fd = -5
[   33.3165] open name host:/log.txt flag 302 data 41378
[   33.3184] open fd = 256
[   33.3354] open name host:/livepad.bin flag 1 data 41378
[   33.3367] open fd = -5
[   33.3529] open name host:/livepad.bin flag 1 data 41378
[   33.3542] open fd = -5
[   33.3704] open name host:/livepad.bin flag 1 data 41378
[   33.3716] open fd = -5
[   33.3881] open name host:/livepad.bin flag 1 data 41378
[   33.3896] open fd = -5
[   33.4068] open name host:/livepad.bin flag 1 data 41378
[   33.4083] open fd = -5
[   33.4263] open name host:/livepad.bin flag 1 data 41378
[   33.4277] open fd = -5
[   33.4280] open name host:/livedbg.cmd flag 1 data 41378
[   33.4290] open fd = -5
[   33.4444] open name host:/livepad.bin flag 1 data 41378
[   33.4458] open fd = -5
[   33.4625] open name host:/livepad.bin flag 1 data 41378
[   33.4638] open fd = -5
[   33.4808] open name host:/livepad.bin flag 1 data 41378
[   33.4822] open fd = -5
[   33.4981] open name host:/livepad.bin flag 1 data 41378
[   33.4994] open fd = -5
[   33.5165] open name host:/livepad.bin flag 1 data 41378
[   33.5178] open fd = -5
[   33.5346] open name host:/livepad.bin flag 1 data 41378
[   33.5361] open fd = -5
[   33.5365] open name host:/livedbg.cmd flag 1 data 41378
[   33.5375] open fd = -5
[   33.5542] open name host:/livepad.bin flag 1 data 41378
[   33.5554] open fd = -5
[   33.5724] open name host:/livepad.bin flag 1 data 41378
[   33.5736] open fd = -5
[   33.5900] open name host:/livepad.bin flag 1 data 41378
[   33.5913] open fd = -5
[   33.6082] FRAMEARENA frames=1320 peak=1045072 resets=4 fallbacks=0 maxFrameBytes=2731360 maxBorrowed=2028560 freeKiB=11626
[   33.6085] NATIVEVIF frames=1320 batches=1324
[   33.6087] ORDEREDFRAME frames=1320 splitFrames=3
[   33.6090] FRAMEPIPELINE starts=1320 dmaBusyStarts=1
[   33.6094] open name host:/livepad.bin flag 1 data 41378
[   33.6107] open fd = -5
[   33.6255] open name host:/livepad.bin flag 1 data 41378
[   33.6266] open fd = -5
[   33.6423] open name host:/livepad.bin flag 1 data 41378
[   33.6437] open fd = -5
[   33.6442] open name host:/livedbg.cmd flag 1 data 41378
[   33.6453] open fd = -5
[   33.6639] open name host:/livepad.bin flag 1 data 41378
[   33.6652] open fd = -5
[   33.6827] open name host:/livepad.bin flag 1 data 41378
[   33.6839] open fd = -5
[   33.6995] open name host:/livepad.bin flag 1 data 41378
[   33.7007] open fd = -5
[   33.7176] open name host:/livepad.bin flag 1 data 41378
[   33.7189] open fd = -5
[   33.7361] open name host:/livepad.bin flag 1 data 41378
[   33.7374] open fd = -5
[   33.7383] open name host:/log.txt flag 302 data 41378
[   33.7401] open fd = 256
[   33.7573] open name host:/livepad.bin flag 1 data 41378
[   33.7588] open fd = -5
[   33.7591] open name host:/livedbg.cmd flag 1 data 41378
[   33.7604] open fd = -5
[   33.7780] open name host:/livepad.bin flag 1 data 41378
[   33.7793] open fd = -5
[   33.7964] open name host:/livepad.bin flag 1 data 41378
[   33.7978] open fd = -5
[   33.8006] open name host:/log.txt flag 302 data 41378
[   33.8026] open fd = 256
[   33.8196] open name host:/livepad.bin flag 1 data 41378
[   33.8209] open fd = -5
[   33.8394] open name host:/livepad.bin flag 1 data 41378
[   33.8406] open fd = -5
[   33.8568] open name host:/livepad.bin flag 1 data 41378
[   33.8581] open fd = -5
[   33.8751] open name host:/livepad.bin flag 1 data 41378
[   33.8763] open fd = -5
[   33.8766] open name host:/livedbg.cmd flag 1 data 41378
[   33.8777] open fd = -5
[   33.8960] open name host:/livepad.bin flag 1 data 41378
[   33.8974] open fd = -5
[   33.9146] open name host:/livepad.bin flag 1 data 41378
[   33.9161] open fd = -5
[   33.9334] open name host:/livepad.bin flag 1 data 41378
[   33.9346] open fd = -5
[   33.9515] open name host:/livepad.bin flag 1 data 41378
[   33.9527] open fd = -5
[   33.9690] open name host:/livepad.bin flag 1 data 41378
[   33.9703] open fd = -5
[   33.9863] open name host:/livepad.bin flag 1 data 41378
[   33.9874] open fd = -5
[   33.9877] open name host:/livedbg.cmd flag 1 data 41378
[   33.9888] open fd = -5
[   34.0055] open name host:/livepad.bin flag 1 data 41378
[   34.0067] open fd = -5
[   34.0233] open name host:/livepad.bin flag 1 data 41378
[   34.0246] open fd = -5
[   34.0422] open name host:/livepad.bin flag 1 data 41378
[   34.0436] open fd = -5
[   34.0457] open name host:/log.txt flag 302 data 41378
[   34.0473] open fd = 256
[   34.0627] open name host:/livepad.bin flag 1 data 41378
[   34.0642] open fd = -5
[   34.0806] open name host:/livepad.bin flag 1 data 41378
[   34.0820] open fd = -5
[   34.0977] open name host:/livepad.bin flag 1 data 41378
[   34.0992] open fd = -5
[   34.0995] open name host:/livedbg.cmd flag 1 data 41378
[   34.1009] open fd = -5
[   34.1170] open name host:/livepad.bin flag 1 data 41378
[   34.1183] open fd = -5
[   34.1350] open name host:/livepad.bin flag 1 data 41378
[   34.1361] open fd = -5
[   34.1536] open name host:/livepad.bin flag 1 data 41378
[   34.1550] open fd = -5
[   34.1704] open name host:/livepad.bin flag 1 data 41378
[   34.1716] open fd = -5
[   34.1896] open name host:/livepad.bin flag 1 data 41378
[   34.1909] open fd = -5
[   34.2071] open name host:/livepad.bin flag 1 data 41378
[   34.2088] open fd = -5
[   34.2091] open name host:/livedbg.cmd flag 1 data 41378
[   34.2103] open fd = -5
[   34.2113] open name host:/log.txt flag 302 data 41378
[   34.2129] open fd = 256
[   34.2289] open name host:/livepad.bin flag 1 data 41378
[   34.2303] open fd = -5
[   34.2470] open name host:/livepad.bin flag 1 data 41378
[   34.2485] open fd = -5
[   34.2652] open name host:/livepad.bin flag 1 data 41378
[   34.2664] open fd = -5
[   34.2838] open name host:/livepad.bin flag 1 data 41378
[   34.2851] open fd = -5
[   34.3017] open name host:/livepad.bin flag 1 data 41378
[   34.3029] open fd = -5
[   34.3188] open name host:/livepad.bin flag 1 data 41378
[   34.3200] open fd = -5
[   34.3202] open name host:/livedbg.cmd flag 1 data 41378
[   34.3213] open fd = -5
[   34.3366] open name host:/livepad.bin flag 1 data 41378
[   34.3377] open fd = -5
[   34.3544] open name host:/livepad.bin flag 1 data 41378
[   34.3556] open fd = -5
[   34.3713] open name host:/livepad.bin flag 1 data 41378
[   34.3725] open fd = -5
[   34.3885] open name host:/livepad.bin flag 1 data 41378
[   34.3898] open fd = -5
[   34.4094] open name host:/livepad.bin flag 1 data 41378
[   34.4106] open fd = -5
[   34.4277] open name host:/livepad.bin flag 1 data 41378
[   34.4289] open fd = -5
[   34.4292] open name host:/livedbg.cmd flag 1 data 41378
[   34.4303] open fd = -5
[   34.4464] open name host:/livepad.bin flag 1 data 41378
[   34.4477] open fd = -5
[   34.4640] open name host:/livepad.bin flag 1 data 41378
[   34.4653] open fd = -5
[   34.4824] open name host:/livepad.bin flag 1 data 41378
[   34.4838] open fd = -5
[   34.5004] open name host:/livepad.bin flag 1 data 41378
[   34.5018] open fd = -5
[   34.5183] open name host:/livepad.bin flag 1 data 41378
[   34.5198] open fd = -5
[   34.5363] open name host:/livepad.bin flag 1 data 41378
[   34.5377] open fd = -5
[   34.5381] open name host:/livedbg.cmd flag 1 data 41378
[   34.5396] open fd = -5
[   34.5554] open name host:/livepad.bin flag 1 data 41378
[   34.5570] open fd = -5
[   34.5725] open name host:/livepad.bin flag 1 data 41378
[   34.5738] open fd = -5
[   34.5904] open name host:/livepad.bin flag 1 data 41378
[   34.5920] open fd = -5
[   34.6084] open name host:/livepad.bin flag 1 data 41378
[   34.6101] open fd = -5
[   34.6263] open name host:/livepad.bin flag 1 data 41378
[   34.6277] open fd = -5
[   34.6436] open name host:/livepad.bin flag 1 data 41378
[   34.6450] open fd = -5
[   34.6454] open name host:/livedbg.cmd flag 1 data 41378
[   34.6465] open fd = -5
[   34.6624] open name host:/livepad.bin flag 1 data 41378
[   34.6636] open fd = -5
[   34.6649] open name host:/log.txt flag 302 data 41378
[   34.6664] open fd = 256
[   34.6833] open name host:/livepad.bin flag 1 data 41378
[   34.6846] open fd = -5
[   34.7010] open name host:/livepad.bin flag 1 data 41378
[   34.7023] open fd = -5
[   34.7179] open name host:/livepad.bin flag 1 data 41378
[   34.7193] open fd = -5
[   34.7221] open name host:/log.txt flag 302 data 41378
[   34.7239] open fd = 256
[   34.7402] open name host:/livepad.bin flag 1 data 41378
[   34.7416] open fd = -5
[   34.7574] open name host:/livepad.bin flag 1 data 41378
[   34.7590] open fd = -5
[   34.7593] open name host:/livedbg.cmd flag 1 data 41378
[   34.7603] open fd = -5
[   34.7759] open name host:/livepad.bin flag 1 data 41378
[   34.7772] open fd = -5
[   34.7928] open name host:/livepad.bin flag 1 data 41378
[   34.7940] open fd = -5
[   34.8102] open name host:/livepad.bin flag 1 data 41378
[   34.8115] open fd = -5
[   34.8279] open name host:/livepad.bin flag 1 data 41378
[   34.8291] open fd = -5
[   34.8456] open name host:/livepad.bin flag 1 data 41378
[   34.8469] open fd = -5
[   34.8645] open name host:/livepad.bin flag 1 data 41378
[   34.8659] open fd = -5
[   34.8662] open name host:/livedbg.cmd flag 1 data 41378
[   34.8672] open fd = -5
[   34.8828] open name host:/livepad.bin flag 1 data 41378
[   34.8841] open fd = -5
[   34.9009] open name host:/livepad.bin flag 1 data 41378
[   34.9026] open fd = -5
[   34.9186] open name host:/livepad.bin flag 1 data 41378
[   34.9199] open fd = -5
[   34.9358] open name host:/livepad.bin flag 1 data 41378
[   34.9370] open fd = -5
[   34.9526] open name host:/livepad.bin flag 1 data 41378
[   34.9540] open fd = -5
[   34.9718] open name host:/livepad.bin flag 1 data 41378
[   34.9729] open fd = -5
[   34.9732] open name host:/livedbg.cmd flag 1 data 41378
[   34.9742] open fd = -5
[   34.9912] open name host:/livepad.bin flag 1 data 41378
[   34.9925] open fd = -5
[   35.0090] open name host:/livepad.bin flag 1 data 41378
[   35.0101] open fd = -5
[   35.0266] open name host:/livepad.bin flag 1 data 41378
[   35.0280] open fd = -5
[   35.0440] open name host:/livepad.bin flag 1 data 41378
[   35.0453] open fd = -5
[   35.0618] open name host:/livepad.bin flag 1 data 41378
[   35.0630] open fd = -5
[   35.0791] open name host:/livepad.bin flag 1 data 41378
[   35.0805] open fd = -5
[   35.0809] open name host:/livedbg.cmd flag 1 data 41378
[   35.0820] open fd = -5
[   35.0987] open name host:/livepad.bin flag 1 data 41378
[   35.1002] open fd = -5
[   35.1182] open name host:/livepad.bin flag 1 data 41378
[   35.1196] open fd = -5
[   35.1205] open name host:/log.txt flag 302 data 41378
[   35.1220] open fd = 256
[   35.1388] open name host:/livepad.bin flag 1 data 41378
[   35.1405] open fd = -5
[   35.1573] open name host:/livepad.bin flag 1 data 41378
[   35.1590] open fd = -5
[   35.1757] open name host:/livepad.bin flag 1 data 41378
[   35.1771] open fd = -5
[   35.1937] open name host:/livepad.bin flag 1 data 41378
[   35.1954] open fd = -5
[   35.1957] open name host:/livedbg.cmd flag 1 data 41378
[   35.1969] open fd = -5
[   35.2133] open name host:/livepad.bin flag 1 data 41378
[   35.2146] open fd = -5
[   35.2319] open name host:/livepad.bin flag 1 data 41378
[   35.2333] open fd = -5
[   35.2508] open name host:/livepad.bin flag 1 data 41378
[   35.2523] open fd = -5
[   35.2688] open name host:/livepad.bin flag 1 data 41378
[   35.2701] open fd = -5
[   35.2866] open name host:/livepad.bin flag 1 data 41378
[   35.2883] open fd = -5
[   35.3047] open name host:/livepad.bin flag 1 data 41378
[   35.3063] open fd = -5
[   35.3066] open name host:/livedbg.cmd flag 1 data 41378
[   35.3077] open fd = -5
[   35.3238] open name host:/livepad.bin flag 1 data 41378
[   35.3251] open fd = -5
[   35.3419] open name host:/livepad.bin flag 1 data 41378
[   35.3435] open fd = -5
[   35.3601] open name host:/livepad.bin flag 1 data 41378
[   35.3616] open fd = -5
[   35.3782] open name host:/livepad.bin flag 1 data 41378
[   35.3796] open fd = -5
[   35.3966] open name host:/livepad.bin flag 1 data 41378
[   35.3980] open fd = -5
[   35.4150] open name host:/livepad.bin flag 1 data 41378
[   35.4164] open fd = -5
[   35.4169] open name host:/livedbg.cmd flag 1 data 41378
[   35.4178] open fd = -5
[   35.4350] open name host:/livepad.bin flag 1 data 41378
[   35.4363] open fd = -5
[   35.4540] open name host:/livepad.bin flag 1 data 41378
[   35.4555] open fd = -5
[   35.4753] open name host:/livepad.bin flag 1 data 41378
[   35.4767] open fd = -5
[   35.4936] open name host:/livepad.bin flag 1 data 41378
[   35.4951] open fd = -5
[   35.5116] open name host:/livepad.bin flag 1 data 41378
[   35.5130] open fd = -5
[   35.5332] open name host:/livepad.bin flag 1 data 41378
[   35.5345] open fd = -5
[   35.5349] open name host:/livedbg.cmd flag 1 data 41378
[   35.5359] open fd = -5
[   35.5543] open name host:/livepad.bin flag 1 data 41378
[   35.5557] open fd = -5
[   35.5881] open name host:/livepad.bin flag 1 data 41378
[   35.5897] open fd = -5
[   35.6141] open name host:/livepad.bin flag 1 data 41378
[   35.6157] open fd = -5
[   35.6167] open name host:/log.txt flag 302 data 41378
[   35.6183] open fd = 256
[   35.6364] open name host:/livepad.bin flag 1 data 41378
[   35.6378] open fd = -5
[   35.6562] open name host:/livepad.bin flag 1 data 41378
[   35.6577] open fd = -5
[   35.6757] open name host:/livepad.bin flag 1 data 41378
[   35.6773] open fd = -5
[   35.6776] open name host:/livedbg.cmd flag 1 data 41378
[   35.6787] open fd = -5
[   35.6818] open name host:/log.txt flag 302 data 41378
[   35.6835] open fd = 256
[   35.7006] open name host:/livepad.bin flag 1 data 41378
[   35.7020] open fd = -5
[   35.7202] open name host:/livepad.bin flag 1 data 41378
[   35.7215] open fd = -5
[   35.7401] open name host:/livepad.bin flag 1 data 41378
[   35.7414] open fd = -5
[   35.7591] open name host:/livepad.bin flag 1 data 41378
[   35.7605] open fd = -5
[   35.7798] open name host:/livepad.bin flag 1 data 41378
[   35.7820] open fd = -5
[   35.7992] open name host:/livepad.bin flag 1 data 41378
[   35.8005] open fd = -5
[   35.8007] open name host:/livedbg.cmd flag 1 data 41378
[   35.8018] open fd = -5
[   35.8181] open name host:/livepad.bin flag 1 data 41378
[   35.8194] open fd = -5
[   35.8355] open name host:/livepad.bin flag 1 data 41378
[   35.8368] open fd = -5
[   35.8534] open name host:/livepad.bin flag 1 data 41378
[   35.8547] open fd = -5
[   35.8725] FRAMEARENA frames=1440 peak=1045072 resets=4 fallbacks=0 maxFrameBytes=2731360 maxBorrowed=2028560 freeKiB=11656
[   35.8727] NATIVEVIF frames=1440 batches=1444
[   35.8729] ORDEREDFRAME frames=1440 splitFrames=3
[   35.8731] FRAMEPIPELINE starts=1440 dmaBusyStarts=1
[   35.8732] open name host:/livepad.bin flag 1 data 41378
[   35.8747] open fd = -5
[   35.8911] open name host:/livepad.bin flag 1 data 41378
[   35.8925] open fd = -5
[   35.9110] open name host:/livepad.bin flag 1 data 41378
[   35.9124] open fd = -5
[   35.9127] open name host:/livedbg.cmd flag 1 data 41378
[   35.9141] open fd = -5
[   35.9314] open name host:/livepad.bin flag 1 data 41378
[   35.9326] open fd = -5
[   35.9485] open name host:/livepad.bin flag 1 data 41378
[   35.9498] open fd = -5
[   35.9692] open name host:/livepad.bin flag 1 data 41378
[   35.9705] open fd = -5
[   35.9882] open name host:/livepad.bin flag 1 data 41378
[   35.9895] open fd = -5
[   36.0066] open name host:/livepad.bin flag 1 data 41378
[   36.0079] open fd = -5
[   36.0238] open name host:/livepad.bin flag 1 data 41378
[   36.0252] open fd = -5
[   36.0255] open name host:/livedbg.cmd flag 1 data 41378
[   36.0266] open fd = -5
[   36.0430] open name host:/livepad.bin flag 1 data 41378
[   36.0442] open fd = -5
[   36.0616] open name host:/livepad.bin flag 1 data 41378
[   36.0628] open fd = -5
[   36.0789] open name host:/livepad.bin flag 1 data 41378
[   36.0800] open fd = -5
[   36.0966] open name host:/livepad.bin flag 1 data 41378
[   36.0979] open fd = -5
[   36.0988] open name host:/log.txt flag 302 data 41378
[   36.1005] open fd = 256
[   36.1189] open name host:/livepad.bin flag 1 data 41378
[   36.1201] open fd = -5
[   36.1369] open name host:/livepad.bin flag 1 data 41378
[   36.1381] open fd = -5
[   36.1383] open name host:/livedbg.cmd flag 1 data 41378
[   36.1394] open fd = -5
[   36.1556] open name host:/livepad.bin flag 1 data 41378
[   36.1567] open fd = -5
[   36.1731] open name host:/livepad.bin flag 1 data 41378
[   36.1745] open fd = -5
[   36.1917] open name host:/livepad.bin flag 1 data 41378
[   36.1936] open fd = -5
[   36.2115] open name host:/livepad.bin flag 1 data 41378
[   36.2128] open fd = -5
[   36.2295] open name host:/livepad.bin flag 1 data 41378
[   36.2307] open fd = -5
[   36.2473] open name host:/livepad.bin flag 1 data 41378
[   36.2484] open fd = -5
[   36.2486] open name host:/livedbg.cmd flag 1 data 41378
[   36.2498] open fd = -5
[   36.2673] open name host:/livepad.bin flag 1 data 41378
[   36.2687] open fd = -5
[   36.2845] open name host:/livepad.bin flag 1 data 41378
[   36.2857] open fd = -5
[   36.3029] open name host:/livepad.bin flag 1 data 41378
[   36.3040] open fd = -5
[   36.3202] open name host:/livepad.bin flag 1 data 41378
[   36.3212] open fd = -5
[   36.3380] open name host:/livepad.bin flag 1 data 41378
[   36.3395] open fd = -5
[   36.3555] open name host:/livepad.bin flag 1 data 41378
[   36.3568] open fd = -5
[   36.3571] open name host:/livedbg.cmd flag 1 data 41378
[   36.3583] open fd = -5
[   36.3746] open name host:/livepad.bin flag 1 data 41378
[   36.3757] open fd = -5
[   36.3777] open name host:/log.txt flag 302 data 41378
[   36.3794] open fd = 256
[   36.3815] open name host:/log.txt flag 302 data 41378
[   36.3833] open fd = 256
[   36.4000] open name host:/livepad.bin flag 1 data 41378
[   36.4011] open fd = -5
[   36.4028] open name host:/log.txt flag 302 data 41378
[   36.4043] open fd = 256
[   36.4064] open name host:/log.txt flag 302 data 41378
[   36.4080] open fd = 256
[   36.4257] open name host:/livepad.bin flag 1 data 41378
[   36.4267] open fd = -5
[   36.4295] open name host:/log.txt flag 302 data 41378
[   36.4309] open fd = 256
[   36.4327] open name host:/log.txt flag 302 data 41378
[   36.4344] open fd = 256
[   36.4517] open name host:/livepad.bin flag 1 data 41378
[   36.4529] open fd = -5
[   36.4546] open name host:/log.txt flag 302 data 41378
[   36.4562] open fd = 256
[   36.4582] open name host:/log.txt flag 302 data 41378
[   36.4599] open fd = 256
[   36.4777] open name host:/livepad.bin flag 1 data 41378
[   36.4788] open fd = -5
[   36.4804] open name host:/log.txt flag 302 data 41378
[   36.4819] open fd = 256
[   36.4837] open name host:/log.txt flag 302 data 41378
[   36.4853] open fd = 256
[   36.5020] open name host:/livepad.bin flag 1 data 41378
[   36.5031] open fd = -5
[   36.5033] open name host:/livedbg.cmd flag 1 data 41378
[   36.5044] open fd = -5
[   36.5062] open name host:/log.txt flag 302 data 41378
[   36.5079] open fd = 256
[   36.5099] open name host:/log.txt flag 302 data 41378
[   36.5115] open fd = 256
[   36.5281] open name host:/livepad.bin flag 1 data 41378
[   36.5292] open fd = -5
[   36.5310] open name host:/log.txt flag 302 data 41378
[   36.5326] open fd = 256
[   36.5343] open name host:/log.txt flag 302 data 41378
[   36.5359] open fd = 256
[   36.5522] open name host:/livepad.bin flag 1 data 41378
[   36.5535] open fd = -5
[   36.5548] open name host:/log.txt flag 302 data 41378
[   36.5565] open fd = 256
[   36.5581] open name host:/log.txt flag 302 data 41378
[   36.5598] open fd = 256
[   36.5783] open name host:/livepad.bin flag 1 data 41378
[   36.5794] open fd = -5
[   36.5808] open name host:/log.txt flag 302 data 41378
[   36.5825] open fd = 256
[   36.5842] open name host:/log.txt flag 302 data 41378
[   36.5859] open fd = 256
[   36.6035] open name host:/livepad.bin flag 1 data 41378
[   36.6046] open fd = -5
[   36.6229] open name host:/livepad.bin flag 1 data 41378
[   36.6239] open fd = -5
[   36.6245] open name host:/log.txt flag 302 data 41378
[   36.6261] open fd = 256
[   36.6439] open name host:/livepad.bin flag 1 data 41378
[   36.6451] open fd = -5
[   36.6454] open name host:/livedbg.cmd flag 1 data 41378
[   36.6465] open fd = -5
[   36.6640] open name host:/livepad.bin flag 1 data 41378
[   36.6650] open fd = -5
[   36.6818] open name host:/livepad.bin flag 1 data 41378
[   36.6829] open fd = -5
[   36.6858] open name host:/log.txt flag 302 data 41378
[   36.6873] open fd = 256
[   36.7041] open name host:/livepad.bin flag 1 data 41378
[   36.7052] open fd = -5
[   36.7228] open name host:/livepad.bin flag 1 data 41378
[   36.7246] open fd = -5
[   36.7407] open name host:/livepad.bin flag 1 data 41378
[   36.7418] open fd = -5
[   36.7587] open name host:/livepad.bin flag 1 data 41378
[   36.7598] open fd = -5
[   36.7602] open name host:/livedbg.cmd flag 1 data 41378
[   36.7612] open fd = -5
[   36.7789] open name host:/livepad.bin flag 1 data 41378
[   36.7801] open fd = -5
[   36.7980] open name host:/livepad.bin flag 1 data 41378
[   36.7991] open fd = -5
[   36.8159] open name host:/livepad.bin flag 1 data 41378
[   36.8171] open fd = -5
[   36.8355] open name host:/livepad.bin flag 1 data 41378
[   36.8367] open fd = -5
[   36.8537] open name host:/livepad.bin flag 1 data 41378
[   36.8549] open fd = -5
[   36.8725] open name host:/livepad.bin flag 1 data 41378
[   36.8743] open fd = -5
[   36.8746] open name host:/livedbg.cmd flag 1 data 41378
[   36.8758] open fd = -5
[   36.8935] open name host:/livepad.bin flag 1 data 41378
[   36.8947] open fd = -5
[   36.9114] open name host:/livepad.bin flag 1 data 41378
[   36.9129] open fd = -5
[   36.9303] open name host:/livepad.bin flag 1 data 41378
[   36.9313] open fd = -5
[   36.9330] open name host:/log.txt flag 302 data 41378
[   36.9348] open fd = 256
[   36.9511] open name host:/livepad.bin flag 1 data 41378
[   36.9523] open fd = -5
[   36.9688] open name host:/livepad.bin flag 1 data 41378
[   36.9700] open fd = -5
[   36.9871] open name host:/livepad.bin flag 1 data 41378
[   36.9883] open fd = -5
[   36.9886] open name host:/livedbg.cmd flag 1 data 41378
[   36.9896] open fd = -5
[   37.0065] open name host:/livepad.bin flag 1 data 41378
[   37.0077] open fd = -5
[   37.0251] open name host:/livepad.bin flag 1 data 41378
[   37.0261] open fd = -5
[   37.0280] open name host:/log.txt flag 302 data 41378
[   37.0298] open fd = 256
[   37.0319] open name host:/log.txt flag 302 data 41378
[   37.0336] open fd = 256
[   37.0512] open name host:/livepad.bin flag 1 data 41378
[   37.0524] open fd = -5
[   37.0552] open name host:/log.txt flag 302 data 41378
[   37.0570] open fd = 256
[   37.0591] open name host:/log.txt flag 302 data 41378
[   37.0608] open fd = 256
[   37.0763] open name host:/livepad.bin flag 1 data 41378
[   37.0776] open fd = -5
[   37.0795] open name host:/log.txt flag 302 data 41378
[   37.0812] open fd = 256
[   37.0829] open name host:/log.txt flag 302 data 41378
[   37.0846] open fd = 256
[   37.0883] open name host:/log.txt flag 302 data 41378
[   37.0904] open fd = 256
[   37.1081] open name host:/livepad.bin flag 1 data 41378
[   37.1092] open fd = -5
[   37.1108] open name host:/log.txt flag 302 data 41378
[   37.1124] open fd = 256
[   37.1143] open name host:/log.txt flag 302 data 41378
[   37.1159] open fd = 256
[   37.1321] open name host:/livepad.bin flag 1 data 41378
[   37.1332] open fd = -5
[   37.1334] open name host:/livedbg.cmd flag 1 data 41378
[   37.1344] open fd = -5
[   37.1350] open name host:/log.txt flag 302 data 41378
[   37.1367] open fd = 256
[   37.1389] open name host:/log.txt flag 302 data 41378
[   37.1407] open fd = 256
[   37.1426] open name host:/log.txt flag 302 data 41378
[   37.1443] open fd = 256
[   37.1610] open name host:/livepad.bin flag 1 data 41378
[   37.1622] open fd = -5
[   37.1638] open name host:/log.txt flag 302 data 41378
[   37.1654] open fd = 256
[   37.1669] open name host:/log.txt flag 302 data 41378
[   37.1686] open fd = 256
[   37.1857] open name host:/livepad.bin flag 1 data 41378
[   37.1870] open fd = -5
[   37.1884] open name host:/log.txt flag 302 data 41378
[   37.1900] open fd = 256
[   37.1919] open name host:/log.txt flag 302 data 41378
[   37.1939] open fd = 256
[   37.2116] open name host:/livepad.bin flag 1 data 41378
[   37.2128] open fd = -5
[   37.2153] open name host:/log.txt flag 302 data 41378
[   37.2172] open fd = 256
[   37.2190] open name host:/log.txt flag 302 data 41378
[   37.2208] open fd = 256
[   37.2374] open name host:/livepad.bin flag 1 data 41378
[   37.2386] open fd = -5
[   37.2564] open name host:/livepad.bin flag 1 data 41378
[   37.2577] open fd = -5
[   37.2745] open name host:/livepad.bin flag 1 data 41378
[   37.2759] open fd = -5
[   37.2762] open name host:/livedbg.cmd flag 1 data 41378
[   37.2774] open fd = -5
[   37.2946] open name host:/livepad.bin flag 1 data 41378
[   37.2958] open fd = -5
[   37.3125] open name host:/livepad.bin flag 1 data 41378
[   37.3140] open fd = -5
[   37.3306] open name host:/livepad.bin flag 1 data 41378
[   37.3318] open fd = -5
[   37.3486] open name host:/livepad.bin flag 1 data 41378
[   37.3496] open fd = -5
[   37.3661] open name host:/livepad.bin flag 1 data 41378
[   37.3671] open fd = -5
[   37.3836] open name host:/livepad.bin flag 1 data 41378
[   37.3849] open fd = -5
[   37.3852] open name host:/livedbg.cmd flag 1 data 41378
[   37.3863] open fd = -5
[   37.4029] open name host:/livepad.bin flag 1 data 41378
[   37.4041] open fd = -5
[   37.4230] open name host:/livepad.bin flag 1 data 41378
[   37.4243] open fd = -5
[   37.4408] open name host:/livepad.bin flag 1 data 41378
[   37.4422] open fd = -5
[   37.4603] open name host:/livepad.bin flag 1 data 41378
[   37.4614] open fd = -5
[   37.4776] open name host:/livepad.bin flag 1 data 41378
[   37.4789] open fd = -5
[   37.4957] open name host:/livepad.bin flag 1 data 41378
[   37.4969] open fd = -5
[   37.4972] open name host:/livedbg.cmd flag 1 data 41378
[   37.4984] open fd = -5
[   37.5171] open name host:/livepad.bin flag 1 data 41378
[   37.5185] open fd = -5
[   37.5372] open name host:/livepad.bin flag 1 data 41378
[   37.5384] open fd = -5
[   37.5552] open name host:/livepad.bin flag 1 data 41378
[   37.5562] open fd = -5
[   37.5733] open name host:/livepad.bin flag 1 data 41378
[   37.5745] open fd = -5
[   37.5931] open name host:/livepad.bin flag 1 data 41378
[   37.5943] open fd = -5
[   37.6107] open name host:/livepad.bin flag 1 data 41378
[   37.6120] open fd = -5
[   37.6125] open name host:/livedbg.cmd flag 1 data 41378
[   37.6135] open fd = -5
[   37.6298] open name host:/livepad.bin flag 1 data 41378
[   37.6311] open fd = -5
[   37.6318] open name host:/log.txt flag 302 data 41378
[   37.6338] open fd = 256
[   37.6525] open name host:/livepad.bin flag 1 data 41378
[   37.6536] open fd = -5
[   37.6710] open name host:/livepad.bin flag 1 data 41378
[   37.6722] open fd = -5
[   37.6893] open name host:/livepad.bin flag 1 data 41378
[   37.6904] open fd = -5
[   37.6928] open name host:/log.txt flag 302 data 41378
[   37.6944] open fd = 256
[   37.7104] open name host:/livepad.bin flag 1 data 41378
[   37.7118] open fd = -5
[   37.7290] open name host:/livepad.bin flag 1 data 41378
[   37.7304] open fd = -5
[   37.7308] open name host:/livedbg.cmd flag 1 data 41378
[   37.7319] open fd = -5
[   37.7489] open name host:/livepad.bin flag 1 data 41378
[   37.7500] open fd = -5
[   37.7667] open name host:/livepad.bin flag 1 data 41378
[   37.7678] open fd = -5
[   37.7849] open name host:/livepad.bin flag 1 data 41378
[   37.7862] open fd = -5
[   37.8027] open name host:/livepad.bin flag 1 data 41378
[   37.8038] open fd = -5
[   37.8211] open name host:/livepad.bin flag 1 data 41378
[   37.8222] open fd = -5
[   37.8397] open name host:/livepad.bin flag 1 data 41378
[   37.8408] open fd = -5
[   37.8412] open name host:/livedbg.cmd flag 1 data 41378
[   37.8424] open fd = -5
[   37.8585] open name host:/livepad.bin flag 1 data 41378
[   37.8596] open fd = -5
[   37.8763] open name host:/livepad.bin flag 1 data 41378
[   37.8775] open fd = -5
[   37.8964] open name host:/livepad.bin flag 1 data 41378
[   37.8977] open fd = -5
[   37.9151] open name host:/livepad.bin flag 1 data 41378
[   37.9162] open fd = -5
[   37.9328] open name host:/livepad.bin flag 1 data 41378
[   37.9341] open fd = -5
[   37.9520] open name host:/livepad.bin flag 1 data 41378
[   37.9532] open fd = -5
[   37.9533] open name host:/livedbg.cmd flag 1 data 41378
[   37.9542] open fd = -5
[   37.9705] open name host:/livepad.bin flag 1 data 41378
[   37.9716] open fd = -5
[   37.9893] open name host:/livepad.bin flag 1 data 41378
[   37.9904] open fd = -5
[   38.0063] open name host:/livepad.bin flag 1 data 41378
[   38.0077] open fd = -5
[   38.0248] open name host:/livepad.bin flag 1 data 41378
[   38.0261] open fd = -5
[   38.0424] open name host:/livepad.bin flag 1 data 41378
[   38.0435] open fd = -5
[   38.0605] open name host:/livepad.bin flag 1 data 41378
[   38.0615] open fd = -5
[   38.0618] open name host:/livedbg.cmd flag 1 data 41378
[   38.0631] open fd = -5
[   38.0799] open name host:/livepad.bin flag 1 data 41378
[   38.0810] open fd = -5
[   38.0981] open name host:/livepad.bin flag 1 data 41378
[   38.0992] open fd = -5
[   38.0999] open name host:/log.txt flag 302 data 41378
[   38.1019] open fd = 256
[   38.1223] open name host:/livepad.bin flag 1 data 41378
[   38.1245] open fd = -5
[   38.1417] open name host:/livepad.bin flag 1 data 41378
[   38.1429] open fd = -5
[   38.1592] open name host:/livepad.bin flag 1 data 41378
[   38.1604] open fd = -5
[   38.1770] open name host:/livepad.bin flag 1 data 41378
[   38.1781] open fd = -5
[   38.1784] open name host:/livedbg.cmd flag 1 data 41378
[   38.1796] open fd = -5
[   38.1965] open name host:/livepad.bin flag 1 data 41378
[   38.1976] open fd = -5
[   38.2137] open name host:/livepad.bin flag 1 data 41378
[   38.2147] open fd = -5
[   38.2314] open name host:/livepad.bin flag 1 data 41378
[   38.2327] open fd = -5
[   38.2496] FRAMEARENA frames=1560 peak=1045072 resets=4 fallbacks=0 maxFrameBytes=2731360 maxBorrowed=2028560 freeKiB=12389
[   38.2498] NATIVEVIF frames=1560 batches=1564
[   38.2500] ORDEREDFRAME frames=1560 splitFrames=3
[   38.2501] FRAMEPIPELINE starts=1560 dmaBusyStarts=1
[   38.2502] open name host:/livepad.bin flag 1 data 41378
[   38.2512] open fd = -5
[   38.2671] open name host:/livepad.bin flag 1 data 41378
[   38.2685] open fd = -5
[   38.2849] open name host:/livepad.bin flag 1 data 41378
[   38.2861] open fd = -5
[   38.2864] open name host:/livedbg.cmd flag 1 data 41378
[   38.2878] open fd = -5
[   38.3040] open name host:/livepad.bin flag 1 data 41378
[   38.3054] open fd = -5
[   38.3221] open name host:/livepad.bin flag 1 data 41378
[   38.3232] open fd = -5
[   38.3391] open name host:/livepad.bin flag 1 data 41378
[   38.3404] open fd = -5
[   38.3580] open name host:/livepad.bin flag 1 data 41378
[   38.3592] open fd = -5
[   38.3766] open name host:/livepad.bin flag 1 data 41378
[   38.3777] open fd = -5
[   38.3941] open name host:/livepad.bin flag 1 data 41378
[   38.3953] open fd = -5
[   38.3957] open name host:/livedbg.cmd flag 1 data 41378
[   38.3972] open fd = -5
[   38.4132] open name host:/livepad.bin flag 1 data 41378
[   38.4144] open fd = -5
[   38.4310] open name host:/livepad.bin flag 1 data 41378
[   38.4322] open fd = -5
[   38.4494] open name host:/livepad.bin flag 1 data 41378
[   38.4506] open fd = -5
[   38.4675] open name host:/livepad.bin flag 1 data 41378
[   38.4689] open fd = -5
[   38.4859] open name host:/livepad.bin flag 1 data 41378
[   38.4869] open fd = -5
[   38.4967] open name host:/log.txt flag 302 data 41378
[   38.4983] open fd = 256
[   38.5002] open name host:/log.txt flag 302 data 41378
[   38.5016] open fd = 256
[   38.5039] open name host:/log.txt flag 302 data 41378
[   38.5057] open fd = 256
[   38.5375] open name host:/livepad.bin flag 1 data 41378
[   38.5387] open fd = -5
[   38.5389] open name host:/livedbg.cmd flag 1 data 41378
[   38.5401] open fd = -5
[   38.5573] open name host:/livepad.bin flag 1 data 41378
[   38.5586] open fd = -5
[   38.5747] open name host:/livepad.bin flag 1 data 41378
[   38.5758] open fd = -5
[   38.5766] open name host:/log.txt flag 302 data 41378
[   38.5782] open fd = 256
[   38.5973] open name host:/livepad.bin flag 1 data 41378
[   38.5985] open fd = -5
[   38.6156] open name host:/livepad.bin flag 1 data 41378
[   38.6169] open fd = -5
[   38.6347] open name host:/livepad.bin flag 1 data 41378
[   38.6359] open fd = -5
[   38.6520] open name host:/livepad.bin flag 1 data 41378
[   38.6531] open fd = -5
[   38.6535] open name host:/livedbg.cmd flag 1 data 41378
[   38.6545] open fd = -5
[   38.6580] open name host:/log.txt flag 302 data 41378
[   38.6598] open fd = 256
[   38.6803] open name host:/livepad.bin flag 1 data 41378
[   38.6815] open fd = -5
[   38.6999] open name host:/livepad.bin flag 1 data 41378
[   38.7011] open fd = -5
[   38.7174] open name host:/livepad.bin flag 1 data 41378
[   38.7185] open fd = -5
[   38.7350] open name host:/livepad.bin flag 1 data 41378
[   38.7365] open fd = -5
[   38.7536] open name host:/livepad.bin flag 1 data 41378
[   38.7547] open fd = -5
[   38.7728] open name host:/livepad.bin flag 1 data 41378
[   38.7743] open fd = -5
[   38.7746] open name host:/livedbg.cmd flag 1 data 41378
[   38.7757] open fd = -5
[   38.7926] open name host:/livepad.bin flag 1 data 41378
[   38.7939] open fd = -5
[   38.8118] open name host:/livepad.bin flag 1 data 41378
[   38.8130] open fd = -5
[   38.8306] open name host:/livepad.bin flag 1 data 41378
[   38.8317] open fd = -5
[   38.8495] open name host:/livepad.bin flag 1 data 41378
[   38.8509] open fd = -5
[   38.8684] open name host:/livepad.bin flag 1 data 41378
[   38.8698] open fd = -5
[   38.8878] open name host:/livepad.bin flag 1 data 41378
[   38.8890] open fd = -5
[   38.8894] open name host:/livedbg.cmd flag 1 data 41378
[   38.8906] open fd = -5
[   38.9083] open name host:/livepad.bin flag 1 data 41378
[   38.9098] open fd = -5
[   38.9281] open name host:/livepad.bin flag 1 data 41378
[   38.9294] open fd = -5
[   38.9475] open name host:/livepad.bin flag 1 data 41378
[   38.9488] open fd = -5
[   38.9674] open name host:/livepad.bin flag 1 data 41378
[   38.9686] open fd = -5
[   38.9870] open name host:/livepad.bin flag 1 data 41378
[   38.9881] open fd = -5
[   39.0058] open name host:/livepad.bin flag 1 data 41378
[   39.0069] open fd = -5
[   39.0073] open name host:/livedbg.cmd flag 1 data 41378
[   39.0084] open fd = -5
[   39.0260] open name host:/livepad.bin flag 1 data 41378
[   39.0276] open fd = -5
[   39.0447] open name host:/livepad.bin flag 1 data 41378
[   39.0462] open fd = -5
[   39.0633] open name host:/livepad.bin flag 1 data 41378
[   39.0645] open fd = -5
[   39.0652] open name host:/log.txt flag 302 data 41378
[   39.0669] open fd = 256
[   39.0847] open name host:/livepad.bin flag 1 data 41378
[   39.0858] open fd = -5
[   39.1028] open name host:/livepad.bin flag 1 data 41378
[   39.1042] open fd = -5
[   39.1209] open name host:/livepad.bin flag 1 data 41378
[   39.1221] open fd = -5
[   39.1223] open name host:/livedbg.cmd flag 1 data 41378
[   39.1236] open fd = -5
[   39.1402] open name host:/livepad.bin flag 1 data 41378
[   39.1415] open fd = -5
[   39.1589] open name host:/livepad.bin flag 1 data 41378
[   39.1602] open fd = -5
[   39.1795] open name host:/livepad.bin flag 1 data 41378
[   39.1808] open fd = -5
[   39.1980] open name host:/livepad.bin flag 1 data 41378
[   39.1994] open fd = -5
[   39.2175] open name host:/livepad.bin flag 1 data 41378
[   39.2189] open fd = -5
[   39.2361] open name host:/livepad.bin flag 1 data 41378
[   39.2373] open fd = -5
[   39.2377] open name host:/livedbg.cmd flag 1 data 41378
[   39.2387] open fd = -5
[   39.2560] open name host:/livepad.bin flag 1 data 41378
[   39.2572] open fd = -5
[   39.2737] open name host:/livepad.bin flag 1 data 41378
[   39.2755] open fd = -5
[   39.2921] open name host:/livepad.bin flag 1 data 41378
[   39.2933] open fd = -5
[   39.3108] open name host:/livepad.bin flag 1 data 41378
[   39.3120] open fd = -5
[   39.3289] open name host:/livepad.bin flag 1 data 41378
[   39.3301] open fd = -5
[   39.3470] open name host:/livepad.bin flag 1 data 41378
[   39.3481] open fd = -5
[   39.3483] open name host:/livedbg.cmd flag 1 data 41378
[   39.3496] open fd = -5
[   39.3681] open name host:/livepad.bin flag 1 data 41378
[   39.3693] open fd = -5
[   39.3873] open name host:/livepad.bin flag 1 data 41378
[   39.3885] open fd = -5
[   39.4070] open name host:/livepad.bin flag 1 data 41378
[   39.4082] open fd = -5
[   39.4249] open name host:/livepad.bin flag 1 data 41378
[   39.4261] open fd = -5
[   39.4438] open name host:/livepad.bin flag 1 data 41378
[   39.4452] open fd = -5
[   39.4629] open name host:/livepad.bin flag 1 data 41378
[   39.4640] open fd = -5
[   39.4644] open name host:/livedbg.cmd flag 1 data 41378
[   39.4654] open fd = -5
[   39.4830] open name host:/livepad.bin flag 1 data 41378
[   39.4843] open fd = -5
[   39.5008] open name host:/livepad.bin flag 1 data 41378
[   39.5021] open fd = -5
[   39.5194] open name host:/livepad.bin flag 1 data 41378
[   39.5206] open fd = -5
[   39.5371] open name host:/livepad.bin flag 1 data 41378
[   39.5383] open fd = -5
[   39.5392] open name host:/log.txt flag 302 data 41378
[   39.5409] open fd = 256
[   39.5617] open name host:/livepad.bin flag 1 data 41378
[   39.5629] open fd = -5
[   39.5799] open name host:/livepad.bin flag 1 data 41378
[   39.5809] open fd = -5
[   39.5812] open name host:/livedbg.cmd flag 1 data 41378
[   39.5822] open fd = -5
[   39.5993] open name host:/livepad.bin flag 1 data 41378
[   39.6004] open fd = -5
[   39.6186] open name host:/livepad.bin flag 1 data 41378
[   39.6198] open fd = -5
[   39.6224] open name host:/log.txt flag 302 data 41378
[   39.6241] open fd = 256
[   39.6401] open name host:/livepad.bin flag 1 data 41378
[   39.6412] open fd = -5
[   39.6581] open name host:/livepad.bin flag 1 data 41378
[   39.6592] open fd = -5
[   39.6773] open name host:/livepad.bin flag 1 data 41378
[   39.6786] open fd = -5
[   39.6979] open name host:/livepad.bin flag 1 data 41378
[   39.6989] open fd = -5
[   39.6993] open name host:/livedbg.cmd flag 1 data 41378
[   39.7003] open fd = -5
[   39.7175] open name host:/livepad.bin flag 1 data 41378
[   39.7186] open fd = -5
[   39.7352] open name host:/livepad.bin flag 1 data 41378
[   39.7366] open fd = -5
[   39.7539] open name host:/livepad.bin flag 1 data 41378
[   39.7551] open fd = -5
[   39.7744] open name host:/livepad.bin flag 1 data 41378
[   39.7755] open fd = -5
[   39.7944] open name host:/livepad.bin flag 1 data 41378
[   39.7957] open fd = -5
[   39.8148] open name host:/livepad.bin flag 1 data 41378
[   39.8161] open fd = -5
[   39.8166] open name host:/livedbg.cmd flag 1 data 41378
[   39.8179] open fd = -5
[   39.8378] open name host:/livepad.bin flag 1 data 41378
[   39.8390] open fd = -5
[   39.8565] open name host:/livepad.bin flag 1 data 41378
[   39.8580] open fd = -5
[   39.8784] open name host:/livepad.bin flag 1 data 41378
[   39.8796] open fd = -5
[   39.8810] open name host:/log.txt flag 302 data 41378
[   39.8829] open fd = 256
[   39.9016] open name host:/livepad.bin flag 1 data 41378
[   39.9027] open fd = -5
[   39.9205] open name host:/livepad.bin flag 1 data 41378
[   39.9216] open fd = -5
[   39.9390] open name host:/livepad.bin flag 1 data 41378
[   39.9403] open fd = -5
[   39.9406] open name host:/livedbg.cmd flag 1 data 41378
[   39.9417] open fd = -5
[   39.9589] open name host:/livepad.bin flag 1 data 41378
[   39.9601] open fd = -5
[   39.9780] open name host:/livepad.bin flag 1 data 41378
[   39.9793] open fd = -5
[   39.9977] open name host:/livepad.bin flag 1 data 41378
[   39.9989] open fd = -5
[   40.0160] open name host:/livepad.bin flag 1 data 41378
[   40.0173] open fd = -5
[   40.0349] open name host:/livepad.bin flag 1 data 41378
[   40.0360] open fd = -5
[   40.0364] open name host:/log.txt flag 302 data 41378
[   40.0380] open fd = 256
[   40.0561] open name host:/livepad.bin flag 1 data 41378
[   40.0571] open fd = -5
[   40.0575] open name host:/livedbg.cmd flag 1 data 41378
[   40.0586] open fd = -5
[   40.0761] open name host:/livepad.bin flag 1 data 41378
[   40.0775] open fd = -5
[   40.0936] open name host:/livepad.bin flag 1 data 41378
[   40.0948] open fd = -5
[   40.1127] open name host:/livepad.bin flag 1 data 41378
[   40.1138] open fd = -5
[   40.1311] open name host:/livepad.bin flag 1 data 41378
[   40.1323] open fd = -5
[   40.1494] open name host:/livepad.bin flag 1 data 41378
[   40.1506] open fd = -5
[   40.1672] open name host:/livepad.bin flag 1 data 41378
[   40.1683] open fd = -5
[   40.1688] open name host:/livedbg.cmd flag 1 data 41378
[   40.1697] open fd = -5
[   40.1857] open name host:/livepad.bin flag 1 data 41378
[   40.1872] open fd = -5
[   40.2051] open name host:/livepad.bin flag 1 data 41378
[   40.2062] open fd = -5
[   40.2228] open name host:/livepad.bin flag 1 data 41378
[   40.2239] open fd = -5
[   40.2416] open name host:/livepad.bin flag 1 data 41378
[   40.2426] open fd = -5
[   40.2593] open name host:/livepad.bin flag 1 data 41378
[   40.2605] open fd = -5
[   40.2786] open name host:/livepad.bin flag 1 data 41378
[   40.2797] open fd = -5
[   40.2799] open name host:/livedbg.cmd flag 1 data 41378
[   40.2811] open fd = -5
[   40.2983] open name host:/livepad.bin flag 1 data 41378
[   40.2994] open fd = -5
[   40.3157] open name host:/livepad.bin flag 1 data 41378
[   40.3169] open fd = -5
[   40.3334] open name host:/livepad.bin flag 1 data 41378
[   40.3347] open fd = -5
[   40.3525] open name host:/livepad.bin flag 1 data 41378
[   40.3537] open fd = -5
[   40.3719] open name host:/livepad.bin flag 1 data 41378
[   40.3730] open fd = -5
[   40.3898] open name host:/livepad.bin flag 1 data 41378
[   40.3911] open fd = -5
[   40.3915] open name host:/livedbg.cmd flag 1 data 41378
[   40.3925] open fd = -5
[   40.4091] open name host:/livepad.bin flag 1 data 41378
[   40.4103] open fd = -5
[   40.4280] open name host:/livepad.bin flag 1 data 41378
[   40.4293] open fd = -5
[   40.4473] open name host:/livepad.bin flag 1 data 41378
[   40.4486] open fd = -5
[   40.4661] open name host:/livepad.bin flag 1 data 41378
[   40.4675] open fd = -5
[   40.4838] open name host:/livepad.bin flag 1 data 41378
[   40.4849] open fd = -5
[   40.5022] open name host:/livepad.bin flag 1 data 41378
[   40.5033] open fd = -5
[   40.5035] open name host:/livedbg.cmd flag 1 data 41378
[   40.5044] open fd = -5
[   40.5050] open name host:/log.txt flag 302 data 41378
[   40.5066] open fd = 256
[   40.5255] open name host:/livepad.bin flag 1 data 41378
[   40.5268] open fd = -5
[   40.5440] open name host:/livepad.bin flag 1 data 41378
[   40.5455] open fd = -5
[   40.5618] open name host:/livepad.bin flag 1 data 41378
[   40.5630] open fd = -5
[   40.5807] FRAMEARENA frames=1680 peak=1045072 resets=4 fallbacks=0 maxFrameBytes=2731360 maxBorrowed=2028560 freeKiB=12397
[   40.5811] NATIVEVIF frames=1680 batches=1684
[   40.5812] ORDEREDFRAME frames=1680 splitFrames=3
[   40.5813] FRAMEPIPELINE starts=1680 dmaBusyStarts=1
[   40.5815] open name host:/livepad.bin flag 1 data 41378
[   40.5826] open fd = -5
[   40.5851] open name host:/log.txt flag 302 data 41378
[   40.5866] open fd = 256
[   40.6030] open name host:/livepad.bin flag 1 data 41378
[   40.6041] open fd = -5
[   40.6215] open name host:/livepad.bin flag 1 data 41378
[   40.6227] open fd = -5
[   40.6230] open name host:/livedbg.cmd flag 1 data 41378
[   40.6243] open fd = -5
[   40.6418] open name host:/livepad.bin flag 1 data 41378
[   40.6429] open fd = -5
[   40.6595] open name host:/livepad.bin flag 1 data 41378
[   40.6606] open fd = -5
[   40.6768] open name host:/livepad.bin flag 1 data 41378
[   40.6780] open fd = -5
[   40.6951] open name host:/livepad.bin flag 1 data 41378
[   40.6963] open fd = -5
[   40.7151] open name host:/livepad.bin flag 1 data 41378
[   40.7164] open fd = -5
[   40.7337] open name host:/livepad.bin flag 1 data 41378
[   40.7348] open fd = -5
[   40.7351] open name host:/livedbg.cmd flag 1 data 41378
[   40.7360] open fd = -5
[   40.7520] open name host:/livepad.bin flag 1 data 41378
[   40.7533] open fd = -5
[   40.7707] open name host:/livepad.bin flag 1 data 41378
[   40.7723] open fd = -5
[   40.7885] open name host:/livepad.bin flag 1 data 41378
[   40.7896] open fd = -5
[   40.8079] open name host:/livepad.bin flag 1 data 41378
[   40.8094] open fd = -5
[   40.8271] open name host:/livepad.bin flag 1 data 41378
[   40.8283] open fd = -5
[   40.8469] open name host:/livepad.bin flag 1 data 41378
[   40.8481] open fd = -5
[   40.8484] open name host:/livedbg.cmd flag 1 data 41378
[   40.8496] open fd = -5
[   40.8665] open name host:/livepad.bin flag 1 data 41378
[   40.8678] open fd = -5
[   40.8848] open name host:/livepad.bin flag 1 data 41378
[   40.8858] open fd = -5
[   40.9022] open name host:/livepad.bin flag 1 data 41378
[   40.9032] open fd = -5
[   40.9199] open name host:/livepad.bin flag 1 data 41378
[   40.9210] open fd = -5
[   40.9381] open name host:/livepad.bin flag 1 data 41378
[   40.9394] open fd = -5
[   40.9559] open name host:/livepad.bin flag 1 data 41378
[   40.9571] open fd = -5
[   40.9575] open name host:/livedbg.cmd flag 1 data 41378
[   40.9586] open fd = -5
[   40.9762] open name host:/livepad.bin flag 1 data 41378
[   40.9777] open fd = -5
[   40.9782] open name host:/log.txt flag 302 data 41378
[   40.9798] open fd = 256
[   40.9988] open name host:/livepad.bin flag 1 data 41378
[   41.0001] open fd = -5
[   41.0188] open name host:/livepad.bin flag 1 data 41378
[   41.0199] open fd = -5
[   41.0378] open name host:/livepad.bin flag 1 data 41378
[   41.0390] open fd = -5
[   41.0567] open name host:/livepad.bin flag 1 data 41378
[   41.0578] open fd = -5
[   41.0756] open name host:/livepad.bin flag 1 data 41378
[   41.0768] open fd = -5
[   41.0770] open name host:/livedbg.cmd flag 1 data 41378
[   41.0784] open fd = -5
[   41.0946] open name host:/livepad.bin flag 1 data 41378
[   41.0957] open fd = -5
[   41.1125] open name host:/livepad.bin flag 1 data 41378
[   41.1136] open fd = -5
[   41.1303] open name host:/livepad.bin flag 1 data 41378
[   41.1315] open fd = -5
[   41.1481] open name host:/livepad.bin flag 1 data 41378
[   41.1491] open fd = -5
[   41.1653] open name host:/livepad.bin flag 1 data 41378
[   41.1665] open fd = -5
[   41.1829] open name host:/livepad.bin flag 1 data 41378
[   41.1842] open fd = -5
[   41.1845] open name host:/livedbg.cmd flag 1 data 41378
[   41.1856] open fd = -5
[   41.2031] open name host:/livepad.bin flag 1 data 41378
[   41.2043] open fd = -5
[   41.2219] open name host:/livepad.bin flag 1 data 41378
[   41.2229] open fd = -5
[   41.2404] open name host:/livepad.bin flag 1 data 41378
[   41.2417] open fd = -5
[   41.2580] open name host:/livepad.bin flag 1 data 41378
[   41.2596] open fd = -5
[   41.2759] open name host:/livepad.bin flag 1 data 41378
[   41.2773] open fd = -5
[   41.2931] open name host:/livepad.bin flag 1 data 41378
[   41.2942] open fd = -5
[   41.2947] open name host:/livedbg.cmd flag 1 data 41378
[   41.2957] open fd = -5
[   41.3118] open name host:/livepad.bin flag 1 data 41378
[   41.3131] open fd = -5
[   41.3309] open name host:/livepad.bin flag 1 data 41378
[   41.3321] open fd = -5
[   41.3493] open name host:/livepad.bin flag 1 data 41378
[   41.3506] open fd = -5
[   41.3678] open name host:/livepad.bin flag 1 data 41378
[   41.3690] open fd = -5
[   41.3862] open name host:/livepad.bin flag 1 data 41378
[   41.3874] open fd = -5
[   41.4055] open name host:/livepad.bin flag 1 data 41378
[   41.4066] open fd = -5
[   41.4069] open name host:/livedbg.cmd flag 1 data 41378
[   41.4081] open fd = -5
[   41.4246] open name host:/livepad.bin flag 1 data 41378
[   41.4258] open fd = -5
[   41.4439] open name host:/livepad.bin flag 1 data 41378
[   41.4451] open fd = -5
[   41.4456] open name host:/log.txt flag 302 data 41378
[   41.4473] open fd = 256
[   41.4657] open name host:/livepad.bin flag 1 data 41378
[   41.4670] open fd = -5
[   41.4841] open name host:/livepad.bin flag 1 data 41378
[   41.4858] open fd = -5
[   41.5030] open name host:/livepad.bin flag 1 data 41378
[   41.5041] open fd = -5
[   41.5208] open name host:/livepad.bin flag 1 data 41378
[   41.5221] open fd = -5
[   41.5223] open name host:/livedbg.cmd flag 1 data 41378
[   41.5234] open fd = -5
[   41.5262] open name host:/log.txt flag 302 data 41378
[   41.5286] open fd = 256
[   41.5447] open name host:/livepad.bin flag 1 data 41378
[   41.5459] open fd = -5
[   41.5621] open name host:/livepad.bin flag 1 data 41378
[   41.5635] open fd = -5
[   41.5802] open name host:/livepad.bin flag 1 data 41378
[   41.5816] open fd = -5
[   41.5991] open name host:/livepad.bin flag 1 data 41378
[   41.6004] open fd = -5
[   41.6176] open name host:/livepad.bin flag 1 data 41378
[   41.6190] open fd = -5
[   41.6352] open name host:/livepad.bin flag 1 data 41378
[   41.6364] open fd = -5
[   41.6367] open name host:/livedbg.cmd flag 1 data 41378
[   41.6383] open fd = -5
[   41.6541] open name host:/livepad.bin flag 1 data 41378
[   41.6556] open fd = -5
[   41.6733] open name host:/livepad.bin flag 1 data 41378
[   41.6746] open fd = -5
[   41.6757] open name host:/log.txt flag 302 data 41378
[   41.6777] open fd = 256
[   41.6797] open name host:/log.txt flag 302 data 41378
[   41.6816] open fd = 256
[   41.7120] open name host:/livepad.bin flag 1 data 41378
[   41.7134] open fd = -5
[   41.7151] open name host:/log.txt flag 302 data 41378
[   41.7173] open fd = 256
[   41.7194] open name host:/log.txt flag 302 data 41378
[   41.7212] open fd = 256
[   41.7489] open name host:/livepad.bin flag 1 data 41378
[   41.7503] open fd = -5
[   41.7514] open name host:/log.txt flag 302 data 41378
[   41.7529] open fd = 256
[   41.7547] open name host:/log.txt flag 302 data 41378
[   41.7563] open fd = 256
[   41.7853] open name host:/livepad.bin flag 1 data 41378
[   41.7868] open fd = -5
[   41.7876] open name host:/log.txt flag 302 data 41378
[   41.7891] open fd = 256
[   41.7908] open name host:/log.txt flag 302 data 41378
[   41.7925] open fd = 256
[   41.8210] open name host:/livepad.bin flag 1 data 41378
[   41.8222] open fd = -5
[   41.8223] open name host:/livedbg.cmd flag 1 data 41378
[   41.8233] open fd = -5
[   41.8241] open name host:/log.txt flag 302 data 41378
[   41.8262] open fd = 256
[   41.8279] open name host:/log.txt flag 302 data 41378
[   41.8294] open fd = 256
[   41.8567] open name host:/livepad.bin flag 1 data 41378
[   41.8583] open fd = -5
[   41.8590] open name host:/log.txt flag 302 data 41378
[   41.8606] open fd = 256
[   41.8784] open name host:/livepad.bin flag 1 data 41378
[   41.8799] open fd = -5
[   41.8956] open name host:/livepad.bin flag 1 data 41378
[   41.8970] open fd = -5
[   41.9144] open name host:/livepad.bin flag 1 data 41378
[   41.9156] open fd = -5
[   41.9166] open name host:/log.txt flag 302 data 41378
[   41.9182] open fd = 256
[   41.9360] open name host:/livepad.bin flag 1 data 41378
[   41.9374] open fd = -5
[   41.9528] open name host:/livepad.bin flag 1 data 41378
[   41.9541] open fd = -5
[   41.9545] open name host:/livedbg.cmd flag 1 data 41378
[   41.9555] open fd = -5
[   41.9706] open name host:/livepad.bin flag 1 data 41378
[   41.9718] open fd = -5
[   41.9875] open name host:/livepad.bin flag 1 data 41378
[   41.9887] open fd = -5
[   42.0052] open name host:/livepad.bin flag 1 data 41378
[   42.0063] open fd = -5
[   42.0231] open name host:/livepad.bin flag 1 data 41378
[   42.0248] open fd = -5
[   42.0409] open name host:/livepad.bin flag 1 data 41378
[   42.0422] open fd = -5
[   42.0574] open name host:/livepad.bin flag 1 data 41378
[   42.0587] open fd = -5
[   42.0591] open name host:/livedbg.cmd flag 1 data 41378
[   42.0603] open fd = -5
[   42.0761] open name host:/livepad.bin flag 1 data 41378
[   42.0776] open fd = -5
[   42.0936] open name host:/livepad.bin flag 1 data 41378
[   42.0949] open fd = -5
[   42.1101] open name host:/livepad.bin flag 1 data 41378
[   42.1116] open fd = -5
[   42.1280] open name host:/livepad.bin flag 1 data 41378
[   42.1295] open fd = -5
[   42.1459] open name host:/livepad.bin flag 1 data 41378
[   42.1473] open fd = -5
[   42.1632] open name host:/livepad.bin flag 1 data 41378
[   42.1647] open fd = -5
[   42.1651] open name host:/livedbg.cmd flag 1 data 41378
[   42.1661] open fd = -5
[   42.1803] open name host:/livepad.bin flag 1 data 41378
[   42.1817] open fd = -5
[   42.1970] open name host:/livepad.bin flag 1 data 41378
[   42.1984] open fd = -5
[   42.2138] open name host:/livepad.bin flag 1 data 41378
[   42.2151] open fd = -5
[   42.2305] open name host:/livepad.bin flag 1 data 41378
[   42.2319] open fd = -5
[   42.2477] open name host:/livepad.bin flag 1 data 41378
[   42.2491] open fd = -5
[   42.2654] open name host:/livepad.bin flag 1 data 41378
[   42.2669] open fd = -5
[   42.2673] open name host:/livedbg.cmd flag 1 data 41378
[   42.2687] open fd = -5
[   42.2836] open name host:/livepad.bin flag 1 data 41378
[   42.2850] open fd = -5
[   42.3000] open name host:/livepad.bin flag 1 data 41378
[   42.3015] open fd = -5
[   42.3174] open name host:/livepad.bin flag 1 data 41378
[   42.3189] open fd = -5
[   42.3336] open name host:/livepad.bin flag 1 data 41378
[   42.3351] open fd = -5
[   42.3510] open name host:/livepad.bin flag 1 data 41378
[   42.3523] open fd = -5
[   42.3531] open name host:/log.txt flag 302 data 41378
[   42.3549] open fd = 256
[   42.3716] open name host:/livepad.bin flag 1 data 41378
[   42.3729] open fd = -5
[   42.3734] open name host:/livedbg.cmd flag 1 data 41378
[   42.3745] open fd = -5
[   42.3903] open name host:/livepad.bin flag 1 data 41378
[   42.3916] open fd = -5
[   42.4084] open name host:/livepad.bin flag 1 data 41378
[   42.4097] open fd = -5
[   42.4264] open name host:/livepad.bin flag 1 data 41378
[   42.4277] open fd = -5
[   42.4438] open name host:/livepad.bin flag 1 data 41378
[   42.4454] open fd = -5
[   42.4608] open name host:/livepad.bin flag 1 data 41378
[   42.4619] open fd = -5
[   42.4783] open name host:/livepad.bin flag 1 data 41378
[   42.4795] open fd = -5
[   42.4800] open name host:/livedbg.cmd flag 1 data 41378
[   42.4810] open fd = -5
[   42.4964] open name host:/livepad.bin flag 1 data 41378
[   42.4977] open fd = -5
[   42.5155] open name host:/livepad.bin flag 1 data 41378
[   42.5167] open fd = -5
[   42.5212] open name host:/log.txt flag 302 data 41378
[   42.5227] open fd = 256
[   42.5372] open name host:/livepad.bin flag 1 data 41378
[   42.5388] open fd = -5
[   42.5541] open name host:/livepad.bin flag 1 data 41378
[   42.5554] open fd = -5
[   42.5724] open name host:/livepad.bin flag 1 data 41378
[   42.5736] open fd = -5
[   42.5901] open name host:/livepad.bin flag 1 data 41378
[   42.5914] open fd = -5
[   42.5920] open name host:/livedbg.cmd flag 1 data 41378
[   42.5930] open fd = -5
[   42.6087] open name host:/livepad.bin flag 1 data 41378
[   42.6103] open fd = -5
[   42.6283] open name host:/livepad.bin flag 1 data 41378
[   42.6296] open fd = -5
[   42.6310] open name host:/log.txt flag 302 data 41378
[   42.6325] open fd = 256
[   42.6497] open name host:/livepad.bin flag 1 data 41378
[   42.6511] open fd = -5
[   42.6670] open name host:/livepad.bin flag 1 data 41378
[   42.6682] open fd = -5
[   42.6838] open name host:/livepad.bin flag 1 data 41378
[   42.6851] open fd = -5
[   42.7007] open name host:/livepad.bin flag 1 data 41378
[   42.7020] open fd = -5
[   42.7025] open name host:/livedbg.cmd flag 1 data 41378
[   42.7035] open fd = -5
[   42.7188] open name host:/livepad.bin flag 1 data 41378
[   42.7201] open fd = -5
[   42.7363] open name host:/livepad.bin flag 1 data 41378
[   42.7375] open fd = -5
[   42.7545] open name host:/livepad.bin flag 1 data 41378
[   42.7558] open fd = -5
[   42.7730] open name host:/livepad.bin flag 1 data 41378
[   42.7742] open fd = -5
[   42.7902] open name host:/livepad.bin flag 1 data 41378
[   42.7917] open fd = -5
[   42.8076] open name host:/livepad.bin flag 1 data 41378
[   42.8089] open fd = -5
[   42.8094] open name host:/livedbg.cmd flag 1 data 41378
[   42.8109] open fd = -5
[   42.8114] open name host:/log.txt flag 302 data 41378
[   42.8130] open fd = 256
[   42.8304] open name host:/livepad.bin flag 1 data 41378
[   42.8319] open fd = -5
[   42.8477] open name host:/livepad.bin flag 1 data 41378
[   42.8491] open fd = -5
[   42.8644] open name host:/livepad.bin flag 1 data 41378
[   42.8657] open fd = -5
[   42.8810] FRAMEARENA frames=1800 peak=1045072 resets=4 fallbacks=0 maxFrameBytes=2731360 maxBorrowed=2028560 freeKiB=13155
[   42.8813] NATIVEVIF frames=1800 batches=1804
[   42.8815] ORDEREDFRAME frames=1800 splitFrames=3
[   42.8820] FRAMEPIPELINE starts=1800 dmaBusyStarts=1
[   42.8821] open name host:/livepad.bin flag 1 data 41378
[   42.8834] open fd = -5
[   42.8994] open name host:/livepad.bin flag 1 data 41378
[   42.9010] open fd = -5
[   42.9181] open name host:/livepad.bin flag 1 data 41378
[   42.9196] open fd = -5
[   42.9201] open name host:/livedbg.cmd flag 1 data 41378
[   42.9211] open fd = -5
[   42.9350] open name host:/livepad.bin flag 1 data 41378
[   42.9362] open fd = -5
[   42.9520] open name host:/livepad.bin flag 1 data 41378
[   42.9534] open fd = -5
[   42.9690] open name host:/livepad.bin flag 1 data 41378
[   42.9704] open fd = -5
[   42.9868] open name host:/livepad.bin flag 1 data 41378
[   42.9882] open fd = -5
[   43.0043] open name host:/livepad.bin flag 1 data 41378
[   43.0056] open fd = -5
[   43.0219] open name host:/livepad.bin flag 1 data 41378
[   43.0236] open fd = -5
[   43.0243] open name host:/livedbg.cmd flag 1 data 41378
[   43.0254] open fd = -5
[   43.0408] open name host:/livepad.bin flag 1 data 41378
[   43.0421] open fd = -5
[   43.0581] open name host:/livepad.bin flag 1 data 41378
[   43.0597] open fd = -5
[   43.0751] open name host:/livepad.bin flag 1 data 41378
[   43.0766] open fd = -5
[   43.0926] open name host:/livepad.bin flag 1 data 41378
[   43.0939] open fd = -5
[   43.1106] open name host:/livepad.bin flag 1 data 41378
[   43.1120] open fd = -5
[   43.1278] open name host:/livepad.bin flag 1 data 41378
[   43.1291] open fd = -5
[   43.1295] open name host:/livedbg.cmd flag 1 data 41378
[   43.1306] open fd = -5
[   43.1460] open name host:/livepad.bin flag 1 data 41378
[   43.1475] open fd = -5
[   43.1632] open name host:/livepad.bin flag 1 data 41378
[   43.1645] open fd = -5
[   43.1811] open name host:/livepad.bin flag 1 data 41378
[   43.1826] open fd = -5
[   43.1987] open name host:/livepad.bin flag 1 data 41378
[   43.2001] open fd = -5
[   43.2150] open name host:/livepad.bin flag 1 data 41378
[   43.2165] open fd = -5
[   43.2342] open name host:/livepad.bin flag 1 data 41378
[   43.2354] open fd = -5
[   43.2359] open name host:/livedbg.cmd flag 1 data 41378
[   43.2370] open fd = -5
[   43.2524] open name host:/livepad.bin flag 1 data 41378
[   43.2538] open fd = -5
[   43.2547] open name host:/log.txt flag 302 data 41378
[   43.2563] open fd = 256
[   43.2740] open name host:/livepad.bin flag 1 data 41378
[   43.2754] open fd = -5
[   43.2906] open name host:/livepad.bin flag 1 data 41378
[   43.2919] open fd = -5
[   43.3077] open name host:/livepad.bin flag 1 data 41378
[   43.3094] open fd = -5
[   43.3261] open name host:/livepad.bin flag 1 data 41378
[   43.3276] open fd = -5
[   43.3425] open name host:/livepad.bin flag 1 data 41378
[   43.3438] open fd = -5
[   43.3441] open name host:/livedbg.cmd flag 1 data 41378
[   43.3453] open fd = -5
[   43.3614] open name host:/livepad.bin flag 1 data 41378
[   43.3628] open fd = -5
[   43.3791] open name host:/livepad.bin flag 1 data 41378
[   43.3805] open fd = -5
[   43.3978] open name host:/livepad.bin flag 1 data 41378
[   43.3990] open fd = -5
[   43.4141] open name host:/livepad.bin flag 1 data 41378
[   43.4154] open fd = -5
[   43.4202] open name host:/log.txt flag 302 data 41378
[   43.4219] open fd = 256
[   43.4364] open name host:/livepad.bin flag 1 data 41378
[   43.4377] open fd = -5
[   43.4533] open name host:/livepad.bin flag 1 data 41378
[   43.4546] open fd = -5
[   43.4549] open name host:/livedbg.cmd flag 1 data 41378
[   43.4562] open fd = -5
[   43.4711] open name host:/livepad.bin flag 1 data 41378
[   43.4723] open fd = -5
[   43.4875] open name host:/livepad.bin flag 1 data 41378
[   43.4889] open fd = -5
[   43.5043] open name host:/livepad.bin flag 1 data 41378
[   43.5058] open fd = -5
[   43.5218] open name host:/livepad.bin flag 1 data 41378
[   43.5231] open fd = -5
[   43.5383] open name host:/livepad.bin flag 1 data 41378
[   43.5398] open fd = -5
[   43.5559] open name host:/livepad.bin flag 1 data 41378
[   43.5572] open fd = -5
[   43.5581] open name host:/livedbg.cmd flag 1 data 41378
[   43.5593] open fd = -5
[   43.5745] open name host:/livepad.bin flag 1 data 41378
[   43.5757] open fd = -5
[   43.5922] open name host:/livepad.bin flag 1 data 41378
[   43.5937] open fd = -5
[   43.6102] open name host:/livepad.bin flag 1 data 41378
[   43.6115] open fd = -5
[   43.6270] open name host:/livepad.bin flag 1 data 41378
[   43.6281] open fd = -5
[   43.6446] open name host:/livepad.bin flag 1 data 41378
[   43.6457] open fd = -5
[   43.6612] open name host:/livepad.bin flag 1 data 41378
[   43.6623] open fd = -5
[   43.6627] open name host:/livedbg.cmd flag 1 data 41378
[   43.6638] open fd = -5
[   43.6801] open name host:/livepad.bin flag 1 data 41378
[   43.6815] open fd = -5
[   43.6974] open name host:/livepad.bin flag 1 data 41378
[   43.6988] open fd = -5
[   43.7000] open name host:/log.txt flag 302 data 41378
[   43.7018] open fd = 256
[   43.7194] open name host:/livepad.bin flag 1 data 41378
[   43.7205] open fd = -5
[   43.7391] open name host:/livepad.bin flag 1 data 41378
[   43.7402] open fd = -5
[   43.7562] open name host:/livepad.bin flag 1 data 41378
[   43.7574] open fd = -5
[   43.7730] open name host:/log.txt flag 302 data 41378
[   43.7752] open fd = 256
[   43.7774] open name host:/livepad.bin flag 1 data 41378
[   43.7787] open fd = -5
[   43.7789] open name host:/livedbg.cmd flag 1 data 41378
[   43.7801] open fd = -5
[   43.7945] open name host:/livepad.bin flag 1 data 41378
[   43.7958] open fd = -5
[   43.8132] open name host:/livepad.bin flag 1 data 41378
[   43.8144] open fd = -5
[   43.8299] open name host:/livepad.bin flag 1 data 41378
[   43.8311] open fd = -5
[   43.8472] open name host:/livepad.bin flag 1 data 41378
[   43.8484] open fd = -5
[   43.8635] open name host:/livepad.bin flag 1 data 41378
[   43.8647] open fd = -5
[   43.8812] open name host:/livepad.bin flag 1 data 41378
[   43.8823] open fd = -5
[   43.8829] open name host:/livedbg.cmd flag 1 data 41378
[   43.8841] open fd = -5
[   43.8993] open name host:/livepad.bin flag 1 data 41378
[   43.9005] open fd = -5
[   43.9157] open name host:/livepad.bin flag 1 data 41378
[   43.9167] open fd = -5
[   43.9325] open name host:/livepad.bin flag 1 data 41378
[   43.9336] open fd = -5
[   43.9494] open name host:/livepad.bin flag 1 data 41378
[   43.9505] open fd = -5
[   43.9660] open name host:/livepad.bin flag 1 data 41378
[   43.9672] open fd = -5
[   43.9826] open name host:/livepad.bin flag 1 data 41378
[   43.9838] open fd = -5
[   43.9842] open name host:/livedbg.cmd flag 1 data 41378
[   43.9854] open fd = -5
[   44.0014] open name host:/livepad.bin flag 1 data 41378
[   44.0028] open fd = -5
[   44.0182] open name host:/livepad.bin flag 1 data 41378
[   44.0201] open fd = -5
[   44.0359] open name host:/livepad.bin flag 1 data 41378
[   44.0370] open fd = -5
[   44.0524] open name host:/livepad.bin flag 1 data 41378
[   44.0536] open fd = -5
[   44.0690] open name host:/livepad.bin flag 1 data 41378
[   44.0702] open fd = -5
[   44.0859] open name host:/livepad.bin flag 1 data 41378
[   44.0870] open fd = -5
[   44.0874] open name host:/livedbg.cmd flag 1 data 41378
[   44.0888] open fd = -5
[   44.1035] open name host:/livepad.bin flag 1 data 41378
[   44.1050] open fd = -5
[   44.1207] open name host:/livepad.bin flag 1 data 41378
[   44.1219] open fd = -5
[   44.1376] open name host:/livepad.bin flag 1 data 41378
[   44.1388] open fd = -5
[   44.1398] open name host:/log.txt flag 302 data 41378
[   44.1416] open fd = 256
[   44.1606] open name host:/livepad.bin flag 1 data 41378
[   44.1618] open fd = -5
[   44.1772] open name host:/livepad.bin flag 1 data 41378
[   44.1784] open fd = -5
[   44.1942] open name host:/livepad.bin flag 1 data 41378
[   44.1954] open fd = -5
[   44.1957] open name host:/livedbg.cmd flag 1 data 41378
[   44.1975] open fd = -5
[   44.2135] open name host:/livepad.bin flag 1 data 41378
[   44.2146] open fd = -5
[   44.2303] open name host:/livepad.bin flag 1 data 41378
[   44.2315] open fd = -5
[   44.2467] open name host:/livepad.bin flag 1 data 41378
[   44.2478] open fd = -5
[   44.2637] open name host:/livepad.bin flag 1 data 41378
[   44.2650] open fd = -5
[   44.2814] open name host:/livepad.bin flag 1 data 41378
[   44.2827] open fd = -5
[   44.3007] open name host:/livepad.bin flag 1 data 41378
[   44.3021] open fd = -5
[   44.3025] open name host:/livedbg.cmd flag 1 data 41378
[   44.3036] open fd = -5
[   44.3075] open name host:/log.txt flag 302 data 41378
[   44.3092] open fd = 256
[   44.3226] open name host:/livepad.bin flag 1 data 41378
[   44.3236] open fd = -5
[   44.3390] open name host:/livepad.bin flag 1 data 41378
[   44.3402] open fd = -5
[   44.3559] open name host:/livepad.bin flag 1 data 41378
[   44.3574] open fd = -5
[   44.3734] open name host:/livepad.bin flag 1 data 41378
[   44.3747] open fd = -5
[   44.3904] open name host:/livepad.bin flag 1 data 41378
[   44.3917] open fd = -5
[   44.4081] open name host:/livepad.bin flag 1 data 41378
[   44.4097] open fd = -5
[   44.4101] open name host:/livedbg.cmd flag 1 data 41378
[   44.4113] open fd = -5
[   44.4263] open name host:/livepad.bin flag 1 data 41378
[   44.4276] open fd = -5
[   44.4432] open name host:/livepad.bin flag 1 data 41378
[   44.4444] open fd = -5
[   44.4616] open name host:/livepad.bin flag 1 data 41378
[   44.4628] open fd = -5
[   44.4785] open name host:/livepad.bin flag 1 data 41378
[   44.4796] open fd = -5
[   44.4957] open name host:/livepad.bin flag 1 data 41378
[   44.4969] open fd = -5
[   44.5130] open name host:/livepad.bin flag 1 data 41378
[   44.5141] open fd = -5
[   44.5145] open name host:/livedbg.cmd flag 1 data 41378
[   44.5156] open fd = -5
[   44.5316] open name host:/livepad.bin flag 1 data 41378
[   44.5329] open fd = -5
[   44.5483] open name host:/livepad.bin flag 1 data 41378
[   44.5497] open fd = -5
[   44.5664] open name host:/livepad.bin flag 1 data 41378
[   44.5678] open fd = -5
[   44.5832] open name host:/livepad.bin flag 1 data 41378
[   44.5843] open fd = -5
[   44.5851] open name host:/log.txt flag 302 data 41378
[   44.5867] open fd = 256
[   44.6038] open name host:/livepad.bin flag 1 data 41378
[   44.6051] open fd = -5
[   44.6223] open name host:/livepad.bin flag 1 data 41378
[   44.6236] open fd = -5
[   44.6244] open name host:/livedbg.cmd flag 1 data 41378
[   44.6257] open fd = -5
[   44.6409] open name host:/livepad.bin flag 1 data 41378
[   44.6423] open fd = -5
[   44.6583] open name host:/livepad.bin flag 1 data 41378
[   44.6595] open fd = -5
[   44.6758] open name host:/livepad.bin flag 1 data 41378
[   44.6776] open fd = -5
[   44.6936] open name host:/livepad.bin flag 1 data 41378
[   44.6948] open fd = -5
[   44.7118] open name host:/livepad.bin flag 1 data 41378
[   44.7130] open fd = -5
[   44.7286] open name host:/livepad.bin flag 1 data 41378
[   44.7299] open fd = -5
[   44.7306] open name host:/livedbg.cmd flag 1 data 41378
[   44.7318] open fd = -5
[   44.7467] open name host:/livepad.bin flag 1 data 41378
[   44.7479] open fd = -5
[   44.7633] open name host:/livepad.bin flag 1 data 41378
[   44.7644] open fd = -5
[   44.7816] open name host:/livepad.bin flag 1 data 41378
[   44.7828] open fd = -5
[   44.7984] open name host:/livepad.bin flag 1 data 41378
[   44.7995] open fd = -5
[   44.8152] open name host:/livepad.bin flag 1 data 41378
[   44.8167] open fd = -5
[   44.8328] open name host:/livepad.bin flag 1 data 41378
[   44.8339] open fd = -5
[   44.8344] open name host:/livedbg.cmd flag 1 data 41378
[   44.8355] open fd = -5
[   44.8513] open name host:/livepad.bin flag 1 data 41378
[   44.8524] open fd = -5
[   44.8695] open name host:/livepad.bin flag 1 data 41378
[   44.8706] open fd = -5
[   44.8859] open name host:/livepad.bin flag 1 data 41378
[   44.8869] open fd = -5
[   44.9035] open name host:/livepad.bin flag 1 data 41378
[   44.9048] open fd = -5
[   44.9208] open name host:/livepad.bin flag 1 data 41378
[   44.9221] open fd = -5
[   44.9386] open name host:/livepad.bin flag 1 data 41378
[   44.9399] open fd = -5
[   44.9405] open name host:/livedbg.cmd flag 1 data 41378
[   44.9420] open fd = -5
[   44.9570] open name host:/livepad.bin flag 1 data 41378
[   44.9587] open fd = -5
[   44.9764] open name host:/livepad.bin flag 1 data 41378
[   44.9778] open fd = -5
[   44.9794] open name host:/log.txt flag 302 data 41378
[   44.9812] open fd = 256
[   44.9829] open name host:/log.txt flag 302 data 41378
[   44.9846] open fd = 256
[   45.0019] open name host:/livepad.bin flag 1 data 41378
[   45.0031] open fd = -5
[   45.0053] open name host:/log.txt flag 302 data 41378
[   45.0073] open fd = 256
[   45.0095] open name host:/log.txt flag 302 data 41378
[   45.0116] open fd = 256
[   45.0286] FRAMEARENA frames=1920 peak=1045072 resets=4 fallbacks=0 maxFrameBytes=2731360 maxBorrowed=2028560 freeKiB=13000
[   45.0287] NATIVEVIF frames=1920 batches=1924
[   45.0290] ORDEREDFRAME frames=1920 splitFrames=3
[   45.0292] FRAMEPIPELINE starts=1920 dmaBusyStarts=1
[   45.0295] open name host:/livepad.bin flag 1 data 41378
[   45.0307] open fd = -5
[   45.0314] open name host:/log.txt flag 302 data 41378
[   45.0331] open fd = 256
[   45.0347] open name host:/log.txt flag 302 data 41378
[   45.0364] open fd = 256
[   45.0539] open name host:/livepad.bin flag 1 data 41378
[   45.0551] open fd = -5
[   45.0556] open name host:/log.txt flag 302 data 41378
[   45.0573] open fd = 256
[   45.0602] open name host:/log.txt flag 302 data 41378
[   45.0622] open fd = 256
[   45.0646] open name host:/log.txt flag 302 data 41378
[   45.0663] open fd = 256
[   45.0836] open name host:/livepad.bin flag 1 data 41378
[   45.0847] open fd = -5
[   45.0851] open name host:/livedbg.cmd flag 1 data 41378
[   45.0862] open fd = -5
[   45.0871] open name host:/log.txt flag 302 data 41378
[   45.0888] open fd = 256
[   45.0911] open name host:/log.txt flag 302 data 41378
[   45.0930] open fd = 256
[   45.1097] open name host:/livepad.bin flag 1 data 41378
[   45.1110] open fd = -5
[   45.1121] open name host:/log.txt flag 302 data 41378
[   45.1138] open fd = 256
[   45.1317] open name host:/livepad.bin flag 1 data 41378
[   45.1328] open fd = -5
[   45.1497] open name host:/livepad.bin flag 1 data 41378
[   45.1508] open fd = -5
[   45.1670] open name host:/livepad.bin flag 1 data 41378
[   45.1682] open fd = -5
[   45.1852] open name host:/livepad.bin flag 1 data 41378
[   45.1864] open fd = -5
[   45.2028] open name host:/livepad.bin flag 1 data 41378
[   45.2043] open fd = -5
[   45.2045] open name host:/livedbg.cmd flag 1 data 41378
[   45.2055] open fd = -5
[   45.2218] open name host:/livepad.bin flag 1 data 41378
[   45.2229] open fd = -5
[   45.2390] open name host:/livepad.bin flag 1 data 41378
[   45.2402] open fd = -5
[   45.2428] open name host:/log.txt flag 302 data 41378
[   45.2446] open fd = 256
[   45.2604] open name host:/livepad.bin flag 1 data 41378
[   45.2615] open fd = -5
[   45.2791] open name host:/livepad.bin flag 1 data 41378
[   45.2803] open fd = -5
[   45.2966] open name host:/livepad.bin flag 1 data 41378
[   45.2978] open fd = -5
[   45.3145] open name host:/livepad.bin flag 1 data 41378
[   45.3156] open fd = -5
[   45.3159] open name host:/livedbg.cmd flag 1 data 41378
[   45.3172] open fd = -5
[   45.3341] open name host:/livepad.bin flag 1 data 41378
[   45.3354] open fd = -5
[   45.3513] open name host:/livepad.bin flag 1 data 41378
[   45.3525] open fd = -5
[   45.3686] open name host:/livepad.bin flag 1 data 41378
[   45.3698] open fd = -5
[   45.3856] open name host:/livepad.bin flag 1 data 41378
[   45.3867] open fd = -5
[   45.4037] open name host:/livepad.bin flag 1 data 41378
[   45.4048] open fd = -5
[   45.4219] open name host:/livepad.bin flag 1 data 41378
[   45.4231] open fd = -5
[   45.4234] open name host:/livedbg.cmd flag 1 data 41378
[   45.4247] open fd = -5
[   45.4406] open name host:/livepad.bin flag 1 data 41378
[   45.4418] open fd = -5
[   45.4583] open name host:/livepad.bin flag 1 data 41378
[   45.4595] open fd = -5
[   45.4770] open name host:/livepad.bin flag 1 data 41378
[   45.4781] open fd = -5
[   45.4951] open name host:/livepad.bin flag 1 data 41378
[   45.4962] open fd = -5
[   45.5127] open name host:/livepad.bin flag 1 data 41378
[   45.5139] open fd = -5
[   45.5297] open name host:/livepad.bin flag 1 data 41378
[   45.5309] open fd = -5
[   45.5312] open name host:/livedbg.cmd flag 1 data 41378
[   45.5322] open fd = -5
[   45.5326] open name host:/log.txt flag 302 data 41378
[   45.5342] open fd = 256
[   45.5523] open name host:/livepad.bin flag 1 data 41378
[   45.5533] open fd = -5
[   45.5706] open name host:/livepad.bin flag 1 data 41378
[   45.5718] open fd = -5
[   45.5898] open name host:/livepad.bin flag 1 data 41378
[   45.5910] open fd = -5
[   45.6076] open name host:/livepad.bin flag 1 data 41378
[   45.6094] open fd = -5
[   45.6261] open name host:/livepad.bin flag 1 data 41378
[   45.6277] open fd = -5
[   45.6451] open name host:/livepad.bin flag 1 data 41378
[   45.6463] open fd = -5
[   45.6467] open name host:/livedbg.cmd flag 1 data 41378
[   45.6480] open fd = -5
[   45.6642] open name host:/livepad.bin flag 1 data 41378
[   45.6653] open fd = -5
[   45.6806] open name host:/livepad.bin flag 1 data 41378
[   45.6818] open fd = -5
[   45.6976] open name host:/livepad.bin flag 1 data 41378
[   45.6991] open fd = -5
[   45.7162] open name host:/livepad.bin flag 1 data 41378
[   45.7173] open fd = -5
[   45.7348] open name host:/livepad.bin flag 1 data 41378
[   45.7358] open fd = -5
[   45.7532] open name host:/livepad.bin flag 1 data 41378
[   45.7544] open fd = -5
[   45.7548] open name host:/livedbg.cmd flag 1 data 41378
[   45.7558] open fd = -5
[   45.7713] open name host:/livepad.bin flag 1 data 41378
[   45.7724] open fd = -5
[   45.7899] open name host:/livepad.bin flag 1 data 41378
[   45.7911] open fd = -5
[   45.8077] open name host:/livepad.bin flag 1 data 41378
[   45.8092] open fd = -5
[   45.8257] open name host:/livepad.bin flag 1 data 41378
[   45.8270] open fd = -5
[   45.8430] open name host:/livepad.bin flag 1 data 41378
[   45.8443] open fd = -5
[   45.8620] open name host:/livepad.bin flag 1 data 41378
[   45.8632] open fd = -5
[   45.8636] open name host:/livedbg.cmd flag 1 data 41378
[   45.8646] open fd = -5
[   45.8800] open name host:/livepad.bin flag 1 data 41378
[   45.8810] open fd = -5
[   45.8979] open name host:/livepad.bin flag 1 data 41378
[   45.8990] open fd = -5
[   45.9005] open name host:/log.txt flag 302 data 41378
[   45.9020] open fd = 256
[   45.9195] open name host:/livepad.bin flag 1 data 41378
[   45.9210] open fd = -5
[   45.9376] open name host:/livepad.bin flag 1 data 41378
[   45.9387] open fd = -5
[   45.9552] open name host:/livepad.bin flag 1 data 41378
[   45.9563] open fd = -5
[   45.9728] open name host:/livepad.bin flag 1 data 41378
[   45.9742] open fd = -5
[   45.9744] open name host:/livedbg.cmd flag 1 data 41378
[   45.9759] open fd = -5
[   45.9924] open name host:/livepad.bin flag 1 data 41378
[   45.9936] open fd = -5
[   45.9941] open name host:/log.txt flag 302 data 41378
[   45.9960] open fd = 256
[   46.0138] open name host:/livepad.bin flag 1 data 41378
[   46.0149] open fd = -5
[   46.0317] open name host:/livepad.bin flag 1 data 41378
[   46.0330] open fd = -5
[   46.0503] open name host:/livepad.bin flag 1 data 41378
[   46.0517] open fd = -5
[   46.0679] open name host:/livepad.bin flag 1 data 41378
[   46.0690] open fd = -5
[   46.0868] open name host:/livepad.bin flag 1 data 41378
[   46.0884] open fd = -5
[   46.0887] open name host:/livedbg.cmd flag 1 data 41378
[   46.0898] open fd = -5
[   46.1050] open name host:/livepad.bin flag 1 data 41378
[   46.1062] open fd = -5
[   46.1223] open name host:/livepad.bin flag 1 data 41378
[   46.1237] open fd = -5
[   46.1390] open name host:/livepad.bin flag 1 data 41378
[   46.1402] open fd = -5
[   46.1564] open name host:/livepad.bin flag 1 data 41378
[   46.1581] open fd = -5
[   46.1601] open name host:/log.txt flag 302 data 41378
[   46.1618] open fd = 256
[   46.1776] open name host:/livepad.bin flag 1 data 41378
[   46.1789] open fd = -5
[   46.1944] open name host:/livepad.bin flag 1 data 41378
[   46.1955] open fd = -5
[   46.1956] open name host:/livedbg.cmd flag 1 data 41378
[   46.1974] open fd = -5
[   46.2120] open name host:/livepad.bin flag 1 data 41378
[   46.2133] open fd = -5
[   46.2292] open name host:/livepad.bin flag 1 data 41378
[   46.2304] open fd = -5
[   46.2458] open name host:/livepad.bin flag 1 data 41378
[   46.2469] open fd = -5
[   46.2623] open name host:/livepad.bin flag 1 data 41378
[   46.2636] open fd = -5
[   46.2795] open name host:/livepad.bin flag 1 data 41378
[   46.2806] open fd = -5
[   46.2962] open name host:/livepad.bin flag 1 data 41378
[   46.2976] open fd = -5
[   46.2978] open name host:/livedbg.cmd flag 1 data 41378
[   46.2989] open fd = -5
[   46.3147] open name host:/livepad.bin flag 1 data 41378
[   46.3158] open fd = -5
[   46.3315] open name host:/livepad.bin flag 1 data 41378
[   46.3325] open fd = -5
[   46.3472] open name host:/livepad.bin flag 1 data 41378
[   46.3487] open fd = -5
[   46.3649] open name host:/livepad.bin flag 1 data 41378
[   46.3660] open fd = -5
[   46.3814] open name host:/livepad.bin flag 1 data 41378
[   46.3828] open fd = -5
[   46.3995] open name host:/livepad.bin flag 1 data 41378
[   46.4007] open fd = -5
[   46.4009] open name host:/livedbg.cmd flag 1 data 41378
[   46.4019] open fd = -5
[   46.4166] open name host:/livepad.bin flag 1 data 41378
[   46.4178] open fd = -5
[   46.4344] open name host:/livepad.bin flag 1 data 41378
[   46.4355] open fd = -5
[   46.4359] open name host:/log.txt flag 302 data 41378
[   46.4376] open fd = 256
[   46.4543] open name host:/livepad.bin flag 1 data 41378
[   46.4555] open fd = -5
[   46.4718] open name host:/livepad.bin flag 1 data 41378
[   46.4732] open fd = -5
[   46.4883] open name host:/livepad.bin flag 1 data 41378
[   46.4893] open fd = -5
[   46.5063] open name host:/livepad.bin flag 1 data 41378
[   46.5076] open fd = -5
[   46.5079] open name host:/livedbg.cmd flag 1 data 41378
[   46.5090] open fd = -5
[   46.5241] open name host:/livepad.bin flag 1 data 41378
[   46.5252] open fd = -5
[   46.5405] open name host:/livepad.bin flag 1 data 41378
[   46.5418] open fd = -5
[   46.5566] open name host:/livepad.bin flag 1 data 41378
[   46.5580] open fd = -5
[   46.5734] open name host:/livepad.bin flag 1 data 41378
[   46.5746] open fd = -5
[   46.5930] open name host:/livepad.bin flag 1 data 41378
[   46.5942] open fd = -5
[   46.6108] open name host:/livepad.bin flag 1 data 41378
[   46.6120] open fd = -5
[   46.6122] open name host:/livedbg.cmd flag 1 data 41378
[   46.6133] open fd = -5
[   46.6298] open name host:/livepad.bin flag 1 data 41378
[   46.6311] open fd = -5
[   46.6465] open name host:/livepad.bin flag 1 data 41378
[   46.6476] open fd = -5
[   46.6640] open name host:/livepad.bin flag 1 data 41378
[   46.6655] open fd = -5
[   46.6828] open name host:/livepad.bin flag 1 data 41378
[   46.6839] open fd = -5
[   46.7003] open name host:/livepad.bin flag 1 data 41378
[   46.7018] open fd = -5
[   46.7174] open name host:/livepad.bin flag 1 data 41378
[   46.7189] open fd = -5
[   46.7191] open name host:/livedbg.cmd flag 1 data 41378
[   46.7203] open fd = -5
[   46.7355] open name host:/livepad.bin flag 1 data 41378
[   46.7368] open fd = -5
[   46.7533] open name host:/livepad.bin flag 1 data 41378
[   46.7546] open fd = -5
[   46.7698] open name host:/livepad.bin flag 1 data 41378
[   46.7712] open fd = -5
[   46.7864] open name host:/livepad.bin flag 1 data 41378
[   46.7878] open fd = -5
[   46.8034] open name host:/livepad.bin flag 1 data 41378
[   46.8046] open fd = -5
[   46.8213] open name host:/livepad.bin flag 1 data 41378
[   46.8231] open fd = -5
[   46.8235] open name host:/livedbg.cmd flag 1 data 41378
[   46.8248] open fd = -5
[   46.8404] open name host:/livepad.bin flag 1 data 41378
[   46.8416] open fd = -5
[   46.8577] open name host:/livepad.bin flag 1 data 41378
[   46.8591] open fd = -5
[   46.8765] open name host:/livepad.bin flag 1 data 41378
[   46.8778] open fd = -5
[   46.8783] open name host:/log.txt flag 302 data 41378
[   46.8798] open fd = 256
[   46.8986] open name host:/livepad.bin flag 1 data 41378
[   46.8997] open fd = -5
[   46.9152] open name host:/livepad.bin flag 1 data 41378
[   46.9165] open fd = -5
[   46.9329] open name host:/livepad.bin flag 1 data 41378
[   46.9340] open fd = -5
[   46.9342] open name host:/livedbg.cmd flag 1 data 41378
[   46.9352] open fd = -5
[   46.9510] open name host:/livepad.bin flag 1 data 41378
[   46.9523] open fd = -5
[   46.9679] open name host:/livepad.bin flag 1 data 41378
[   46.9695] open fd = -5
[   46.9852] open name host:/livepad.bin flag 1 data 41378
[   46.9864] open fd = -5
[   47.0017] open name host:/livepad.bin flag 1 data 41378
[   47.0028] open fd = -5
[   47.0185] open name host:/livepad.bin flag 1 data 41378
[   47.0197] open fd = -5
[   47.0366] open name host:/livepad.bin flag 1 data 41378
[   47.0378] open fd = -5
[   47.0381] open name host:/livedbg.cmd flag 1 data 41378
[   47.0392] open fd = -5
[   47.0413] open name host:/log.txt flag 302 data 41378
[   47.0429] open fd = 256
[   47.0581] open name host:/livepad.bin flag 1 data 41378
[   47.0593] open fd = -5
[   47.0746] open name host:/livepad.bin flag 1 data 41378
[   47.0760] open fd = -5
[   47.0915] open name host:/livepad.bin flag 1 data 41378
[   47.0927] open fd = -5
[   47.1086] open name host:/livepad.bin flag 1 data 41378
[   47.1099] open fd = -5
[   47.1255] open name host:/livepad.bin flag 1 data 41378
[   47.1266] open fd = -5
[   47.1428] open name host:/livepad.bin flag 1 data 41378
[   47.1442] open fd = -5
[   47.1445] open name host:/livedbg.cmd flag 1 data 41378
[   47.1455] open fd = -5
[   47.1606] open name host:/livepad.bin flag 1 data 41378
[   47.1619] open fd = -5
[   47.1787] open name host:/livepad.bin flag 1 data 41378
[   47.1800] open fd = -5
[   47.1950] open name host:/livepad.bin flag 1 data 41378
[   47.1961] open fd = -5
[   47.2143] FRAMEARENA frames=2040 peak=1045072 resets=4 fallbacks=0 maxFrameBytes=2731360 maxBorrowed=2028560 freeKiB=12551
[   47.2146] NATIVEVIF frames=2040 batches=2044
[   47.2148] ORDEREDFRAME frames=2040 splitFrames=3
[   47.2150] FRAMEPIPELINE starts=2040 dmaBusyStarts=1
[   47.2151] open name host:/livepad.bin flag 1 data 41378
[   47.2162] open fd = -5
[   47.2316] open name host:/livepad.bin flag 1 data 41378
[   47.2330] open fd = -5
[   47.2495] open name host:/livepad.bin flag 1 data 41378
[   47.2507] open fd = -5
[   47.2510] open name host:/livedbg.cmd flag 1 data 41378
[   47.2523] open fd = -5
[   47.2680] open name host:/livepad.bin flag 1 data 41378
[   47.2693] open fd = -5
[   47.2865] open name host:/livepad.bin flag 1 data 41378
[   47.2877] open fd = -5
[   47.3042] open name host:/livepad.bin flag 1 data 41378
[   47.3054] open fd = -5
[   47.3227] open name host:/livepad.bin flag 1 data 41378
[   47.3244] open fd = -5
[   47.3250] open name host:/log.txt flag 302 data 41378
[   47.3268] open fd = 256
[   47.3454] open name host:/livepad.bin flag 1 data 41378
[   47.3468] open fd = -5
[   47.3626] open name host:/livepad.bin flag 1 data 41378
[   47.3639] open fd = -5
[   47.3642] open name host:/livedbg.cmd flag 1 data 41378
[   47.3652] open fd = -5
[   47.3822] open name host:/livepad.bin flag 1 data 41378
[   47.3833] open fd = -5
[   47.4001] open name host:/livepad.bin flag 1 data 41378
[   47.4011] open fd = -5
[   47.4183] open name host:/livepad.bin flag 1 data 41378
[   47.4196] open fd = -5
[   47.4361] open name host:/livepad.bin flag 1 data 41378
[   47.4374] open fd = -5
[   47.4526] open name host:/livepad.bin flag 1 data 41378
[   47.4536] open fd = -5
[   47.4705] open name host:/livepad.bin flag 1 data 41378
[   47.4717] open fd = -5
[   47.4719] open name host:/livedbg.cmd flag 1 data 41378
[   47.4730] open fd = -5
[   47.4885] open name host:/livepad.bin flag 1 data 41378
[   47.4896] open fd = -5
[   47.5057] open name host:/livepad.bin flag 1 data 41378
[   47.5069] open fd = -5
[   47.5232] open name host:/livepad.bin flag 1 data 41378
[   47.5244] open fd = -5
[   47.5409] open name host:/livepad.bin flag 1 data 41378
[   47.5420] open fd = -5
[   47.5569] open name host:/livepad.bin flag 1 data 41378
[   47.5582] open fd = -5
[   47.5742] open name host:/livepad.bin flag 1 data 41378
[   47.5753] open fd = -5
[   47.5755] open name host:/livedbg.cmd flag 1 data 41378
[   47.5767] open fd = -5
[   47.5927] open name host:/livepad.bin flag 1 data 41378
[   47.5941] open fd = -5
[   47.6103] open name host:/livepad.bin flag 1 data 41378
[   47.6114] open fd = -5
[   47.6294] open name host:/livepad.bin flag 1 data 41378
[   47.6305] open fd = -5
[   47.6520] open name host:/livepad.bin flag 1 data 41378
[   47.6532] open fd = -5
[   47.6696] open name host:/livepad.bin flag 1 data 41378
[   47.6709] open fd = -5
[   47.6876] open name host:/livepad.bin flag 1 data 41378
[   47.6890] open fd = -5
[   47.6894] open name host:/livedbg.cmd flag 1 data 41378
[   47.6906] open fd = -5
[   47.7087] open name host:/livepad.bin flag 1 data 41378
[   47.7102] open fd = -5
[   47.7270] open name host:/livepad.bin flag 1 data 41378
[   47.7283] open fd = -5
[   47.7441] open name host:/livepad.bin flag 1 data 41378
[   47.7453] open fd = -5
[   47.7615] open name host:/livepad.bin flag 1 data 41378
[   47.7627] open fd = -5
[   47.7784] open name host:/livepad.bin flag 1 data 41378
[   47.7795] open fd = -5
[   47.7803] open name host:/log.txt flag 302 data 41378
[   47.7822] open fd = 256
[   47.8007] open name host:/livepad.bin flag 1 data 41378
[   47.8020] open fd = -5
[   47.8022] open name host:/livedbg.cmd flag 1 data 41378
[   47.8033] open fd = -5
[   47.8191] open name host:/livepad.bin flag 1 data 41378
[   47.8204] open fd = -5
[   47.8368] open name host:/livepad.bin flag 1 data 41378
[   47.8380] open fd = -5
[   47.8550] open name host:/livepad.bin flag 1 data 41378
[   47.8562] open fd = -5
[   47.8723] open name host:/livepad.bin flag 1 data 41378
[   47.8734] open fd = -5
[   47.8893] open name host:/livepad.bin flag 1 data 41378
[   47.8906] open fd = -5
[   47.9068] open name host:/livepad.bin flag 1 data 41378
[   47.9080] open fd = -5
[   47.9084] open name host:/livedbg.cmd flag 1 data 41378
[   47.9098] open fd = -5
[   47.9270] open name host:/livepad.bin flag 1 data 41378
[   47.9285] open fd = -5
[   47.9449] open name host:/livepad.bin flag 1 data 41378
[   47.9462] open fd = -5
[   47.9489] open name host:/log.txt flag 302 data 41378
[   47.9507] open fd = 256
[   47.9676] open name host:/livepad.bin flag 1 data 41378
[   47.9689] open fd = -5
[   47.9850] open name host:/livepad.bin flag 1 data 41378
[   47.9861] open fd = -5
[   48.0024] open name host:/livepad.bin flag 1 data 41378
[   48.0036] open fd = -5
[   48.0198] open name host:/livepad.bin flag 1 data 41378
[   48.0209] open fd = -5
[   48.0212] open name host:/livedbg.cmd flag 1 data 41378
[   48.0222] open fd = -5
[   48.0385] open name host:/livepad.bin flag 1 data 41378
[   48.0396] open fd = -5
[   48.0556] open name host:/livepad.bin flag 1 data 41378
[   48.0568] open fd = -5
[   48.0730] open name host:/livepad.bin flag 1 data 41378
[   48.0742] open fd = -5
[   48.0912] open name host:/livepad.bin flag 1 data 41378
[   48.0926] open fd = -5
[   48.1086] open name host:/livepad.bin flag 1 data 41378
[   48.1100] open fd = -5
[   48.1264] open name host:/livepad.bin flag 1 data 41378
[   48.1277] open fd = -5
[   48.1282] open name host:/livedbg.cmd flag 1 data 41378
[   48.1294] open fd = -5
[   48.1459] open name host:/livepad.bin flag 1 data 41378
[   48.1471] open fd = -5
[   48.1629] open name host:/livepad.bin flag 1 data 41378
[   48.1640] open fd = -5
[   48.1811] open name host:/livepad.bin flag 1 data 41378
[   48.1824] open fd = -5
[   48.1986] open name host:/livepad.bin flag 1 data 41378
[   48.1997] open fd = -5
[   48.2175] open name host:/livepad.bin flag 1 data 41378
[   48.2191] open fd = -5
[   48.2356] open name host:/livepad.bin flag 1 data 41378
[   48.2367] open fd = -5
[   48.2370] open name host:/livedbg.cmd flag 1 data 41378
[   48.2384] open fd = -5
[   48.2388] open name host:/log.txt flag 302 data 41378
[   48.2404] open fd = 256
[   48.2586] open name host:/livepad.bin flag 1 data 41378
[   48.2601] open fd = -5
[   48.2751] open name host:/livepad.bin flag 1 data 41378
[   48.2764] open fd = -5
[   48.2931] open name host:/livepad.bin flag 1 data 41378
[   48.2945] open fd = -5
[   48.3110] open name host:/livepad.bin flag 1 data 41378
[   48.3124] open fd = -5
[   48.3304] open name host:/livepad.bin flag 1 data 41378
[   48.3316] open fd = -5
[   48.3482] open name host:/livepad.bin flag 1 data 41378
[   48.3495] open fd = -5
[   48.3499] open name host:/livedbg.cmd flag 1 data 41378
[   48.3509] open fd = -5
[   48.3665] open name host:/livepad.bin flag 1 data 41378
[   48.3676] open fd = -5
[   48.3847] open name host:/livepad.bin flag 1 data 41378
[   48.3860] open fd = -5
[   48.4028] open name host:/livepad.bin flag 1 data 41378
[   48.4041] open fd = -5
[   48.4209] open name host:/livepad.bin flag 1 data 41378
[   48.4220] open fd = -5
[   48.4386] open name host:/livepad.bin flag 1 data 41378
[   48.4397] open fd = -5
[   48.4562] open name host:/livepad.bin flag 1 data 41378
[   48.4573] open fd = -5
[   48.4576] open name host:/livedbg.cmd flag 1 data 41378
[   48.4587] open fd = -5
[   48.4763] open name host:/livepad.bin flag 1 data 41378
[   48.4780] open fd = -5
[   48.4951] open name host:/livepad.bin flag 1 data 41378
[   48.4962] open fd = -5
[   48.5132] open name host:/livepad.bin flag 1 data 41378
[   48.5145] open fd = -5
[   48.5314] open name host:/livepad.bin flag 1 data 41378
[   48.5329] open fd = -5
[   48.5497] open name host:/livepad.bin flag 1 data 41378
[   48.5511] open fd = -5
[   48.5683] open name host:/livepad.bin flag 1 data 41378
[   48.5697] open fd = -5
[   48.5700] open name host:/livedbg.cmd flag 1 data 41378
[   48.5710] open fd = -5
[   48.5863] open name host:/livepad.bin flag 1 data 41378
[   48.5882] open fd = -5
[   48.6068] open name host:/livepad.bin flag 1 data 41378
[   48.6080] open fd = -5
[   48.6261] open name host:/livepad.bin flag 1 data 41378
[   48.6277] open fd = -5
[   48.6444] open name host:/livepad.bin flag 1 data 41378
[   48.6456] open fd = -5
[   48.6620] open name host:/livepad.bin flag 1 data 41378
[   48.6632] open fd = -5
[   48.6800] open name host:/livepad.bin flag 1 data 41378
[   48.6814] open fd = -5
[   48.6817] open name host:/livedbg.cmd flag 1 data 41378
[   48.6828] open fd = -5
[   48.6993] open name host:/livepad.bin flag 1 data 41378
[   48.7004] open fd = -5
[   48.7012] open name host:/log.txt flag 302 data 41378
[   48.7027] open fd = 256
[   48.7226] open name host:/livepad.bin flag 1 data 41378
[   48.7241] open fd = -5
[   48.7403] open name host:/livepad.bin flag 1 data 41378
[   48.7416] open fd = -5
[   48.7578] open name host:/livepad.bin flag 1 data 41378
[   48.7592] open fd = -5
[   48.7755] open name host:/livepad.bin flag 1 data 41378
[   48.7768] open fd = -5
[   48.7935] open name host:/livepad.bin flag 1 data 41378
[   48.7946] open fd = -5
[   48.7951] open name host:/livedbg.cmd flag 1 data 41378
[   48.7962] open fd = -5
[   48.8121] open name host:/livepad.bin flag 1 data 41378
[   48.8135] open fd = -5
[   48.8298] open name host:/livepad.bin flag 1 data 41378
[   48.8310] open fd = -5
[   48.8479] open name host:/livepad.bin flag 1 data 41378
[   48.8494] open fd = -5
[   48.8653] open name host:/livepad.bin flag 1 data 41378
[   48.8667] open fd = -5
[   48.8691] open name host:/log.txt flag 302 data 41378
[   48.8709] open fd = 256
[   48.8880] open name host:/livepad.bin flag 1 data 41378
[   48.8893] open fd = -5
[   48.9078] open name host:/livepad.bin flag 1 data 41378
[   48.9089] open fd = -5
[   48.9091] open name host:/livedbg.cmd flag 1 data 41378
[   48.9103] open fd = -5
[   48.9280] open name host:/livepad.bin flag 1 data 41378
[   48.9291] open fd = -5
[   48.9461] open name host:/livepad.bin flag 1 data 41378
[   48.9475] open fd = -5
[   48.9637] open name host:/livepad.bin flag 1 data 41378
[   48.9648] open fd = -5
[   48.9819] open name host:/livepad.bin flag 1 data 41378
[   48.9833] open fd = -5
[   49.0011] open name host:/livepad.bin flag 1 data 41378
[   49.0024] open fd = -5
[   49.0182] open name host:/livepad.bin flag 1 data 41378
[   49.0194] open fd = -5
[   49.0197] open name host:/livedbg.cmd flag 1 data 41378
[   49.0206] open fd = -5
[   49.0365] open name host:/livepad.bin flag 1 data 41378
[   49.0377] open fd = -5
[   49.0536] open name host:/livepad.bin flag 1 data 41378
[   49.0546] open fd = -5
[   49.0709] open name host:/livepad.bin flag 1 data 41378
[   49.0721] open fd = -5
[   49.0889] open name host:/livepad.bin flag 1 data 41378
[   49.0903] open fd = -5
[   49.1069] open name host:/livepad.bin flag 1 data 41378
[   49.1082] open fd = -5
[   49.1253] open name host:/livepad.bin flag 1 data 41378
[   49.1265] open fd = -5
[   49.1270] open name host:/livedbg.cmd flag 1 data 41378
[   49.1280] open fd = -5
[   49.1450] open name host:/livepad.bin flag 1 data 41378
[   49.1463] open fd = -5
[   49.1643] open name host:/livepad.bin flag 1 data 41378
[   49.1654] open fd = -5
[   49.1659] open name host:/log.txt flag 302 data 41378
[   49.1680] open fd = 256
[   49.1705] open name host:/log.txt flag 302 data 41378
[   49.1722] open fd = 256
[   49.1896] open name host:/livepad.bin flag 1 data 41378
[   49.1911] open fd = -5
[   49.2082] open name host:/livepad.bin flag 1 data 41378
[   49.2096] open fd = -5
[   49.2269] open name host:/livepad.bin flag 1 data 41378
[   49.2282] open fd = -5
[   49.2458] open name host:/livepad.bin flag 1 data 41378
[   49.2470] open fd = -5
[   49.2472] open name host:/livedbg.cmd flag 1 data 41378
[   49.2483] open fd = -5
[   49.2644] open name host:/livepad.bin flag 1 data 41378
[   49.2655] open fd = -5
[   49.2822] open name host:/livepad.bin flag 1 data 41378
[   49.2832] open fd = -5
[   49.3002] open name host:/livepad.bin flag 1 data 41378
[   49.3013] open fd = -5
[   49.3175] open name host:/livepad.bin flag 1 data 41378
[   49.3185] open fd = -5
[   49.3354] open name host:/livepad.bin flag 1 data 41378
[   49.3367] open fd = -5
[   49.3529] open name host:/livepad.bin flag 1 data 41378
[   49.3542] open fd = -5
[   49.3545] open name host:/livedbg.cmd flag 1 data 41378
[   49.3556] open fd = -5
[   49.3724] open name host:/livepad.bin flag 1 data 41378
[   49.3735] open fd = -5
[   49.3903] open name host:/livepad.bin flag 1 data 41378
[   49.3915] open fd = -5
[   49.3920] open name host:/log.txt flag 302 data 41378
[   49.3938] open fd = 256
[   49.4119] open name host:/livepad.bin flag 1 data 41378
[   49.4132] open fd = -5
[   49.4309] FRAMEARENA frames=2160 peak=1045072 resets=4 fallbacks=0 maxFrameBytes=2731360 maxBorrowed=2028560 freeKiB=12497
[   49.4311] NATIVEVIF frames=2160 batches=2164
[   49.4313] ORDEREDFRAME frames=2160 splitFrames=3
[   49.4315] FRAMEPIPELINE starts=2160 dmaBusyStarts=1
[   49.4318] open name host:/livepad.bin flag 1 data 41378
[   49.4330] open fd = -5
[   49.4530] open name host:/livepad.bin flag 1 data 41378
[   49.4543] open fd = -5
[   49.4714] open name host:/livepad.bin flag 1 data 41378
[   49.4726] open fd = -5
[   49.4730] open name host:/livedbg.cmd flag 1 data 41378
[   49.4743] open fd = -5
[   49.4911] open name host:/livepad.bin flag 1 data 41378
[   49.4924] open fd = -5
[   49.5089] open name host:/livepad.bin flag 1 data 41378
[   49.5103] open fd = -5
[   49.5286] open name host:/livepad.bin flag 1 data 41378
[   49.5299] open fd = -5
[   49.5467] open name host:/livepad.bin flag 1 data 41378
[   49.5482] open fd = -5
[   49.5669] open name host:/livepad.bin flag 1 data 41378
[   49.5687] open fd = -5
[   49.5852] open name host:/livepad.bin flag 1 data 41378
[   49.5867] open fd = -5
[   49.5869] open name host:/livedbg.cmd flag 1 data 41378
[   49.5883] open fd = -5
[   49.6066] open name host:/livepad.bin flag 1 data 41378
[   49.6084] open fd = -5
[   49.6249] open name host:/livepad.bin flag 1 data 41378
[   49.6263] open fd = -5
[   49.6441] open name host:/livepad.bin flag 1 data 41378
[   49.6456] open fd = -5
[   49.6462] open name host:/log.txt flag 302 data 41378
[   49.6479] open fd = 256
[   49.6687] open name host:/livepad.bin flag 1 data 41378
[   49.6702] open fd = -5
[   49.6880] open name host:/livepad.bin flag 1 data 41378
[   49.6896] open fd = -5
[   49.7067] open name host:/livepad.bin flag 1 data 41378
[   49.7080] open fd = -5
[   49.7083] open name host:/livedbg.cmd flag 1 data 41378
[   49.7095] open fd = -5
[   49.7259] open name host:/livepad.bin flag 1 data 41378
[   49.7274] open fd = -5
[   49.7455] open name host:/livepad.bin flag 1 data 41378
[   49.7467] open fd = -5
[   49.7650] open name host:/livepad.bin flag 1 data 41378
[   49.7663] open fd = -5
[   49.7832] open name host:/livepad.bin flag 1 data 41378
[   49.7846] open fd = -5
[   49.8012] open name host:/livepad.bin flag 1 data 41378
[   49.8026] open fd = -5
[   49.8203] open name host:/livepad.bin flag 1 data 41378
[   49.8216] open fd = -5
[   49.8218] open name host:/livedbg.cmd flag 1 data 41378
[   49.8227] open fd = -5
[   49.8256] open name host:/log.txt flag 302 data 41378
[   49.8273] open fd = 256
[   49.8447] open name host:/livepad.bin flag 1 data 41378
[   49.8461] open fd = -5
[   49.8649] open name host:/livepad.bin flag 1 data 41378
[   49.8662] open fd = -5
[   49.8847] open name host:/livepad.bin flag 1 data 41378
[   49.8858] open fd = -5
[   49.9028] open name host:/livepad.bin flag 1 data 41378
[   49.9042] open fd = -5
[   49.9235] open name host:/livepad.bin flag 1 data 41378
[   49.9251] open fd = -5
[   49.9421] open name host:/livepad.bin flag 1 data 41378
[   49.9435] open fd = -5
[   49.9440] open name host:/livedbg.cmd flag 1 data 41378
[   49.9450] open fd = -5
[   49.9632] open name host:/livepad.bin flag 1 data 41378
[   49.9645] open fd = -5
[   49.9830] open name host:/livepad.bin flag 1 data 41378
[   49.9843] open fd = -5
[   50.0011] open name host:/livepad.bin flag 1 data 41378
[   50.0023] open fd = -5
[   50.0203] open name host:/livepad.bin flag 1 data 41378
[   50.0215] open fd = -5
[   50.0385] open name host:/livepad.bin flag 1 data 41378
[   50.0397] open fd = -5
[   50.0586] open name host:/livepad.bin flag 1 data 41378
[   50.0605] open fd = -5
[   50.0608] open name host:/livedbg.cmd flag 1 data 41378
[   50.0618] open fd = -5
[   50.0797] open name host:/livepad.bin flag 1 data 41378
[   50.0811] open fd = -5
[   50.0985] open name host:/livepad.bin flag 1 data 41378
[   50.0999] open fd = -5
[   50.1166] open name host:/livepad.bin flag 1 data 41378
[   50.1180] open fd = -5
[   50.1356] open name host:/livepad.bin flag 1 data 41378
[   50.1370] open fd = -5
[   50.1377] open name host:/log.txt flag 302 data 41378
[   50.1398] open fd = 256
[   50.1576] open name host:/livepad.bin flag 1 data 41378
[   50.1589] open fd = -5
[   50.1773] open name host:/livepad.bin flag 1 data 41378
[   50.1786] open fd = -5
[   50.1788] open name host:/livedbg.cmd flag 1 data 41378
[   50.1798] open fd = -5
[   50.1979] open name host:/livepad.bin flag 1 data 41378
[   50.1994] open fd = -5
[   50.2170] open name host:/livepad.bin flag 1 data 41378
[   50.2183] open fd = -5
[   50.2354] open name host:/livepad.bin flag 1 data 41378
[   50.2368] open fd = -5
[   50.2539] open name host:/livepad.bin flag 1 data 41378
[   50.2552] open fd = -5
[   50.2731] open name host:/livepad.bin flag 1 data 41378
[   50.2744] open fd = -5
[   50.2912] open name host:/livepad.bin flag 1 data 41378
[   50.2924] open fd = -5
[   50.2927] open name host:/livedbg.cmd flag 1 data 41378
[   50.2935] open fd = -5
[   50.3105] open name host:/livepad.bin flag 1 data 41378
[   50.3118] open fd = -5
[   50.3290] open name host:/livepad.bin flag 1 data 41378
[   50.3301] open fd = -5
[   50.3474] open name host:/livepad.bin flag 1 data 41378
[   50.3489] open fd = -5
[   50.3657] open name host:/livepad.bin flag 1 data 41378
[   50.3670] open fd = -5
[   50.3853] open name host:/livepad.bin flag 1 data 41378
[   50.3868] open fd = -5
[   50.4057] open name host:/livepad.bin flag 1 data 41378
[   50.4071] open fd = -5
[   50.4074] open name host:/livedbg.cmd flag 1 data 41378
[   50.4086] open fd = -5
[   50.4257] open name host:/livepad.bin flag 1 data 41378
[   50.4270] open fd = -5
[   50.4445] open name host:/livepad.bin flag 1 data 41378
[   50.4457] open fd = -5
[   50.4650] open name host:/livepad.bin flag 1 data 41378
[   50.4661] open fd = -5
[   50.4857] open name host:/livepad.bin flag 1 data 41378
[   50.4869] open fd = -5
[   50.5055] open name host:/livepad.bin flag 1 data 41378
[   50.5068] open fd = -5
[   50.5255] open name host:/livepad.bin flag 1 data 41378
[   50.5268] open fd = -5
[   50.5271] open name host:/livedbg.cmd flag 1 data 41378
[   50.5281] open fd = -5
[   50.5456] open name host:/livepad.bin flag 1 data 41378
[   50.5469] open fd = -5
[   50.5640] open name host:/livepad.bin flag 1 data 41378
[   50.5650] open fd = -5
[   50.5834] open name host:/livepad.bin flag 1 data 41378
[   50.5846] open fd = -5
[   50.6033] open name host:/livepad.bin flag 1 data 41378
[   50.6045] open fd = -5
[   50.6224] open name host:/livepad.bin flag 1 data 41378
[   50.6236] open fd = -5
[   50.6243] open name host:/log.txt flag 302 data 41378
[   50.6256] open fd = 256
[   50.6449] open name host:/livepad.bin flag 1 data 41378
[   50.6461] open fd = -5
[   50.6467] open name host:/livedbg.cmd flag 1 data 41378
[   50.6480] open fd = -5
[   50.6665] open name host:/livepad.bin flag 1 data 41378
[   50.6678] open fd = -5
[   50.6852] open name host:/livepad.bin flag 1 data 41378
[   50.6865] open fd = -5
[   50.7046] open name host:/livepad.bin flag 1 data 41378
[   50.7059] open fd = -5
[   50.7232] open name host:/livepad.bin flag 1 data 41378
[   50.7247] open fd = -5
[   50.7424] open name host:/livepad.bin flag 1 data 41378
[   50.7437] open fd = -5
[   50.7623] open name host:/livepad.bin flag 1 data 41378
[   50.7637] open fd = -5
[   50.7641] open name host:/livedbg.cmd flag 1 data 41378
[   50.7651] open fd = -5
[   50.7830] open name host:/livepad.bin flag 1 data 41378
[   50.7843] open fd = -5
[   50.8018] open name host:/livepad.bin flag 1 data 41378
[   50.8032] open fd = -5
[   50.8061] open name host:/log.txt flag 302 data 41378
[   50.8079] open fd = 256
[   50.8240] open name host:/livepad.bin flag 1 data 41378
[   50.8252] open fd = -5
[   50.8435] open name host:/livepad.bin flag 1 data 41378
[   50.8448] open fd = -5
[   50.8619] open name host:/livepad.bin flag 1 data 41378
[   50.8633] open fd = -5
[   50.8816] open name host:/livepad.bin flag 1 data 41378
[   50.8830] open fd = -5
[   50.8835] open name host:/livedbg.cmd flag 1 data 41378
[   50.8846] open fd = -5
[   50.9022] open name host:/livepad.bin flag 1 data 41378
[   50.9034] open fd = -5
[   50.9215] open name host:/livepad.bin flag 1 data 41378
[   50.9227] open fd = -5
[   50.9395] open name host:/livepad.bin flag 1 data 41378
[   50.9409] open fd = -5
[   50.9577] open name host:/livepad.bin flag 1 data 41378
[   50.9589] open fd = -5
[   50.9776] open name host:/livepad.bin flag 1 data 41378
[   50.9788] open fd = -5
[   50.9952] open name host:/livepad.bin flag 1 data 41378
[   50.9964] open fd = -5
[   50.9967] open name host:/livedbg.cmd flag 1 data 41378
[   50.9976] open fd = -5
[   51.0142] open name host:/livepad.bin flag 1 data 41378
[   51.0154] open fd = -5
[   51.0324] open name host:/livepad.bin flag 1 data 41378
[   51.0339] open fd = -5
[   51.0502] open name host:/livepad.bin flag 1 data 41378
[   51.0514] open fd = -5
[   51.0682] open name host:/livepad.bin flag 1 data 41378
[   51.0694] open fd = -5
[   51.0862] open name host:/livepad.bin flag 1 data 41378
[   51.0874] open fd = -5
[   51.1041] open name host:/livepad.bin flag 1 data 41378
[   51.1053] open fd = -5
[   51.1057] open name host:/livedbg.cmd flag 1 data 41378
[   51.1065] open fd = -5
[   51.1070] open name host:/log.txt flag 302 data 41378
[   51.1085] open fd = 256
[   51.1284] open name host:/livepad.bin flag 1 data 41378
[   51.1295] open fd = -5
[   51.1476] open name host:/livepad.bin flag 1 data 41378
[   51.1489] open fd = -5
[   51.1661] open name host:/livepad.bin flag 1 data 41378
[   51.1677] open fd = -5
[   51.1855] open name host:/livepad.bin flag 1 data 41378
[   51.1869] open fd = -5
[   51.2048] open name host:/livepad.bin flag 1 data 41378
[   51.2060] open fd = -5
[   51.2225] open name host:/livepad.bin flag 1 data 41378
[   51.2239] open fd = -5
[   51.2242] open name host:/livedbg.cmd flag 1 data 41378
[   51.2251] open fd = -5
[   51.2416] open name host:/livepad.bin flag 1 data 41378
[   51.2429] open fd = -5
[   51.2595] open name host:/livepad.bin flag 1 data 41378
[   51.2608] open fd = -5
[   51.2778] open name host:/livepad.bin flag 1 data 41378
[   51.2792] open fd = -5
[   51.2959] open name host:/livepad.bin flag 1 data 41378
[   51.2971] open fd = -5
[   51.3153] open name host:/livepad.bin flag 1 data 41378
[   51.3165] open fd = -5
[   51.3359] open name host:/livepad.bin flag 1 data 41378
[   51.3373] open fd = -5
[   51.3376] open name host:/livedbg.cmd flag 1 data 41378
[   51.3385] open fd = -5
[   51.3566] open name host:/livepad.bin flag 1 data 41378
[   51.3582] open fd = -5
[   51.3750] open name host:/livepad.bin flag 1 data 41378
[   51.3765] open fd = -5
[   51.3930] open name host:/livepad.bin flag 1 data 41378
[   51.3942] open fd = -5
[   51.4118] open name host:/livepad.bin flag 1 data 41378
[   51.4132] open fd = -5
[   51.4323] open name host:/livepad.bin flag 1 data 41378
[   51.4333] open fd = -5
[   51.4507] open name host:/livepad.bin flag 1 data 41378
[   51.4519] open fd = -5
[   51.4522] open name host:/livedbg.cmd flag 1 data 41378
[   51.4557] open fd = -5
[   51.4742] open name host:/livepad.bin flag 1 data 41378
[   51.4755] open fd = -5
[   51.4937] open name host:/livepad.bin flag 1 data 41378
[   51.4952] open fd = -5
[   51.5166] open name host:/livepad.bin flag 1 data 41378
[   51.5181] open fd = -5
[   51.5381] open name host:/livepad.bin flag 1 data 41378
[   51.5395] open fd = -5
[   51.5580] open name host:/livepad.bin flag 1 data 41378
[   51.5594] open fd = -5
[   51.5779] open name host:/livepad.bin flag 1 data 41378
[   51.5793] open fd = -5
[   51.5796] open name host:/livedbg.cmd flag 1 data 41378
[   51.5809] open fd = -5
[   51.5986] open name host:/livepad.bin flag 1 data 41378
[   51.6001] open fd = -5
[   51.6008] open name host:/log.txt flag 302 data 41378
[   51.6024] open fd = 256
[   51.6221] open name host:/livepad.bin flag 1 data 41378
[   51.6234] open fd = -5
[   51.6416] open name host:/livepad.bin flag 1 data 41378
[   51.6429] open fd = -5
[   51.6617] open name host:/livepad.bin flag 1 data 41378
[   51.6631] open fd = -5
[   51.6799] open name host:/livepad.bin flag 1 data 41378
[   51.6811] open fd = -5
[   51.7002] open name host:/livepad.bin flag 1 data 41378
[   51.7015] open fd = -5
[   51.7017] open name host:/livedbg.cmd flag 1 data 41378
[   51.7028] open fd = -5
[   51.7193] open name host:/livepad.bin flag 1 data 41378
[   51.7207] open fd = -5
[   51.7388] open name host:/livepad.bin flag 1 data 41378
[   51.7401] open fd = -5
[   51.7578] open name host:/livepad.bin flag 1 data 41378
[   51.7592] open fd = -5
[   51.7753] FRAMEARENA frames=2280 peak=1045072 resets=4 fallbacks=0 maxFrameBytes=2731360 maxBorrowed=2028560 freeKiB=12634
[   51.7755] NATIVEVIF frames=2280 batches=2284
[   51.7756] ORDEREDFRAME frames=2280 splitFrames=3
[   51.7759] FRAMEPIPELINE starts=2280 dmaBusyStarts=1
[   51.7762] open name host:/livepad.bin flag 1 data 41378
[   51.7776] open fd = -5
[   51.7802] open name host:/log.txt flag 302 data 41378
[   51.7818] open fd = 256
[   51.7979] open name host:/livepad.bin flag 1 data 41378
[   51.7993] open fd = -5
[   51.8166] open name host:/livepad.bin flag 1 data 41378
[   51.8179] open fd = -5
[   51.8182] open name host:/livedbg.cmd flag 1 data 41378
[   51.8191] open fd = -5
[   51.8356] open name host:/livepad.bin flag 1 data 41378
[   51.8368] open fd = -5
[   51.8559] open name host:/livepad.bin flag 1 data 41378
[   51.8574] open fd = -5
[   51.8756] open name host:/livepad.bin flag 1 data 41378
[   51.8770] open fd = -5
[   51.8941] open name host:/livepad.bin flag 1 data 41378
[   51.8955] open fd = -5
[   51.9134] open name host:/livepad.bin flag 1 data 41378
[   51.9148] open fd = -5
[   51.9318] open name host:/livepad.bin flag 1 data 41378
[   51.9333] open fd = -5
[   51.9338] open name host:/livedbg.cmd flag 1 data 41378
[   51.9348] open fd = -5
[   51.9512] open name host:/livepad.bin flag 1 data 41378
[   51.9526] open fd = -5
[   51.9686] open name host:/livepad.bin flag 1 data 41378
[   51.9698] open fd = -5
[   51.9873] open name host:/livepad.bin flag 1 data 41378
[   51.9888] open fd = -5
[   52.0050] open name host:/livepad.bin flag 1 data 41378
[   52.0064] open fd = -5
[   52.0242] open name host:/livepad.bin flag 1 data 41378
[   52.0258] open fd = -5
[   52.0442] open name host:/livepad.bin flag 1 data 41378
[   52.0456] open fd = -5
[   52.0460] open name host:/livedbg.cmd flag 1 data 41378
[   52.0471] open fd = -5
[   52.0631] open name host:/livepad.bin flag 1 data 41378
[   52.0645] open fd = -5
[   52.0827] open name host:/livepad.bin flag 1 data 41378
[   52.0841] open fd = -5
[   52.0849] open name host:/log.txt flag 302 data 41378
[   52.0869] open fd = 256
[   52.0897] open name host:/log.txt flag 302 data 41378
[   52.0916] open fd = 256
[   52.1093] open name host:/livepad.bin flag 1 data 41378
[   52.1107] open fd = -5
[   52.1267] open name host:/livepad.bin flag 1 data 41378
[   52.1281] open fd = -5
[   52.1442] open name host:/livepad.bin flag 1 data 41378
[   52.1455] open fd = -5
[   52.1633] open name host:/livepad.bin flag 1 data 41378
[   52.1646] open fd = -5
[   52.1649] open name host:/livedbg.cmd flag 1 data 41378
[   52.1659] open fd = -5
[   52.1822] open name host:/livepad.bin flag 1 data 41378
[   52.1835] open fd = -5
[   52.2005] open name host:/livepad.bin flag 1 data 41378
[   52.2019] open fd = -5
[   52.2192] open name host:/livepad.bin flag 1 data 41378
[   52.2205] open fd = -5
[   52.2371] open name host:/livepad.bin flag 1 data 41378
[   52.2385] open fd = -5
[   52.2556] open name host:/livepad.bin flag 1 data 41378
[   52.2571] open fd = -5
[   52.2758] open name host:/livepad.bin flag 1 data 41378
[   52.2773] open fd = -5
[   52.2776] open name host:/livedbg.cmd flag 1 data 41378
[   52.2786] open fd = -5
[   52.2958] open name host:/livepad.bin flag 1 data 41378
[   52.2971] open fd = -5
[   52.3139] open name host:/livepad.bin flag 1 data 41378
[   52.3152] open fd = -5
[   52.3322] open name host:/livepad.bin flag 1 data 41378
[   52.3335] open fd = -5
[   52.3506] open name host:/livepad.bin flag 1 data 41378
[   52.3519] open fd = -5
[   52.3698] open name host:/livepad.bin flag 1 data 41378
[   52.3712] open fd = -5
[   52.3880] open name host:/livepad.bin flag 1 data 41378
[   52.3894] open fd = -5
[   52.3897] open name host:/livedbg.cmd flag 1 data 41378
[   52.3907] open fd = -5
[   52.4077] open name host:/livepad.bin flag 1 data 41378
[   52.4091] open fd = -5
[   52.4256] open name host:/livepad.bin flag 1 data 41378
[   52.4270] open fd = -5
[   52.4443] open name host:/livepad.bin flag 1 data 41378
[   52.4454] open fd = -5
[   52.4622] open name host:/livepad.bin flag 1 data 41378
[   52.4634] open fd = -5
[   52.4818] open name host:/livepad.bin flag 1 data 41378
[   52.4831] open fd = -5
[   52.5012] open name host:/livepad.bin flag 1 data 41378
[   52.5026] open fd = -5
[   52.5031] open name host:/livedbg.cmd flag 1 data 41378
[   52.5041] open fd = -5
[   52.5215] open name host:/livepad.bin flag 1 data 41378
[   52.5226] open fd = -5
[   52.5393] open name host:/livepad.bin flag 1 data 41378
[   52.5405] open fd = -5
[   52.5577] open name host:/livepad.bin flag 1 data 41378
[   52.5589] open fd = -5
[   52.5596] open name host:/log.txt flag 302 data 41378
[   52.5611] open fd = 256
[   52.5803] open name host:/livepad.bin flag 1 data 41378
[   52.5818] open fd = -5
[   52.5995] open name host:/livepad.bin flag 1 data 41378
[   52.6009] open fd = -5
[   52.6181] open name host:/livepad.bin flag 1 data 41378
[   52.6194] open fd = -5
[   52.6197] open name host:/livedbg.cmd flag 1 data 41378
[   52.6207] open fd = -5
[   52.6382] open name host:/livepad.bin flag 1 data 41378
[   52.6394] open fd = -5
[   52.6617] open name host:/livepad.bin flag 1 data 41378
[   52.6631] open fd = -5
[   52.6828] open name host:/livepad.bin flag 1 data 41378
[   52.6844] open fd = -5
[   52.7021] open name host:/livepad.bin flag 1 data 41378
[   52.7034] open fd = -5
[   52.7231] open name host:/livepad.bin flag 1 data 41378
[   52.7244] open fd = -5
[   52.7420] open name host:/livepad.bin flag 1 data 41378
[   52.7433] open fd = -5
[   52.7437] open name host:/livedbg.cmd flag 1 data 41378
[   52.7448] open fd = -5
[   52.7479] open name host:/log.txt flag 302 data 41378
[   52.7500] open fd = 256
[   52.7676] open name host:/livepad.bin flag 1 data 41378
[   52.7688] open fd = -5
[   52.7868] open name host:/livepad.bin flag 1 data 41378
[   52.7884] open fd = -5
[   52.8069] open name host:/livepad.bin flag 1 data 41378
[   52.8084] open fd = -5
[   52.8264] open name host:/livepad.bin flag 1 data 41378
[   52.8280] open fd = -5
[   52.8476] open name host:/livepad.bin flag 1 data 41378
[   52.8489] open fd = -5
[   52.8670] open name host:/livepad.bin flag 1 data 41378
[   52.8682] open fd = -5
[   52.8687] open name host:/livedbg.cmd flag 1 data 41378
[   52.8698] open fd = -5
[   52.8888] open name host:/livepad.bin flag 1 data 41378
[   52.8903] open fd = -5
[   52.9078] open name host:/livepad.bin flag 1 data 41378
[   52.9094] open fd = -5
[   52.9285] open name host:/livepad.bin flag 1 data 41378
[   52.9298] open fd = -5
[   52.9476] open name host:/livepad.bin flag 1 data 41378
[   52.9488] open fd = -5
[   52.9665] open name host:/livepad.bin flag 1 data 41378
[   52.9679] open fd = -5
[   52.9849] open name host:/livepad.bin flag 1 data 41378
[   52.9861] open fd = -5
[   52.9865] open name host:/livedbg.cmd flag 1 data 41378
[   52.9876] open fd = -5
[   53.0054] open name host:/livepad.bin flag 1 data 41378
[   53.0068] open fd = -5
[   53.0259] open name host:/livepad.bin flag 1 data 41378
[   53.0278] open fd = -5
[   53.0472] open name host:/livepad.bin flag 1 data 41378
[   53.0486] open fd = -5
[   53.0680] open name host:/livepad.bin flag 1 data 41378
[   53.0693] open fd = -5
[   53.0702] open name host:/log.txt flag 302 data 41378
[   53.0720] open fd = 256
[   53.0921] open name host:/livepad.bin flag 1 data 41378
[   53.0935] open fd = -5
[   53.1115] open name host:/livepad.bin flag 1 data 41378
[   53.1134] open fd = -5
[   53.1139] open name host:/livedbg.cmd flag 1 data 41378
[   53.1153] open fd = -5
[   53.1382] open name host:/livepad.bin flag 1 data 41378
[   53.1402] open fd = -5
[   53.1621] open name host:/livepad.bin flag 1 data 41378
[   53.1635] open fd = -5
[   53.1810] open name host:/livepad.bin flag 1 data 41378
[   53.1823] open fd = -5
[   53.2018] open name host:/livepad.bin flag 1 data 41378
[   53.2031] open fd = -5
[   53.2225] open name host:/livepad.bin flag 1 data 41378
[   53.2239] open fd = -5
[   53.2409] open name host:/livepad.bin flag 1 data 41378
[   53.2423] open fd = -5
[   53.2427] open name host:/livedbg.cmd flag 1 data 41378
[   53.2440] open fd = -5
[   53.2628] open name host:/livepad.bin flag 1 data 41378
[   53.2641] open fd = -5
[   53.2811] open name host:/livepad.bin flag 1 data 41378
[   53.2824] open fd = -5
[   53.2998] open name host:/livepad.bin flag 1 data 41378
[   53.3011] open fd = -5
[   53.3198] open name host:/livepad.bin flag 1 data 41378
[   53.3210] open fd = -5
[   53.3408] open name host:/livepad.bin flag 1 data 41378
[   53.3422] open fd = -5
[   53.3590] open name host:/livepad.bin flag 1 data 41378
[   53.3604] open fd = -5
[   53.3608] open name host:/livedbg.cmd flag 1 data 41378
[   53.3618] open fd = -5
[   53.3806] open name host:/livepad.bin flag 1 data 41378
[   53.3819] open fd = -5
[   53.4009] open name host:/livepad.bin flag 1 data 41378
[   53.4022] open fd = -5
[   53.4250] open name host:/livepad.bin flag 1 data 41378
[   53.4273] open fd = -5
[   53.4505] open name host:/livepad.bin flag 1 data 41378
[   53.4518] open fd = -5
[   53.4700] open name host:/livepad.bin flag 1 data 41378
[   53.4713] open fd = -5
[   53.4907] open name host:/livepad.bin flag 1 data 41378
[   53.4920] open fd = -5
[   53.4924] open name host:/livedbg.cmd flag 1 data 41378
[   53.4933] open fd = -5
[   53.5112] open name host:/livepad.bin flag 1 data 41378
[   53.5126] open fd = -5
[   53.5321] open name host:/livepad.bin flag 1 data 41378
[   53.5335] open fd = -5
[   53.5535] open name host:/livepad.bin flag 1 data 41378
[   53.5548] open fd = -5
[   53.5756] open name host:/livepad.bin flag 1 data 41378
[   53.5769] open fd = -5
[   53.5947] open name host:/livepad.bin flag 1 data 41378
[   53.5960] open fd = -5
[   53.5969] open name host:/log.txt flag 302 data 41378
[   53.5985] open fd = 256
[   53.6185] open name host:/livepad.bin flag 1 data 41378
[   53.6199] open fd = -5
[   53.6202] open name host:/livedbg.cmd flag 1 data 41378
[   53.6212] open fd = -5
[   53.6394] open name host:/livepad.bin flag 1 data 41378
[   53.6406] open fd = -5
[   53.6584] open name host:/livepad.bin flag 1 data 41378
[   53.6600] open fd = -5
[   53.6771] open name host:/livepad.bin flag 1 data 41378
[   53.6785] open fd = -5
[   53.6971] open name host:/livepad.bin flag 1 data 41378
[   53.6984] open fd = -5
[   53.7172] open name host:/livepad.bin flag 1 data 41378
[   53.7188] open fd = -5
[   53.7371] open name host:/livepad.bin flag 1 data 41378
[   53.7385] open fd = -5
[   53.7389] open name host:/livedbg.cmd flag 1 data 41378
[   53.7401] open fd = -5
[   53.7591] open name host:/livepad.bin flag 1 data 41378
[   53.7605] open fd = -5
[   53.7805] open name host:/livepad.bin flag 1 data 41378
[   53.7818] open fd = -5
[   53.7847] open name host:/log.txt flag 302 data 41378
[   53.7863] open fd = 256
[   53.8036] open name host:/livepad.bin flag 1 data 41378
[   53.8048] open fd = -5
[   53.8230] open name host:/livepad.bin flag 1 data 41378
[   53.8242] open fd = -5
[   53.8407] open name host:/livepad.bin flag 1 data 41378
[   53.8419] open fd = -5
[   53.8594] open name host:/livepad.bin flag 1 data 41378
[   53.8608] open fd = -5
[   53.8612] open name host:/livedbg.cmd flag 1 data 41378
[   53.8622] open fd = -5
[   53.8785] open name host:/livepad.bin flag 1 data 41378
[   53.8802] open fd = -5
[   53.8968] open name host:/livepad.bin flag 1 data 41378
[   53.8980] open fd = -5
[   53.9146] open name host:/livepad.bin flag 1 data 41378
[   53.9158] open fd = -5
[   53.9328] open name host:/livepad.bin flag 1 data 41378
[   53.9342] open fd = -5
[   53.9514] open name host:/livepad.bin flag 1 data 41378
[   53.9528] open fd = -5
[   53.9699] open name host:/livepad.bin flag 1 data 41378
[   53.9713] open fd = -5
[   53.9716] open name host:/livedbg.cmd flag 1 data 41378
[   53.9727] open fd = -5
[   53.9890] open name host:/livepad.bin flag 1 data 41378
[   53.9906] open fd = -5
[   54.0074] open name host:/livepad.bin flag 1 data 41378
[   54.0086] open fd = -5
[   54.0264] open name host:/livepad.bin flag 1 data 41378
[   54.0278] open fd = -5
[   54.0453] open name host:/livepad.bin flag 1 data 41378
[   54.0468] open fd = -5
[   54.0645] open name host:/livepad.bin flag 1 data 41378
[   54.0658] open fd = -5
[   54.0832] open name host:/livepad.bin flag 1 data 41378
[   54.0848] open fd = -5
[   54.0851] open name host:/livedbg.cmd flag 1 data 41378
[   54.0861] open fd = -5
[   54.0866] open name host:/log.txt flag 302 data 41378
[   54.0880] open fd = 256
[   54.1084] open name host:/livepad.bin flag 1 data 41378
[   54.1100] open fd = -5
[   54.1269] open name host:/livepad.bin flag 1 data 41378
[   54.1282] open fd = -5
[   54.1460] open name host:/livepad.bin flag 1 data 41378
[   54.1472] open fd = -5
[   54.1664] FRAMEARENA frames=2400 peak=1045072 resets=4 fallbacks=0 maxFrameBytes=2731360 maxBorrowed=2028560 freeKiB=13087
[   54.1667] NATIVEVIF frames=2400 batches=2404
[   54.1669] ORDEREDFRAME frames=2400 splitFrames=3
[   54.1670] FRAMEPIPELINE starts=2400 dmaBusyStarts=1
[   54.1672] open name host:/livepad.bin flag 1 data 41378
[   54.1683] open fd = -5
[   54.1846] open name host:/livepad.bin flag 1 data 41378
[   54.1861] open fd = -5
[   54.2040] open name host:/livepad.bin flag 1 data 41378
[   54.2052] open fd = -5
[   54.2055] open name host:/livedbg.cmd flag 1 data 41378
[   54.2064] open fd = -5
[   54.2223] open name host:/livepad.bin flag 1 data 41378
[   54.2234] open fd = -5
[   54.2412] open name host:/livepad.bin flag 1 data 41378
[   54.2427] open fd = -5
[   54.2618] open name host:/livepad.bin flag 1 data 41378
[   54.2632] open fd = -5
[   54.2813] open name host:/livepad.bin flag 1 data 41378
[   54.2825] open fd = -5
[   54.3003] open name host:/livepad.bin flag 1 data 41378
[   54.3015] open fd = -5
[   54.3189] open name host:/livepad.bin flag 1 data 41378
[   54.3202] open fd = -5
[   54.3205] open name host:/livedbg.cmd flag 1 data 41378
[   54.3215] open fd = -5
[   54.3387] open name host:/livepad.bin flag 1 data 41378
[   54.3400] open fd = -5
[   54.3579] open name host:/livepad.bin flag 1 data 41378
[   54.3595] open fd = -5
[   54.3765] open name host:/livepad.bin flag 1 data 41378
[   54.3778] open fd = -5
[   54.3948] open name host:/livepad.bin flag 1 data 41378
[   54.3961] open fd = -5
[   54.4128] open name host:/livepad.bin flag 1 data 41378
[   54.4142] open fd = -5
[   54.4314] open name host:/livepad.bin flag 1 data 41378
[   54.4326] open fd = -5
[   54.4330] open name host:/livedbg.cmd flag 1 data 41378
[   54.4340] open fd = -5
[   54.4502] open name host:/livepad.bin flag 1 data 41378
[   54.4515] open fd = -5
[   54.4687] open name host:/livepad.bin flag 1 data 41378
[   54.4700] open fd = -5
[   54.4871] open name host:/livepad.bin flag 1 data 41378
[   54.4884] open fd = -5
[   54.5060] open name host:/livepad.bin flag 1 data 41378
[   54.5074] open fd = -5
[   54.5248] open name host:/livepad.bin flag 1 data 41378
[   54.5261] open fd = -5
[   54.5435] open name host:/livepad.bin flag 1 data 41378
[   54.5447] open fd = -5
[   54.5450] open name host:/livedbg.cmd flag 1 data 41378
[   54.5460] open fd = -5
[   54.5628] open name host:/livepad.bin flag 1 data 41378
[   54.5643] open fd = -5
[   54.5649] open name host:/log.txt flag 302 data 41378
[   54.5665] open fd = 256
[   54.5842] open name host:/livepad.bin flag 1 data 41378
[   54.5855] open fd = -5
[   54.6032] open name host:/livepad.bin flag 1 data 41378
[   54.6044] open fd = -5
[   54.6225] open name host:/livepad.bin flag 1 data 41378
[   54.6239] open fd = -5
[   54.6403] open name host:/livepad.bin flag 1 data 41378
[   54.6416] open fd = -5
[   54.6584] open name host:/livepad.bin flag 1 data 41378
[   54.6601] open fd = -5
[   54.6603] open name host:/livedbg.cmd flag 1 data 41378
[   54.6615] open fd = -5
[   54.6782] open name host:/livepad.bin flag 1 data 41378
[   54.6795] open fd = -5
[   54.6965] open name host:/livepad.bin flag 1 data 41378
[   54.6980] open fd = -5
[   54.7164] open name host:/livepad.bin flag 1 data 41378
[   54.7175] open fd = -5
[   54.7346] open name host:/livepad.bin flag 1 data 41378
[   54.7360] open fd = -5
[   54.7391] open name host:/log.txt flag 302 data 41378
[   54.7410] open fd = 256
[   54.7587] open name host:/livepad.bin flag 1 data 41378
[   54.7603] open fd = -5
[   54.7791] open name host:/livepad.bin flag 1 data 41378
[   54.7806] open fd = -5
[   54.7809] open name host:/livedbg.cmd flag 1 data 41378
[   54.7819] open fd = -5
[   54.7982] open name host:/livepad.bin flag 1 data 41378
[   54.7997] open fd = -5
[   54.8166] open name host:/livepad.bin flag 1 data 41378
[   54.8180] open fd = -5
[   54.8365] open name host:/livepad.bin flag 1 data 41378
[   54.8377] open fd = -5
[   54.8553] open name host:/livepad.bin flag 1 data 41378
[   54.8566] open fd = -5
[   54.8744] open name host:/livepad.bin flag 1 data 41378
[   54.8757] open fd = -5
[   54.8926] open name host:/livepad.bin flag 1 data 41378
[   54.8941] open fd = -5
[   54.8944] open name host:/livedbg.cmd flag 1 data 41378
[   54.8956] open fd = -5
[   54.9124] open name host:/livepad.bin flag 1 data 41378
[   54.9140] open fd = -5
[   54.9321] open name host:/livepad.bin flag 1 data 41378
[   54.9333] open fd = -5
[   54.9542] open name host:/livepad.bin flag 1 data 41378
[   54.9555] open fd = -5
[   54.9739] open name host:/livepad.bin flag 1 data 41378
[   54.9753] open fd = -5
[   54.9925] open name host:/livepad.bin flag 1 data 41378
[   54.9939] open fd = -5
[   55.0119] open name host:/livepad.bin flag 1 data 41378
[   55.0132] open fd = -5
[   55.0136] open name host:/livedbg.cmd flag 1 data 41378
[   55.0148] open fd = -5
[   55.0315] open name host:/livepad.bin flag 1 data 41378
[   55.0329] open fd = -5
[   55.0525] open name host:/livepad.bin flag 1 data 41378
[   55.0537] open fd = -5
[   55.0544] open name host:/log.txt flag 302 data 41378
[   55.0560] open fd = 256
[   55.0589] open name host:/log.txt flag 302 data 41378
[   55.0608] open fd = 256
[   55.0796] open name host:/livepad.bin flag 1 data 41378
[   55.0808] open fd = -5
[   55.0999] open name host:/livepad.bin flag 1 data 41378
[   55.1011] open fd = -5
[   55.1199] open name host:/livepad.bin flag 1 data 41378
[   55.1211] open fd = -5
[   55.1387] open name host:/livepad.bin flag 1 data 41378
[   55.1401] open fd = -5
[   55.1404] open name host:/livedbg.cmd flag 1 data 41378
[   55.1415] open fd = -5
[   55.1586] open name host:/livepad.bin flag 1 data 41378
[   55.1601] open fd = -5
[   55.1772] open name host:/livepad.bin flag 1 data 41378
[   55.1785] open fd = -5
[   55.1954] open name host:/livepad.bin flag 1 data 41378
[   55.1968] open fd = -5
[   55.2153] open name host:/livepad.bin flag 1 data 41378
[   55.2167] open fd = -5
[   55.2342] open name host:/livepad.bin flag 1 data 41378
[   55.2354] open fd = -5
[   55.2525] open name host:/livepad.bin flag 1 data 41378
[   55.2537] open fd = -5
[   55.2540] open name host:/livedbg.cmd flag 1 data 41378
[   55.2550] open fd = -5
[   55.2725] open name host:/livepad.bin flag 1 data 41378
[   55.2739] open fd = -5
[   55.2910] open name host:/livepad.bin flag 1 data 41378
[   55.2922] open fd = -5
[   55.3055] open name host:/livepad.bin flag 1 data 41378
[   55.3070] open fd = -5
[   55.3205] open name host:/livepad.bin flag 1 data 41378
[   55.3219] open fd = -5
[   55.3360] open name host:/livepad.bin flag 1 data 41378
[   55.3371] open fd = -5
[   55.3666] open name host:/vehicles/veh-ravager000001-shadow.png flag 1 data 41378
[   55.3691] open fd = 256
[   55.3702] open name host:/vehicles/veh-ravager000001-shadow.png flag 1 data 41378
[   55.3723] open fd = 256
[   55.3774] open name host:/vehicles/veh-pica00000001-shadow.png flag 1 data 41378
[   55.3796] open fd = 256
[   55.3805] open name host:/vehicles/veh-pica00000001-shadow.png flag 1 data 41378
[   55.3904] open fd = 256
[   55.3957] open name host:/vehicles/veh-strix0000001-shadow.png flag 1 data 41378
[   55.3981] open fd = 256
[   55.3989] open name host:/vehicles/veh-strix0000001-shadow.png flag 1 data 41378
[   55.4011] open fd = 256
[   55.4142] open name host:/models/urban/procgen-procpain-district-workshop-xm2zm2.tmdl flag 1 data 41378
[   55.4171] open fd = 256
[   55.4284] open name host:/models/urban/Textures/district-facades.png flag 1 data 41378
[   55.4318] open fd = 256
[   55.4329] open name host:/models/urban/Textures/district-facades.png flag 1 data 41378
[   55.4361] open fd = 256
[   55.4649] open name host:/models/urban/procgen-procpain-district-workshop-xm2zm1.tmdl flag 1 data 41378
[   55.4679] open fd = 256
[   55.4710] open name host:/models/urban/procgen-procpain-district-workshop-xm2z0.tmdl flag 1 data 41378
[   55.4742] open fd = 256
[   55.4776] open name host:/models/urban/procgen-procpain-district-workshop-xm2z1.tmdl flag 1 data 41378
[   55.4803] open fd = 256
[   55.4827] open name host:/models/urban/procgen-procpain-district-workshop-xm1zm1.tmdl flag 1 data 41378
[   55.4851] open fd = 256
[   55.4875] open name host:/models/urban/procgen-procpain-district-workshop-xm1z0.tmdl flag 1 data 41378
[   55.4903] open fd = 256
[   55.4930] open name host:/models/urban/procgen-procpain-district-workshop-xm1z1.tmdl flag 1 data 41378
[   55.4957] open fd = 256
[   55.4982] open name host:/models/urban/procgen-procpain-district-workshop-x0zm2.tmdl flag 1 data 41378
[   55.5006] open fd = 256
[   55.5033] open name host:/models/urban/procgen-procpain-district-workshop-x1zm2.tmdl flag 1 data 41378
[   55.5060] open fd = 256
[   55.5088] open name host:/models/urban/procgen-procpain-district-workshop-x1z0.tmdl flag 1 data 41378
[   55.5114] open fd = 256
[   55.5137] open name host:/models/urban/procgen-procpain-district-workshop-x1z1.tmdl flag 1 data 41378
[   55.5166] open fd = 256
[   55.5284] open name host:/models/urban/procgen-procpain-district-loft-xm2zm2.tmdl flag 1 data 41378
[   55.5311] open fd = 256
[   55.5347] open name host:/models/urban/procgen-procpain-district-loft-xm2zm1.tmdl flag 1 data 41378
[   55.5373] open fd = 256
[   55.5402] open name host:/models/urban/procgen-procpain-district-loft-xm2z0.tmdl flag 1 data 41378
[   55.5429] open fd = 256
[   55.5457] open name host:/models/urban/procgen-procpain-district-loft-xm2z1.tmdl flag 1 data 41378
[   55.5487] open fd = 256
[   55.5518] open name host:/models/urban/procgen-procpain-district-loft-xm1zm2.tmdl flag 1 data 41378
[   55.5545] open fd = 256
[   55.5579] open name host:/models/urban/procgen-procpain-district-loft-xm1zm1.tmdl flag 1 data 41378
[   55.5605] open fd = 256
[   55.5641] open name host:/models/urban/procgen-procpain-district-loft-xm1z0.tmdl flag 1 data 41378
[   55.5668] open fd = 256
[   55.5696] open name host:/models/urban/procgen-procpain-district-loft-x0zm2.tmdl flag 1 data 41378
[   55.5722] open fd = 256
[   55.5750] open name host:/models/urban/procgen-procpain-district-loft-x0zm1.tmdl flag 1 data 41378
[   55.5778] open fd = 256
[   55.5812] open name host:/models/urban/procgen-procpain-district-loft-x0z0.tmdl flag 1 data 41378
[   55.5838] open fd = 256
[   55.5866] open name host:/models/urban/procgen-procpain-district-loft-x0z1.tmdl flag 1 data 41378
[   55.5891] open fd = 256
[   55.6016] open name host:/models/urban/procgen-procpain-district-loft-x1zm2.tmdl flag 1 data 41378
[   55.6046] open fd = 256
[   55.6079] open name host:/models/urban/procgen-procpain-district-loft-x1zm1.tmdl flag 1 data 41378
[   55.6106] open fd = 256
[   55.6134] open name host:/models/urban/procgen-procpain-district-loft-x1z0.tmdl flag 1 data 41378
[   55.6159] open fd = 256
[   55.6187] open name host:/models/urban/procgen-procpain-district-loft-x1z1.tmdl flag 1 data 41378
[   55.6212] open fd = 256
[   55.6244] open name host:/models/urban/procgen-procpain-district-tower-xm2zm1.tmdl flag 1 data 41378
[   55.6270] open fd = 256
[   55.6305] open name host:/models/urban/procgen-procpain-district-tower-xm2z0.tmdl flag 1 data 41378
[   55.6331] open fd = 256
[   55.6366] open name host:/models/urban/procgen-procpain-district-tower-xm2z1.tmdl flag 1 data 41378
[   55.6391] open fd = 256
[   55.6419] open name host:/models/urban/procgen-procpain-district-tower-xm1zm2.tmdl flag 1 data 41378
[   55.6446] open fd = 256
[   55.6476] open name host:/models/urban/procgen-procpain-district-tower-xm1zm1.tmdl flag 1 data 41378
[   55.6502] open fd = 256
[   55.6531] open name host:/models/urban/procgen-procpain-district-tower-xm1z0.tmdl flag 1 data 41378
[   55.6556] open fd = 256
[   55.6582] open name host:/models/urban/procgen-procpain-district-tower-xm1z1.tmdl flag 1 data 41378
[   55.6612] open fd = 256
[   55.6745] open name host:/models/urban/procgen-procpain-district-tower-x0zm2.tmdl flag 1 data 41378
[   55.6774] open fd = 256
[   55.6801] open name host:/models/urban/procgen-procpain-district-tower-x0zm1.tmdl flag 1 data 41378
[   55.6830] open fd = 256
[   55.6870] open name host:/models/urban/procgen-procpain-district-tower-x0z0.tmdl flag 1 data 41378
[   55.6895] open fd = 256
[   55.6939] open name host:/models/urban/procgen-procpain-district-tower-x0z1.tmdl flag 1 data 41378
[   55.6967] open fd = 256
[   55.6993] open name host:/models/urban/procgen-procpain-district-tower-x1zm2.tmdl flag 1 data 41378
[   55.7019] open fd = 256
[   55.7044] open name host:/models/urban/procgen-procpain-district-tower-x1zm1.tmdl flag 1 data 41378
[   55.7073] open fd = 256
[   55.7108] open name host:/models/urban/procgen-procpain-district-tower-x1z0.tmdl flag 1 data 41378
[   55.7139] open fd = 256
[   55.7167] open name host:/models/urban/procgen-procpain-district-tower-x1z1.tmdl flag 1 data 41378
[   55.7193] open fd = 256
[   55.7223] open name host:/models/urban/procgen-procpain-tree-park-large-xm3zm2.tmdl flag 1 data 41378
[   55.7249] open fd = 256
[   55.7552] open name host:/models/urban/Textures/treeA.png flag 1 data 41378
[   55.7585] open fd = 256
[   55.7596] open name host:/models/urban/Textures/treeA.png flag 1 data 41378
[   55.7625] open fd = 256
[   55.7798] open name host:/models/urban/Textures/tiles.png flag 1 data 41378
[   55.7836] open fd = 256
[   55.7847] open name host:/models/urban/Textures/tiles.png flag 1 data 41378
[   55.7876] open fd = 256
[   55.7907] open name host:/models/urban/Textures/dirt.png flag 1 data 41378
[   55.7943] open fd = 256
[   55.7954] open name host:/models/urban/Textures/dirt.png flag 1 data 41378
[   55.7987] open fd = 256
[   55.8021] open name host:/models/urban/procgen-procpain-tree-park-large-xm3zm1.tmdl flag 1 data 41378
[   55.8045] open fd = 256
[   55.8322] open name host:/models/urban/procgen-procpain-tree-park-large-xm3z0.tmdl flag 1 data 41378
[   55.8350] open fd = 256
[   55.8550] open name host:/models/urban/procgen-procpain-tree-park-large-xm3z1.tmdl flag 1 data 41378
[   55.8577] open fd = 256
[   55.8856] open name host:/models/urban/procgen-procpain-tree-park-large-xm2zm3.tmdl flag 1 data 41378
[   55.8886] open fd = 256
[   55.8969] open name host:/models/urban/procgen-procpain-tree-park-large-xm2zm2.tmdl flag 1 data 41378
[   55.8999] open fd = 256
[   55.9206] open name host:/models/urban/procgen-procpain-tree-park-large-xm2zm1.tmdl flag 1 data 41378
[   55.9233] open fd = 256
[   55.9424] open name host:/models/urban/procgen-procpain-tree-park-large-xm2z0.tmdl flag 1 data 41378
[   55.9449] open fd = 256
[   55.9713] open name host:/models/urban/procgen-procpain-tree-park-large-xm2z2.tmdl flag 1 data 41378
[   55.9741] open fd = 256
[   55.9818] open name host:/models/urban/procgen-procpain-tree-park-large-xm1zm3.tmdl flag 1 data 41378
[   55.9846] open fd = 256
[   56.0121] open name host:/models/urban/procgen-procpain-tree-park-large-xm1zm2.tmdl flag 1 data 41378
[   56.0153] open fd = 256
[   56.0589] open name host:/models/urban/procgen-procpain-tree-park-large-xm1z0.tmdl flag 1 data 41378
[   56.0618] open fd = 256
[   56.0696] open name host:/models/urban/procgen-procpain-tree-park-large-xm1z1.tmdl flag 1 data 41378
[   56.0722] open fd = 256
[   56.1043] open name host:/models/urban/procgen-procpain-tree-park-large-xm1z2.tmdl flag 1 data 41378
[   56.1074] open fd = 256
[   56.1443] open name host:/models/urban/procgen-procpain-tree-park-large-x0zm3.tmdl flag 1 data 41378
[   56.1475] open fd = 256
[   56.1910] open name host:/models/urban/procgen-procpain-tree-park-large-x0zm2.tmdl flag 1 data 41378
[   56.1941] open fd = 256
[   56.2236] open name host:/models/urban/procgen-procpain-tree-park-large-x0zm1.tmdl flag 1 data 41378
[   56.2269] open fd = 256
[   56.2418] open name host:/models/urban/procgen-procpain-tree-park-large-x0z0.tmdl flag 1 data 41378
[   56.2446] open fd = 256
[   56.2528] open name host:/models/urban/procgen-procpain-tree-park-large-x0z1.tmdl flag 1 data 41378
[   56.2553] open fd = 256
[   56.2831] open name host:/models/urban/procgen-procpain-tree-park-large-x0z2.tmdl flag 1 data 41378
[   56.2860] open fd = 256
[   56.3323] open name host:/models/urban/procgen-procpain-tree-park-large-x1zm3.tmdl flag 1 data 41378
[   56.3352] open fd = 256
[   56.3443] open name host:/models/urban/procgen-procpain-tree-park-large-x1zm2.tmdl flag 1 data 41378
[   56.3472] open fd = 256
[   56.3818] open name host:/models/urban/procgen-procpain-tree-park-large-x1zm1.tmdl flag 1 data 41378
[   56.3845] open fd = 256
[   56.3927] open name host:/models/urban/procgen-procpain-tree-park-large-x1z0.tmdl flag 1 data 41378
[   56.3955] open fd = 256
[   56.4112] open name host:/models/urban/procgen-procpain-tree-park-large-x1z1.tmdl flag 1 data 41378
[   56.4140] open fd = 256
[   56.4496] open name host:/models/urban/procgen-procpain-tree-park-large-x1z2.tmdl flag 1 data 41378
[   56.4525] open fd = 256
[   56.4677] open name host:/models/urban/procgen-procpain-tree-park-large-x2zm2.tmdl flag 1 data 41378
[   56.4708] open fd = 256
[   56.5139] open name host:/models/urban/procgen-procpain-tree-park-large-x2zm1.tmdl flag 1 data 41378
[   56.5167] open fd = 256
[   56.5503] open name host:/models/urban/procgen-procpain-tree-park-large-x2z0.tmdl flag 1 data 41378
[   56.5530] open fd = 256
[   56.5672] open name host:/models/urban/procgen-procpain-tree-park-large-x2z1.tmdl flag 1 data 41378
[   56.5700] open fd = 256
[   56.5917] open name host:/models/urban/procgen-procpain-tree-park-pine-large-xm3zm2.tmdl flag 1 data 41378
[   56.5946] open fd = 256
[   56.6104] open name host:/models/urban/Textures/treeB.png flag 1 data 41378
[   56.6139] open fd = 256
[   56.6152] open name host:/models/urban/Textures/treeB.png flag 1 data 41378
[   56.6186] open fd = 256
[   56.6288] open name host:/models/urban/procgen-procpain-tree-park-pine-large-xm3zm1.tmdl flag 1 data 41378
[   56.6322] open fd = 256
[   56.6481] open name host:/models/urban/procgen-procpain-tree-park-pine-large-xm3z0.tmdl flag 1 data 41378
[   56.6510] open fd = 256
[   56.6664] open name host:/models/urban/procgen-procpain-tree-park-pine-large-xm3z1.tmdl flag 1 data 41378
[   56.6691] open fd = 256
[   56.6856] open name host:/models/urban/procgen-procpain-tree-park-pine-large-xm3z2.tmdl flag 1 data 41378
[   56.6885] open fd = 256
[   56.7028] open name host:/models/urban/procgen-procpain-tree-park-pine-large-xm2zm3.tmdl flag 1 data 41378
[   56.7056] open fd = 256
[   56.7345] open name host:/models/urban/procgen-procpain-tree-park-pine-large-xm2zm2.tmdl flag 1 data 41378
[   56.7375] open fd = 256
[   56.7694] open name host:/models/urban/procgen-procpain-tree-park-pine-large-xm2z1.tmdl flag 1 data 41378
[   56.7727] open fd = 256
[   56.8119] open name host:/models/urban/procgen-procpain-tree-park-pine-large-xm2z2.tmdl flag 1 data 41378
[   56.8148] open fd = 256
[   56.8358] open name host:/models/urban/procgen-procpain-tree-park-pine-large-xm1zm3.tmdl flag 1 data 41378
[   56.8386] open fd = 256
[   56.8467] open name host:/models/urban/procgen-procpain-tree-park-pine-large-xm1zm2.tmdl flag 1 data 41378
[   56.8496] open fd = 256
[   56.8709] open name host:/models/urban/procgen-procpain-tree-park-pine-large-xm1zm1.tmdl flag 1 data 41378
[   56.8742] open fd = 256
[   56.8834] open name host:/models/urban/procgen-procpain-tree-park-pine-large-xm1z0.tmdl flag 1 data 41378
[   56.8860] open fd = 256
[   56.9078] open name host:/models/urban/procgen-procpain-tree-park-pine-large-xm1z1.tmdl flag 1 data 41378
[   56.9108] open fd = 256
[   56.9195] open name host:/models/urban/procgen-procpain-tree-park-pine-large-xm1z2.tmdl flag 1 data 41378
[   56.9222] open fd = 256
[   56.9301] open name host:/models/urban/procgen-procpain-tree-park-pine-large-x0zm3.tmdl flag 1 data 41378
[   56.9329] open fd = 256
[   56.9423] open name host:/models/urban/procgen-procpain-tree-park-pine-large-x0zm2.tmdl flag 1 data 41378
[   56.9453] open fd = 256
[   56.9795] open name host:/models/urban/procgen-procpain-tree-park-pine-large-x0zm1.tmdl flag 1 data 41378
[   56.9825] open fd = 256
[   56.9917] open name host:/models/urban/procgen-procpain-tree-park-pine-large-x0z0.tmdl flag 1 data 41378
[   56.9947] open fd = 256
[   57.0036] open name host:/models/urban/procgen-procpain-tree-park-pine-large-x0z1.tmdl flag 1 data 41378
[   57.0064] open fd = 256
[   57.0210] open name host:/models/urban/procgen-procpain-tree-park-pine-large-x0z2.tmdl flag 1 data 41378
[   57.0236] open fd = 256
[   57.0428] open name host:/models/urban/procgen-procpain-tree-park-pine-large-x1zm3.tmdl flag 1 data 41378
[   57.0460] open fd = 256
[   57.0916] open name host:/models/urban/procgen-procpain-tree-park-pine-large-x1zm2.tmdl flag 1 data 41378
[   57.0946] open fd = 256
[   57.1107] open name host:/models/urban/procgen-procpain-tree-park-pine-large-x1z1.tmdl flag 1 data 41378
[   57.1138] open fd = 256
[   57.1358] open name host:/models/urban/procgen-procpain-tree-park-pine-large-x1z2.tmdl flag 1 data 41378
[   57.1387] open fd = 256
[   57.1526] open name host:/models/urban/procgen-procpain-tree-park-pine-large-x2zm3.tmdl flag 1 data 41378
[   57.1552] open fd = 256
[   57.1642] open name host:/models/urban/procgen-procpain-tree-park-pine-large-x2zm2.tmdl flag 1 data 41378
[   57.1685] open fd = 256
[   57.1844] open name host:/models/urban/procgen-procpain-tree-park-pine-large-x2zm1.tmdl flag 1 data 41378
[   57.1870] open fd = 256
[   57.2042] open name host:/models/urban/procgen-procpain-tree-park-pine-large-x2z0.tmdl flag 1 data 41378
[   57.2068] open fd = 256
[   57.2222] open name host:/models/urban/procgen-procpain-tree-park-pine-large-x2z1.tmdl flag 1 data 41378
[   57.2249] open fd = 256
[   57.2557] open name host:/models/urban/procgen-procpain-tree-park-pine-large-x2z2.tmdl flag 1 data 41378
[   57.2588] open fd = 256
[   57.2677] open name host:/vehicles/veh-pica00000001-body.tmdl flag 1 data 41378
[   57.2700] open fd = 256
[   57.4082] open name host:/vehicles/veh-pica00000001-palette.png flag 1 data 41378
[   57.4114] open fd = 256
[   57.4125] open name host:/vehicles/veh-pica00000001-palette.png flag 1 data 41378
[   57.4152] open fd = 256
[   57.4268] open name host:/vehicles/veh-pica00000001-palette-image-0.png flag 1 data 41378
[   57.4300] open fd = 256
[   57.4310] open name host:/vehicles/veh-pica00000001-palette-image-0.png flag 1 data 41378
[   57.4333] open fd = 256
[   57.4555] open name host:/vehicles/veh-strix0000001-body.tmdl flag 1 data 41378
[   57.4580] open fd = 256
[   57.5860] open name host:/vehicles/veh-strix0000001-palette.png flag 1 data 41378
[   57.5882] open fd = 256
[   57.5889] open name host:/vehicles/veh-strix0000001-palette.png flag 1 data 41378
[   57.5909] open fd = 256
[   57.5998] open name host:/vehicles/veh-strix0000001-palette-image-0.png flag 1 data 41378
[   57.6020] open fd = 256
[   57.6030] open name host:/vehicles/veh-strix0000001-palette-image-0.png flag 1 data 41378
[   57.6049] open fd = 256
[   57.7689] open name host:/vehicles/fx-skid.png flag 1 data 41378
[   57.7714] open fd = 256
[   57.7724] open name host:/vehicles/fx-skid.png flag 1 data 41378
[   57.7745] open fd = 256
[   57.7893] open name host:/vehicles/fx-smoke.png flag 1 data 41378
[   57.7920] open fd = 256
[   57.7931] open name host:/vehicles/fx-smoke.png flag 1 data 41378
[   57.7953] open fd = 256
[   57.7997] open name host:/log.txt flag 302 data 41378
[   57.8014] open fd = 256
[   57.8030] open name host:/vehicles/veh-ravager000001-wheel.tmdl flag 1 data 41378
[   57.8050] open fd = 256
[   57.8133] open name host:/vehicles/veh-ravager000001-wheelfast.tmdl flag 1 data 41378
[   57.8156] open fd = 256
[   57.8230] open name host:/log.txt flag 302 data 41378
[   57.8248] open fd = 256
[   57.8265] open name host:/vehicles/veh-pica00000001-wheel.tmdl flag 1 data 41378
[   57.8288] open fd = 256
[   57.8449] open name host:/vehicles/veh-pica00000001-wheelfast.tmdl flag 1 data 41378
[   57.8474] open fd = 256
[   57.8546] open name host:/log.txt flag 302 data 41378
[   57.8560] open fd = 256
[   57.8577] open name host:/vehicles/veh-strix0000001-wheel.tmdl flag 1 data 41378
[   57.8603] open fd = 256
[   57.8685] open name host:/vehicles/veh-strix0000001-wheelfast.tmdl flag 1 data 41378
[   57.8707] open fd = 256
[   57.8866] open name host:/log.txt flag 302 data 41378
[   57.8884] open fd = 256
[   57.8900] open name host:/log.txt flag 302 data 41378
[   57.8918] open fd = 256
[   57.8936] open name host:/log.txt flag 302 data 41378
[   57.8951] open fd = 256
[   57.9681] open name host:/log.txt flag 302 data 41378
[   57.9699] open fd = 256
[   57.9736] open name host:/log.txt flag 302 data 41378
[   57.9756] open fd = 256
[   57.9771] open name host:/log.txt flag 302 data 41378
[   57.9787] open fd = 256
[   57.9906] open name host:/log.txt flag 302 data 41378
[   57.9923] open fd = 256
[   57.9945] open name host:/log.txt flag 302 data 41378
[   57.9961] open fd = 256
[   57.9982] open name host:/log.txt flag 302 data 41378
[   57.9998] open fd = 256
[   58.0015] open name host:/log.txt flag 302 data 41378
[   58.0029] open fd = 256
[   58.0053] open name host:/log.txt flag 302 data 41378
[   58.0068] open fd = 256
[   58.0152] open name host:/log.txt flag 302 data 41378
[   58.0171] open fd = 256
[   58.0190] open name host:/log.txt flag 302 data 41378
[   58.0208] open fd = 256
[   58.0224] open name host:/log.txt flag 302 data 41378
[   58.0240] open fd = 256
[   58.0260] open name host:/log.txt flag 302 data 41378
[   58.0277] open fd = 256
[   58.0300] open name host:/log.txt flag 302 data 41378
[   58.0318] open fd = 256
[   58.0339] open name host:/log.txt flag 302 data 41378
[   58.0357] open fd = 256
[   58.0377] open name host:/log.txt flag 302 data 41378
[   58.0397] open fd = 256
[   58.0417] open name host:/log.txt flag 302 data 41378
[   58.0437] open fd = 256
[   58.0457] open name host:/log.txt flag 302 data 41378
[   58.0474] open fd = 256
[   58.0493] open name host:/log.txt flag 302 data 41378
[   58.0512] open fd = 256
[   58.0532] open name host:/log.txt flag 302 data 41378
[   58.0546] open fd = 256
[   58.0652] open name host:/log.txt flag 302 data 41378
[   58.0671] open fd = 256
[   58.0690] open name host:/log.txt flag 302 data 41378
[   58.0707] open fd = 256
[   58.0726] open name host:/log.txt flag 302 data 41378
[   58.0746] open fd = 256
[   58.0767] open name host:/log.txt flag 302 data 41378
[   58.0787] open fd = 256
[   58.0806] open name host:/log.txt flag 302 data 41378
[   58.0821] open fd = 256
[   58.0835] open name host:/log.txt flag 302 data 41378
[   58.0850] open fd = 256
[   58.0966] open name host:/log.txt flag 302 data 41378
[   58.0983] open fd = 256
[   58.1001] open name host:/log.txt flag 302 data 41378
[   58.1016] open fd = 256
[   58.1033] open name host:/log.txt flag 302 data 41378
[   58.1049] open fd = 256
[   58.1317] open name host:/livepad.bin flag 1 data 41378
[   58.1328] open fd = -5
[   58.1329] LOG: SKYMOTION scene=2 generation=3 stage=2 enabled=1
[   58.1331] open name host:/livedbg.cmd flag 1 data 41378
[   58.1341] open fd = -5
[   58.1343] open name host:/log.txt flag 302 data 41378
[   58.1358] open fd = 256
[   58.1509] open name host:/livepad.bin flag 1 data 41378
[   58.1521] open fd = -5
[   58.1652] open name host:/livepad.bin flag 1 data 41378
[   58.1665] open fd = -5
[   58.1803] open name host:/livepad.bin flag 1 data 41378
[   58.1815] open fd = -5
[   58.1940] open name host:/livepad.bin flag 1 data 41378
[   58.1953] open fd = -5
[   58.2087] open name host:/livepad.bin flag 1 data 41378
[   58.2100] open fd = -5
[   58.2232] open name host:/livepad.bin flag 1 data 41378
[   58.2245] open fd = -5
[   58.2247] open name host:/livedbg.cmd flag 1 data 41378
[   58.2257] open fd = -5
[   58.2389] open name host:/livepad.bin flag 1 data 41378
[   58.2401] open fd = -5
[   58.2528] open name host:/livepad.bin flag 1 data 41378
[   58.2540] open fd = -5
[   58.2688] open name host:/livepad.bin flag 1 data 41378
[   58.2701] open fd = -5
[   58.2858] open name host:/livepad.bin flag 1 data 41378
[   58.2871] open fd = -5
[   58.3025] open name host:/livepad.bin flag 1 data 41378
[   58.3036] open fd = -5
[   58.3193] open name host:/livepad.bin flag 1 data 41378
[   58.3206] open fd = -5
[   58.3207] open name host:/livedbg.cmd flag 1 data 41378
[   58.3216] open fd = -5
[   58.3360] open name host:/livepad.bin flag 1 data 41378
[   58.3371] open fd = -5
[   58.3524] open name host:/livepad.bin flag 1 data 41378
[   58.3536] open fd = -5
[   58.3689] open name host:/livepad.bin flag 1 data 41378
[   58.3701] open fd = -5
[   58.3852] open name host:/livepad.bin flag 1 data 41378
[   58.3868] open fd = -5
[   58.4027] open name host:/livepad.bin flag 1 data 41378
[   58.4038] open fd = -5
[   58.4193] open name host:/livepad.bin flag 1 data 41378
[   58.4205] open fd = -5
[   58.4206] open name host:/livedbg.cmd flag 1 data 41378
[   58.4215] open fd = -5
[   58.4356] open name host:/livepad.bin flag 1 data 41378
[   58.4367] open fd = -5
[   58.4522] open name host:/livepad.bin flag 1 data 41378
[   58.4534] open fd = -5
[   58.4696] open name host:/livepad.bin flag 1 data 41378
[   58.4709] open fd = -5
[   58.4857] open name host:/livepad.bin flag 1 data 41378
[   58.4874] open fd = -5
[   58.5029] open name host:/livepad.bin flag 1 data 41378
[   58.5043] open fd = -5
[   58.5194] open name host:/livepad.bin flag 1 data 41378
[   58.5207] open fd = -5
[   58.5208] open name host:/livedbg.cmd flag 1 data 41378
[   58.5218] open fd = -5
[   58.5357] open name host:/livepad.bin flag 1 data 41378
[   58.5369] open fd = -5
[   58.5524] open name host:/livepad.bin flag 1 data 41378
[   58.5537] open fd = -5
[   58.5692] open name host:/livepad.bin flag 1 data 41378
[   58.5706] open fd = -5
[   58.5858] open name host:/livepad.bin flag 1 data 41378
[   58.5872] open fd = -5
[   58.6023] open name host:/livepad.bin flag 1 data 41378
[   58.6036] open fd = -5
[   58.6191] open name host:/livepad.bin flag 1 data 41378
[   58.6203] open fd = -5
[   58.6204] open name host:/livedbg.cmd flag 1 data 41378
[   58.6215] open fd = -5
[   58.6356] open name host:/livepad.bin flag 1 data 41378
[   58.6368] open fd = -5
[   58.6528] open name host:/livepad.bin flag 1 data 41378
[   58.6540] open fd = -5
[   58.6695] FRAMEARENA frames=2520 peak=1045072 resets=4 fallbacks=0 maxFrameBytes=2731360 maxBorrowed=2028560 freeKiB=12414
[   58.6695] NATIVEVIF frames=2520 batches=2524
[   58.6696] ORDEREDFRAME frames=2520 splitFrames=3
[   58.6696] FRAMEPIPELINE starts=2520 dmaBusyStarts=2
[   58.6697] open name host:/livepad.bin flag 1 data 41378
[   58.6709] open fd = -5
[   58.6855] open name host:/livepad.bin flag 1 data 41378
[   58.6867] open fd = -5
[   58.7038] open name host:/livepad.bin flag 1 data 41378
[   58.7051] open fd = -5
[   58.7197] open name host:/livepad.bin flag 1 data 41378
[   58.7211] open fd = -5
[   58.7212] open name host:/livedbg.cmd flag 1 data 41378
[   58.7224] open fd = -5
[   58.7249] open name host:/log.txt flag 302 data 41378
[   58.8168] open fd = 256
[   58.8697] open name host:/log.txt flag 302 data 41378
[   58.8716] open fd = 256
[   59.1538] open name host:/livepad.bin flag 1 data 41378
[   59.1550] open fd = -5
[   59.1852] open name host:/livepad.bin flag 1 data 41378
[   59.1866] open fd = -5
[   59.2062] open name host:/livepad.bin flag 1 data 41378
[   59.2076] open fd = -5
[   59.2231] open name host:/livepad.bin flag 1 data 41378
[   59.2245] open fd = -5
[   59.2393] open name host:/livepad.bin flag 1 data 41378
[   59.2407] open fd = -5
[   59.2554] open name host:/livepad.bin flag 1 data 41378
[   59.2567] open fd = -5
[   59.2569] open name host:/livedbg.cmd flag 1 data 41378
[   59.2579] open fd = -5
[   59.2728] open name host:/livepad.bin flag 1 data 41378
[   59.2742] open fd = -5
[   59.2893] open name host:/livepad.bin flag 1 data 41378
[   59.2908] open fd = -5
[   59.3087] open name host:/livepad.bin flag 1 data 41378
[   59.3102] open fd = -5
[   59.3304] open name host:/livepad.bin flag 1 data 41378
[   59.3318] open fd = -5
[   59.3485] open name host:/livepad.bin flag 1 data 41378
[   59.3497] open fd = -5
[   59.3661] open name host:/livepad.bin flag 1 data 41378
[   59.3673] open fd = -5
[   59.3675] open name host:/livedbg.cmd flag 1 data 41378
[   59.3686] open fd = -5
[   59.3848] open name host:/livepad.bin flag 1 data 41378
[   59.3860] open fd = -5
[   59.4011] open name host:/livepad.bin flag 1 data 41378
[   59.4025] open fd = -5
[   59.4172] open name host:/livepad.bin flag 1 data 41378
[   59.4187] open fd = -5
[   59.4333] open name host:/livepad.bin flag 1 data 41378
[   59.4346] open fd = -5
[   59.4504] open name host:/livepad.bin flag 1 data 41378
[   59.4520] open fd = -5
[   59.4675] open name host:/livepad.bin flag 1 data 41378
[   59.4690] open fd = -5
[   59.4693] open name host:/livedbg.cmd flag 1 data 41378
[   59.4704] open fd = -5
[   59.4858] open name host:/livepad.bin flag 1 data 41378
[   59.4871] open fd = -5
[   59.5020] open name host:/livepad.bin flag 1 data 41378
[   59.5034] open fd = -5
[   59.5188] open name host:/livepad.bin flag 1 data 41378
[   59.5201] open fd = -5
[   59.5349] open name host:/livepad.bin flag 1 data 41378
[   59.5361] open fd = -5
[   59.5517] open name host:/livepad.bin flag 1 data 41378
[   59.5529] open fd = -5
[   59.5682] open name host:/livepad.bin flag 1 data 41378
[   59.5693] open fd = -5
[   59.5695] open name host:/livedbg.cmd flag 1 data 41378
[   59.5704] open fd = -5
[   59.5853] open name host:/livepad.bin flag 1 data 41378
[   59.5866] open fd = -5
[   59.6014] open name host:/livepad.bin flag 1 data 41378
[   59.6026] open fd = -5
[   59.6173] open name host:/livepad.bin flag 1 data 41378
[   59.6186] open fd = -5
[   59.6335] open name host:/livepad.bin flag 1 data 41378
[   59.6349] open fd = -5
[   59.6499] open name host:/livepad.bin flag 1 data 41378
[   59.6511] open fd = -5
[   59.6684] open name host:/livepad.bin flag 1 data 41378
[   59.6697] open fd = -5
[   59.6699] open name host:/livedbg.cmd flag 1 data 41378
[   59.6709] open fd = -5
[   59.6874] open name host:/livepad.bin flag 1 data 41378
[   59.6887] open fd = -5
[   59.7046] open name host:/livepad.bin flag 1 data 41378
[   59.7063] open fd = -5
[   59.7208] open name host:/livepad.bin flag 1 data 41378
[   59.7223] open fd = -5
[   59.7383] open name host:/livepad.bin flag 1 data 41378
[   59.7399] open fd = -5
[   59.7562] open name host:/livepad.bin flag 1 data 41378
[   59.7578] open fd = -5
[   59.7729] open name host:/livepad.bin flag 1 data 41378
[   59.7743] open fd = -5
[   59.7746] open name host:/livedbg.cmd flag 1 data 41378
[   59.7758] open fd = -5
[   59.7914] open name host:/livepad.bin flag 1 data 41378
[   59.7930] open fd = -5
[   59.8090] open name host:/livepad.bin flag 1 data 41378
[   59.8108] open fd = -5
[   59.8280] open name host:/livepad.bin flag 1 data 41378
[   59.8294] open fd = -5
[   59.8457] open name host:/livepad.bin flag 1 data 41378
[   59.8471] open fd = -5
[   59.8627] open name host:/livepad.bin flag 1 data 41378
[   59.8641] open fd = -5
[   59.8795] open name host:/livepad.bin flag 1 data 41378
[   59.8809] open fd = -5
[   59.8811] open name host:/livedbg.cmd flag 1 data 41378
[   59.8823] open fd = -5
[   59.8981] open name host:/livepad.bin flag 1 data 41378
[   59.8995] open fd = -5
[   59.9147] open name host:/livepad.bin flag 1 data 41378
[   59.9161] open fd = -5
[   59.9323] open name host:/livepad.bin flag 1 data 41378
[   59.9337] open fd = -5
[   59.9498] open name host:/livepad.bin flag 1 data 41378
[   59.9511] open fd = -5
[   59.9662] open name host:/livepad.bin flag 1 data 41378
[   59.9677] open fd = -5
[   59.9840] open name host:/livepad.bin flag 1 data 41378
[   59.9853] open fd = -5
[   59.9854] open name host:/livedbg.cmd flag 1 data 41378
[   59.9865] open fd = -5
[   60.0030] open name host:/livepad.bin flag 1 data 41378
[   60.0046] open fd = -5
[   60.0062] open name host:/log.txt flag 302 data 41378
[   60.0080] open fd = 256
[   60.0247] open name host:/livepad.bin flag 1 data 41378
[   60.0260] open fd = -5
[   60.0421] open name host:/livepad.bin flag 1 data 41378
[   60.0438] open fd = -5
[   60.0599] open name host:/livepad.bin flag 1 data 41378
[   60.0613] open fd = -5
[   60.0782] open name host:/livepad.bin flag 1 data 41378
[   60.0797] open fd = -5
[   60.0957] open name host:/livepad.bin flag 1 data 41378
[   60.0972] open fd = -5
[   60.0974] open name host:/livedbg.cmd flag 1 data 41378
[   60.0984] open fd = -5
[   60.1139] open name host:/livepad.bin flag 1 data 41378
[   60.1154] open fd = -5
[   60.1306] open name host:/livepad.bin flag 1 data 41378
[   60.1319] open fd = -5
[   60.1491] open name host:/livepad.bin flag 1 data 41378
[   60.1507] open fd = -5
[   60.1669] open name host:/livepad.bin flag 1 data 41378
[   60.1683] open fd = -5
[   60.1837] open name host:/livepad.bin flag 1 data 41378
[   60.1850] open fd = -5
[   60.2008] open name host:/livepad.bin flag 1 data 41378
[   60.2021] open fd = -5
[   60.2023] open name host:/livedbg.cmd flag 1 data 41378
[   60.2033] open fd = -5
[   60.2187] open name host:/livepad.bin flag 1 data 41378
[   60.2201] open fd = -5
[   60.2357] open name host:/livepad.bin flag 1 data 41378
[   60.2372] open fd = -5
[   60.2521] open name host:/livepad.bin flag 1 data 41378
[   60.2536] open fd = -5
[   60.2694] open name host:/livepad.bin flag 1 data 41378
[   60.2708] open fd = -5
[   60.2865] open name host:/livepad.bin flag 1 data 41378
[   60.2880] open fd = -5
[   60.3038] open name host:/livepad.bin flag 1 data 41378
[   60.3051] open fd = -5
[   60.3054] open name host:/livedbg.cmd flag 1 data 41378
[   60.3070] open fd = -5
[   60.3220] open name host:/livepad.bin flag 1 data 41378
[   60.3235] open fd = -5
[   60.3385] open name host:/livepad.bin flag 1 data 41378
[   60.3404] open fd = -5
[   60.3651] open name host:/livepad.bin flag 1 data 41378
[   60.3665] open fd = -5
[   60.3821] open name host:/livepad.bin flag 1 data 41378
[   60.3834] open fd = -5
[   60.3986] open name host:/livepad.bin flag 1 data 41378
[   60.4001] open fd = -5
[   60.4168] open name host:/livepad.bin flag 1 data 41378
[   60.4182] open fd = -5
[   60.4185] open name host:/livedbg.cmd flag 1 data 41378
[   60.4195] open fd = -5
[   60.4347] open name host:/livepad.bin flag 1 data 41378
[   60.4359] open fd = -5
[   60.4520] open name host:/livepad.bin flag 1 data 41378
[   60.4533] open fd = -5
[   60.4682] open name host:/livepad.bin flag 1 data 41378
[   60.4700] open fd = -5
[   60.4857] open name host:/livepad.bin flag 1 data 41378
[   60.4871] open fd = -5
[   60.5038] open name host:/livepad.bin flag 1 data 41378
[   60.5055] open fd = -5
[   60.5225] open name host:/livepad.bin flag 1 data 41378
[   60.5238] open fd = -5
[   60.5240] open name host:/livedbg.cmd flag 1 data 41378
[   60.5250] open fd = -5
[   60.5410] open name host:/livepad.bin flag 1 data 41378
[   60.5424] open fd = -5
[   60.5592] open name host:/livepad.bin flag 1 data 41378
[   60.5606] open fd = -5
[   60.5766] open name host:/livepad.bin flag 1 data 41378
[   60.5779] open fd = -5
[   60.5930] open name host:/livepad.bin flag 1 data 41378
[   60.5942] open fd = -5
[   60.6106] open name host:/livepad.bin flag 1 data 41378
[   60.6119] open fd = -5
[   60.6274] open name host:/livepad.bin flag 1 data 41378
[   60.6287] open fd = -5
[   60.6290] open name host:/livedbg.cmd flag 1 data 41378
[   60.6303] open fd = -5
[   60.6577] open name host:/livepad.bin flag 1 data 41378
[   60.6591] open fd = -5
[   60.6754] open name host:/livepad.bin flag 1 data 41378
[   60.6768] open fd = -5
[   60.7040] open name host:/livepad.bin flag 1 data 41378
[   60.7053] open fd = -5
[   60.7238] open name host:/livepad.bin flag 1 data 41378
[   60.7252] open fd = -5
[   60.7544] open name host:/livepad.bin flag 1 data 41378
[   60.7558] open fd = -5
[   60.7741] open name host:/livepad.bin flag 1 data 41378
[   60.7756] open fd = -5
[   60.7758] open name host:/livedbg.cmd flag 1 data 41378
[   60.7770] open fd = -5
[   60.8044] open name host:/livepad.bin flag 1 data 41378
[   60.8057] open fd = -5
[   60.8238] open name host:/livepad.bin flag 1 data 41378
[   60.8251] open fd = -5
[   60.8258] LOG: SKYWARM scene=2 generation=3 count=504 check=60
[   60.8541] open name host:/livepad.bin flag 1 data 41378
[   60.8555] open fd = -5
[   60.8744] open name host:/livepad.bin flag 1 data 41378
[   60.8760] open fd = -5
[   60.9045] open name host:/livepad.bin flag 1 data 41378
[   60.9058] open fd = -5
[   60.9069] open name host:/log.txt flag 302 data 41378
[   60.9086] open fd = 256
[   60.9108] open name host:/log.txt flag 302 data 41378
[   60.9124] open fd = 256
[   60.9287] open name host:/livepad.bin flag 1 data 41378
[   60.9300] open fd = -5
[   60.9301] open name host:/livedbg.cmd flag 1 data 41378
[   60.9311] open fd = -5
[   60.9342] open name host:/log.txt flag 302 data 41378
[   60.9357] open fd = 256
[   60.9379] open name host:/log.txt flag 302 data 41378
[   60.9395] open fd = 256
[   60.9653] open name host:/livepad.bin flag 1 data 41378
[   60.9668] open fd = -5
[   60.9677] open name host:/log.txt flag 302 data 41378
[   60.9694] open fd = 256
[   60.9716] open name host:/log.txt flag 302 data 41378
[   60.9736] open fd = 256
[   60.9899] open name host:/livepad.bin flag 1 data 41378
[   60.9912] open fd = -5
[   60.9941] open name host:/log.txt flag 302 data 41378
[   60.9957] open fd = 256
[   60.9977] open name host:/log.txt flag 302 data 41378
[   60.9996] open fd = 256
[   61.0244] open name host:/livepad.bin flag 1 data 41378
[   61.0256] open fd = -5
[   61.0268] open name host:/log.txt flag 302 data 41378
[   61.0286] open fd = 256
[   61.0305] open name host:/log.txt flag 302 data 41378
[   61.0319] open fd = 256
[   61.0484] open name host:/livepad.bin flag 1 data 41378
[   61.0499] open fd = -5
[   61.0530] open name host:/log.txt flag 302 data 41378
[   61.0545] open fd = 256
[   61.0561] open name host:/log.txt flag 302 data 41378
[   61.0580] open fd = 256
[   61.0821] open name host:/livepad.bin flag 1 data 41378
[   61.0833] open fd = -5
[   61.0841] open name host:/log.txt flag 302 data 41378
[   61.0855] open fd = 256
[   61.0877] open name host:/log.txt flag 302 data 41378
[   61.0894] open fd = 256
[   61.1054] open name host:/livepad.bin flag 1 data 41378
[   61.1067] open fd = -5
[   61.1069] open name host:/livedbg.cmd flag 1 data 41378
[   61.1080] open fd = -5
[   61.1111] open name host:/log.txt flag 302 data 41378
[   61.1132] open fd = 256
[   61.1148] open name host:/log.txt flag 302 data 41378
[   61.1164] open fd = 256
[   61.1417] open name host:/livepad.bin flag 1 data 41378
[   61.1431] open fd = -5
[   61.1440] open name host:/log.txt flag 302 data 41378
[   61.1456] open fd = 256
[   61.1473] open name host:/log.txt flag 302 data 41378
[   61.1489] open fd = 256
[   61.1672] open name host:/livepad.bin flag 1 data 41378
[   61.1684] open fd = -5
[   61.1713] open name host:/log.txt flag 302 data 41378
[   61.1729] open fd = 256
[   61.1746] open name host:/log.txt flag 302 data 41378
[   61.1762] open fd = 256
[   61.2020] open name host:/livepad.bin flag 1 data 41378
[   61.2033] open fd = -5
[   61.2041] open name host:/log.txt flag 302 data 41378
[   61.2056] open fd = 256
[   61.2221] open name host:/livepad.bin flag 1 data 41378
[   61.2234] open fd = -5
[   61.2494] open name host:/livepad.bin flag 1 data 41378
[   61.2506] open fd = -5
[   61.2663] open name host:/livepad.bin flag 1 data 41378
[   61.2676] open fd = -5
[   61.2678] open name host:/livedbg.cmd flag 1 data 41378
[   61.2688] open fd = -5
[   61.2955] open name host:/livepad.bin flag 1 data 41378
[   61.2969] open fd = -5
[   61.3127] open name host:/livepad.bin flag 1 data 41378
[   61.3141] open fd = -5
[   61.3414] open name host:/livepad.bin flag 1 data 41378
[   61.3429] open fd = -5
[   61.3587] open name host:/livepad.bin flag 1 data 41378
[   61.3601] open fd = -5
[   61.3881] open name host:/livepad.bin flag 1 data 41378
[   61.3895] open fd = -5
[   61.4081] open name host:/livepad.bin flag 1 data 41378
[   61.4095] open fd = -5
[   61.4097] open name host:/livedbg.cmd flag 1 data 41378
[   61.4107] open fd = -5
[   61.4378] open name host:/livepad.bin flag 1 data 41378
[   61.4390] open fd = -5
[   61.4582] open name host:/livepad.bin flag 1 data 41378
[   61.4597] open fd = -5
[   61.4880] FRAMEARENA frames=2640 peak=1045072 resets=5 fallbacks=0 maxFrameBytes=2731360 maxBorrowed=2028560 freeKiB=6593
[   61.4883] NATIVEVIF frames=2640 batches=2645
[   61.4884] ORDEREDFRAME frames=2640 splitFrames=4
[   61.4884] FRAMEPIPELINE starts=2640 dmaBusyStarts=6
[   61.4885] open name host:/livepad.bin flag 1 data 41378
[   61.4898] open fd = -5
[   61.5079] open name host:/livepad.bin flag 1 data 41378
[   61.5093] open fd = -5
[   61.5381] open name host:/livepad.bin flag 1 data 41378
[   61.5393] open fd = -5
[   61.5580] open name host:/livepad.bin flag 1 data 41378
[   61.5595] open fd = -5
[   61.5598] open name host:/livedbg.cmd flag 1 data 41378
[   61.5607] open fd = -5
[   61.5881] open name host:/livepad.bin flag 1 data 41378
[   61.5895] open fd = -5
[   61.6077] open name host:/livepad.bin flag 1 data 41378
[   61.6093] open fd = -5
[   61.6383] open name host:/livepad.bin flag 1 data 41378
[   61.6399] open fd = -5
[   61.6574] open name host:/livepad.bin flag 1 data 41378
[   61.6585] open fd = -5
[   61.6883] open name host:/livepad.bin flag 1 data 41378
[   61.6899] open fd = -5
[   61.7088] open name host:/livepad.bin flag 1 data 41378
[   61.7104] open fd = -5
[   61.7106] open name host:/livedbg.cmd flag 1 data 41378
[   61.7116] open fd = -5
[   61.7379] open name host:/livepad.bin flag 1 data 41378
[   61.7393] open fd = -5
[   61.7579] open name host:/livepad.bin flag 1 data 41378
[   61.7594] open fd = -5
[   61.7879] open name host:/livepad.bin flag 1 data 41378
[   61.7891] open fd = -5
[   61.8088] open name host:/livepad.bin flag 1 data 41378
[   61.8102] open fd = -5
[   61.8382] open name host:/livepad.bin flag 1 data 41378
[   61.8395] open fd = -5
[   61.8581] open name host:/livepad.bin flag 1 data 41378
[   61.8593] open fd = -5
[   61.8596] open name host:/livedbg.cmd flag 1 data 41378
[   61.8605] open fd = -5
[   61.8882] open name host:/livepad.bin flag 1 data 41378
[   61.8895] open fd = -5
[   61.9083] open name host:/livepad.bin flag 1 data 41378
[   61.9097] open fd = -5
[   61.9378] open name host:/livepad.bin flag 1 data 41378
[   61.9390] open fd = -5
[   61.9579] open name host:/livepad.bin flag 1 data 41378
[   61.9595] open fd = -5
[   61.9881] open name host:/livepad.bin flag 1 data 41378
[   61.9894] open fd = -5
[   62.0083] open name host:/livepad.bin flag 1 data 41378
[   62.0095] open fd = -5
[   62.0097] open name host:/livedbg.cmd flag 1 data 41378
[   62.0107] open fd = -5
[   62.0391] open name host:/livepad.bin flag 1 data 41378
[   62.0405] open fd = -5
[   62.0586] open name host:/livepad.bin flag 1 data 41378
[   62.0600] open fd = -5
[   62.0886] open name host:/livepad.bin flag 1 data 41378
[   62.0899] open fd = -5
[   62.1086] open name host:/livepad.bin flag 1 data 41378
[   62.1101] open fd = -5
[   62.1392] open name host:/livepad.bin flag 1 data 41378
[   62.1409] open fd = -5
[   62.1585] open name host:/livepad.bin flag 1 data 41378
[   62.1598] open fd = -5
[   62.1601] open name host:/livedbg.cmd flag 1 data 41378
[   62.1611] open fd = -5
[   62.1897] open name host:/livepad.bin flag 1 data 41378
[   62.1912] open fd = -5
[   62.2091] open name host:/livepad.bin flag 1 data 41378
[   62.2106] open fd = -5
[   62.2388] open name host:/livepad.bin flag 1 data 41378
[   62.2401] open fd = -5
[   62.2587] open name host:/livepad.bin flag 1 data 41378
[   62.2600] open fd = -5
[   62.2891] open name host:/livepad.bin flag 1 data 41378
[   62.2903] open fd = -5
[   62.3084] open name host:/livepad.bin flag 1 data 41378
[   62.3100] open fd = -5
[   62.3104] open name host:/livedbg.cmd flag 1 data 41378
[   62.3113] open fd = -5
[   62.3389] open name host:/livepad.bin flag 1 data 41378
[   62.3402] open fd = -5
[   62.3591] open name host:/livepad.bin flag 1 data 41378
[   62.3604] open fd = -5
[   62.3613] LOG: SKYORACLE scene=2 generation=3 count=504 equal=1 check=120 bboxBefore=10640
[   62.3894] open name host:/livepad.bin flag 1 data 41378
[   62.3908] open fd = -5
[   62.4085] open name host:/livepad.bin flag 1 data 41378
[   62.4098] open fd = -5
[   62.4385] open name host:/livepad.bin flag 1 data 41378
[   62.4398] open fd = -5
[   62.4585] open name host:/livepad.bin flag 1 data 41378
[   62.4599] open fd = -5
[   62.4602] open name host:/livedbg.cmd flag 1 data 41378
[   62.4611] open fd = -5
[   62.4892] open name host:/livepad.bin flag 1 data 41378
[   62.4907] open fd = -5
[   62.5096] open name host:/livepad.bin flag 1 data 41378
[   62.5111] open fd = -5
[   62.5384] open name host:/livepad.bin flag 1 data 41378
[   62.5397] open fd = -5
[   62.5589] open name host:/livepad.bin flag 1 data 41378
[   62.5602] open fd = -5
[   62.5884] open name host:/livepad.bin flag 1 data 41378
[   62.5896] open fd = -5
[   62.6096] open name host:/livepad.bin flag 1 data 41378
[   62.6108] open fd = -5
[   62.6111] open name host:/livedbg.cmd flag 1 data 41378
[   62.6120] open fd = -5
[   62.6392] open name host:/livepad.bin flag 1 data 41378
[   62.6405] open fd = -5
[   62.6588] open name host:/livepad.bin flag 1 data 41378
[   62.6601] open fd = -5
[   62.6888] open name host:/livepad.bin flag 1 data 41378
[   62.6902] open fd = -5
[   62.7097] open name host:/livepad.bin flag 1 data 41378
[   62.7111] open fd = -5
[   62.7388] open name host:/livepad.bin flag 1 data 41378
[   62.7402] open fd = -5
[   62.7585] open name host:/livepad.bin flag 1 data 41378
[   62.7598] open fd = -5
[   62.7601] open name host:/livedbg.cmd flag 1 data 41378
[   62.7610] open fd = -5
[   62.7896] open name host:/livepad.bin flag 1 data 41378
[   62.7908] open fd = -5
[   62.8096] open name host:/livepad.bin flag 1 data 41378
[   62.8111] open fd = -5
[   62.8263] open name host:/livepad.bin flag 1 data 41378
[   62.8275] open fd = -5
[   62.8431] open name host:/livepad.bin flag 1 data 41378
[   62.8443] open fd = -5
[   62.8596] open name host:/livepad.bin flag 1 data 41378
[   62.8609] open fd = -5
[   62.8762] open name host:/livepad.bin flag 1 data 41378
[   62.8774] open fd = -5
[   62.8777] open name host:/livedbg.cmd flag 1 data 41378
[   62.8787] open fd = -5
[   62.9059] open name host:/livepad.bin flag 1 data 41378
[   62.9072] open fd = -5
[   62.9264] open name host:/livepad.bin flag 1 data 41378
[   62.9278] open fd = -5
[   62.9437] open name host:/livepad.bin flag 1 data 41378
[   62.9450] open fd = -5
[   62.9605] open name host:/livepad.bin flag 1 data 41378
[   62.9617] open fd = -5
[   62.9769] open name host:/livepad.bin flag 1 data 41378
[   62.9782] open fd = -5
[   62.9938] open name host:/livepad.bin flag 1 data 41378
[   62.9950] open fd = -5
[   62.9953] open name host:/livedbg.cmd flag 1 data 41378
[   62.9965] open fd = -5
[   63.0226] open name host:/livepad.bin flag 1 data 41378
[   63.0241] open fd = -5
[   63.0425] open name host:/livepad.bin flag 1 data 41378
[   63.0439] open fd = -5
[   63.0619] open name host:/livepad.bin flag 1 data 41378
[   63.0630] open fd = -5
[   63.0776] open name host:/livepad.bin flag 1 data 41378
[   63.0790] open fd = -5
[   63.0947] open name host:/livepad.bin flag 1 data 41378
[   63.0962] open fd = -5
[   63.1117] open name host:/livepad.bin flag 1 data 41378
[   63.1133] open fd = -5
[   63.1135] open name host:/livedbg.cmd flag 1 data 41378
[   63.1144] open fd = -5
[   63.1298] open name host:/livepad.bin flag 1 data 41378
[   63.1311] open fd = -5
[   63.1469] open name host:/livepad.bin flag 1 data 41378
[   63.1483] open fd = -5
[   63.1639] open name host:/livepad.bin flag 1 data 41378
[   63.1652] open fd = -5
[   63.1813] open name host:/livepad.bin flag 1 data 41378
[   63.1826] open fd = -5
[   63.1980] open name host:/livepad.bin flag 1 data 41378
[   63.1996] open fd = -5
[   63.2156] open name host:/livepad.bin flag 1 data 41378
[   63.2170] open fd = -5
[   63.2172] open name host:/livedbg.cmd flag 1 data 41378
[   63.2183] open fd = -5
[   63.2445] open name host:/livepad.bin flag 1 data 41378
[   63.2457] open fd = -5
[   63.2609] open name host:/livepad.bin flag 1 data 41378
[   63.2621] open fd = -5
[   63.2789] open name host:/livepad.bin flag 1 data 41378
[   63.2802] open fd = -5
[   63.2958] open name host:/livepad.bin flag 1 data 41378
[   63.2971] open fd = -5
[   63.3125] open name host:/livepad.bin flag 1 data 41378
[   63.3137] open fd = -5
[   63.3296] open name host:/livepad.bin flag 1 data 41378
[   63.3307] open fd = -5
[   63.3308] open name host:/livedbg.cmd flag 1 data 41378
[   63.3318] open fd = -5
[   63.3592] open name host:/livepad.bin flag 1 data 41378
[   63.3606] open fd = -5
[   63.3621] open name host:/log.txt flag 302 data 41378
[   63.3636] open fd = 256
[   63.3792] open name host:/livepad.bin flag 1 data 41378
[   63.3805] open fd = -5
[   63.3963] open name host:/livepad.bin flag 1 data 41378
[   63.3975] open fd = -5
[   63.4138] open name host:/livepad.bin flag 1 data 41378
[   63.4150] open fd = -5
[   63.4299] open name host:/livepad.bin flag 1 data 41378
[   63.4311] open fd = -5
[   63.4478] open name host:/livepad.bin flag 1 data 41378
[   63.4493] open fd = -5
[   63.4494] open name host:/livedbg.cmd flag 1 data 41378
[   63.4503] open fd = -5
[   63.4653] open name host:/livepad.bin flag 1 data 41378
[   63.4666] open fd = -5
[   63.4826] open name host:/livepad.bin flag 1 data 41378
[   63.4838] open fd = -5
[   63.4991] open name host:/livepad.bin flag 1 data 41378
[   63.5004] open fd = -5
[   63.5157] open name host:/livepad.bin flag 1 data 41378
[   63.5170] open fd = -5
[   63.5322] open name host:/livepad.bin flag 1 data 41378
[   63.5333] open fd = -5
[   63.5489] open name host:/livepad.bin flag 1 data 41378
[   63.5504] open fd = -5
[   63.5507] open name host:/livedbg.cmd flag 1 data 41378
[   63.5516] open fd = -5
[   63.5669] open name host:/livepad.bin flag 1 data 41378
[   63.5683] open fd = -5
[   63.5841] open name host:/livepad.bin flag 1 data 41378
[   63.5854] open fd = -5
[   63.6128] open name host:/livepad.bin flag 1 data 41378
[   63.6142] open fd = -5
[   63.6295] open name host:/livepad.bin flag 1 data 41378
[   63.6306] open fd = -5
[   63.6458] open name host:/livepad.bin flag 1 data 41378
[   63.6472] open fd = -5
[   63.6641] open name host:/livepad.bin flag 1 data 41378
[   63.6653] open fd = -5
[   63.6654] open name host:/livedbg.cmd flag 1 data 41378
[   63.6664] open fd = -5
[   63.6924] open name host:/livepad.bin flag 1 data 41378
[   63.6939] open fd = -5
[   63.7104] open name host:/livepad.bin flag 1 data 41378
[   63.7116] open fd = -5
[   63.7260] open name host:/livepad.bin flag 1 data 41378
[   63.7273] open fd = -5
[   63.7439] open name host:/livepad.bin flag 1 data 41378
[   63.7451] open fd = -5
[   63.7737] open name host:/livepad.bin flag 1 data 41378
[   63.7751] open fd = -5
[   63.7939] open name host:/livepad.bin flag 1 data 41378
[   63.7952] open fd = -5
[   63.7955] open name host:/livedbg.cmd flag 1 data 41378
[   63.7965] open fd = -5
[   63.8114] open name host:/livepad.bin flag 1 data 41378
[   63.8127] open fd = -5
[   63.8309] open name host:/livepad.bin flag 1 data 41378
[   63.8322] open fd = -5
[   63.8467] open name host:/livepad.bin flag 1 data 41378
[   63.8479] open fd = -5
[   63.8637] open name host:/livepad.bin flag 1 data 41378
[   63.8648] open fd = -5
[   63.8908] open name host:/livepad.bin flag 1 data 41378
[   63.8921] open fd = -5
[   63.9105] open name host:/livepad.bin flag 1 data 41378
[   63.9118] open fd = -5
[   63.9121] open name host:/livedbg.cmd flag 1 data 41378
[   63.9131] open fd = -5
[   63.9290] open name host:/livepad.bin flag 1 data 41378
[   63.9307] open fd = -5
[   63.9463] open name host:/livepad.bin flag 1 data 41378
[   63.9478] open fd = -5
[   63.9630] open name host:/livepad.bin flag 1 data 41378
[   63.9643] open fd = -5
[   63.9803] open name host:/livepad.bin flag 1 data 41378
[   63.9815] open fd = -5
[   63.9964] open name host:/livepad.bin flag 1 data 41378
[   63.9977] open fd = -5
[   64.0144] open name host:/livepad.bin flag 1 data 41378
[   64.0155] open fd = -5
[   64.0157] open name host:/livedbg.cmd flag 1 data 41378
[   64.0167] open fd = -5
[   64.0419] open name host:/livepad.bin flag 1 data 41378
[   64.0432] open fd = -5
[   64.0606] open name host:/livepad.bin flag 1 data 41378
[   64.0619] open fd = -5
[   64.0773] FRAMEARENA frames=2760 peak=1045072 resets=5 fallbacks=0 maxFrameBytes=2731360 maxBorrowed=2028560 freeKiB=8125
[   64.0776] NATIVEVIF frames=2760 batches=2765
[   64.0778] ORDEREDFRAME frames=2760 splitFrames=4
[   64.0778] FRAMEPIPELINE starts=2760 dmaBusyStarts=20
[   64.0779] open name host:/livepad.bin flag 1 data 41378
[   64.0791] open fd = -5
[   64.0952] open name host:/livepad.bin flag 1 data 41378
[   64.0967] open fd = -5
[   64.1118] open name host:/livepad.bin flag 1 data 41378
[   64.1131] open fd = -5
[   64.1294] open name host:/livepad.bin flag 1 data 41378
[   64.1308] open fd = -5
[   64.1310] open name host:/livedbg.cmd flag 1 data 41378
[   64.1320] open fd = -5
[   64.1471] open name host:/livepad.bin flag 1 data 41378
[   64.1488] open fd = -5
[   64.1647] open name host:/livepad.bin flag 1 data 41378
[   64.1659] open fd = -5
[   64.1812] open name host:/livepad.bin flag 1 data 41378
[   64.1825] open fd = -5
[   64.1991] open name host:/livepad.bin flag 1 data 41378
[   64.2004] open fd = -5
[   64.2153] open name host:/livepad.bin flag 1 data 41378
[   64.2166] open fd = -5
[   64.2331] open name host:/livepad.bin flag 1 data 41378
[   64.2343] open fd = -5
[   64.2344] open name host:/livedbg.cmd flag 1 data 41378
[   64.2353] open fd = -5
[   64.2514] open name host:/livepad.bin flag 1 data 41378
[   64.2529] open fd = -5
[   64.2690] open name host:/livepad.bin flag 1 data 41378
[   64.2703] open fd = -5
[   64.2859] open name host:/livepad.bin flag 1 data 41378
[   64.2873] open fd = -5
[   64.3034] open name host:/livepad.bin flag 1 data 41378
[   64.3046] open fd = -5
[   64.3305] open name host:/livepad.bin flag 1 data 41378
[   64.3320] open fd = -5
[   64.3488] open name host:/log.txt flag 302 data 41378
[   64.3507] open fd = 256
[   64.3525] open name host:/livepad.bin flag 1 data 41378
[   64.3534] open fd = -5
[   64.3536] open name host:/livedbg.cmd flag 1 data 41378
[   64.3545] open fd = -5
[   64.3805] open name host:/livepad.bin flag 1 data 41378
[   64.3824] open fd = -5
[   64.3977] open name host:/livepad.bin flag 1 data 41378
[   64.3990] open fd = -5
[   64.4142] open name host:/livepad.bin flag 1 data 41378
[   64.4155] open fd = -5
[   64.4315] open name host:/livepad.bin flag 1 data 41378
[   64.4327] open fd = -5
[   64.4488] open name host:/livepad.bin flag 1 data 41378
[   64.4501] open fd = -5
[   64.4669] open name host:/livepad.bin flag 1 data 41378
[   64.4683] open fd = -5
[   64.4686] open name host:/livedbg.cmd flag 1 data 41378
[   64.4695] open fd = -5
[   64.4843] open name host:/livepad.bin flag 1 data 41378
[   64.4855] open fd = -5
[   64.5013] open name host:/livepad.bin flag 1 data 41378
[   64.5032] open fd = -5
[   64.5178] open name host:/livepad.bin flag 1 data 41378
[   64.5192] open fd = -5
[   64.5352] open name host:/livepad.bin flag 1 data 41378
[   64.5364] open fd = -5
[   64.5514] open name host:/livepad.bin flag 1 data 41378
[   64.5528] open fd = -5
[   64.5683] open name host:/livepad.bin flag 1 data 41378
[   64.5698] open fd = -5
[   64.5702] open name host:/livedbg.cmd flag 1 data 41378
[   64.5711] open fd = -5
[   64.5862] open name host:/livepad.bin flag 1 data 41378
[   64.5876] open fd = -5
[   64.6042] open name host:/livepad.bin flag 1 data 41378
[   64.6057] open fd = -5
[   64.6213] open name host:/livepad.bin flag 1 data 41378
[   64.6227] open fd = -5
[   64.6384] open name host:/livepad.bin flag 1 data 41378
[   64.6398] open fd = -5
[   64.6545] open name host:/livepad.bin flag 1 data 41378
[   64.6560] open fd = -5
[   64.6720] open name host:/livepad.bin flag 1 data 41378
[   64.6733] open fd = -5
[   64.6735] open name host:/livedbg.cmd flag 1 data 41378
[   64.6745] open fd = -5
[   64.6892] open name host:/livepad.bin flag 1 data 41378
[   64.6906] open fd = -5
[   64.7065] open name host:/livepad.bin flag 1 data 41378
[   64.7079] open fd = -5
[   64.7228] open name host:/livepad.bin flag 1 data 41378
[   64.7243] open fd = -5
[   64.7397] open name host:/livepad.bin flag 1 data 41378
[   64.7409] open fd = -5
[   64.7564] open name host:/livepad.bin flag 1 data 41378
[   64.7576] open fd = -5
[   64.7731] open name host:/livepad.bin flag 1 data 41378
[   64.7742] open fd = -5
[   64.7743] open name host:/livedbg.cmd flag 1 data 41378
[   64.7753] open fd = -5
[   64.7901] open name host:/livepad.bin flag 1 data 41378
[   64.7915] open fd = -5
[   64.8081] open name host:/livepad.bin flag 1 data 41378
[   64.8094] open fd = -5
[   64.8239] open name host:/livepad.bin flag 1 data 41378
[   64.8250] open fd = -5
[   64.8406] open name host:/livepad.bin flag 1 data 41378
[   64.8417] open fd = -5
[   64.8563] open name host:/livepad.bin flag 1 data 41378
[   64.8578] open fd = -5
[   64.8744] open name host:/livepad.bin flag 1 data 41378
[   64.8755] open fd = -5
[   64.8757] open name host:/livedbg.cmd flag 1 data 41378
[   64.8769] open fd = -5
[   64.8913] open name host:/livepad.bin flag 1 data 41378
[   64.8925] open fd = -5
[   64.9090] open name host:/livepad.bin flag 1 data 41378
[   64.9103] open fd = -5
[   64.9252] open name host:/livepad.bin flag 1 data 41378
[   64.9264] open fd = -5
[   64.9419] open name host:/livepad.bin flag 1 data 41378
[   64.9432] open fd = -5
[   64.9578] open name host:/livepad.bin flag 1 data 41378
[   64.9591] open fd = -5
[   64.9758] open name host:/livepad.bin flag 1 data 41378
[   64.9771] open fd = -5
[   64.9774] open name host:/livedbg.cmd flag 1 data 41378
[   64.9783] open fd = -5
[   64.9932] open name host:/livepad.bin flag 1 data 41378
[   64.9946] open fd = -5
[   65.0107] open name host:/livepad.bin flag 1 data 41378
[   65.0120] open fd = -5
[   65.0268] open name host:/livepad.bin flag 1 data 41378
[   65.0283] open fd = -5
[   65.0439] open name host:/livepad.bin flag 1 data 41378
[   65.0453] open fd = -5
[   65.0610] open name host:/livepad.bin flag 1 data 41378
[   65.0622] open fd = -5
[   65.0782] open name host:/livepad.bin flag 1 data 41378
[   65.0796] open fd = -5
[   65.0797] open name host:/livedbg.cmd flag 1 data 41378
[   65.0807] open fd = -5
[   65.0953] open name host:/livepad.bin flag 1 data 41378
[   65.0968] open fd = -5
[   65.1124] open name host:/livepad.bin flag 1 data 41378
[   65.1137] open fd = -5
[   65.1286] open name host:/livepad.bin flag 1 data 41378
[   65.1299] open fd = -5
[   65.1456] open name host:/livepad.bin flag 1 data 41378
[   65.1470] open fd = -5
[   65.1622] open name host:/livepad.bin flag 1 data 41378
[   65.1634] open fd = -5
[   65.1780] open name host:/livepad.bin flag 1 data 41378
[   65.1794] open fd = -5
[   65.1796] open name host:/livedbg.cmd flag 1 data 41378
[   65.1805] open fd = -5
[   65.1968] open name host:/livepad.bin flag 1 data 41378
[   65.1982] open fd = -5
[   65.2134] open name host:/livepad.bin flag 1 data 41378
[   65.2146] open fd = -5
[   65.2300] open name host:/livepad.bin flag 1 data 41378
[   65.2315] open fd = -5
[   65.2474] open name host:/livepad.bin flag 1 data 41378
[   65.2486] open fd = -5
[   65.2633] open name host:/livepad.bin flag 1 data 41378
[   65.2647] open fd = -5
[   65.2801] open name host:/livepad.bin flag 1 data 41378
[   65.2813] open fd = -5
[   65.2815] open name host:/livedbg.cmd flag 1 data 41378
[   65.2824] open fd = -5
[   65.2977] open name host:/livepad.bin flag 1 data 41378
[   65.2990] open fd = -5
[   65.3144] open name host:/livepad.bin flag 1 data 41378
[   65.3157] open fd = -5
[   65.3303] open name host:/livepad.bin flag 1 data 41378
[   65.3315] open fd = -5
[   65.3467] open name host:/livepad.bin flag 1 data 41378
[   65.3481] open fd = -5
[   65.3630] open name host:/livepad.bin flag 1 data 41378
[   65.3644] open fd = -5
[   65.3798] open name host:/livepad.bin flag 1 data 41378
[   65.3811] open fd = -5
[   65.3813] open name host:/livedbg.cmd flag 1 data 41378
[   65.3821] open fd = -5
[   65.3971] open name host:/livepad.bin flag 1 data 41378
[   65.3984] open fd = -5
[   65.4151] open name host:/livepad.bin flag 1 data 41378
[   65.4164] open fd = -5
[   65.4313] open name host:/livepad.bin flag 1 data 41378
[   65.4323] open fd = -5
[   65.4492] open name host:/livepad.bin flag 1 data 41378
[   65.4505] open fd = -5
[   65.4651] open name host:/livepad.bin flag 1 data 41378
[   65.4663] open fd = -5
[   65.4820] open name host:/livepad.bin flag 1 data 41378
[   65.4832] open fd = -5
[   65.4834] open name host:/livedbg.cmd flag 1 data 41378
[   65.4843] open fd = -5
[   65.4989] open name host:/livepad.bin flag 1 data 41378
[   65.5005] open fd = -5
[   65.5164] open name host:/livepad.bin flag 1 data 41378
[   65.5177] open fd = -5
[   65.5341] open name host:/livepad.bin flag 1 data 41378
[   65.5352] open fd = -5
[   65.5512] open name host:/livepad.bin flag 1 data 41378
[   65.5528] open fd = -5
[   65.5777] open name host:/livepad.bin flag 1 data 41378
[   65.5789] open fd = -5
[   65.5937] open name host:/livepad.bin flag 1 data 41378
[   65.5951] open fd = -5
[   65.5954] open name host:/livedbg.cmd flag 1 data 41378
[   65.5965] open fd = -5
[   65.6109] open name host:/livepad.bin flag 1 data 41378
[   65.6121] open fd = -5
[   65.6281] open name host:/livepad.bin flag 1 data 41378
[   65.6292] open fd = -5
[   65.6441] open name host:/livepad.bin flag 1 data 41378
[   65.6453] open fd = -5
[   65.6601] open name host:/livepad.bin flag 1 data 41378
[   65.6613] open fd = -5
[   65.6758] open name host:/livepad.bin flag 1 data 41378
[   65.6769] open fd = -5
[   65.6928] open name host:/livepad.bin flag 1 data 41378
[   65.6939] open fd = -5
[   65.6940] open name host:/livedbg.cmd flag 1 data 41378
[   65.6950] open fd = -5
[   65.7102] open name host:/livepad.bin flag 1 data 41378
[   65.7115] open fd = -5
[   65.7265] open name host:/livepad.bin flag 1 data 41378
[   65.7277] open fd = -5
[   65.7427] open name host:/livepad.bin flag 1 data 41378
[   65.7441] open fd = -5
[   65.7589] open name host:/livepad.bin flag 1 data 41378
[   65.7601] open fd = -5
[   65.7758] open name host:/livepad.bin flag 1 data 41378
[   65.7771] open fd = -5
[   65.7919] open name host:/livepad.bin flag 1 data 41378
[   65.7931] open fd = -5
[   65.7934] open name host:/livedbg.cmd flag 1 data 41378
[   65.7944] open fd = -5
[   65.8101] open name host:/livepad.bin flag 1 data 41378
[   65.8115] open fd = -5
[   65.8271] open name host:/livepad.bin flag 1 data 41378
[   65.8282] open fd = -5
[   65.8427] open name host:/livepad.bin flag 1 data 41378
[   65.8441] open fd = -5
[   65.8589] open name host:/livepad.bin flag 1 data 41378
[   65.8601] open fd = -5
[   65.8749] open name host:/livepad.bin flag 1 data 41378
[   65.8762] open fd = -5
[   65.8917] open name host:/livepad.bin flag 1 data 41378
[   65.8931] open fd = -5
[   65.8932] open name host:/livedbg.cmd flag 1 data 41378
[   65.8942] open fd = -5
[   65.9096] open name host:/livepad.bin flag 1 data 41378
[   65.9111] open fd = -5
[   65.9259] open name host:/livepad.bin flag 1 data 41378
[   65.9270] open fd = -5
[   65.9416] open name host:/livepad.bin flag 1 data 41378
[   65.9428] open fd = -5
[   65.9576] open name host:/livepad.bin flag 1 data 41378
[   65.9588] open fd = -5
[   65.9737] open name host:/livepad.bin flag 1 data 41378
[   65.9751] open fd = -5
[   65.9918] open name host:/livepad.bin flag 1 data 41378
[   65.9929] open fd = -5
[   65.9931] open name host:/livedbg.cmd flag 1 data 41378
[   65.9942] open fd = -5
[   66.0096] open name host:/livepad.bin flag 1 data 41378
[   66.0108] open fd = -5
[   66.0120] open name host:/log.txt flag 302 data 41378
[   66.0135] open fd = 256
[   66.0296] open name host:/livepad.bin flag 1 data 41378
[   66.0307] open fd = -5
[   66.0464] open name host:/livepad.bin flag 1 data 41378
[   66.0476] open fd = -5
[   66.0629] open name host:/livepad.bin flag 1 data 41378
[   66.0640] open fd = -5
[   66.0786] open name host:/livepad.bin flag 1 data 41378
[   66.0800] open fd = -5
[   66.0949] open name host:/livepad.bin flag 1 data 41378
[   66.0960] open fd = -5
[   66.0962] open name host:/livedbg.cmd flag 1 data 41378
[   66.0971] open fd = -5
[   66.1123] open name host:/livepad.bin flag 1 data 41378
[   66.1136] open fd = -5
[   66.1280] open name host:/livepad.bin flag 1 data 41378
[   66.1292] open fd = -5
[   66.1449] FRAMEARENA frames=2880 peak=1045072 resets=5 fallbacks=0 maxFrameBytes=2731360 maxBorrowed=2028560 freeKiB=8153
[   66.1452] NATIVEVIF frames=2880 batches=2885
[   66.1453] ORDEREDFRAME frames=2880 splitFrames=4
[   66.1454] FRAMEPIPELINE starts=2880 dmaBusyStarts=43
[   66.1455] open name host:/livepad.bin flag 1 data 41378
[   66.1467] open fd = -5
[   66.1618] open name host:/livepad.bin flag 1 data 41378
[   66.1631] open fd = -5
[   66.1788] open name host:/livepad.bin flag 1 data 41378
[   66.1801] open fd = -5
[   66.1968] open name host:/livepad.bin flag 1 data 41378
[   66.1981] open fd = -5
[   66.1983] open name host:/livedbg.cmd flag 1 data 41378
[   66.1993] open fd = -5
[   66.2153] open name host:/livepad.bin flag 1 data 41378
[   66.2168] open fd = -5
[   66.2316] open name host:/livepad.bin flag 1 data 41378
[   66.2329] open fd = -5
[   66.2472] open name host:/livepad.bin flag 1 data 41378
[   66.2485] open fd = -5
[   66.2629] open name host:/livepad.bin flag 1 data 41378
[   66.2641] open fd = -5
[   66.2793] open name host:/livepad.bin flag 1 data 41378
[   66.2807] open fd = -5
[   66.2952] open name host:/livepad.bin flag 1 data 41378
[   66.2964] open fd = -5
[   66.2967] open name host:/livedbg.cmd flag 1 data 41378
[   66.2977] open fd = -5
[   66.3126] open name host:/livepad.bin flag 1 data 41378
[   66.3139] open fd = -5
[   66.3287] open name host:/livepad.bin flag 1 data 41378
[   66.3298] open fd = -5
[   66.3446] open name host:/livepad.bin flag 1 data 41378
[   66.3463] open fd = -5
[   66.3612] open name host:/livepad.bin flag 1 data 41378
[   66.3627] open fd = -5
[   66.3785] open name host:/livepad.bin flag 1 data 41378
[   66.3797] open fd = -5
[   66.3958] open name host:/livepad.bin flag 1 data 41378
[   66.3972] open fd = -5
[   66.3974] open name host:/livedbg.cmd flag 1 data 41378
[   66.3983] open fd = -5
[   66.4128] open name host:/livepad.bin flag 1 data 41378
[   66.4142] open fd = -5
[   66.4299] open name host:/livepad.bin flag 1 data 41378
[   66.4311] open fd = -5
[   66.4463] open name host:/livepad.bin flag 1 data 41378
[   66.4476] open fd = -5
[   66.4627] open name host:/livepad.bin flag 1 data 41378
[   66.4638] open fd = -5
[   66.4792] open name host:/livepad.bin flag 1 data 41378
[   66.4804] open fd = -5
[   66.4964] open name host:/livepad.bin flag 1 data 41378
[   66.4976] open fd = -5
[   66.4978] open name host:/livedbg.cmd flag 1 data 41378
[   66.4987] open fd = -5
[   66.5138] open name host:/livepad.bin flag 1 data 41378
[   66.5151] open fd = -5
[   66.5298] open name host:/livepad.bin flag 1 data 41378
[   66.5310] open fd = -5
[   66.5460] open name host:/livepad.bin flag 1 data 41378
[   66.5473] open fd = -5
[   66.5621] open name host:/livepad.bin flag 1 data 41378
[   66.5635] open fd = -5
[   66.5788] open name host:/livepad.bin flag 1 data 41378
[   66.5803] open fd = -5
[   66.5956] open name host:/livepad.bin flag 1 data 41378
[   66.5968] open fd = -5
[   66.5971] open name host:/livedbg.cmd flag 1 data 41378
[   66.5980] open fd = -5
[   66.6136] open name host:/livepad.bin flag 1 data 41378
[   66.6151] open fd = -5
[   66.6299] open name host:/livepad.bin flag 1 data 41378
[   66.6309] open fd = -5
[   66.6460] open name host:/livepad.bin flag 1 data 41378
[   66.6472] open fd = -5
[   66.6624] open name host:/livepad.bin flag 1 data 41378
[   66.6637] open fd = -5
[   66.6795] open name host:/livepad.bin flag 1 data 41378
[   66.6809] open fd = -5
[   66.6955] open name host:/livepad.bin flag 1 data 41378
[   66.6968] open fd = -5
[   66.6969] open name host:/livedbg.cmd flag 1 data 41378
[   66.6979] open fd = -5
[   66.7130] open name host:/livepad.bin flag 1 data 41378
[   66.7143] open fd = -5
[   66.7291] open name host:/livepad.bin flag 1 data 41378
[   66.7306] open fd = -5
[   66.7459] open name host:/livepad.bin flag 1 data 41378
[   66.7471] open fd = -5
[   66.7626] open name host:/livepad.bin flag 1 data 41378
[   66.7641] open fd = -5
[   66.7795] open name host:/livepad.bin flag 1 data 41378
[   66.7809] open fd = -5
[   66.7959] open name host:/livepad.bin flag 1 data 41378
[   66.7972] open fd = -5
[   66.7975] open name host:/livedbg.cmd flag 1 data 41378
[   66.7985] open fd = -5
[   66.8133] open name host:/livepad.bin flag 1 data 41378
[   66.8147] open fd = -5
[   66.8309] open name host:/livepad.bin flag 1 data 41378
[   66.8320] open fd = -5
[   66.8479] open name host:/livepad.bin flag 1 data 41378
[   66.8494] open fd = -5
[   66.8645] open name host:/livepad.bin flag 1 data 41378
[   66.8656] open fd = -5
[   66.8800] open name host:/livepad.bin flag 1 data 41378
[   66.8811] open fd = -5
[   66.8964] open name host:/livepad.bin flag 1 data 41378
[   66.8977] open fd = -5
[   66.8978] open name host:/livedbg.cmd flag 1 data 41378
[   66.8988] open fd = -5
[   66.9137] open name host:/livepad.bin flag 1 data 41378
[   66.9151] open fd = -5
[   66.9297] open name host:/livepad.bin flag 1 data 41378
[   66.9310] open fd = -5
[   66.9457] open name host:/livepad.bin flag 1 data 41378
[   66.9471] open fd = -5
[   66.9628] open name host:/livepad.bin flag 1 data 41378
[   66.9640] open fd = -5
[   66.9794] open name host:/livepad.bin flag 1 data 41378
[   66.9807] open fd = -5
[   66.9960] open name host:/livepad.bin flag 1 data 41378
[   66.9971] open fd = -5
[   66.9972] open name host:/livedbg.cmd flag 1 data 41378
[   66.9982] open fd = -5
[   67.0138] open name host:/livepad.bin flag 1 data 41378
[   67.0150] open fd = -5
[   67.0307] open name host:/livepad.bin flag 1 data 41378
[   67.0319] open fd = -5
[   67.0481] open name host:/livepad.bin flag 1 data 41378
[   67.0493] open fd = -5
[   67.0649] open name host:/livepad.bin flag 1 data 41378
[   67.0660] open fd = -5
[   67.0817] open name host:/livepad.bin flag 1 data 41378
[   67.0829] open fd = -5
[   67.0974] open name host:/livepad.bin flag 1 data 41378
[   67.0989] open fd = -5
[   67.0992] open name host:/livedbg.cmd flag 1 data 41378
[   67.1003] open fd = -5
[   67.1166] open name host:/livepad.bin flag 1 data 41378
[   67.1183] open fd = -5
[   67.1350] open name host:/livepad.bin flag 1 data 41378
[   67.1361] open fd = -5
[   67.1521] open name host:/livepad.bin flag 1 data 41378
[   67.1532] open fd = -5
[   67.1688] open name host:/livepad.bin flag 1 data 41378
[   67.1702] open fd = -5
[   67.1848] open name host:/livepad.bin flag 1 data 41378
[   67.1862] open fd = -5
[   67.2020] open name host:/livepad.bin flag 1 data 41378
[   67.2032] open fd = -5
[   67.2033] open name host:/livedbg.cmd flag 1 data 41378
[   67.2042] open fd = -5
[   67.2193] open name host:/livepad.bin flag 1 data 41378
[   67.2206] open fd = -5
[   67.2357] open name host:/livepad.bin flag 1 data 41378
[   67.2369] open fd = -5
[   67.2520] open name host:/livepad.bin flag 1 data 41378
[   67.2532] open fd = -5
[   67.2680] open name host:/livepad.bin flag 1 data 41378
[   67.2691] open fd = -5
[   67.2839] open name host:/livepad.bin flag 1 data 41378
[   67.2853] open fd = -5
[   67.3001] open name host:/livepad.bin flag 1 data 41378
[   67.3015] open fd = -5
[   67.3017] open name host:/livedbg.cmd flag 1 data 41378
[   67.3026] open fd = -5
[   67.3177] open name host:/livepad.bin flag 1 data 41378
[   67.3191] open fd = -5
[   67.3341] open name host:/livepad.bin flag 1 data 41378
[   67.3353] open fd = -5
[   67.3499] open name host:/livepad.bin flag 1 data 41378
[   67.3511] open fd = -5
[   67.3662] open name host:/livepad.bin flag 1 data 41378
[   67.3673] open fd = -5
[   67.3821] open name host:/livepad.bin flag 1 data 41378
[   67.3833] open fd = -5
[   67.3985] open name host:/livepad.bin flag 1 data 41378
[   67.3999] open fd = -5
[   67.4000] open name host:/livedbg.cmd flag 1 data 41378
[   67.4009] open fd = -5
[   67.4159] open name host:/livepad.bin flag 1 data 41378
[   67.4171] open fd = -5
[   67.4325] open name host:/livepad.bin flag 1 data 41378
[   67.4336] open fd = -5
[   67.4503] open name host:/livepad.bin flag 1 data 41378
[   67.4515] open fd = -5
[   67.4667] open name host:/livepad.bin flag 1 data 41378
[   67.4679] open fd = -5
[   67.4833] open name host:/livepad.bin flag 1 data 41378
[   67.4846] open fd = -5
[   67.4997] open name host:/livepad.bin flag 1 data 41378
[   67.5010] open fd = -5
[   67.5011] open name host:/livedbg.cmd flag 1 data 41378
[   67.5020] open fd = -5
[   67.5181] open name host:/livepad.bin flag 1 data 41378
[   67.5196] open fd = -5
[   67.5350] open name host:/livepad.bin flag 1 data 41378
[   67.5362] open fd = -5
[   67.5521] open name host:/livepad.bin flag 1 data 41378
[   67.5534] open fd = -5
[   67.5688] open name host:/livepad.bin flag 1 data 41378
[   67.5700] open fd = -5
[   67.5857] open name host:/livepad.bin flag 1 data 41378
[   67.5870] open fd = -5
[   67.6026] open name host:/livepad.bin flag 1 data 41378
[   67.6038] open fd = -5
[   67.6039] open name host:/livedbg.cmd flag 1 data 41378
[   67.6049] open fd = -5
[   67.6198] open name host:/livepad.bin flag 1 data 41378
[   67.6211] open fd = -5
[   67.6355] open name host:/livepad.bin flag 1 data 41378
[   67.6366] open fd = -5
[   67.6517] open name host:/livepad.bin flag 1 data 41378
[   67.6529] open fd = -5
[   67.6675] open name host:/livepad.bin flag 1 data 41378
[   67.6688] open fd = -5
[   67.6834] open name host:/livepad.bin flag 1 data 41378
[   67.6845] open fd = -5
[   67.6997] open name host:/livepad.bin flag 1 data 41378
[   67.7011] open fd = -5
[   67.7012] open name host:/livedbg.cmd flag 1 data 41378
[   67.7021] open fd = -5
[   67.7169] open name host:/livepad.bin flag 1 data 41378
[   67.7184] open fd = -5
[   67.7334] open name host:/livepad.bin flag 1 data 41378
[   67.7346] open fd = -5
[   67.7492] open name host:/livepad.bin flag 1 data 41378
[   67.7506] open fd = -5
[   67.7655] open name host:/livepad.bin flag 1 data 41378
[   67.7669] open fd = -5
[   67.7818] open name host:/livepad.bin flag 1 data 41378
[   67.7831] open fd = -5
[   67.7980] open name host:/livepad.bin flag 1 data 41378
[   67.7991] open fd = -5
[   67.7994] open name host:/livedbg.cmd flag 1 data 41378
[   67.8004] open fd = -5
[   67.8161] open name host:/livepad.bin flag 1 data 41378
[   67.8174] open fd = -5
[   67.8320] open name host:/livepad.bin flag 1 data 41378
[   67.8331] open fd = -5
[   67.8481] open name host:/livepad.bin flag 1 data 41378
[   67.8494] open fd = -5
[   67.8649] open name host:/livepad.bin flag 1 data 41378
[   67.8661] open fd = -5
[   67.8811] open name host:/livepad.bin flag 1 data 41378
[   67.8823] open fd = -5
[   67.8991] open name host:/livepad.bin flag 1 data 41378
[   67.9004] open fd = -5
[   67.9006] open name host:/livedbg.cmd flag 1 data 41378
[   67.9014] open fd = -5
[   67.9163] open name host:/livepad.bin flag 1 data 41378
[   67.9179] open fd = -5
[   67.9336] open name host:/livepad.bin flag 1 data 41378
[   67.9348] open fd = -5
[   67.9512] open name host:/livepad.bin flag 1 data 41378
[   67.9522] open fd = -5
[   67.9672] open name host:/livepad.bin flag 1 data 41378
[   67.9684] open fd = -5
[   67.9827] open name host:/livepad.bin flag 1 data 41378
[   67.9840] open fd = -5
[   67.9995] open name host:/livepad.bin flag 1 data 41378
[   68.0006] open fd = -5
[   68.0007] open name host:/livedbg.cmd flag 1 data 41378
[   68.0016] open fd = -5
[   68.0168] open name host:/livepad.bin flag 1 data 41378
[   68.0182] open fd = -5
[   68.0329] open name host:/livepad.bin flag 1 data 41378
[   68.0341] open fd = -5
[   68.0486] open name host:/livepad.bin flag 1 data 41378
[   68.0499] open fd = -5
[   68.0653] open name host:/livepad.bin flag 1 data 41378
[   68.0664] open fd = -5
[   68.0812] open name host:/livepad.bin flag 1 data 41378
[   68.0826] open fd = -5
[   68.0971] open name host:/livepad.bin flag 1 data 41378
[   68.0985] open fd = -5
[   68.0987] open name host:/livedbg.cmd flag 1 data 41378
[   68.0997] open fd = -5
[   68.1146] open name host:/livepad.bin flag 1 data 41378
[   68.1160] open fd = -5
[   68.1311] open name host:/livepad.bin flag 1 data 41378
[   68.1325] open fd = -5
[   68.1471] FRAMEARENA frames=3000 peak=1045072 resets=5 fallbacks=0 maxFrameBytes=2731360 maxBorrowed=2028560 freeKiB=8310
[   68.1473] NATIVEVIF frames=3000 batches=3005
[   68.1473] ORDEREDFRAME frames=3000 splitFrames=4
[   68.1474] FRAMEPIPELINE starts=3000 dmaBusyStarts=43
[   68.1474] open name host:/livepad.bin flag 1 data 41378
[   68.1485] open fd = -5
[   68.1640] open name host:/livepad.bin flag 1 data 41378
[   68.1652] open fd = -5
[   68.1810] open name host:/livepad.bin flag 1 data 41378
[   68.1823] open fd = -5
[   68.1992] open name host:/livepad.bin flag 1 data 41378
[   68.2005] open fd = -5
[   68.2006] open name host:/livedbg.cmd flag 1 data 41378
[   68.2017] open fd = -5
[   68.2173] open name host:/livepad.bin flag 1 data 41378
[   68.2186] open fd = -5
[   68.2340] open name host:/livepad.bin flag 1 data 41378
[   68.2354] open fd = -5
[   68.2505] open name host:/livepad.bin flag 1 data 41378
[   68.2517] open fd = -5
[   68.2675] open name host:/livepad.bin flag 1 data 41378
[   68.2687] open fd = -5
[   68.2838] open name host:/livepad.bin flag 1 data 41378
[   68.2850] open fd = -5
[   68.2991] open name host:/livepad.bin flag 1 data 41378
[   68.3007] open fd = -5
[   68.3008] open name host:/livedbg.cmd flag 1 data 41378
[   68.3017] open fd = -5
[   68.3172] open name host:/livepad.bin flag 1 data 41378
[   68.3185] open fd = -5
[   68.3335] open name host:/livepad.bin flag 1 data 41378
[   68.3346] open fd = -5
[   68.3491] open name host:/livepad.bin flag 1 data 41378
[   68.3504] open fd = -5
[   68.3651] open name host:/livepad.bin flag 1 data 41378
[   68.3662] open fd = -5
[   68.3813] open name host:/livepad.bin flag 1 data 41378
[   68.3825] open fd = -5
[   68.3977] open name host:/livepad.bin flag 1 data 41378
[   68.3989] open fd = -5
[   68.3991] open name host:/livedbg.cmd flag 1 data 41378
[   68.4004] open fd = -5
[   68.4154] open name host:/livepad.bin flag 1 data 41378
[   68.4168] open fd = -5
[   68.4321] open name host:/livepad.bin flag 1 data 41378
[   68.4333] open fd = -5
[   68.4478] open name host:/livepad.bin flag 1 data 41378
[   68.4491] open fd = -5
[   68.4642] open name host:/livepad.bin flag 1 data 41378
[   68.4654] open fd = -5
[   68.4808] open name host:/livepad.bin flag 1 data 41378
[   68.4821] open fd = -5
[   68.4977] open name host:/livepad.bin flag 1 data 41378
[   68.4992] open fd = -5
[   68.4995] open name host:/livedbg.cmd flag 1 data 41378
[   68.5004] open fd = -5
[   68.5148] open name host:/livepad.bin flag 1 data 41378
[   68.5161] open fd = -5
[   68.5174] open name host:/log.txt flag 302 data 41378
[   68.5188] open fd = 256
[   68.5344] open name host:/livepad.bin flag 1 data 41378
[   68.5357] open fd = -5
[   68.5518] open name host:/livepad.bin flag 1 data 41378
[   68.5533] open fd = -5
[   68.5685] open name host:/livepad.bin flag 1 data 41378
[   68.5696] open fd = -5
[   68.5841] open name host:/livepad.bin flag 1 data 41378
[   68.5855] open fd = -5
[   68.5999] open name host:/livepad.bin flag 1 data 41378
[   68.6011] open fd = -5
[   68.6013] open name host:/livedbg.cmd flag 1 data 41378
[   68.6022] open fd = -5
[   68.6175] open name host:/livepad.bin flag 1 data 41378
[   68.6190] open fd = -5
[   68.6337] open name host:/livepad.bin flag 1 data 41378
[   68.6351] open fd = -5
[   68.6507] open name host:/livepad.bin flag 1 data 41378
[   68.6519] open fd = -5
[   68.6673] open name host:/livepad.bin flag 1 data 41378
[   68.6685] open fd = -5
[   68.6837] open name host:/livepad.bin flag 1 data 41378
[   68.6850] open fd = -5
[   68.7011] open name host:/livepad.bin flag 1 data 41378
[   68.7023] open fd = -5
[   68.7025] open name host:/livedbg.cmd flag 1 data 41378
[   68.7036] open fd = -5
[   68.7187] open name host:/livepad.bin flag 1 data 41378
[   68.7201] open fd = -5
[   68.7362] open name host:/livepad.bin flag 1 data 41378
[   68.7376] open fd = -5
[   68.7516] open name host:/livepad.bin flag 1 data 41378
[   68.7531] open fd = -5
[   68.7682] open name host:/livepad.bin flag 1 data 41378
[   68.7696] open fd = -5
[   68.7847] open name host:/livepad.bin flag 1 data 41378
[   68.7864] open fd = -5
[   68.8032] open name host:/livepad.bin flag 1 data 41378
[   68.8045] open fd = -5
[   68.8046] open name host:/livedbg.cmd flag 1 data 41378
[   68.8056] open fd = -5
[   68.8210] open name host:/livepad.bin flag 1 data 41378
[   68.8223] open fd = -5
[   68.8388] open name host:/livepad.bin flag 1 data 41378
[   68.8400] open fd = -5
[   68.8552] open name host:/livepad.bin flag 1 data 41378
[   68.8564] open fd = -5
[   68.8721] open name host:/livepad.bin flag 1 data 41378
[   68.8735] open fd = -5
[   68.8889] open name host:/livepad.bin flag 1 data 41378
[   68.8903] open fd = -5
[   68.9048] open name host:/livepad.bin flag 1 data 41378
[   68.9061] open fd = -5
[   68.9063] open name host:/livedbg.cmd flag 1 data 41378
[   68.9073] open fd = -5
[   68.9348] open name host:/livepad.bin flag 1 data 41378
[   68.9361] open fd = -5
[   68.9517] open name host:/livepad.bin flag 1 data 41378
[   68.9530] open fd = -5
[   68.9678] open name host:/livepad.bin flag 1 data 41378
[   68.9689] open fd = -5
[   68.9836] open name host:/livepad.bin flag 1 data 41378
[   68.9847] open fd = -5
[   69.0002] open name host:/livepad.bin flag 1 data 41378
[   69.0013] open fd = -5
[   69.0159] open name host:/livepad.bin flag 1 data 41378
[   69.0174] open fd = -5
[   69.0176] open name host:/livedbg.cmd flag 1 data 41378
[   69.0186] open fd = -5
[   69.0459] open name host:/livepad.bin flag 1 data 41378
[   69.0478] open fd = -5
[   69.0678] open name host:/livepad.bin flag 1 data 41378
[   69.0693] open fd = -5
[   69.0863] open name host:/livepad.bin flag 1 data 41378
[   69.0882] open fd = -5
[   69.1047] open name host:/livepad.bin flag 1 data 41378
[   69.1061] open fd = -5
[   69.1212] open name host:/livepad.bin flag 1 data 41378
[   69.1224] open fd = -5
[   69.1381] open name host:/livepad.bin flag 1 data 41378
[   69.1397] open fd = -5
[   69.1399] open name host:/livedbg.cmd flag 1 data 41378
[   69.1412] open fd = -5
[   69.1565] open name host:/livepad.bin flag 1 data 41378
[   69.1580] open fd = -5
[   69.1730] open name host:/livepad.bin flag 1 data 41378
[   69.1742] open fd = -5
[   69.1896] open name host:/livepad.bin flag 1 data 41378
[   69.1910] open fd = -5
[   69.2064] open name host:/livepad.bin flag 1 data 41378
[   69.2078] open fd = -5
[   69.2346] open name host:/livepad.bin flag 1 data 41378
[   69.2360] open fd = -5
[   69.2515] open name host:/livepad.bin flag 1 data 41378
[   69.2527] open fd = -5
[   69.2529] open name host:/livedbg.cmd flag 1 data 41378
[   69.2539] open fd = -5
[   69.2808] open name host:/livepad.bin flag 1 data 41378
[   69.2821] open fd = -5
[   69.2990] open name host:/livepad.bin flag 1 data 41378
[   69.3002] open fd = -5
[   69.3290] open name host:/livepad.bin flag 1 data 41378
[   69.3305] open fd = -5
[   69.3496] open name host:/livepad.bin flag 1 data 41378
[   69.3509] open fd = -5
[   69.3790] open name host:/livepad.bin flag 1 data 41378
[   69.3803] open fd = -5
[   69.4002] open name host:/livepad.bin flag 1 data 41378
[   69.4014] open fd = -5
[   69.4017] open name host:/livedbg.cmd flag 1 data 41378
[   69.4026] open fd = -5
[   69.4284] open name host:/livepad.bin flag 1 data 41378
[   69.4298] open fd = -5
[   69.4502] open name host:/livepad.bin flag 1 data 41378
[   69.4514] open fd = -5
[   69.4791] open name host:/livepad.bin flag 1 data 41378
[   69.4804] open fd = -5
[   69.4994] open name host:/livepad.bin flag 1 data 41378
[   69.5008] open fd = -5
[   69.5161] open name host:/livepad.bin flag 1 data 41378
[   69.5175] open fd = -5
[   69.5347] open name host:/livepad.bin flag 1 data 41378
[   69.5361] open fd = -5
[   69.5365] open name host:/livedbg.cmd flag 1 data 41378
[   69.5378] open fd = -5
[   69.5549] open name host:/livepad.bin flag 1 data 41378
[   69.5562] open fd = -5
[   69.5740] open name host:/livepad.bin flag 1 data 41378
[   69.5753] open fd = -5
[   69.5911] open name host:/livepad.bin flag 1 data 41378
[   69.5924] open fd = -5
[   69.6084] open name host:/livepad.bin flag 1 data 41378
[   69.6100] open fd = -5
[   69.6287] open name host:/livepad.bin flag 1 data 41378
[   69.6300] open fd = -5
[   69.6465] open name host:/livepad.bin flag 1 data 41378
[   69.6478] open fd = -5
[   69.6482] open name host:/livedbg.cmd flag 1 data 41378
[   69.6494] open fd = -5
[   69.6646] open name host:/livepad.bin flag 1 data 41378
[   69.6660] open fd = -5
[   69.6818] open name host:/livepad.bin flag 1 data 41378
[   69.6832] open fd = -5
[   69.6983] open name host:/livepad.bin flag 1 data 41378
[   69.6995] open fd = -5
[   69.7150] open name host:/livepad.bin flag 1 data 41378
[   69.7165] open fd = -5
[   69.7321] open name host:/livepad.bin flag 1 data 41378
[   69.7334] open fd = -5
[   69.7491] open name host:/livepad.bin flag 1 data 41378
[   69.7503] open fd = -5
[   69.7504] open name host:/livedbg.cmd flag 1 data 41378
[   69.7514] open fd = -5
[   69.7672] open name host:/livepad.bin flag 1 data 41378
[   69.7683] open fd = -5
[   69.7843] open name host:/livepad.bin flag 1 data 41378
[   69.7854] open fd = -5
[   69.8015] open name host:/livepad.bin flag 1 data 41378
[   69.8029] open fd = -5
[   69.8185] open name host:/livepad.bin flag 1 data 41378
[   69.8198] open fd = -5
[   69.8370] open name host:/livepad.bin flag 1 data 41378
[   69.8383] open fd = -5
[   69.8558] open name host:/livepad.bin flag 1 data 41378
[   69.8573] open fd = -5
[   69.8576] open name host:/livedbg.cmd flag 1 data 41378
[   69.8586] open fd = -5
[   69.8763] open name host:/livepad.bin flag 1 data 41378
[   69.8778] open fd = -5
[   69.8957] open name host:/livepad.bin flag 1 data 41378
[   69.8970] open fd = -5
[   69.9130] open name host:/livepad.bin flag 1 data 41378
[   69.9142] open fd = -5
[   69.9293] open name host:/livepad.bin flag 1 data 41378
[   69.9306] open fd = -5
[   69.9470] open name host:/livepad.bin flag 1 data 41378
[   69.9484] open fd = -5
[   69.9651] open name host:/livepad.bin flag 1 data 41378
[   69.9665] open fd = -5
[   69.9669] open name host:/livedbg.cmd flag 1 data 41378
[   69.9681] open fd = -5
[   69.9855] open name host:/livepad.bin flag 1 data 41378
[   69.9869] open fd = -5
[   70.0038] open name host:/livepad.bin flag 1 data 41378
[   70.0051] open fd = -5
[   70.0219] open name host:/livepad.bin flag 1 data 41378
[   70.0232] open fd = -5
[   70.0391] open name host:/livepad.bin flag 1 data 41378
[   70.0403] open fd = -5
[   70.0556] open name host:/livepad.bin flag 1 data 41378
[   70.0569] open fd = -5
[   70.0730] open name host:/livepad.bin flag 1 data 41378
[   70.0743] open fd = -5
[   70.0745] open name host:/livedbg.cmd flag 1 data 41378
[   70.0756] open fd = -5
[   70.0906] open name host:/livepad.bin flag 1 data 41378
[   70.0918] open fd = -5
[   70.1093] open name host:/livepad.bin flag 1 data 41378
[   70.1108] open fd = -5
[   70.1284] open name host:/livepad.bin flag 1 data 41378
[   70.1298] open fd = -5
[   70.1460] open name host:/livepad.bin flag 1 data 41378
[   70.1474] open fd = -5
[   70.1630] open name host:/livepad.bin flag 1 data 41378
[   70.1641] open fd = -5
[   70.1794] open name host:/livepad.bin flag 1 data 41378
[   70.1806] open fd = -5
[   70.1808] open name host:/livedbg.cmd flag 1 data 41378
[   70.1817] open fd = -5
[   70.1980] open name host:/livepad.bin flag 1 data 41378
[   70.1995] open fd = -5
[   70.2156] open name host:/livepad.bin flag 1 data 41378
[   70.2172] open fd = -5
[   70.2328] open name host:/livepad.bin flag 1 data 41378
[   70.2342] open fd = -5
[   70.2497] open name host:/livepad.bin flag 1 data 41378
[   70.2510] open fd = -5
[   70.2674] open name host:/livepad.bin flag 1 data 41378
[   70.2689] open fd = -5
[   70.2853] open name host:/livepad.bin flag 1 data 41378
[   70.2866] open fd = -5
[   70.2868] open name host:/livedbg.cmd flag 1 data 41378
[   70.2878] open fd = -5
[   70.3030] open name host:/livepad.bin flag 1 data 41378
[   70.3044] open fd = -5
[   70.3202] open name host:/livepad.bin flag 1 data 41378
[   70.3215] open fd = -5
[   70.3376] FRAMEARENA frames=3120 peak=1045072 resets=5 fallbacks=0 maxFrameBytes=2731360 maxBorrowed=2028560 freeKiB=7493
[   70.3378] NATIVEVIF frames=3120 batches=3125
[   70.3380] ORDEREDFRAME frames=3120 splitFrames=4
[   70.3381] FRAMEPIPELINE starts=3120 dmaBusyStarts=47
[   70.3382] open name host:/livepad.bin flag 1 data 41378
[   70.3393] open fd = -5
[   70.3565] open name host:/livepad.bin flag 1 data 41378
[   70.3579] open fd = -5
[   70.3737] open name host:/livepad.bin flag 1 data 41378
[   70.3751] open fd = -5
[   70.3908] open name host:/livepad.bin flag 1 data 41378
[   70.3922] open fd = -5
[   70.3924] open name host:/livedbg.cmd flag 1 data 41378
[   70.3935] open fd = -5
[   70.4095] open name host:/livepad.bin flag 1 data 41378
[   70.4107] open fd = -5
[   70.4262] open name host:/livepad.bin flag 1 data 41378
[   70.4274] open fd = -5
[   70.4427] open name host:/livepad.bin flag 1 data 41378
[   70.4441] open fd = -5
[   70.4594] open name host:/livepad.bin flag 1 data 41378
[   70.4605] open fd = -5
[   70.4768] open name host:/livepad.bin flag 1 data 41378
[   70.4780] open fd = -5
[   70.4926] open name host:/livepad.bin flag 1 data 41378
[   70.4938] open fd = -5
[   70.4941] open name host:/livedbg.cmd flag 1 data 41378
[   70.4951] open fd = -5
[   70.5102] open name host:/livepad.bin flag 1 data 41378
[   70.5114] open fd = -5
[   70.5270] open name host:/livepad.bin flag 1 data 41378
[   70.5281] open fd = -5
[   70.5440] open name host:/livepad.bin flag 1 data 41378
[   70.5453] open fd = -5
[   70.5605] open name host:/livepad.bin flag 1 data 41378
[   70.5617] open fd = -5
[   70.5777] open name host:/livepad.bin flag 1 data 41378
[   70.5791] open fd = -5
[   70.5942] open name host:/livepad.bin flag 1 data 41378
[   70.5955] open fd = -5
[   70.5957] open name host:/livedbg.cmd flag 1 data 41378
[   70.5967] open fd = -5
[   70.6116] open name host:/livepad.bin flag 1 data 41378
[   70.6129] open fd = -5
[   70.6283] open name host:/livepad.bin flag 1 data 41378
[   70.6295] open fd = -5
[   70.6445] open name host:/livepad.bin flag 1 data 41378
[   70.6458] open fd = -5
[   70.6609] open name host:/livepad.bin flag 1 data 41378
[   70.6623] open fd = -5
[   70.6774] open name host:/livepad.bin flag 1 data 41378
[   70.6787] open fd = -5
[   70.6948] open name host:/livepad.bin flag 1 data 41378
[   70.6962] open fd = -5
[   70.6964] open name host:/livedbg.cmd flag 1 data 41378
[   70.6973] open fd = -5
[   70.7132] open name host:/livepad.bin flag 1 data 41378
[   70.7145] open fd = -5
[   70.7300] open name host:/livepad.bin flag 1 data 41378
[   70.7313] open fd = -5
[   70.7476] open name host:/livepad.bin flag 1 data 41378
[   70.7489] open fd = -5
[   70.7643] open name host:/livepad.bin flag 1 data 41378
[   70.7655] open fd = -5
[   70.7814] open name host:/livepad.bin flag 1 data 41378
[   70.7827] open fd = -5
[   70.7984] open name host:/livepad.bin flag 1 data 41378
[   70.7997] open fd = -5
[   70.8001] open name host:/livedbg.cmd flag 1 data 41378
[   70.8009] open fd = -5
[   70.8163] open name host:/livepad.bin flag 1 data 41378
[   70.8178] open fd = -5
[   70.8346] open name host:/livepad.bin flag 1 data 41378
[   70.8359] open fd = -5
[   70.8519] open name host:/livepad.bin flag 1 data 41378
[   70.8531] open fd = -5
[   70.8707] open name host:/livepad.bin flag 1 data 41378
[   70.8718] open fd = -5
[   70.8877] open name host:/livepad.bin flag 1 data 41378
[   70.8890] open fd = -5
[   70.9059] open name host:/livepad.bin flag 1 data 41378
[   70.9072] open fd = -5
[   70.9074] open name host:/livedbg.cmd flag 1 data 41378
[   70.9084] open fd = -5
[   70.9247] open name host:/livepad.bin flag 1 data 41378
[   70.9260] open fd = -5
[   70.9420] open name host:/livepad.bin flag 1 data 41378
[   70.9435] open fd = -5
[   70.9595] open name host:/livepad.bin flag 1 data 41378
[   70.9607] open fd = -5
[   70.9767] open name host:/livepad.bin flag 1 data 41378
[   70.9780] open fd = -5
[   70.9943] open name host:/livepad.bin flag 1 data 41378
[   70.9956] open fd = -5
[   71.0102] open name host:/livepad.bin flag 1 data 41378
[   71.0114] open fd = -5
[   71.0117] open name host:/livedbg.cmd flag 1 data 41378
[   71.0127] open fd = -5
[   71.0279] open name host:/livepad.bin flag 1 data 41378
[   71.0295] open fd = -5
[   71.0447] open name host:/livepad.bin flag 1 data 41378
[   71.0461] open fd = -5
[   71.0617] open name host:/livepad.bin flag 1 data 41378
[   71.0631] open fd = -5
[   71.0781] open name host:/livepad.bin flag 1 data 41378
[   71.0794] open fd = -5
[   71.0954] open name host:/livepad.bin flag 1 data 41378
[   71.0966] open fd = -5
[   71.1125] open name host:/livepad.bin flag 1 data 41378
[   71.1137] open fd = -5
[   71.1140] open name host:/livedbg.cmd flag 1 data 41378
[   71.1149] open fd = -5
[   71.1301] open name host:/livepad.bin flag 1 data 41378
[   71.1315] open fd = -5
[   71.1474] open name host:/livepad.bin flag 1 data 41378
[   71.1490] open fd = -5
[   71.1636] open name host:/livepad.bin flag 1 data 41378
[   71.1648] open fd = -5
[   71.1803] open name host:/livepad.bin flag 1 data 41378
[   71.1815] open fd = -5
[   71.1972] open name host:/livepad.bin flag 1 data 41378
[   71.1985] open fd = -5
[   71.2140] open name host:/livepad.bin flag 1 data 41378
[   71.2153] open fd = -5
[   71.2155] open name host:/livedbg.cmd flag 1 data 41378
[   71.2164] open fd = -5
[   71.2315] open name host:/livepad.bin flag 1 data 41378
[   71.2326] open fd = -5
[   71.2335] open name host:/log.txt flag 302 data 41378
[   71.2350] open fd = 256
[   71.2521] open name host:/livepad.bin flag 1 data 41378
[   71.2534] open fd = -5
[   71.2693] open name host:/livepad.bin flag 1 data 41378
[   71.2706] open fd = -5
[   71.2859] open name host:/livepad.bin flag 1 data 41378
[   71.2873] open fd = -5
[   71.3029] open name host:/livepad.bin flag 1 data 41378
[   71.3043] open fd = -5
[   71.3191] open name host:/livepad.bin flag 1 data 41378
[   71.3203] open fd = -5
[   71.3205] open name host:/livedbg.cmd flag 1 data 41378
[   71.3214] open fd = -5
[   71.3377] open name host:/livepad.bin flag 1 data 41378
[   71.3390] open fd = -5
[   71.3544] open name host:/livepad.bin flag 1 data 41378
[   71.3556] open fd = -5
[   71.3712] open name host:/livepad.bin flag 1 data 41378
[   71.3725] open fd = -5
[   71.3895] open name host:/livepad.bin flag 1 data 41378
[   71.3908] open fd = -5
[   71.4070] open name host:/livepad.bin flag 1 data 41378
[   71.4086] open fd = -5
[   71.4243] open name host:/livepad.bin flag 1 data 41378
[   71.4257] open fd = -5
[   71.4259] open name host:/livedbg.cmd flag 1 data 41378
[   71.4271] open fd = -5
[   71.4421] open name host:/livepad.bin flag 1 data 41378
[   71.4434] open fd = -5
[   71.4587] open name host:/livepad.bin flag 1 data 41378
[   71.4602] open fd = -5
[   71.4753] open name host:/livepad.bin flag 1 data 41378
[   71.4765] open fd = -5
[   71.4919] open name host:/livepad.bin flag 1 data 41378
[   71.4933] open fd = -5
[   71.5087] open name host:/livepad.bin flag 1 data 41378
[   71.5101] open fd = -5
[   71.5264] open name host:/livepad.bin flag 1 data 41378
[   71.5275] open fd = -5
[   71.5277] open name host:/livedbg.cmd flag 1 data 41378
[   71.5286] open fd = -5
[   71.5446] open name host:/livepad.bin flag 1 data 41378
[   71.5459] open fd = -5
[   71.5610] open name host:/livepad.bin flag 1 data 41378
[   71.5621] open fd = -5
[   71.5777] open name host:/livepad.bin flag 1 data 41378
[   71.5793] open fd = -5
[   71.5942] open name host:/livepad.bin flag 1 data 41378
[   71.5955] open fd = -5
[   71.6114] open name host:/livepad.bin flag 1 data 41378
[   71.6126] open fd = -5
[   71.6280] open name host:/livepad.bin flag 1 data 41378
[   71.6294] open fd = -5
[   71.6298] open name host:/livedbg.cmd flag 1 data 41378
[   71.6308] open fd = -5
[   71.6465] open name host:/livepad.bin flag 1 data 41378
[   71.6477] open fd = -5
[   71.6626] open name host:/livepad.bin flag 1 data 41378
[   71.6638] open fd = -5
[   71.6784] open name host:/livepad.bin flag 1 data 41378
[   71.6796] open fd = -5
[   71.6953] open name host:/livepad.bin flag 1 data 41378
[   71.6966] open fd = -5
[   71.7114] open name host:/livepad.bin flag 1 data 41378
[   71.7127] open fd = -5
[   71.7277] open name host:/livepad.bin flag 1 data 41378
[   71.7290] open fd = -5
[   71.7291] open name host:/livedbg.cmd flag 1 data 41378
[   71.7301] open fd = -5
[   71.7450] open name host:/livepad.bin flag 1 data 41378
[   71.7464] open fd = -5
[   71.7624] open name host:/livepad.bin flag 1 data 41378
[   71.7637] open fd = -5
[   71.7795] open name host:/livepad.bin flag 1 data 41378
[   71.7810] open fd = -5
[   71.7967] open name host:/livepad.bin flag 1 data 41378
[   71.7980] open fd = -5
[   71.8145] open name host:/livepad.bin flag 1 data 41378
[   71.8158] open fd = -5
[   71.8311] open name host:/livepad.bin flag 1 data 41378
[   71.8324] open fd = -5
[   71.8328] open name host:/livedbg.cmd flag 1 data 41378
[   71.8336] open fd = -5
[   71.8488] open name host:/livepad.bin flag 1 data 41378
[   71.8501] open fd = -5
[   71.8663] open name host:/livepad.bin flag 1 data 41378
[   71.8676] open fd = -5
[   71.8838] open name host:/livepad.bin flag 1 data 41378
[   71.8850] open fd = -5
[   71.9004] open name host:/livepad.bin flag 1 data 41378
[   71.9018] open fd = -5
[   71.9182] open name host:/livepad.bin flag 1 data 41378
[   71.9195] open fd = -5
[   71.9352] open name host:/livepad.bin flag 1 data 41378
[   71.9364] open fd = -5
[   71.9365] open name host:/livedbg.cmd flag 1 data 41378
[   71.9375] open fd = -5
[   71.9540] open name host:/livepad.bin flag 1 data 41378
[   71.9552] open fd = -5
[   71.9706] open name host:/livepad.bin flag 1 data 41378
[   71.9720] open fd = -5
[   71.9877] open name host:/livepad.bin flag 1 data 41378
[   71.9890] open fd = -5
[   72.0053] open name host:/livepad.bin flag 1 data 41378
[   72.0066] open fd = -5
[   72.0226] open name host:/livepad.bin flag 1 data 41378
[   72.0239] open fd = -5
[   72.0395] open name host:/livepad.bin flag 1 data 41378
[   72.0408] open fd = -5
[   72.0411] open name host:/livedbg.cmd flag 1 data 41378
[   72.0420] open fd = -5
[   72.0591] open name host:/livepad.bin flag 1 data 41378
[   72.0604] open fd = -5
[   72.0766] open name host:/livepad.bin flag 1 data 41378
[   72.0779] open fd = -5
[   72.0928] open name host:/livepad.bin flag 1 data 41378
[   72.0942] open fd = -5
[   72.1106] open name host:/livepad.bin flag 1 data 41378
[   72.1118] open fd = -5
[   72.1274] open name host:/livepad.bin flag 1 data 41378
[   72.1287] open fd = -5
[   72.1450] open name host:/livepad.bin flag 1 data 41378
[   72.1463] open fd = -5
[   72.1467] open name host:/livedbg.cmd flag 1 data 41378
[   72.1478] open fd = -5
[   72.1640] open name host:/livepad.bin flag 1 data 41378
[   72.1653] open fd = -5
[   72.1803] open name host:/livepad.bin flag 1 data 41378
[   72.1816] open fd = -5
[   72.1979] open name host:/livepad.bin flag 1 data 41378
[   72.1992] open fd = -5
[   72.2148] open name host:/livepad.bin flag 1 data 41378
[   72.2161] open fd = -5
[   72.2316] open name host:/livepad.bin flag 1 data 41378
[   72.2330] open fd = -5
[   72.2494] open name host:/livepad.bin flag 1 data 41378
[   72.2508] open fd = -5
[   72.2509] open name host:/livedbg.cmd flag 1 data 41378
[   72.2519] open fd = -5
[   72.2682] open name host:/livepad.bin flag 1 data 41378
[   72.2696] open fd = -5
[   72.2853] open name host:/livepad.bin flag 1 data 41378
[   72.2867] open fd = -5
[   72.3025] open name host:/livepad.bin flag 1 data 41378
[   72.3037] open fd = -5
[   72.3189] open name host:/livepad.bin flag 1 data 41378
[   72.3205] open fd = -5
[   72.3359] open name host:/livepad.bin flag 1 data 41378
[   72.3372] open fd = -5
[   72.3526] open name host:/livepad.bin flag 1 data 41378
[   72.3540] open fd = -5
[   72.3542] open name host:/livedbg.cmd flag 1 data 41378
[   72.3551] open fd = -5
[   72.3706] open name host:/livepad.bin flag 1 data 41378
[   72.3720] open fd = -5
[   72.3877] open name host:/livepad.bin flag 1 data 41378
[   72.3891] open fd = -5
[   72.4056] FRAMEARENA frames=3240 peak=1045072 resets=5 fallbacks=0 maxFrameBytes=2731360 maxBorrowed=2028560 freeKiB=7493
[   72.4058] NATIVEVIF frames=3240 batches=3245
[   72.4058] ORDEREDFRAME frames=3240 splitFrames=4
[   72.4059] FRAMEPIPELINE starts=3240 dmaBusyStarts=47
[   72.4061] open name host:/livepad.bin flag 1 data 41378
[   72.4075] open fd = -5
[   72.4228] open name host:/livepad.bin flag 1 data 41378
[   72.4242] open fd = -5
[   72.4407] open name host:/livepad.bin flag 1 data 41378
[   72.4419] open fd = -5
[   72.4578] open name host:/livepad.bin flag 1 data 41378
[   72.4595] open fd = -5
[   72.4600] open name host:/livedbg.cmd flag 1 data 41378
[   72.4610] open fd = -5
[   72.4763] open name host:/livepad.bin flag 1 data 41378
[   72.4775] open fd = -5
[   72.4935] open name host:/livepad.bin flag 1 data 41378
[   72.4948] open fd = -5
[   72.5126] open name host:/livepad.bin flag 1 data 41378
[   72.5138] open fd = -5
[   72.5305] open name host:/livepad.bin flag 1 data 41378
[   72.5317] open fd = -5
[   72.5469] open name host:/livepad.bin flag 1 data 41378
[   72.5482] open fd = -5
[   72.5637] open name host:/livepad.bin flag 1 data 41378
[   72.5648] open fd = -5
[   72.5649] open name host:/livedbg.cmd flag 1 data 41378
[   72.5660] open fd = -5
[   72.5808] open name host:/livepad.bin flag 1 data 41378
[   72.5821] open fd = -5
[   72.5972] open name host:/livepad.bin flag 1 data 41378
[   72.5985] open fd = -5
[   72.6141] open name host:/livepad.bin flag 1 data 41378
[   72.6154] open fd = -5
[   72.6308] open name host:/livepad.bin flag 1 data 41378
[   72.6319] open fd = -5
[   72.6471] open name host:/livepad.bin flag 1 data 41378
[   72.6484] open fd = -5
[   72.6629] open name host:/livepad.bin flag 1 data 41378
[   72.6642] open fd = -5
[   72.6644] open name host:/livedbg.cmd flag 1 data 41378
[   72.6653] open fd = -5
[   72.6811] open name host:/livepad.bin flag 1 data 41378
[   72.6823] open fd = -5
[   72.6972] open name host:/livepad.bin flag 1 data 41378
[   72.6984] open fd = -5
[   72.7141] open name host:/livepad.bin flag 1 data 41378
[   72.7154] open fd = -5
[   72.7314] open name host:/livepad.bin flag 1 data 41378
[   72.7327] open fd = -5
[   72.7491] open name host:/livepad.bin flag 1 data 41378
[   72.7507] open fd = -5
[   72.7664] open name host:/livepad.bin flag 1 data 41378
[   72.7678] open fd = -5
[   72.7680] open name host:/livedbg.cmd flag 1 data 41378
[   72.7690] open fd = -5
[   72.7848] open name host:/livepad.bin flag 1 data 41378
[   72.7861] open fd = -5
[   72.8031] open name host:/livepad.bin flag 1 data 41378
[   72.8044] open fd = -5
[   72.8203] open name host:/livepad.bin flag 1 data 41378
[   72.8216] open fd = -5
[   72.8376] open name host:/livepad.bin flag 1 data 41378
[   72.8391] open fd = -5
[   72.8548] open name host:/livepad.bin flag 1 data 41378
[   72.8562] open fd = -5
[   72.8723] open name host:/livepad.bin flag 1 data 41378
[   72.8735] open fd = -5
[   72.8737] open name host:/livedbg.cmd flag 1 data 41378
[   72.8748] open fd = -5
[   72.8907] open name host:/livepad.bin flag 1 data 41378
[   72.8924] open fd = -5
[   72.9079] open name host:/livepad.bin flag 1 data 41378
[   72.9091] open fd = -5
[   72.9249] open name host:/livepad.bin flag 1 data 41378
[   72.9263] open fd = -5
[   72.9414] open name host:/livepad.bin flag 1 data 41378
[   72.9428] open fd = -5
[   72.9586] open name host:/livepad.bin flag 1 data 41378
[   72.9600] open fd = -5
[   72.9756] open name host:/livepad.bin flag 1 data 41378
[   72.9770] open fd = -5
[   72.9773] open name host:/livedbg.cmd flag 1 data 41378
[   72.9782] open fd = -5
[   72.9952] open name host:/livepad.bin flag 1 data 41378
[   72.9964] open fd = -5
[   73.0125] open name host:/livepad.bin flag 1 data 41378
[   73.0139] open fd = -5
[   73.0290] open name host:/livepad.bin flag 1 data 41378
[   73.0304] open fd = -5
[   73.0454] open name host:/livepad.bin flag 1 data 41378
[   73.0470] open fd = -5
[   73.0625] open name host:/livepad.bin flag 1 data 41378
[   73.0639] open fd = -5
[   73.0802] open name host:/livepad.bin flag 1 data 41378
[   73.0816] open fd = -5
[   73.0817] open name host:/livedbg.cmd flag 1 data 41378
[   73.0828] open fd = -5
[   73.0985] open name host:/livepad.bin flag 1 data 41378
[   73.0999] open fd = -5
[   73.1160] open name host:/livepad.bin flag 1 data 41378
[   73.1174] open fd = -5
[   73.1331] open name host:/livepad.bin flag 1 data 41378
[   73.1343] open fd = -5
[   73.1506] open name host:/livepad.bin flag 1 data 41378
[   73.1519] open fd = -5
[   73.1673] open name host:/livepad.bin flag 1 data 41378
[   73.1686] open fd = -5
[   73.1847] open name host:/livepad.bin flag 1 data 41378
[   73.1861] open fd = -5
[   73.1864] open name host:/livedbg.cmd flag 1 data 41378
[   73.1874] open fd = -5
[   73.2046] open name host:/livepad.bin flag 1 data 41378
[   73.2058] open fd = -5
[   73.2213] open name host:/livepad.bin flag 1 data 41378
[   73.2227] open fd = -5
[   73.2386] open name host:/livepad.bin flag 1 data 41378
[   73.2400] open fd = -5
[   73.2562] open name host:/livepad.bin flag 1 data 41378
[   73.2578] open fd = -5
[   73.2750] open name host:/livepad.bin flag 1 data 41378
[   73.2763] open fd = -5
[   73.2921] open name host:/livepad.bin flag 1 data 41378
[   73.2934] open fd = -5
[   73.2935] open name host:/livedbg.cmd flag 1 data 41378
[   73.2945] open fd = -5
[   73.3102] open name host:/livepad.bin flag 1 data 41378
[   73.3115] open fd = -5
[   73.3285] open name host:/livepad.bin flag 1 data 41378
[   73.3296] open fd = -5
[   73.3458] open name host:/livepad.bin flag 1 data 41378
[   73.3471] open fd = -5
[   73.3630] open name host:/livepad.bin flag 1 data 41378
[   73.3643] open fd = -5
[   73.3788] open name host:/livepad.bin flag 1 data 41378
[   73.3802] open fd = -5
[   73.3962] open name host:/livepad.bin flag 1 data 41378
[   73.3977] open fd = -5
[   73.3979] open name host:/livedbg.cmd flag 1 data 41378
[   73.3988] open fd = -5
[   73.4141] open name host:/livepad.bin flag 1 data 41378
[   73.4156] open fd = -5
[   73.4320] open name host:/livepad.bin flag 1 data 41378
[   73.4334] open fd = -5
[   73.4485] open name host:/livepad.bin flag 1 data 41378
[   73.4500] open fd = -5
[   73.4662] open name host:/livepad.bin flag 1 data 41378
[   73.4674] open fd = -5
[   73.4837] open name host:/livepad.bin flag 1 data 41378
[   73.4849] open fd = -5
[   73.5016] open name host:/livepad.bin flag 1 data 41378
[   73.5029] open fd = -5
[   73.5030] open name host:/livedbg.cmd flag 1 data 41378
[   73.5040] open fd = -5
[   73.5201] open name host:/livepad.bin flag 1 data 41378
[   73.5215] open fd = -5
[   73.5391] open name host:/livepad.bin flag 1 data 41378
[   73.5406] open fd = -5
[   73.5570] open name host:/livepad.bin flag 1 data 41378
[   73.5585] open fd = -5
[   73.5757] open name host:/livepad.bin flag 1 data 41378
[   73.5772] open fd = -5
[   73.5929] open name host:/livepad.bin flag 1 data 41378
[   73.5942] open fd = -5
[   73.6102] open name host:/livepad.bin flag 1 data 41378
[   73.6116] open fd = -5
[   73.6118] open name host:/livedbg.cmd flag 1 data 41378
[   73.6128] open fd = -5
[   73.6297] open name host:/livepad.bin flag 1 data 41378
[   73.6308] open fd = -5
[   73.6463] open name host:/livepad.bin flag 1 data 41378
[   73.6477] open fd = -5
[   73.6631] open name host:/livepad.bin flag 1 data 41378
[   73.6643] open fd = -5
[   73.6810] open name host:/livepad.bin flag 1 data 41378
[   73.6820] open fd = -5
[   73.6975] open name host:/livepad.bin flag 1 data 41378
[   73.6986] open fd = -5
[   73.7146] open name host:/livepad.bin flag 1 data 41378
[   73.7158] open fd = -5
[   73.7160] open name host:/livedbg.cmd flag 1 data 41378
[   73.7169] open fd = -5
[   73.7326] open name host:/livepad.bin flag 1 data 41378
[   73.7337] open fd = -5
[   73.7493] open name host:/livepad.bin flag 1 data 41378
[   73.7505] open fd = -5
[   73.7658] open name host:/livepad.bin flag 1 data 41378
[   73.7672] open fd = -5
[   73.7825] open name host:/livepad.bin flag 1 data 41378
[   73.7837] open fd = -5
[   73.7989] open name host:/livepad.bin flag 1 data 41378
[   73.8002] open fd = -5
[   73.8169] open name host:/livepad.bin flag 1 data 41378
[   73.8183] open fd = -5
[   73.8187] open name host:/livedbg.cmd flag 1 data 41378
[   73.8197] open fd = -5
[   73.8356] open name host:/livepad.bin flag 1 data 41378
[   73.8367] open fd = -5
[   73.8378] open name host:/log.txt flag 302 data 41378
[   73.8393] open fd = 256
[   73.8560] open name host:/livepad.bin flag 1 data 41378
[   73.8573] open fd = -5
[   73.8727] open name host:/livepad.bin flag 1 data 41378
[   73.8745] open fd = -5
[   73.8904] open name host:/livepad.bin flag 1 data 41378
[   73.8919] open fd = -5
[   73.9086] open name host:/livepad.bin flag 1 data 41378
[   73.9103] open fd = -5
[   73.9267] open name host:/livepad.bin flag 1 data 41378
[   73.9279] open fd = -5
[   73.9280] open name host:/livedbg.cmd flag 1 data 41378
[   73.9289] open fd = -5
[   73.9447] open name host:/livepad.bin flag 1 data 41378
[   73.9460] open fd = -5
[   73.9621] open name host:/livepad.bin flag 1 data 41378
[   73.9632] open fd = -5
[   73.9792] open name host:/livepad.bin flag 1 data 41378
[   73.9805] open fd = -5
[   73.9959] open name host:/livepad.bin flag 1 data 41378
[   73.9971] open fd = -5
[   74.0133] open name host:/livepad.bin flag 1 data 41378
[   74.0148] open fd = -5
[   74.0307] open name host:/livepad.bin flag 1 data 41378
[   74.0320] open fd = -5
[   74.0322] open name host:/livedbg.cmd flag 1 data 41378
[   74.0332] open fd = -5
[   74.0489] open name host:/livepad.bin flag 1 data 41378
[   74.0502] open fd = -5
[   74.0655] open name host:/livepad.bin flag 1 data 41378
[   74.0668] open fd = -5
[   74.0832] open name host:/livepad.bin flag 1 data 41378
[   74.0845] open fd = -5
[   74.0996] open name host:/livepad.bin flag 1 data 41378
[   74.1008] open fd = -5
[   74.1161] open name host:/livepad.bin flag 1 data 41378
[   74.1174] open fd = -5
[   74.1324] open name host:/livepad.bin flag 1 data 41378
[   74.1335] open fd = -5
[   74.1336] open name host:/livedbg.cmd flag 1 data 41378
[   74.1345] open fd = -5
[   74.1496] open name host:/livepad.bin flag 1 data 41378
[   74.1509] open fd = -5
[   74.1670] open name host:/livepad.bin flag 1 data 41378
[   74.1684] open fd = -5
[   74.1837] open name host:/livepad.bin flag 1 data 41378
[   74.1849] open fd = -5
[   74.2012] open name host:/livepad.bin flag 1 data 41378
[   74.2024] open fd = -5
[   74.2181] open name host:/livepad.bin flag 1 data 41378
[   74.2196] open fd = -5
[   74.2350] open name host:/livepad.bin flag 1 data 41378
[   74.2362] open fd = -5
[   74.2364] open name host:/livedbg.cmd flag 1 data 41378
[   74.2374] open fd = -5
[   74.2534] open name host:/livepad.bin flag 1 data 41378
[   74.2547] open fd = -5
[   74.2694] open name host:/livepad.bin flag 1 data 41378
[   74.2705] open fd = -5
[   74.2853] open name host:/livepad.bin flag 1 data 41378
[   74.2865] open fd = -5
[   74.3023] open name host:/livepad.bin flag 1 data 41378
[   74.3036] open fd = -5
[   74.3185] open name host:/livepad.bin flag 1 data 41378
[   74.3196] open fd = -5
[   74.3350] open name host:/livepad.bin flag 1 data 41378
[   74.3363] open fd = -5
[   74.3367] open name host:/livedbg.cmd flag 1 data 41378
[   74.3377] open fd = -5
[   74.3533] open name host:/livepad.bin flag 1 data 41378
[   74.3545] open fd = -5
[   74.3697] open name host:/livepad.bin flag 1 data 41378
[   74.3708] open fd = -5
[   74.3861] open name host:/livepad.bin flag 1 data 41378
[   74.3874] open fd = -5
[   74.4039] open name host:/livepad.bin flag 1 data 41378
[   74.4053] open fd = -5
[   74.4213] open name host:/livepad.bin flag 1 data 41378
[   74.4228] open fd = -5
[   74.4389] open name host:/livepad.bin flag 1 data 41378
[   74.4403] open fd = -5
[   74.4405] open name host:/livedbg.cmd flag 1 data 41378
[   74.4415] open fd = -5
[   74.4594] open name host:/livepad.bin flag 1 data 41378
[   74.4606] open fd = -5
[   74.4770] open name host:/livepad.bin flag 1 data 41378
[   74.4785] open fd = -5
[   74.4940] FRAMEARENA frames=3360 peak=1045072 resets=5 fallbacks=0 maxFrameBytes=2731360 maxBorrowed=2028560 freeKiB=8146
[   74.4943] NATIVEVIF frames=3360 batches=3365
[   74.4945] ORDEREDFRAME frames=3360 splitFrames=4
[   74.4946] FRAMEPIPELINE starts=3360 dmaBusyStarts=47
[   74.4946] open name host:/livepad.bin flag 1 data 41378
[   74.4960] open fd = -5
[   74.5114] open name host:/livepad.bin flag 1 data 41378
[   74.5128] open fd = -5
[   74.5280] open name host:/livepad.bin flag 1 data 41378
[   74.5292] open fd = -5
[   74.5448] open name host:/livepad.bin flag 1 data 41378
[   74.5460] open fd = -5
[   74.5463] open name host:/livedbg.cmd flag 1 data 41378
[   74.5475] open fd = -5
[   74.5630] open name host:/livepad.bin flag 1 data 41378
[   74.5644] open fd = -5
[   74.5798] open name host:/livepad.bin flag 1 data 41378
[   74.5811] open fd = -5
[   74.5991] open name host:/livepad.bin flag 1 data 41378
[   74.6007] open fd = -5
[   74.6156] open name host:/livepad.bin flag 1 data 41378
[   74.6169] open fd = -5
[   74.6326] open name host:/livepad.bin flag 1 data 41378
[   74.6338] open fd = -5
[   74.6498] open name host:/livepad.bin flag 1 data 41378
[   74.6510] open fd = -5
[   74.6512] open name host:/livedbg.cmd flag 1 data 41378
[   74.6522] open fd = -5
[   74.6691] open name host:/livepad.bin flag 1 data 41378
[   74.6707] open fd = -5
[   74.6869] open name host:/livepad.bin flag 1 data 41378
[   74.6882] open fd = -5
[   74.7038] open name host:/livepad.bin flag 1 data 41378
[   74.7052] open fd = -5
[   74.7230] open name host:/livepad.bin flag 1 data 41378
[   74.7243] open fd = -5
[   74.7401] open name host:/livepad.bin flag 1 data 41378
[   74.7413] open fd = -5
[   74.7573] open name host:/livepad.bin flag 1 data 41378
[   74.7585] open fd = -5
[   74.7587] open name host:/livedbg.cmd flag 1 data 41378
[   74.7597] open fd = -5
[   74.7760] open name host:/livepad.bin flag 1 data 41378
[   74.7773] open fd = -5
[   74.7929] open name host:/livepad.bin flag 1 data 41378
[   74.7943] open fd = -5
[   74.8100] open name host:/livepad.bin flag 1 data 41378
[   74.8113] open fd = -5
[   74.8258] open name host:/livepad.bin flag 1 data 41378
[   74.8270] open fd = -5
[   74.8430] open name host:/livepad.bin flag 1 data 41378
[   74.8443] open fd = -5
[   74.8597] open name host:/livepad.bin flag 1 data 41378
[   74.8608] open fd = -5
[   74.8610] open name host:/livedbg.cmd flag 1 data 41378
[   74.8619] open fd = -5
[   74.8775] open name host:/livepad.bin flag 1 data 41378
[   74.8791] open fd = -5
[   74.8942] open name host:/livepad.bin flag 1 data 41378
[   74.8955] open fd = -5
[   74.9114] open name host:/livepad.bin flag 1 data 41378
[   74.9128] open fd = -5
[   74.9288] open name host:/livepad.bin flag 1 data 41378
[   74.9301] open fd = -5
[   74.9458] open name host:/livepad.bin flag 1 data 41378
[   74.9473] open fd = -5
[   74.9629] open name host:/livepad.bin flag 1 data 41378
[   74.9643] open fd = -5
[   74.9645] open name host:/livedbg.cmd flag 1 data 41378
[   74.9654] open fd = -5
[   74.9656] open name host:/log.txt flag 302 data 41378
[   74.9672] open fd = 256
[   74.9857] open name host:/livepad.bin flag 1 data 41378
[   74.9871] open fd = -5
[   75.0038] open name host:/livepad.bin flag 1 data 41378
[   75.0049] open fd = -5
[   75.0206] open name host:/livepad.bin flag 1 data 41378
[   75.0219] open fd = -5
[   75.0377] open name host:/livepad.bin flag 1 data 41378
[   75.0389] open fd = -5
[   75.0549] open name host:/livepad.bin flag 1 data 41378
[   75.0563] open fd = -5
[   75.0715] open name host:/livepad.bin flag 1 data 41378
[   75.0727] open fd = -5
[   75.0729] open name host:/livedbg.cmd flag 1 data 41378
[   75.0740] open fd = -5
[   75.0899] open name host:/livepad.bin flag 1 data 41378
[   75.0914] open fd = -5
[   75.1068] open name host:/livepad.bin flag 1 data 41378
[   75.1081] open fd = -5
[   75.1233] open name host:/livepad.bin flag 1 data 41378
[   75.1246] open fd = -5
[   75.1395] open name host:/livepad.bin flag 1 data 41378
[   75.1409] open fd = -5
[   75.1567] open name host:/livepad.bin flag 1 data 41378
[   75.1581] open fd = -5
[   75.1739] open name host:/livepad.bin flag 1 data 41378
[   75.1758] open fd = -5
[   75.1764] open name host:/livedbg.cmd flag 1 data 41378
[   75.1773] open fd = -5
[   75.1925] open name host:/livepad.bin flag 1 data 41378
[   75.1939] open fd = -5
[   75.2102] open name host:/livepad.bin flag 1 data 41378
[   75.2116] open fd = -5
[   75.2286] open name host:/livepad.bin flag 1 data 41378
[   75.2299] open fd = -5
[   75.2463] open name host:/livepad.bin flag 1 data 41378
[   75.2477] open fd = -5
[   75.2626] open name host:/livepad.bin flag 1 data 41378
[   75.2639] open fd = -5
[   75.2796] open name host:/livepad.bin flag 1 data 41378
[   75.2809] open fd = -5
[   75.2811] open name host:/livedbg.cmd flag 1 data 41378
[   75.2820] open fd = -5
[   75.2971] open name host:/livepad.bin flag 1 data 41378
[   75.2984] open fd = -5
[   75.3148] open name host:/livepad.bin flag 1 data 41378
[   75.3161] open fd = -5
[   75.3320] open name host:/livepad.bin flag 1 data 41378
[   75.3333] open fd = -5
[   75.3504] open name host:/livepad.bin flag 1 data 41378
[   75.3517] open fd = -5
[   75.3676] open name host:/livepad.bin flag 1 data 41378
[   75.3689] open fd = -5
[   75.3839] open name host:/livepad.bin flag 1 data 41378
[   75.3852] open fd = -5
[   75.3854] open name host:/livedbg.cmd flag 1 data 41378
[   75.3863] open fd = -5
[   75.4019] open name host:/livepad.bin flag 1 data 41378
[   75.4035] open fd = -5
[   75.4188] open name host:/livepad.bin flag 1 data 41378
[   75.4201] open fd = -5
[   75.4361] open name host:/livepad.bin flag 1 data 41378
[   75.4374] open fd = -5
[   75.4534] open name host:/livepad.bin flag 1 data 41378
[   75.4546] open fd = -5
[   75.4711] open name host:/livepad.bin flag 1 data 41378
[   75.4722] open fd = -5
[   75.4876] open name host:/livepad.bin flag 1 data 41378
[   75.4889] open fd = -5
[   75.4893] open name host:/livedbg.cmd flag 1 data 41378
[   75.4904] open fd = -5
[   75.5059] open name host:/livepad.bin flag 1 data 41378
[   75.5074] open fd = -5
[   75.5236] open name host:/livepad.bin flag 1 data 41378
[   75.5249] open fd = -5
[   75.5407] open name host:/livepad.bin flag 1 data 41378
[   75.5423] open fd = -5
[   75.5589] open name host:/livepad.bin flag 1 data 41378
[   75.5603] open fd = -5
[   75.5766] open name host:/livepad.bin flag 1 data 41378
[   75.5779] open fd = -5
[   75.5930] open name host:/livepad.bin flag 1 data 41378
[   75.5943] open fd = -5
[   75.5945] open name host:/livedbg.cmd flag 1 data 41378
[   75.5954] open fd = -5
[   75.6106] open name host:/livepad.bin flag 1 data 41378
[   75.6118] open fd = -5
[   75.6274] open name host:/livepad.bin flag 1 data 41378
[   75.6289] open fd = -5
[   75.6447] open name host:/livepad.bin flag 1 data 41378
[   75.6459] open fd = -5
[   75.6610] open name host:/livepad.bin flag 1 data 41378
[   75.6623] open fd = -5
[   75.6776] open name host:/livepad.bin flag 1 data 41378
[   75.6788] open fd = -5
[   75.6943] open name host:/livepad.bin flag 1 data 41378
[   75.6956] open fd = -5
[   75.6960] open name host:/livedbg.cmd flag 1 data 41378
[   75.6970] open fd = -5
[   75.7128] open name host:/livepad.bin flag 1 data 41378
[   75.7142] open fd = -5
[   75.7299] open name host:/livepad.bin flag 1 data 41378
[   75.7310] open fd = -5
[   75.7465] open name host:/livepad.bin flag 1 data 41378
[   75.7476] open fd = -5
[   75.7629] open name host:/livepad.bin flag 1 data 41378
[   75.7643] open fd = -5
[   75.7790] open name host:/livepad.bin flag 1 data 41378
[   75.7805] open fd = -5
[   75.7970] open name host:/livepad.bin flag 1 data 41378
[   75.7984] open fd = -5
[   75.7986] open name host:/livedbg.cmd flag 1 data 41378
[   75.7997] open fd = -5
[   75.8152] open name host:/livepad.bin flag 1 data 41378
[   75.8165] open fd = -5
[   75.8318] open name host:/livepad.bin flag 1 data 41378
[   75.8332] open fd = -5
[   75.8494] open name host:/livepad.bin flag 1 data 41378
[   75.8506] open fd = -5
[   75.8664] open name host:/livepad.bin flag 1 data 41378
[   75.8677] open fd = -5
[   75.8828] open name host:/livepad.bin flag 1 data 41378
[   75.8840] open fd = -5
[   75.9010] open name host:/livepad.bin flag 1 data 41378
[   75.9023] open fd = -5
[   75.9026] open name host:/livedbg.cmd flag 1 data 41378
[   75.9035] open fd = -5
[   75.9191] open name host:/livepad.bin flag 1 data 41378
[   75.9204] open fd = -5
[   75.9363] open name host:/livepad.bin flag 1 data 41378
[   75.9377] open fd = -5
[   75.9534] open name host:/livepad.bin flag 1 data 41378
[   75.9546] open fd = -5
[   75.9700] open name host:/livepad.bin flag 1 data 41378
[   75.9713] open fd = -5
[   75.9867] open name host:/livepad.bin flag 1 data 41378
[   75.9881] open fd = -5
[   76.0041] open name host:/livepad.bin flag 1 data 41378
[   76.0052] open fd = -5
[   76.0054] open name host:/livedbg.cmd flag 1 data 41378
[   76.0063] open fd = -5
[   76.0226] open name host:/livepad.bin flag 1 data 41378
[   76.0241] open fd = -5
[   76.0401] open name host:/livepad.bin flag 1 data 41378
[   76.0413] open fd = -5
[   76.0566] open name host:/livepad.bin flag 1 data 41378
[   76.0584] open fd = -5
[   76.0751] open name host:/livepad.bin flag 1 data 41378
[   76.0765] open fd = -5
[   76.0922] open name host:/livepad.bin flag 1 data 41378
[   76.0934] open fd = -5
[   76.1092] open name host:/livepad.bin flag 1 data 41378
[   76.1105] open fd = -5
[   76.1109] open name host:/livedbg.cmd flag 1 data 41378
[   76.1119] open fd = -5
[   76.1275] open name host:/livepad.bin flag 1 data 41378
[   76.1289] open fd = -5
[   76.1443] open name host:/livepad.bin flag 1 data 41378
[   76.1458] open fd = -5
[   76.1615] open name host:/livepad.bin flag 1 data 41378
[   76.1629] open fd = -5
[   76.1784] open name host:/livepad.bin flag 1 data 41378
[   76.1796] open fd = -5
[   76.1957] open name host:/livepad.bin flag 1 data 41378
[   76.1972] open fd = -5
[   76.2121] open name host:/livepad.bin flag 1 data 41378
[   76.2133] open fd = -5
[   76.2136] open name host:/livedbg.cmd flag 1 data 41378
[   76.2145] open fd = -5
[   76.2308] open name host:/livepad.bin flag 1 data 41378
[   76.2321] open fd = -5
[   76.2470] open name host:/livepad.bin flag 1 data 41378
[   76.2484] open fd = -5
[   76.2651] open name host:/livepad.bin flag 1 data 41378
[   76.2664] open fd = -5
[   76.2820] open name host:/livepad.bin flag 1 data 41378
[   76.2834] open fd = -5
[   76.2991] open name host:/livepad.bin flag 1 data 41378
[   76.3004] open fd = -5
[   76.3164] open name host:/livepad.bin flag 1 data 41378
[   76.3179] open fd = -5
[   76.3180] open name host:/livedbg.cmd flag 1 data 41378
[   76.3194] open fd = -5
[   76.3348] open name host:/livepad.bin flag 1 data 41378
[   76.3361] open fd = -5
[   76.3528] open name host:/livepad.bin flag 1 data 41378
[   76.3541] open fd = -5
[   76.3695] open name host:/livepad.bin flag 1 data 41378
[   76.3708] open fd = -5
[   76.3871] open name host:/livepad.bin flag 1 data 41378
[   76.3885] open fd = -5
[   76.4043] open name host:/livepad.bin flag 1 data 41378
[   76.4056] open fd = -5
[   76.4219] open name host:/livepad.bin flag 1 data 41378
[   76.4233] open fd = -5
[   76.4237] open name host:/livedbg.cmd flag 1 data 41378
[   76.4246] open fd = -5
[   76.4407] open name host:/livepad.bin flag 1 data 41378
[   76.4421] open fd = -5
[   76.4429] open name host:/log.txt flag 302 data 41378
[   76.4445] open fd = 256
[   76.4619] open name host:/livepad.bin flag 1 data 41378
[   76.4632] open fd = -5
[   76.4785] open name host:/livepad.bin flag 1 data 41378
[   76.4797] open fd = -5
[   76.4949] open name host:/livepad.bin flag 1 data 41378
[   76.4961] open fd = -5
[   76.5115] open name host:/livepad.bin flag 1 data 41378
[   76.5129] open fd = -5
[   76.5282] open name host:/livepad.bin flag 1 data 41378
[   76.5296] open fd = -5
[   76.5300] open name host:/livedbg.cmd flag 1 data 41378
[   76.5309] open fd = -5
[   76.5459] open name host:/livepad.bin flag 1 data 41378
[   76.5471] open fd = -5
[   76.5623] open name host:/livepad.bin flag 1 data 41378
[   76.5635] open fd = -5
[   76.5782] FRAMEARENA frames=3480 peak=1045072 resets=5 fallbacks=0 maxFrameBytes=2731360 maxBorrowed=2028560 freeKiB=8157
[   76.5784] NATIVEVIF frames=3480 batches=3485
[   76.5785] ORDEREDFRAME frames=3480 splitFrames=4
[   76.5785] FRAMEPIPELINE starts=3480 dmaBusyStarts=47
[   76.5786] open name host:/livepad.bin flag 1 data 41378
[   76.5798] open fd = -5
[   76.5955] open name host:/livepad.bin flag 1 data 41378
[   76.5967] open fd = -5
[   76.6114] open name host:/livepad.bin flag 1 data 41378
[   76.6128] open fd = -5
[   76.6279] open name host:/livepad.bin flag 1 data 41378
[   76.6291] open fd = -5
[   76.6293] open name host:/livedbg.cmd flag 1 data 41378
[   76.6303] open fd = -5
[   76.6457] open name host:/livepad.bin flag 1 data 41378
[   76.6470] open fd = -5
[   76.6626] open name host:/livepad.bin flag 1 data 41378
[   76.6637] open fd = -5
[   76.6794] open name host:/livepad.bin flag 1 data 41378
[   76.6808] open fd = -5
[   76.6964] open name host:/livepad.bin flag 1 data 41378
[   76.6977] open fd = -5
[   76.7132] open name host:/livepad.bin flag 1 data 41378
[   76.7144] open fd = -5
[   76.7313] open name host:/livepad.bin flag 1 data 41378
[   76.7325] open fd = -5
[   76.7327] open name host:/livedbg.cmd flag 1 data 41378
[   76.7337] open fd = -5
[   76.7483] open name host:/livepad.bin flag 1 data 41378
[   76.7496] open fd = -5
[   76.7651] open name host:/livepad.bin flag 1 data 41378
[   76.7663] open fd = -5
[   76.7821] open name host:/livepad.bin flag 1 data 41378
[   76.7835] open fd = -5
[   76.7989] open name host:/livepad.bin flag 1 data 41378
[   76.8002] open fd = -5
[   76.8164] open name host:/livepad.bin flag 1 data 41378
[   76.8177] open fd = -5
[   76.8335] open name host:/livepad.bin flag 1 data 41378
[   76.8347] open fd = -5
[   76.8349] open name host:/livedbg.cmd flag 1 data 41378
[   76.8360] open fd = -5
[   76.8521] open name host:/livepad.bin flag 1 data 41378
[   76.8534] open fd = -5
[   76.8694] open name host:/livepad.bin flag 1 data 41378
[   76.8708] open fd = -5
[   76.8865] open name host:/livepad.bin flag 1 data 41378
[   76.8883] open fd = -5
[   76.9050] open name host:/livepad.bin flag 1 data 41378
[   76.9065] open fd = -5
[   76.9218] open name host:/livepad.bin flag 1 data 41378
[   76.9231] open fd = -5
[   76.9391] open name host:/livepad.bin flag 1 data 41378
[   76.9406] open fd = -5
[   76.9408] open name host:/livedbg.cmd flag 1 data 41378
[   76.9417] open fd = -5
[   76.9569] open name host:/livepad.bin flag 1 data 41378
[   76.9582] open fd = -5
[   76.9738] open name host:/livepad.bin flag 1 data 41378
[   76.9750] open fd = -5
[   76.9910] open name host:/livepad.bin flag 1 data 41378
[   76.9921] open fd = -5
[   77.0074] open name host:/livepad.bin flag 1 data 41378
[   77.0087] open fd = -5
[   77.0237] open name host:/livepad.bin flag 1 data 41378
[   77.0251] open fd = -5
[   77.0403] open name host:/livepad.bin flag 1 data 41378
[   77.0415] open fd = -5
[   77.0417] open name host:/livedbg.cmd flag 1 data 41378
[   77.0432] open fd = -5
[   77.0586] open name host:/livepad.bin flag 1 data 41378
[   77.0599] open fd = -5
[   77.0756] open name host:/livepad.bin flag 1 data 41378
[   77.0768] open fd = -5
[   77.0920] open name host:/livepad.bin flag 1 data 41378
[   77.0933] open fd = -5
[   77.1086] open name host:/livepad.bin flag 1 data 41378
[   77.1099] open fd = -5
[   77.1249] open name host:/livepad.bin flag 1 data 41378
[   77.1262] open fd = -5
[   77.1421] open name host:/livepad.bin flag 1 data 41378
[   77.1433] open fd = -5
[   77.1436] open name host:/livedbg.cmd flag 1 data 41378
[   77.1446] open fd = -5
[   77.1607] open name host:/livepad.bin flag 1 data 41378
[   77.1619] open fd = -5
[   77.1781] open name host:/livepad.bin flag 1 data 41378
[   77.1796] open fd = -5
[   77.1964] open name host:/livepad.bin flag 1 data 41378
[   77.1977] open fd = -5
[   77.2133] open name host:/livepad.bin flag 1 data 41378
[   77.2146] open fd = -5
[   77.2306] open name host:/livepad.bin flag 1 data 41378
[   77.2322] open fd = -5
[   77.2481] open name host:/livepad.bin flag 1 data 41378
[   77.2494] open fd = -5
[   77.2498] open name host:/livedbg.cmd flag 1 data 41378
[   77.2510] open fd = -5
[   77.2673] open name host:/livepad.bin flag 1 data 41378
[   77.2687] open fd = -5
[   77.2853] open name host:/livepad.bin flag 1 data 41378
[   77.2867] open fd = -5
[   77.3043] open name host:/livepad.bin flag 1 data 41378
[   77.3055] open fd = -5
[   77.3213] open name host:/livepad.bin flag 1 data 41378
[   77.3226] open fd = -5
[   77.3387] open name host:/livepad.bin flag 1 data 41378
[   77.3399] open fd = -5
[   77.3554] open name host:/livepad.bin flag 1 data 41378
[   77.3566] open fd = -5
[   77.3567] open name host:/livedbg.cmd flag 1 data 41378
[   77.3578] open fd = -5
[   77.3737] open name host:/livepad.bin flag 1 data 41378
[   77.3748] open fd = -5
[   77.3918] open name host:/livepad.bin flag 1 data 41378
[   77.3931] open fd = -5
[   77.4088] open name host:/livepad.bin flag 1 data 41378
[   77.4103] open fd = -5
[   77.4263] open name host:/livepad.bin flag 1 data 41378
[   77.4276] open fd = -5
[   77.4426] open name host:/livepad.bin flag 1 data 41378
[   77.4439] open fd = -5
[   77.4589] open name host:/livepad.bin flag 1 data 41378
[   77.4605] open fd = -5
[   77.4607] open name host:/livedbg.cmd flag 1 data 41378
[   77.4620] open fd = -5
[   77.4791] open name host:/livepad.bin flag 1 data 41378
[   77.4805] open fd = -5
[   77.4960] open name host:/livepad.bin flag 1 data 41378
[   77.4972] open fd = -5
[   77.5135] open name host:/livepad.bin flag 1 data 41378
[   77.5147] open fd = -5
[   77.5301] open name host:/livepad.bin flag 1 data 41378
[   77.5313] open fd = -5
[   77.5465] open name host:/livepad.bin flag 1 data 41378
[   77.5479] open fd = -5
[   77.5642] open name host:/livepad.bin flag 1 data 41378
[   77.5657] open fd = -5
[   77.5659] open name host:/livedbg.cmd flag 1 data 41378
[   77.5671] open fd = -5
[   77.5831] open name host:/livepad.bin flag 1 data 41378
[   77.5845] open fd = -5
[   77.6002] open name host:/livepad.bin flag 1 data 41378
[   77.6014] open fd = -5
[   77.6172] open name host:/livepad.bin flag 1 data 41378
[   77.6186] open fd = -5
[   77.6340] open name host:/livepad.bin flag 1 data 41378
[   77.6354] open fd = -5
[   77.6505] open name host:/livepad.bin flag 1 data 41378
[   77.6520] open fd = -5
[   77.6682] open name host:/livepad.bin flag 1 data 41378
[   77.6698] open fd = -5
[   77.6699] open name host:/livedbg.cmd flag 1 data 41378
[   77.6710] open fd = -5
[   77.6871] open name host:/livepad.bin flag 1 data 41378
[   77.6886] open fd = -5
[   77.7050] open name host:/livepad.bin flag 1 data 41378
[   77.7064] open fd = -5
[   77.7216] open name host:/livepad.bin flag 1 data 41378
[   77.7233] open fd = -5
[   77.7391] open name host:/livepad.bin flag 1 data 41378
[   77.7411] open fd = -5
[   77.7562] open name host:/livepad.bin flag 1 data 41378
[   77.7575] open fd = -5
[   77.7729] open name host:/livepad.bin flag 1 data 41378
[   77.7742] open fd = -5
[   77.7744] open name host:/livedbg.cmd flag 1 data 41378
[   77.7758] open fd = -5
[   77.7910] open name host:/livepad.bin flag 1 data 41378
[   77.7924] open fd = -5
[   77.8076] open name host:/livepad.bin flag 1 data 41378
[   77.8096] open fd = -5
[   77.8264] open name host:/livepad.bin flag 1 data 41378
[   77.8280] open fd = -5
[   77.8445] open name host:/livepad.bin flag 1 data 41378
[   77.8457] open fd = -5
[   77.8651] open name host:/livepad.bin flag 1 data 41378
[   77.8665] open fd = -5
[   77.8834] open name host:/livepad.bin flag 1 data 41378
[   77.8848] open fd = -5
[   77.8850] open name host:/livedbg.cmd flag 1 data 41378
[   77.8861] open fd = -5
[   77.9089] open name host:/livepad.bin flag 1 data 41378
[   77.9103] open fd = -5
[   77.9277] open name host:/livepad.bin flag 1 data 41378
[   77.9295] open fd = -5
[   77.9461] open name host:/livepad.bin flag 1 data 41378
[   77.9474] open fd = -5
[   77.9639] open name host:/livepad.bin flag 1 data 41378
[   77.9654] open fd = -5
[   77.9815] open name host:/livepad.bin flag 1 data 41378
[   77.9830] open fd = -5
[   77.9985] open name host:/livepad.bin flag 1 data 41378
[   78.0000] open fd = -5
[   78.0001] open name host:/livedbg.cmd flag 1 data 41378
[   78.0012] open fd = -5
[   78.0172] open name host:/livepad.bin flag 1 data 41378
[   78.0185] open fd = -5
[   78.0407] open name host:/livepad.bin flag 1 data 41378
[   78.0421] open fd = -5
[   78.0588] open name host:/livepad.bin flag 1 data 41378
[   78.0603] open fd = -5
[   78.0751] open name host:/livepad.bin flag 1 data 41378
[   78.0765] open fd = -5
[   78.0927] open name host:/livepad.bin flag 1 data 41378
[   78.0939] open fd = -5
[   78.1090] open name host:/livepad.bin flag 1 data 41378
[   78.1104] open fd = -5
[   78.1109] open name host:/livedbg.cmd flag 1 data 41378
[   78.1119] open fd = -5
[   78.1283] open name host:/livepad.bin flag 1 data 41378
[   78.1301] open fd = -5
[   78.1459] open name host:/livepad.bin flag 1 data 41378
[   78.1475] open fd = -5
[   78.1641] open name host:/livepad.bin flag 1 data 41378
[   78.1654] open fd = -5
[   78.1808] open name host:/livepad.bin flag 1 data 41378
[   78.1821] open fd = -5
[   78.1972] open name host:/livepad.bin flag 1 data 41378
[   78.1984] open fd = -5
[   78.2140] open name host:/livepad.bin flag 1 data 41378
[   78.2153] open fd = -5
[   78.2158] open name host:/livedbg.cmd flag 1 data 41378
[   78.2168] open fd = -5
[   78.2321] open name host:/livepad.bin flag 1 data 41378
[   78.2333] open fd = -5
[   78.2485] open name host:/livepad.bin flag 1 data 41378
[   78.2498] open fd = -5
[   78.2652] open name host:/livepad.bin flag 1 data 41378
[   78.2664] open fd = -5
[   78.2819] open name host:/livepad.bin flag 1 data 41378
[   78.2833] open fd = -5
[   78.2991] open name host:/livepad.bin flag 1 data 41378
[   78.3003] open fd = -5
[   78.3158] open name host:/livepad.bin flag 1 data 41378
[   78.3169] open fd = -5
[   78.3171] open name host:/livedbg.cmd flag 1 data 41378
[   78.3182] open fd = -5
[   78.3353] open name host:/livepad.bin flag 1 data 41378
[   78.3366] open fd = -5
[   78.3520] open name host:/livepad.bin flag 1 data 41378
[   78.3532] open fd = -5
[   78.3684] open name host:/livepad.bin flag 1 data 41378
[   78.3697] open fd = -5
[   78.3853] open name host:/livepad.bin flag 1 data 41378
[   78.3865] open fd = -5
[   78.4018] open name host:/livepad.bin flag 1 data 41378
[   78.4032] open fd = -5
[   78.4183] open name host:/livepad.bin flag 1 data 41378
[   78.4197] open fd = -5
[   78.4199] open name host:/livedbg.cmd flag 1 data 41378
[   78.4208] open fd = -5
[   78.4370] open name host:/livepad.bin flag 1 data 41378
[   78.4382] open fd = -5
[   78.4538] open name host:/livepad.bin flag 1 data 41378
[   78.4551] open fd = -5
[   78.4700] open name host:/livepad.bin flag 1 data 41378
[   78.4715] open fd = -5
[   78.4873] open name host:/livepad.bin flag 1 data 41378
[   78.4889] open fd = -5
[   78.5037] open name host:/livepad.bin flag 1 data 41378
[   78.5050] open fd = -5
[   78.5203] open name host:/livepad.bin flag 1 data 41378
[   78.5216] open fd = -5
[   78.5217] open name host:/livedbg.cmd flag 1 data 41378
[   78.5226] open fd = -5
[   78.5379] open name host:/livepad.bin flag 1 data 41378
[   78.5393] open fd = -5
[   78.5546] open name host:/livepad.bin flag 1 data 41378
[   78.5559] open fd = -5
[   78.5711] open name host:/livepad.bin flag 1 data 41378
[   78.5725] open fd = -5
[   78.5872] open name host:/livepad.bin flag 1 data 41378
[   78.5884] open fd = -5
[   78.6036] open name host:/livepad.bin flag 1 data 41378
[   78.6048] open fd = -5
[   78.6195] open name host:/livepad.bin flag 1 data 41378
[   78.6211] open fd = -5
[   78.6213] open name host:/livedbg.cmd flag 1 data 41378
[   78.6223] open fd = -5
[   78.6380] open name host:/livepad.bin flag 1 data 41378
[   78.6393] open fd = -5
[   78.6545] open name host:/livepad.bin flag 1 data 41378
[   78.6558] open fd = -5
[   78.6708] FRAMEARENA frames=3600 peak=1045072 resets=5 fallbacks=0 maxFrameBytes=2731360 maxBorrowed=2028560 freeKiB=8142
[   78.6710] NATIVEVIF frames=3600 batches=3605
[   78.6710] ORDEREDFRAME frames=3600 splitFrames=4
[   78.6711] FRAMEPIPELINE starts=3600 dmaBusyStarts=47
[   78.6712] open name host:/livepad.bin flag 1 data 41378
[   78.6722] open fd = -5
[   78.6874] open name host:/livepad.bin flag 1 data 41378
[   78.6888] open fd = -5
[   78.7053] open name host:/livepad.bin flag 1 data 41378
[   78.7067] open fd = -5
[   78.7228] open name host:/livepad.bin flag 1 data 41378
[   78.7241] open fd = -5
[   78.7243] open name host:/livedbg.cmd flag 1 data 41378
[   78.7252] open fd = -5
[   78.7403] open name host:/livepad.bin flag 1 data 41378
[   78.7415] open fd = -5
[   78.7571] open name host:/livepad.bin flag 1 data 41378
[   78.7583] open fd = -5
[   78.7742] open name host:/livepad.bin flag 1 data 41378
[   78.7755] open fd = -5
[   78.7903] open name host:/livepad.bin flag 1 data 41378
[   78.7917] open fd = -5
[   78.8075] open name host:/livepad.bin flag 1 data 41378
[   78.8089] open fd = -5
[   78.8255] open name host:/livepad.bin flag 1 data 41378
[   78.8269] open fd = -5
[   78.8271] open name host:/livedbg.cmd flag 1 data 41378
[   78.8281] open fd = -5
[   78.8437] open name host:/livepad.bin flag 1 data 41378
[   78.8451] open fd = -5
[   78.8599] open name host:/livepad.bin flag 1 data 41378
[   78.8612] open fd = -5
[   78.8777] open name host:/livepad.bin flag 1 data 41378
[   78.8791] open fd = -5
[   78.8953] open name host:/livepad.bin flag 1 data 41378
[   78.8967] open fd = -5
[   78.9125] open name host:/livepad.bin flag 1 data 41378
[   78.9138] open fd = -5
[   78.9285] open name host:/livepad.bin flag 1 data 41378
[   78.9297] open fd = -5
[   78.9300] open name host:/livedbg.cmd flag 1 data 41378
[   78.9309] open fd = -5
[   78.9482] open name host:/livepad.bin flag 1 data 41378
[   78.9496] open fd = -5
[   78.9644] open name host:/livepad.bin flag 1 data 41378
[   78.9655] open fd = -5
[   78.9807] open name host:/livepad.bin flag 1 data 41378
[   78.9819] open fd = -5
[   78.9986] open name host:/livepad.bin flag 1 data 41378
[   78.9998] open fd = -5
[   79.0157] open name host:/livepad.bin flag 1 data 41378
[   79.0173] open fd = -5
[   79.0335] open name host:/livepad.bin flag 1 data 41378
[   79.0347] open fd = -5
[   79.0350] open name host:/livedbg.cmd flag 1 data 41378
[   79.0359] open fd = -5
[   79.0518] open name host:/livepad.bin flag 1 data 41378
[   79.0531] open fd = -5
[   79.0540] open name host:/log.txt flag 302 data 41378
[   79.0555] open fd = 256
[   79.0715] open name host:/livepad.bin flag 1 data 41378
[   79.0728] open fd = -5
[   79.0875] open name host:/livepad.bin flag 1 data 41378
[   79.0887] open fd = -5
[   79.1036] open name host:/livepad.bin flag 1 data 41378
[   79.1047] open fd = -5
[   79.1221] open name host:/livepad.bin flag 1 data 41378
[   79.1234] open fd = -5
[   79.1384] open name host:/livepad.bin flag 1 data 41378
[   79.1399] open fd = -5
[   79.1402] open name host:/livedbg.cmd flag 1 data 41378
[   79.1411] open fd = -5
[   79.1564] open name host:/livepad.bin flag 1 data 41378
[   79.1579] open fd = -5
[   79.1734] open name host:/livepad.bin flag 1 data 41378
[   79.1746] open fd = -5
[   79.1896] open name host:/livepad.bin flag 1 data 41378
[   79.1910] open fd = -5
[   79.2061] open name host:/livepad.bin flag 1 data 41378
[   79.2075] open fd = -5
[   79.2236] open name host:/livepad.bin flag 1 data 41378
[   79.2249] open fd = -5
[   79.2401] open name host:/livepad.bin flag 1 data 41378
[   79.2412] open fd = -5
[   79.2416] open name host:/livedbg.cmd flag 1 data 41378
[   79.2426] open fd = -5
[   79.2578] open name host:/livepad.bin flag 1 data 41378
[   79.2592] open fd = -5
[   79.2741] open name host:/livepad.bin flag 1 data 41378
[   79.2754] open fd = -5
[   79.2908] open name host:/livepad.bin flag 1 data 41378
[   79.2922] open fd = -5
[   79.3088] open name host:/livepad.bin flag 1 data 41378
[   79.3101] open fd = -5
[   79.3250] open name host:/livepad.bin flag 1 data 41378
[   79.3264] open fd = -5
[   79.3419] open name host:/livepad.bin flag 1 data 41378
[   79.3430] open fd = -5
[   79.3432] open name host:/livedbg.cmd flag 1 data 41378
[   79.3442] open fd = -5
[   79.3596] open name host:/livepad.bin flag 1 data 41378
[   79.3610] open fd = -5
[   79.3763] open name host:/livepad.bin flag 1 data 41378
[   79.3774] open fd = -5
[   79.3933] open name host:/livepad.bin flag 1 data 41378
[   79.3945] open fd = -5
[   79.4094] open name host:/livepad.bin flag 1 data 41378
[   79.4106] open fd = -5
[   79.4253] open name host:/livepad.bin flag 1 data 41378
[   79.4265] open fd = -5
[   79.4419] open name host:/livepad.bin flag 1 data 41378
[   79.4433] open fd = -5
[   79.4435] open name host:/livedbg.cmd flag 1 data 41378
[   79.4445] open fd = -5
[   79.4599] open name host:/livepad.bin flag 1 data 41378
[   79.4613] open fd = -5
[   79.4762] open name host:/livepad.bin flag 1 data 41378
[   79.4776] open fd = -5
[   79.4929] open name host:/livepad.bin flag 1 data 41378
[   79.4940] open fd = -5
[   79.5095] open name host:/livepad.bin flag 1 data 41378
[   79.5106] open fd = -5
[   79.5265] open name host:/livepad.bin flag 1 data 41378
[   79.5275] open fd = -5
[   79.5425] open name host:/livepad.bin flag 1 data 41378
[   79.5437] open fd = -5
[   79.5439] open name host:/livedbg.cmd flag 1 data 41378
[   79.5448] open fd = -5
[   79.5595] open name host:/livepad.bin flag 1 data 41378
[   79.5607] open fd = -5
[   79.5764] open name host:/livepad.bin flag 1 data 41378
[   79.5777] open fd = -5
[   79.5928] open name host:/livepad.bin flag 1 data 41378
[   79.5940] open fd = -5
[   79.6109] open name host:/livepad.bin flag 1 data 41378
[   79.6125] open fd = -5
[   79.6276] open name host:/livepad.bin flag 1 data 41378
[   79.6287] open fd = -5
[   79.6441] open name host:/livepad.bin flag 1 data 41378
[   79.6454] open fd = -5
[   79.6456] open name host:/livedbg.cmd flag 1 data 41378
[   79.6467] open fd = -5
[   79.6623] open name host:/livepad.bin flag 1 data 41378
[   79.6636] open fd = -5
[   79.6782] open name host:/livepad.bin flag 1 data 41378
[   79.6795] open fd = -5
[   79.6947] open name host:/livepad.bin flag 1 data 41378
[   79.6961] open fd = -5
[   79.7116] open name host:/livepad.bin flag 1 data 41378
[   79.7130] open fd = -5
[   79.7288] open name host:/livepad.bin flag 1 data 41378
[   79.7299] open fd = -5
[   79.7442] open name host:/livepad.bin flag 1 data 41378
[   79.7455] open fd = -5
[   79.7458] open name host:/livedbg.cmd flag 1 data 41378
[   79.7467] open fd = -5
[   79.7621] open name host:/livepad.bin flag 1 data 41378
[   79.7634] open fd = -5
[   79.7792] open name host:/livepad.bin flag 1 data 41378
[   79.7804] open fd = -5
[   79.7958] open name host:/livepad.bin flag 1 data 41378
[   79.7972] open fd = -5
[   79.8131] open name host:/livepad.bin flag 1 data 41378
[   79.8144] open fd = -5
[   79.8303] open name host:/livepad.bin flag 1 data 41378
[   79.8315] open fd = -5
[   79.8468] open name host:/livepad.bin flag 1 data 41378
[   79.8481] open fd = -5
[   79.8482] open name host:/livedbg.cmd flag 1 data 41378
[   79.8493] open fd = -5
[   79.8656] open name host:/livepad.bin flag 1 data 41378
[   79.8669] open fd = -5
[   79.8833] open name host:/livepad.bin flag 1 data 41378
[   79.8846] open fd = -5
[   79.9003] open name host:/livepad.bin flag 1 data 41378
[   79.9017] open fd = -5
[   79.9226] open name host:/livepad.bin flag 1 data 41378
[   79.9240] open fd = -5
[   79.9394] open name host:/livepad.bin flag 1 data 41378
[   79.9408] open fd = -5
[   79.9557] open name host:/log.txt flag 302 data 41378
[   79.9576] open fd = 256
[   79.9622] open name host:/livepad.bin flag 1 data 41378
[   79.9634] open fd = -5
[   79.9635] open name host:/livedbg.cmd flag 1 data 41378
[   79.9644] open fd = -5
[   79.9796] open name host:/livepad.bin flag 1 data 41378
[   79.9808] open fd = -5
[   79.9957] open name host:/livepad.bin flag 1 data 41378
[   79.9970] open fd = -5
[   80.0122] open name host:/livepad.bin flag 1 data 41378
[   80.0134] open fd = -5
[   80.0283] open name host:/livepad.bin flag 1 data 41378
[   80.0298] open fd = -5
[   80.0454] open name host:/livepad.bin flag 1 data 41378
[   80.0466] open fd = -5
[   80.0633] open name host:/livepad.bin flag 1 data 41378
[   80.0646] open fd = -5
[   80.0647] open name host:/livedbg.cmd flag 1 data 41378
[   80.0657] open fd = -5
[   80.0809] open name host:/livepad.bin flag 1 data 41378
[   80.0824] open fd = -5
[   80.0974] open name host:/livepad.bin flag 1 data 41378
[   80.0985] open fd = -5
[   80.1138] open name host:/livepad.bin flag 1 data 41378
[   80.1150] open fd = -5
[   80.1308] open name host:/livepad.bin flag 1 data 41378
[   80.1321] open fd = -5
[   80.1474] open name host:/livepad.bin flag 1 data 41378
[   80.1487] open fd = -5
[   80.1633] open name host:/livepad.bin flag 1 data 41378
[   80.1644] open fd = -5
[   80.1644] open name host:/livedbg.cmd flag 1 data 41378
[   80.1654] open fd = -5
[   80.1777] open name host:/livepad.bin flag 1 data 41378
[   80.1789] open fd = -5
[   80.1915] open name host:/livepad.bin flag 1 data 41378
[   80.1927] open fd = -5
[   80.2072] open name host:/livepad.bin flag 1 data 41378
[   80.2084] open fd = -5
[   80.2408] open name host:/vehicles/veh-ravager000001-shadow.png flag 1 data 41378
[   80.2434] open fd = 256
[   80.2442] open name host:/vehicles/veh-ravager000001-shadow.png flag 1 data 41378
[   80.2461] open fd = 256
[   80.2509] open name host:/vehicles/veh-pica00000001-shadow.png flag 1 data 41378
[   80.2530] open fd = 256
[   80.2537] open name host:/vehicles/veh-pica00000001-shadow.png flag 1 data 41378
[   80.2555] open fd = 256
[   80.2683] open name host:/vehicles/veh-strix0000001-shadow.png flag 1 data 41378
[   80.2704] open fd = 256
[   80.2712] open name host:/vehicles/veh-strix0000001-shadow.png flag 1 data 41378
[   80.2730] open fd = 256
[   80.2845] open name host:/shadowatlas/scene0-0.png flag 1 data 41378
[   80.2872] open fd = 256
[   80.2880] open name host:/shadowatlas/scene0-0.png flag 1 data 41378
[   80.2903] open fd = 256
[   80.3033] open name host:/shadowatlas/scene0-1.png flag 1 data 41378
[   80.3053] open fd = 256
[   80.3062] open name host:/shadowatlas/scene0-1.png flag 1 data 41378
[   80.3084] open fd = 256
[   80.3388] open name host:/materials/district-asphalt.mtl flag 1 data 41378
[   80.3411] open fd = 256
[   80.3435] open name host:/textures/district-asphalt.png flag 1 data 41378
[   80.3454] open fd = 256
[   80.3461] open name host:/textures/district-asphalt.png flag 1 data 41378
[   80.3481] open fd = 256
[   80.3626] open name host:/materials/district-sign.mtl flag 1 data 41378
[   80.3646] open fd = 256
[   80.3666] open name host:/textures/district-sign.png flag 1 data 41378
[   80.3686] open fd = 256
[   80.3695] open name host:/textures/district-sign.png flag 1 data 41378
[   80.3714] open fd = 256
[   80.3749] open name host:/materials/night-warm.mtl flag 1 data 41378
[   80.3768] open fd = 256
[   80.3787] open name host:/materials/night-cyan.mtl flag 1 data 41378
[   80.3806] open fd = 256
[   80.3826] open name host:/materials/night-pink.mtl flag 1 data 41378
[   80.3844] open fd = 256
[   80.3863] open name host:/models/urban/district-workshop.tmdl flag 1 data 41378
[   80.3888] open fd = 256
[   80.3919] open name host:/models/urban/Textures/district-facades.png flag 1 data 41378
[   80.3949] open fd = 256
[   80.3959] open name host:/models/urban/Textures/district-facades.png flag 1 data 41378
[   80.3992] open fd = 256
[   80.4240] open name host:/models/urban/district-tower.tmdl flag 1 data 41378
[   80.4266] open fd = 256
[   80.4292] open name host:/models/urban/district-loft.tmdl flag 1 data 41378
[   80.4316] open fd = 256
[   80.4340] open name host:/models/urban/detail-light-double.tmdl flag 1 data 41378
[   80.4364] open fd = 256
[   80.4456] open name host:/models/urban/Textures/metal.png flag 1 data 41378
[   80.4486] open fd = 256
[   80.4497] open name host:/models/urban/Textures/metal.png flag 1 data 41378
[   80.4526] open fd = 256
[   80.4626] open name host:/models/urban/detail-light-traffic.tmdl flag 1 data 41378
[   80.4653] open fd = 256
[   80.4760] open name host:/models/urban/Textures/roof.png flag 1 data 41378
[   80.4791] open fd = 256
[   80.4801] open name host:/models/urban/Textures/roof.png flag 1 data 41378
[   80.4830] open fd = 256
[   80.4861] open name host:/models/urban/tree-park-large.tmdl flag 1 data 41378
[   80.4885] open fd = 256
[   80.4965] open name host:/models/urban/Textures/treeA.png flag 1 data 41378
[   80.4996] open fd = 256
[   80.5007] open name host:/models/urban/Textures/treeA.png flag 1 data 41378
[   80.5034] open fd = 256
[   80.5143] open name host:/models/urban/Textures/tiles.png flag 1 data 41378
[   80.5173] open fd = 256
[   80.5184] open name host:/models/urban/Textures/tiles.png flag 1 data 41378
[   80.5216] open fd = 256
[   80.5249] open name host:/models/urban/Textures/dirt.png flag 1 data 41378
[   80.5278] open fd = 256
[   80.5288] open name host:/models/urban/Textures/dirt.png flag 1 data 41378
[   80.5320] open fd = 256
[   80.5350] open name host:/models/urban/tree-park-pine-large.tmdl flag 1 data 41378
[   80.5375] open fd = 256
[   80.5451] open name host:/models/urban/Textures/treeB.png flag 1 data 41378
[   80.5481] open fd = 256
[   80.5493] open name host:/models/urban/Textures/treeB.png flag 1 data 41378
[   80.5520] open fd = 256
[   80.5547] open name host:/models/urban/detail-barrier-type-a.tmdl flag 1 data 41378
[   80.5574] open fd = 256
[   80.5705] open name host:/models/urban/Textures/signs.png flag 1 data 41378
[   80.5734] open fd = 256
[   80.5745] open name host:/models/urban/Textures/signs.png flag 1 data 41378
[   80.5773] open fd = 256
[   80.5802] open name host:/models/urban/detail-dumpster-closed.tmdl flag 1 data 41378
[   80.5829] open fd = 256
[   80.5865] open name host:/models/urban/Textures/metal_wall.png flag 1 data 41378
[   80.5893] open fd = 256
[   80.5906] open name host:/models/urban/Textures/metal_wall.png flag 1 data 41378
[   80.5938] open fd = 256
[   80.5971] open name host:/models/urban/Textures/wall.png flag 1 data 41378
[   80.5999] open fd = 256
[   80.6010] open name host:/models/urban/Textures/wall.png flag 1 data 41378
[   80.6038] open fd = 256
[   80.6070] open name host:/models/urban/detail-bench.tmdl flag 1 data 41378
[   80.6095] open fd = 256
[   80.6241] open name host:/models/urban/Textures/planks.png flag 1 data 41378
[   80.6275] open fd = 256
[   80.6287] open name host:/models/urban/Textures/planks.png flag 1 data 41378
[   80.6318] open fd = 256
[   80.6350] open name host:/models/urban/pallet.tmdl flag 1 data 41378
[   80.6376] open fd = 256
[   80.6461] open name host:/sky/scene0.png flag 1 data 41378
[   80.6481] open fd = 256
[   80.6489] open name host:/sky/scene0.png flag 1 data 41378
[   80.6507] open fd = 256
[   80.9420] open name host:/vehicles/fx-skid.png flag 1 data 41378
[   80.9447] open fd = 256
[   80.9457] open name host:/vehicles/fx-skid.png flag 1 data 41378
[   80.9477] open fd = 256
[   80.9626] open name host:/vehicles/fx-smoke.png flag 1 data 41378
[   80.9648] open fd = 256
[   80.9655] open name host:/vehicles/fx-smoke.png flag 1 data 41378
[   80.9674] open fd = 256
[   80.9708] open name host:/log.txt flag 302 data 41378
[   80.9725] open fd = 256
[   80.9742] open name host:/vehicles/veh-ravager000001-wheel.tmdl flag 1 data 41378
[   80.9765] open fd = 256
[   80.9837] open name host:/vehicles/veh-ravager000001-wheelfast.tmdl flag 1 data 41378
[   80.9857] open fd = 256
[   80.9924] open name host:/log.txt flag 302 data 41378
[   80.9940] open fd = 256
[   80.9953] open name host:/vehicles/veh-pica00000001-wheel.tmdl flag 1 data 41378
[   80.9973] open fd = 256
[   81.0122] open name host:/vehicles/veh-pica00000001-wheelfast.tmdl flag 1 data 41378
[   81.0144] open fd = 256
[   81.0209] open name host:/log.txt flag 302 data 41378
[   81.0222] open fd = 256
[   81.0235] open name host:/vehicles/veh-strix0000001-wheel.tmdl flag 1 data 41378
[   81.0255] open fd = 256
[   81.0333] open name host:/vehicles/veh-strix0000001-wheelfast.tmdl flag 1 data 41378
[   81.0353] open fd = 256
[   81.0494] open name host:/log.txt flag 302 data 41378
[   81.0514] open fd = 256
[   81.0528] open name host:/log.txt flag 302 data 41378
[   81.0542] open fd = 256
[   81.0557] open name host:/log.txt flag 302 data 41378
[   81.0573] open fd = 256
[   81.1593] open name host:/log.txt flag 302 data 41378
[   81.1610] open fd = 256
[   81.1764] open name host:/log.txt flag 302 data 41378
[   81.1782] open fd = 256
[   81.1798] open name host:/log.txt flag 302 data 41378
[   81.1813] open fd = 256
[   81.1838] open name host:/gshadow/s0_2_1.png flag 1 data 41378
[   81.1858] open fd = 256
[   81.1866] open name host:/gshadow/s0_2_1.png flag 1 data 41378
[   81.1885] open fd = 256
[   81.1995] open name host:/log.txt flag 302 data 41378
[   81.2010] open fd = 256
[   81.2030] open name host:/log.txt flag 302 data 41378
[   81.2045] open fd = 256
[   81.2063] open name host:/gshadow/s0_1_1.png flag 1 data 41378
[   81.2082] open fd = 256
[   81.2090] open name host:/gshadow/s0_1_1.png flag 1 data 41378
[   81.2111] open fd = 256
[   81.2211] open name host:/log.txt flag 302 data 41378
[   81.2227] open fd = 256
[   81.2244] open name host:/gshadow/s0_3_1.png flag 1 data 41378
[   81.2263] open fd = 256
[   81.2272] open name host:/gshadow/s0_3_1.png flag 1 data 41378
[   81.2292] open fd = 256
[   81.2321] open name host:/log.txt flag 302 data 41378
[   81.2337] open fd = 256
[   81.2355] open name host:/log.txt flag 302 data 41378
[   81.2370] open fd = 256
[   81.2384] open name host:/gshadow/s0_2_2.png flag 1 data 41378
[   81.2409] open fd = 256
[   81.2417] open name host:/gshadow/s0_2_2.png flag 1 data 41378
[   81.2438] open fd = 256
[   81.2540] open name host:/log.txt flag 302 data 41378
[   81.2558] open fd = 256
[   81.2577] open name host:/log.txt flag 302 data 41378
[   81.2594] open fd = 256
[   81.2610] open name host:/gshadow/s0_1_2.png flag 1 data 41378
[   81.2630] open fd = 256
[   81.2638] open name host:/gshadow/s0_1_2.png flag 1 data 41378
[   81.2662] open fd = 256
[   81.2696] open name host:/log.txt flag 302 data 41378
[   81.2712] open fd = 256
[   81.2729] open name host:/gshadow/s0_3_2.png flag 1 data 41378
[   81.2752] open fd = 256
[   81.2760] open name host:/gshadow/s0_3_2.png flag 1 data 41378
[   81.2781] open fd = 256
[   81.2996] open name host:/log.txt flag 302 data 41378
[   81.3013] open fd = 256
[   81.3031] open name host:/gshadow/s0_0_1.png flag 1 data 41378
[   81.3050] open fd = 256
[   81.3058] open name host:/gshadow/s0_0_1.png flag 1 data 41378
[   81.3077] open fd = 256
[   81.3111] open name host:/log.txt flag 302 data 41378
[   81.3130] open fd = 256
[   81.3146] open name host:/gshadow/s0_4_1.png flag 1 data 41378
[   81.3167] open fd = 256
[   81.3178] open name host:/gshadow/s0_4_1.png flag 1 data 41378
[   81.3199] open fd = 256
[   81.3229] open name host:/log.txt flag 302 data 41378
[   81.3244] open fd = 256
[   81.3342] open name host:/log.txt flag 302 data 41378
[   81.3358] open fd = 256
[   81.3381] open name host:/gshadow/s0_4_0.png flag 1 data 41378
[   81.3403] open fd = 256
[   81.3411] open name host:/gshadow/s0_4_0.png flag 1 data 41378
[   81.3435] open fd = 256
[   81.3468] open name host:/log.txt flag 302 data 41378
[   81.3486] open fd = 256
[   81.3505] open name host:/gshadow/s0_2_3.png flag 1 data 41378
[   81.3525] open fd = 256
[   81.3534] open name host:/gshadow/s0_2_3.png flag 1 data 41378
[   81.3552] open fd = 256
[   81.3584] open name host:/log.txt flag 302 data 41378
[   81.3601] open fd = 256
[   81.3619] open name host:/gshadow/s0_0_2.png flag 1 data 41378
[   81.3641] open fd = 256
[   81.3713] open name host:/gshadow/s0_0_2.png flag 1 data 41378
[   81.3738] open fd = 256
[   81.3773] open name host:/log.txt flag 302 data 41378
[   81.3789] open fd = 256
[   81.3807] open name host:/gshadow/s0_4_2.png flag 1 data 41378
[   81.3827] open fd = 256
[   81.3835] open name host:/gshadow/s0_4_2.png flag 1 data 41378
[   81.3853] open fd = 256
[   81.3883] open name host:/log.txt flag 302 data 41378
[   81.3903] open fd = 256
[   81.3924] open name host:/gshadow/s0_1_3.png flag 1 data 41378
[   81.3946] open fd = 256
[   81.3954] open name host:/gshadow/s0_1_3.png flag 1 data 41378
[   81.3979] open fd = 256
[   81.4202] open name host:/log.txt flag 302 data 41378
[   81.4220] open fd = 256
[   81.4236] open name host:/gshadow/s0_3_3.png flag 1 data 41378
[   81.4255] open fd = 256
[   81.4264] open name host:/gshadow/s0_3_3.png flag 1 data 41378
[   81.4283] open fd = 256
[   81.4315] open name host:/log.txt flag 302 data 41378
[   81.4332] open fd = 256
[   81.4347] open name host:/gshadow/s0_0_3.png flag 1 data 41378
[   81.4369] open fd = 256
[   81.4379] open name host:/gshadow/s0_0_3.png flag 1 data 41378
[   81.4400] open fd = 256
[   81.4432] open name host:/log.txt flag 302 data 41378
[   81.4447] open fd = 256
[   81.4463] open name host:/gshadow/s0_4_3.png flag 1 data 41378
[   81.4483] open fd = 256
[   81.4491] open name host:/gshadow/s0_4_3.png flag 1 data 41378
[   81.4509] open fd = 256
[   81.4617] open name host:/log.txt flag 302 data 41378
[   81.4634] open fd = 256
[   81.4649] open name host:/livepad.bin flag 1 data 41378
[   81.4659] open fd = -5
[   81.4659] LOG: SKYMOTION scene=0 generation=4 stage=3 enabled=1
[   81.4661] open name host:/log.txt flag 302 data 41378
[   81.4679] open fd = 256
[   81.4803] open name host:/livepad.bin flag 1 data 41378
[   81.4815] open fd = -5
[   81.4938] open name host:/livepad.bin flag 1 data 41378
[   81.4951] open fd = -5
[   81.4952] open name host:/livedbg.cmd flag 1 data 41378
[   81.4961] open fd = -5
[   81.5084] open name host:/livepad.bin flag 1 data 41378
[   81.5101] open fd = -5
[   81.5259] open name host:/livepad.bin flag 1 data 41378
[   81.5269] open fd = -5
[   81.5420] FRAMEARENA frames=3720 peak=1045072 resets=5 fallbacks=0 maxFrameBytes=2731360 maxBorrowed=2028560 freeKiB=14844
[   81.5421] NATIVEVIF frames=3720 batches=3725
[   81.5421] ORDEREDFRAME frames=3720 splitFrames=4
[   81.5422] FRAMEPIPELINE starts=3720 dmaBusyStarts=48
[   81.5422] open name host:/livepad.bin flag 1 data 41378
[   81.5435] open fd = -5
[   81.5585] open name host:/livepad.bin flag 1 data 41378
[   81.5596] open fd = -5
[   81.5753] open name host:/livepad.bin flag 1 data 41378
[   81.5766] open fd = -5
[   81.5919] open name host:/livepad.bin flag 1 data 41378
[   81.5932] open fd = -5
[   81.5933] open name host:/livedbg.cmd flag 1 data 41378
[   81.5942] open fd = -5
[   81.6090] open name host:/livepad.bin flag 1 data 41378
[   81.6102] open fd = -5
[   81.6248] open name host:/livepad.bin flag 1 data 41378
[   81.6262] open fd = -5
[   81.6423] open name host:/livepad.bin flag 1 data 41378
[   81.6435] open fd = -5
[   81.6589] open name host:/livepad.bin flag 1 data 41378
[   81.6600] open fd = -5
[   81.6758] open name host:/livepad.bin flag 1 data 41378
[   81.6771] open fd = -5
[   81.6919] open name host:/livepad.bin flag 1 data 41378
[   81.6931] open fd = -5
[   81.6931] open name host:/livedbg.cmd flag 1 data 41378
[   81.6941] open fd = -5
[   81.7087] open name host:/livepad.bin flag 1 data 41378
[   81.7098] open fd = -5
[   81.7252] open name host:/livepad.bin flag 1 data 41378
[   81.7265] open fd = -5
[   81.7421] open name host:/livepad.bin flag 1 data 41378
[   81.7433] open fd = -5
[   81.7594] open name host:/livepad.bin flag 1 data 41378
[   81.7605] open fd = -5
[   81.7762] open name host:/livepad.bin flag 1 data 41378
[   81.7775] open fd = -5
[   81.7924] open name host:/livepad.bin flag 1 data 41378
[   81.7936] open fd = -5
[   81.7937] open name host:/livedbg.cmd flag 1 data 41378
[   81.7946] open fd = -5
[   81.8087] open name host:/livepad.bin flag 1 data 41378
[   81.8100] open fd = -5
[   81.8256] open name host:/livepad.bin flag 1 data 41378
[   81.8267] open fd = -5
[   81.8431] open name host:/livepad.bin flag 1 data 41378
[   81.8444] open fd = -5
[   81.8587] open name host:/livepad.bin flag 1 data 41378
[   81.8599] open fd = -5
[   81.8756] open name host:/livepad.bin flag 1 data 41378
[   81.8768] open fd = -5
[   81.8929] open name host:/livepad.bin flag 1 data 41378
[   81.8941] open fd = -5
[   81.8941] open name host:/livedbg.cmd flag 1 data 41378
[   81.8951] open fd = -5
[   81.9094] open name host:/livepad.bin flag 1 data 41378
[   81.9106] open fd = -5
[   81.9253] open name host:/livepad.bin flag 1 data 41378
[   81.9264] open fd = -5
[   81.9428] open name host:/livepad.bin flag 1 data 41378
[   81.9441] open fd = -5
[   81.9589] open name host:/livepad.bin flag 1 data 41378
[   81.9601] open fd = -5
[   81.9758] open name host:/livepad.bin flag 1 data 41378
[   81.9772] open fd = -5
[   81.9927] open name host:/livepad.bin flag 1 data 41378
[   81.9940] open fd = -5
[   81.9941] open name host:/livedbg.cmd flag 1 data 41378
[   81.9952] open fd = -5
[   82.0095] open name host:/livepad.bin flag 1 data 41378
[   82.0106] open fd = -5
[   82.0260] open name host:/livepad.bin flag 1 data 41378
[   82.0273] open fd = -5
[   82.0426] open name host:/livepad.bin flag 1 data 41378
[   82.0438] open fd = -5
[   82.0590] open name host:/livepad.bin flag 1 data 41378
[   82.0601] open fd = -5
[   82.0611] open name host:/log.txt flag 302 data 41378
[   82.0625] open fd = 256
[   82.0780] open name host:/log.txt flag 302 data 41378
[   82.0796] open fd = 256
[   82.0812] open name host:/log.txt flag 302 data 41378
[   82.0828] open fd = 256
[   82.0947] open name host:/log.txt flag 302 data 41378
[   82.0966] open fd = 256
[   82.0986] open name host:/log.txt flag 302 data 41378
[   82.1005] open fd = 256
[   82.1756] open name host:/log.txt flag 302 data 41378
[   82.1776] open fd = 256
[   82.2758] open name host:/log.txt flag 302 data 41378
[   82.2777] open fd = 256
[   82.2944] open name host:/log.txt flag 302 data 41378
[   82.2963] open fd = 256
[   82.3286] open name host:/livepad.bin flag 1 data 41378
[   82.3435] open fd = -5
[   82.3453] LOG: SKYWARM scene=0 generation=4 count=1152 check=180
[   82.3464] open name host:/log.txt flag 302 data 41378
[   82.3484] open fd = 256
[   82.3505] open name host:/log.txt flag 302 data 41378
[   82.3521] open fd = 256
[   82.3756] open name host:/livepad.bin flag 1 data 41378
[   82.3770] open fd = -5
[   82.3774] open name host:/livedbg.cmd flag 1 data 41378
[   82.3784] open fd = -5
[   82.3803] open name host:/log.txt flag 302 data 41378
[   82.3817] open fd = 256
[   82.3837] open name host:/log.txt flag 302 data 41378
[   82.3854] open fd = 256
[   82.4038] open name host:/livepad.bin flag 1 data 41378
[   82.4051] open fd = -5
[   82.4068] open name host:/log.txt flag 302 data 41378
[   82.4086] open fd = 256
[   82.4104] open name host:/log.txt flag 302 data 41378
[   82.4125] open fd = 256
[   82.4366] open name host:/livepad.bin flag 1 data 41378
[   82.4376] open fd = -5
[   82.4402] open name host:/log.txt flag 302 data 41378
[   82.4419] open fd = 256
[   82.4436] open name host:/log.txt flag 302 data 41378
[   82.4451] open fd = 256
[   82.4624] open name host:/livepad.bin flag 1 data 41378
[   82.4636] open fd = -5
[   82.4653] open name host:/log.txt flag 302 data 41378
[   82.4670] open fd = 256
[   82.4688] open name host:/log.txt flag 302 data 41378
[   82.4705] open fd = 256
[   82.4879] open name host:/livepad.bin flag 1 data 41378
[   82.4891] open fd = -5
[   82.4913] open name host:/log.txt flag 302 data 41378
[   82.4929] open fd = 256
[   82.4945] open name host:/log.txt flag 302 data 41378
[   82.4962] open fd = 256
[   82.5142] open name host:/livepad.bin flag 1 data 41378
[   82.5155] open fd = -5
[   82.5175] open name host:/log.txt flag 302 data 41378
[   82.5193] open fd = 256
[   82.5211] open name host:/log.txt flag 302 data 41378
[   82.5230] open fd = 256
[   82.5409] open name host:/livepad.bin flag 1 data 41378
[   82.5427] open fd = -5
[   82.5430] open name host:/livedbg.cmd flag 1 data 41378
[   82.5441] open fd = -5
[   82.5455] open name host:/log.txt flag 302 data 41378
[   82.5471] open fd = 256
[   82.5490] open name host:/log.txt flag 302 data 41378
[   82.5509] open fd = 256
[   82.5691] open name host:/livepad.bin flag 1 data 41378
[   82.5704] open fd = -5
[   82.5720] open name host:/log.txt flag 302 data 41378
[   82.5737] open fd = 256
[   82.5921] open name host:/livepad.bin flag 1 data 41378
[   82.5932] open fd = -5
[   82.6099] open name host:/livepad.bin flag 1 data 41378
[   82.6111] open fd = -5
[   82.6138] open name host:/log.txt flag 302 data 41378
[   82.6154] open fd = 256
[   82.6434] open name host:/livepad.bin flag 1 data 41378
[   82.6448] open fd = -5
[   82.6634] open name host:/livepad.bin flag 1 data 41378
[   82.6646] open fd = -5
[   82.6844] open name host:/livepad.bin flag 1 data 41378
[   82.6854] open fd = -5
[   82.6858] open name host:/livedbg.cmd flag 1 data 41378
[   82.6867] open fd = -5
[   82.7037] open name host:/livepad.bin flag 1 data 41378
[   82.7049] open fd = -5
[   82.7209] open name host:/livepad.bin flag 1 data 41378
[   82.7224] open fd = -5
[   82.7413] open name host:/livepad.bin flag 1 data 41378
[   82.7427] open fd = -5
[   82.7602] open name host:/livepad.bin flag 1 data 41378
[   82.7614] open fd = -5
[   82.7788] open name host:/livepad.bin flag 1 data 41378
[   82.7800] open fd = -5
[   82.7965] open name host:/livepad.bin flag 1 data 41378
[   82.7977] open fd = -5
[   82.7979] open name host:/livedbg.cmd flag 1 data 41378
[   82.7990] open fd = -5
[   82.8153] open name host:/livepad.bin flag 1 data 41378
[   82.8167] open fd = -5
[   82.8204] open name host:/log.txt flag 302 data 41378
[   82.8219] open fd = 256
[   82.8381] open name host:/livepad.bin flag 1 data 41378
[   82.8393] open fd = -5
[   82.8424] open name host:/log.txt flag 302 data 41378
[   82.8445] open fd = 256
[   82.8601] open name host:/livepad.bin flag 1 data 41378
[   82.8614] open fd = -5
[   82.8642] open name host:/log.txt flag 302 data 41378
[   82.8658] open fd = 256
[   82.8823] open name host:/livepad.bin flag 1 data 41378
[   82.8835] open fd = -5
[   82.9004] open name host:/livepad.bin flag 1 data 41378
[   82.9018] open fd = -5
[   82.9180] open name host:/livepad.bin flag 1 data 41378
[   82.9193] open fd = -5
[   82.9196] open name host:/livedbg.cmd flag 1 data 41378
[   82.9206] open fd = -5
[   82.9373] open name host:/livepad.bin flag 1 data 41378
[   82.9385] open fd = -5
[   82.9553] open name host:/livepad.bin flag 1 data 41378
[   82.9565] open fd = -5
[   82.9736] open name host:/livepad.bin flag 1 data 41378
[   82.9748] open fd = -5
[   82.9923] open name host:/livepad.bin flag 1 data 41378
[   82.9935] open fd = -5
[   83.0102] open name host:/livepad.bin flag 1 data 41378
[   83.0117] open fd = -5
[   83.0284] open name host:/livepad.bin flag 1 data 41378
[   83.0296] open fd = -5
[   83.0300] open name host:/livedbg.cmd flag 1 data 41378
[   83.0310] open fd = -5
[   83.0473] open name host:/livepad.bin flag 1 data 41378
[   83.0486] open fd = -5
[   83.0652] open name host:/livepad.bin flag 1 data 41378
[   83.0665] open fd = -5
[   83.0829] open name host:/livepad.bin flag 1 data 41378
[   83.0842] open fd = -5
[   83.0853] open name host:/log.txt flag 302 data 41378
[   83.0871] open fd = 256
[   83.1058] open name host:/livepad.bin flag 1 data 41378
[   83.1073] open fd = -5
[   83.1250] open name host:/livepad.bin flag 1 data 41378
[   83.1262] open fd = -5
[   83.1431] open name host:/livepad.bin flag 1 data 41378
[   83.1444] open fd = -5
[   83.1447] open name host:/livedbg.cmd flag 1 data 41378
[   83.1457] open fd = -5
[   83.1626] open name host:/livepad.bin flag 1 data 41378
[   83.1638] open fd = -5
[   83.1821] open name host:/livepad.bin flag 1 data 41378
[   83.1834] open fd = -5
[   83.2021] open name host:/livepad.bin flag 1 data 41378
[   83.2035] open fd = -5
[   83.2222] open name host:/livepad.bin flag 1 data 41378
[   83.2238] open fd = -5
[   83.2409] open name host:/livepad.bin flag 1 data 41378
[   83.2423] open fd = -5
[   83.2586] open name host:/livepad.bin flag 1 data 41378
[   83.2599] open fd = -5
[   83.2605] open name host:/livedbg.cmd flag 1 data 41378
[   83.2615] open fd = -5
[   83.2787] open name host:/livepad.bin flag 1 data 41378
[   83.2798] open fd = -5
[   83.2968] open name host:/livepad.bin flag 1 data 41378
[   83.2980] open fd = -5
[   83.3143] open name host:/livepad.bin flag 1 data 41378
[   83.3155] open fd = -5
[   83.3329] open name host:/livepad.bin flag 1 data 41378
[   83.3341] open fd = -5
[   83.3509] open name host:/livepad.bin flag 1 data 41378
[   83.3521] open fd = -5
[   83.3547] open name host:/log.txt flag 302 data 41378
[   83.3565] open fd = 256
[   83.3741] open name host:/livepad.bin flag 1 data 41378
[   83.3752] open fd = -5
[   83.3755] open name host:/livedbg.cmd flag 1 data 41378
[   83.3765] open fd = -5
[   83.3921] open name host:/livepad.bin flag 1 data 41378
[   83.3933] open fd = -5
[   83.4104] open name host:/livepad.bin flag 1 data 41378
[   83.4117] open fd = -5
[   83.4291] open name host:/livepad.bin flag 1 data 41378
[   83.4305] open fd = -5
[   83.4486] open name host:/livepad.bin flag 1 data 41378
[   83.4502] open fd = -5
[   83.4683] open name host:/livepad.bin flag 1 data 41378
[   83.4695] open fd = -5
[   83.4872] open name host:/livepad.bin flag 1 data 41378
[   83.4884] open fd = -5
[   83.4886] open name host:/livedbg.cmd flag 1 data 41378
[   83.4897] open fd = -5
[   83.5085] open name host:/livepad.bin flag 1 data 41378
[   83.5098] open fd = -5
[   83.5275] open name host:/livepad.bin flag 1 data 41378
[   83.5286] open fd = -5
[   83.5455] open name host:/livepad.bin flag 1 data 41378
[   83.5468] open fd = -5
[   83.5633] open name host:/livepad.bin flag 1 data 41378
[   83.5644] open fd = -5
[   83.5658] open name host:/log.txt flag 302 data 41378
[   83.5675] open fd = 256
[   83.5842] open name host:/livepad.bin flag 1 data 41378
[   83.5854] open fd = -5
[   83.6032] open name host:/livepad.bin flag 1 data 41378
[   83.6044] open fd = -5
[   83.6047] open name host:/livedbg.cmd flag 1 data 41378
[   83.6057] open fd = -5
[   83.6234] open name host:/livepad.bin flag 1 data 41378
[   83.6247] open fd = -5
[   83.6415] open name host:/livepad.bin flag 1 data 41378
[   83.6429] open fd = -5
[   83.6596] open name host:/livepad.bin flag 1 data 41378
[   83.6606] open fd = -5
[   83.6779] open name host:/livepad.bin flag 1 data 41378
[   83.6792] open fd = -5
[   83.6978] open name host:/livepad.bin flag 1 data 41378
[   83.6990] open fd = -5
[   83.7173] open name host:/livepad.bin flag 1 data 41378
[   83.7186] open fd = -5
[   83.7189] open name host:/livedbg.cmd flag 1 data 41378
[   83.7199] open fd = -5
[   83.7374] open name host:/livepad.bin flag 1 data 41378
[   83.7387] open fd = -5
[   83.7560] open name host:/livepad.bin flag 1 data 41378
[   83.7576] open fd = -5
[   83.7752] open name host:/livepad.bin flag 1 data 41378
[   83.7765] open fd = -5
[   83.7928] open name host:/livepad.bin flag 1 data 41378
[   83.7941] open fd = -5
[   83.8117] open name host:/livepad.bin flag 1 data 41378
[   83.8132] open fd = -5
[   83.8160] open name host:/log.txt flag 302 data 41378
[   83.8178] open fd = 256
[   83.8331] open name host:/livepad.bin flag 1 data 41378
[   83.8343] open fd = -5
[   83.8346] open name host:/livedbg.cmd flag 1 data 41378
[   83.8355] open fd = -5
[   83.8542] open name host:/livepad.bin flag 1 data 41378
[   83.8556] open fd = -5
[   83.8728] open name host:/livepad.bin flag 1 data 41378
[   83.8739] open fd = -5
[   83.8907] open name host:/livepad.bin flag 1 data 41378
[   83.8921] open fd = -5
[   83.9099] open name host:/livepad.bin flag 1 data 41378
[   83.9112] open fd = -5
[   83.9295] open name host:/livepad.bin flag 1 data 41378
[   83.9307] open fd = -5
[   83.9479] open name host:/livepad.bin flag 1 data 41378
[   83.9495] open fd = -5
[   83.9498] open name host:/livedbg.cmd flag 1 data 41378
[   83.9509] open fd = -5
[   83.9680] open name host:/livepad.bin flag 1 data 41378
[   83.9693] open fd = -5
[   83.9883] open name host:/livepad.bin flag 1 data 41378
[   83.9899] open fd = -5
[   84.0079] open name host:/livepad.bin flag 1 data 41378
[   84.0092] open fd = -5
[   84.0269] open name host:/livepad.bin flag 1 data 41378
[   84.0284] open fd = -5
[   84.0468] open name host:/livepad.bin flag 1 data 41378
[   84.0483] open fd = -5
[   84.0500] open name host:/log.txt flag 302 data 41378
[   84.0518] open fd = 256
[   84.0699] open name host:/livepad.bin flag 1 data 41378
[   84.0713] open fd = -5
[   84.0715] open name host:/livedbg.cmd flag 1 data 41378
[   84.0724] open fd = -5
[   84.0895] open name host:/livepad.bin flag 1 data 41378
[   84.0908] open fd = -5
[   84.1079] open name host:/livepad.bin flag 1 data 41378
[   84.1089] open fd = -5
[   84.1272] FRAMEARENA frames=3840 peak=1045072 resets=7 fallbacks=0 maxFrameBytes=2731360 maxBorrowed=2028560 freeKiB=9364
[   84.1273] NATIVEVIF frames=3840 batches=3847
[   84.1275] ORDEREDFRAME frames=3840 splitFrames=5
[   84.1276] FRAMEPIPELINE starts=3840 dmaBusyStarts=48
[   84.1279] open name host:/livepad.bin flag 1 data 41378
[   84.1291] open fd = -5
[   84.1462] open name host:/livepad.bin flag 1 data 41378
[   84.1474] open fd = -5
[   84.1643] open name host:/livepad.bin flag 1 data 41378
[   84.1656] open fd = -5
[   84.1839] open name host:/livepad.bin flag 1 data 41378
[   84.1851] open fd = -5
[   84.1854] open name host:/livedbg.cmd flag 1 data 41378
[   84.1865] open fd = -5
[   84.2042] open name host:/livepad.bin flag 1 data 41378
[   84.2053] open fd = -5
[   84.2220] open name host:/livepad.bin flag 1 data 41378
[   84.2232] open fd = -5
[   84.2395] open name host:/livepad.bin flag 1 data 41378
[   84.2406] open fd = -5
[   84.2577] open name host:/livepad.bin flag 1 data 41378
[   84.2591] open fd = -5
[   84.2768] open name host:/livepad.bin flag 1 data 41378
[   84.2780] open fd = -5
[   84.2953] open name host:/livepad.bin flag 1 data 41378
[   84.2966] open fd = -5
[   84.2970] open name host:/livedbg.cmd flag 1 data 41378
[   84.2980] open fd = -5
[   84.3142] open name host:/livepad.bin flag 1 data 41378
[   84.3155] open fd = -5
[   84.3320] open name host:/livepad.bin flag 1 data 41378
[   84.3333] open fd = -5
[   84.3513] open name host:/livepad.bin flag 1 data 41378
[   84.3525] open fd = -5
[   84.3704] open name host:/livepad.bin flag 1 data 41378
[   84.3715] open fd = -5
[   84.3888] open name host:/livepad.bin flag 1 data 41378
[   84.3901] open fd = -5
[   84.4069] open name host:/livepad.bin flag 1 data 41378
[   84.4083] open fd = -5
[   84.4087] open name host:/livedbg.cmd flag 1 data 41378
[   84.4100] open fd = -5
[   84.4266] open name host:/livepad.bin flag 1 data 41378
[   84.4276] open fd = -5
[   84.4446] open name host:/livepad.bin flag 1 data 41378
[   84.4457] open fd = -5
[   84.4627] open name host:/livepad.bin flag 1 data 41378
[   84.4638] open fd = -5
[   84.4802] open name host:/livepad.bin flag 1 data 41378
[   84.4817] open fd = -5
[   84.4982] open name host:/livepad.bin flag 1 data 41378
[   84.4995] open fd = -5
[   84.5162] open name host:/livepad.bin flag 1 data 41378
[   84.5175] open fd = -5
[   84.5178] open name host:/livedbg.cmd flag 1 data 41378
[   84.5188] open fd = -5
[   84.5197] open name host:/log.txt flag 302 data 41378
[   84.5214] open fd = 256
[   84.5391] open name host:/livepad.bin flag 1 data 41378
[   84.5407] open fd = -5
[   84.5576] open name host:/livepad.bin flag 1 data 41378
[   84.5589] open fd = -5
[   84.5756] open name host:/livepad.bin flag 1 data 41378
[   84.5769] open fd = -5
[   84.5943] open name host:/livepad.bin flag 1 data 41378
[   84.5955] open fd = -5
[   84.6129] open name host:/livepad.bin flag 1 data 41378
[   84.6140] open fd = -5
[   84.6314] open name host:/livepad.bin flag 1 data 41378
[   84.6329] open fd = -5
[   84.6332] open name host:/livedbg.cmd flag 1 data 41378
[   84.6343] open fd = -5
[   84.6519] open name host:/livepad.bin flag 1 data 41378
[   84.6534] open fd = -5
[   84.6690] open name host:/livepad.bin flag 1 data 41378
[   84.6702] open fd = -5
[   84.6867] open name host:/livepad.bin flag 1 data 41378
[   84.6886] open fd = -5
[   84.7062] open name host:/livepad.bin flag 1 data 41378
[   84.7075] open fd = -5
[   84.7259] open name host:/livepad.bin flag 1 data 41378
[   84.7271] open fd = -5
[   84.7435] open name host:/livepad.bin flag 1 data 41378
[   84.7446] open fd = -5
[   84.7449] open name host:/livedbg.cmd flag 1 data 41378
[   84.7458] open fd = -5
[   84.7627] open name host:/livepad.bin flag 1 data 41378
[   84.7639] open fd = -5
[   84.7667] open name host:/log.txt flag 302 data 41378
[   84.7682] open fd = 256
[   84.7844] open name host:/livepad.bin flag 1 data 41378
[   84.7856] open fd = -5
[   84.8026] open name host:/livepad.bin flag 1 data 41378
[   84.8038] open fd = -5
[   84.8206] open name host:/livepad.bin flag 1 data 41378
[   84.8218] open fd = -5
[   84.8409] open name host:/livepad.bin flag 1 data 41378
[   84.8423] open fd = -5
[   84.8584] open name host:/livepad.bin flag 1 data 41378
[   84.8596] open fd = -5
[   84.8599] open name host:/livedbg.cmd flag 1 data 41378
[   84.8608] open fd = -5
[   84.8773] open name host:/livepad.bin flag 1 data 41378
[   84.8784] open fd = -5
[   84.8966] open name host:/livepad.bin flag 1 data 41378
[   84.8978] open fd = -5
[   84.9143] open name host:/livepad.bin flag 1 data 41378
[   84.9157] open fd = -5
[   84.9340] open name host:/livepad.bin flag 1 data 41378
[   84.9352] open fd = -5
[   84.9518] open name host:/livepad.bin flag 1 data 41378
[   84.9532] open fd = -5
[   84.9690] open name host:/livepad.bin flag 1 data 41378
[   84.9705] open fd = -5
[   84.9708] open name host:/livedbg.cmd flag 1 data 41378
[   84.9718] open fd = -5
[   84.9880] open name host:/livepad.bin flag 1 data 41378
[   84.9895] open fd = -5
[   84.9907] open name host:/log.txt flag 302 data 41378
[   84.9924] open fd = 256
[   85.0094] open name host:/livepad.bin flag 1 data 41378
[   85.0107] open fd = -5
[   85.0268] open name host:/livepad.bin flag 1 data 41378
[   85.0280] open fd = -5
[   85.0447] open name host:/livepad.bin flag 1 data 41378
[   85.0463] open fd = -5
[   85.0636] open name host:/livepad.bin flag 1 data 41378
[   85.0646] open fd = -5
[   85.0811] open name host:/livepad.bin flag 1 data 41378
[   85.0822] open fd = -5
[   85.0825] open name host:/livedbg.cmd flag 1 data 41378
[   85.0834] open fd = -5
[   85.1000] open name host:/livepad.bin flag 1 data 41378
[   85.1014] open fd = -5
[   85.1177] open name host:/livepad.bin flag 1 data 41378
[   85.1190] open fd = -5
[   85.1344] open name host:/livepad.bin flag 1 data 41378
[   85.1356] open fd = -5
[   85.1521] open name host:/livepad.bin flag 1 data 41378
[   85.1534] open fd = -5
[   85.1694] open name host:/livepad.bin flag 1 data 41378
[   85.1706] open fd = -5
[   85.1885] open name host:/livepad.bin flag 1 data 41378
[   85.1897] open fd = -5
[   85.1901] open name host:/livedbg.cmd flag 1 data 41378
[   85.1911] open fd = -5
[   85.2074] open name host:/livepad.bin flag 1 data 41378
[   85.2088] open fd = -5
[   85.2246] open name host:/livepad.bin flag 1 data 41378
[   85.2260] open fd = -5
[   85.2437] open name host:/livepad.bin flag 1 data 41378
[   85.2450] open fd = -5
[   85.2612] open name host:/livepad.bin flag 1 data 41378
[   85.2628] open fd = -5
[   85.2786] open name host:/livepad.bin flag 1 data 41378
[   85.2802] open fd = -5
[   85.2978] open name host:/livepad.bin flag 1 data 41378
[   85.2991] open fd = -5
[   85.2995] open name host:/livedbg.cmd flag 1 data 41378
[   85.3004] open fd = -5
[   85.3169] open name host:/livepad.bin flag 1 data 41378
[   85.3182] open fd = -5
[   85.3353] open name host:/livepad.bin flag 1 data 41378
[   85.3367] open fd = -5
[   85.3521] open name host:/livepad.bin flag 1 data 41378
[   85.3537] open fd = -5
[   85.3708] open name host:/livepad.bin flag 1 data 41378
[   85.3720] open fd = -5
[   85.3874] open name host:/livepad.bin flag 1 data 41378
[   85.3887] open fd = -5
[   85.4057] open name host:/livepad.bin flag 1 data 41378
[   85.4070] open fd = -5
[   85.4075] open name host:/livedbg.cmd flag 1 data 41378
[   85.4087] open fd = -5
[   85.4241] open name host:/livepad.bin flag 1 data 41378
[   85.4254] open fd = -5
[   85.4417] open name host:/livepad.bin flag 1 data 41378
[   85.4430] open fd = -5
[   85.4440] open name host:/log.txt flag 302 data 41378
[   85.4455] open fd = 256
[   85.4621] open name host:/livepad.bin flag 1 data 41378
[   85.4632] open fd = -5
[   85.4793] open name host:/livepad.bin flag 1 data 41378
[   85.4806] open fd = -5
[   85.4972] open name host:/livepad.bin flag 1 data 41378
[   85.4985] open fd = -5
[   85.5153] open name host:/livepad.bin flag 1 data 41378
[   85.5166] open fd = -5
[   85.5169] open name host:/livedbg.cmd flag 1 data 41378
[   85.5180] open fd = -5
[   85.5358] open name host:/livepad.bin flag 1 data 41378
[   85.5373] open fd = -5
[   85.5532] open name host:/livepad.bin flag 1 data 41378
[   85.5547] open fd = -5
[   85.5712] open name host:/livepad.bin flag 1 data 41378
[   85.5723] open fd = -5
[   85.5879] open name host:/livepad.bin flag 1 data 41378
[   85.5893] open fd = -5
[   85.6059] open name host:/livepad.bin flag 1 data 41378
[   85.6072] open fd = -5
[   85.6242] open name host:/livepad.bin flag 1 data 41378
[   85.6255] open fd = -5
[   85.6259] open name host:/livedbg.cmd flag 1 data 41378
[   85.6270] open fd = -5
[   85.6432] open name host:/livepad.bin flag 1 data 41378
[   85.6445] open fd = -5
[   85.6605] open name host:/livepad.bin flag 1 data 41378
[   85.6620] open fd = -5
[   85.6781] open name host:/livepad.bin flag 1 data 41378
[   85.6794] open fd = -5
[   85.6814] open name host:/log.txt flag 302 data 41378
[   85.6829] open fd = 256
[   85.6845] open name host:/log.txt flag 302 data 41378
[   85.6861] open fd = 256
[   85.6894] open name host:/log.txt flag 302 data 41378
[   85.6911] open fd = 256
[   85.7056] open name host:/livepad.bin flag 1 data 41378
[   85.7070] open fd = -5
[   85.7092] open name host:/log.txt flag 302 data 41378
[   85.7112] open fd = 256
[   85.7128] open name host:/log.txt flag 302 data 41378
[   85.7145] open fd = 256
[   85.7309] open name host:/livepad.bin flag 1 data 41378
[   85.7321] open fd = -5
[   85.7347] open name host:/log.txt flag 302 data 41378
[   85.7364] open fd = 256
[   85.7380] open name host:/log.txt flag 302 data 41378
[   85.7396] open fd = 256
[   85.7656] open name host:/livepad.bin flag 1 data 41378
[   85.7670] open fd = -5
[   85.7674] open name host:/livedbg.cmd flag 1 data 41378
[   85.7687] open fd = -5
[   85.7702] open name host:/log.txt flag 302 data 41378
[   85.7718] open fd = 256
[   85.7739] open name host:/log.txt flag 302 data 41378
[   85.7757] open fd = 256
[   85.7917] open name host:/livepad.bin flag 1 data 41378
[   85.7930] open fd = -5
[   85.7941] open name host:/log.txt flag 302 data 41378
[   85.7957] open fd = 256
[   85.7974] open name host:/log.txt flag 302 data 41378
[   85.7990] open fd = 256
[   85.8158] open name host:/livepad.bin flag 1 data 41378
[   85.8172] open fd = -5
[   85.8182] open name host:/log.txt flag 302 data 41378
[   85.8201] open fd = 256
[   85.8220] open name host:/log.txt flag 302 data 41378
[   85.8235] open fd = 256
[   85.8407] open name host:/livepad.bin flag 1 data 41378
[   85.8419] open fd = -5
[   85.8432] open name host:/log.txt flag 302 data 41378
[   85.8451] open fd = 256
[   85.8470] open name host:/log.txt flag 302 data 41378
[   85.8484] open fd = 256
[   85.8667] open name host:/livepad.bin flag 1 data 41378
[   85.8680] open fd = -5
[   85.8691] open name host:/log.txt flag 302 data 41378
[   85.8706] open fd = 256
[   85.8724] open name host:/log.txt flag 302 data 41378
[   85.8739] open fd = 256
[   85.8911] open name host:/livepad.bin flag 1 data 41378
[   85.8925] open fd = -5
[   85.8938] open name host:/log.txt flag 302 data 41378
[   85.8953] open fd = 256
[   85.9125] open name host:/livepad.bin flag 1 data 41378
[   85.9138] open fd = -5
[   85.9141] open name host:/livedbg.cmd flag 1 data 41378
[   85.9150] open fd = -5
[   85.9309] open name host:/livepad.bin flag 1 data 41378
[   85.9322] open fd = -5
[   85.9495] open name host:/livepad.bin flag 1 data 41378
[   85.9510] open fd = -5
[   85.9512] open name host:/log.txt flag 302 data 41378
[   85.9528] open fd = 256
[   85.9689] open name host:/livepad.bin flag 1 data 41378
[   85.9702] open fd = -5
[   85.9883] open name host:/livepad.bin flag 1 data 41378
[   85.9899] open fd = -5
[   86.0049] open name host:/livepad.bin flag 1 data 41378
[   86.0061] open fd = -5
[   86.0222] open name host:/livepad.bin flag 1 data 41378
[   86.0238] open fd = -5
[   86.0241] open name host:/livedbg.cmd flag 1 data 41378
[   86.0252] open fd = -5
[   86.0411] open name host:/livepad.bin flag 1 data 41378
[   86.0424] open fd = -5
[   86.0584] open name host:/livepad.bin flag 1 data 41378
[   86.0598] open fd = -5
[   86.0768] open name host:/livepad.bin flag 1 data 41378
[   86.0781] open fd = -5
[   86.0944] open name host:/livepad.bin flag 1 data 41378
[   86.0959] open fd = -5
[   86.1131] open name host:/livepad.bin flag 1 data 41378
[   86.1144] open fd = -5
[   86.1313] open name host:/livepad.bin flag 1 data 41378
[   86.1326] open fd = -5
[   86.1330] open name host:/livedbg.cmd flag 1 data 41378
[   86.1341] open fd = -5
[   86.1494] open name host:/livepad.bin flag 1 data 41378
[   86.1507] open fd = -5
[   86.1673] open name host:/livepad.bin flag 1 data 41378
[   86.1688] open fd = -5
[   86.1859] open name host:/livepad.bin flag 1 data 41378
[   86.1870] open fd = -5
[   86.2048] open name host:/livepad.bin flag 1 data 41378
[   86.2061] open fd = -5
[   86.2225] open name host:/livepad.bin flag 1 data 41378
[   86.2240] open fd = -5
[   86.2255] open name host:/log.txt flag 302 data 41378
[   86.2271] open fd = 256
[   86.2443] open name host:/livepad.bin flag 1 data 41378
[   86.2457] open fd = -5
[   86.2459] open name host:/livedbg.cmd flag 1 data 41378
[   86.2472] open fd = -5
[   86.2627] open name host:/livepad.bin flag 1 data 41378
[   86.2640] open fd = -5
[   86.2805] open name host:/livepad.bin flag 1 data 41378
[   86.2818] open fd = -5
[   86.2994] open name host:/livepad.bin flag 1 data 41378
[   86.3008] open fd = -5
[   86.3173] open name host:/livepad.bin flag 1 data 41378
[   86.3187] open fd = -5
[   86.3203] open name host:/log.txt flag 302 data 41378
[   86.3222] open fd = 256
[   86.3245] open name host:/log.txt flag 302 data 41378
[   86.3261] open fd = 256
[   86.3424] open name host:/livepad.bin flag 1 data 41378
[   86.3437] open fd = -5
[   86.3456] open name host:/log.txt flag 302 data 41378
[   86.3474] open fd = 256
[   86.3494] open name host:/log.txt flag 302 data 41378
[   86.3512] open fd = 256
[   86.3676] open name host:/livepad.bin flag 1 data 41378
[   86.3689] open fd = -5
[   86.3692] open name host:/livedbg.cmd flag 1 data 41378
[   86.3702] open fd = -5
[   86.3716] open name host:/log.txt flag 302 data 41378
[   86.3732] open fd = 256
[   86.3749] open name host:/log.txt flag 302 data 41378
[   86.3767] open fd = 256
[   86.3802] open name host:/log.txt flag 302 data 41378
[   86.3821] open fd = 256
[   86.3974] open name host:/livepad.bin flag 1 data 41378
[   86.3988] open fd = -5
[   86.4005] open name host:/log.txt flag 302 data 41378
[   86.4024] open fd = 256
[   86.4043] open name host:/log.txt flag 302 data 41378
[   86.4060] open fd = 256
[   86.4243] open name host:/livepad.bin flag 1 data 41378
[   86.4256] open fd = -5
[   86.4269] open name host:/log.txt flag 302 data 41378
[   86.4286] open fd = 256
[   86.4306] open name host:/log.txt flag 302 data 41378
[   86.4323] open fd = 256
[   86.4491] FRAMEARENA frames=3960 peak=1045072 resets=7 fallbacks=0 maxFrameBytes=2731360 maxBorrowed=2028560 freeKiB=9906
[   86.4494] NATIVEVIF frames=3960 batches=3967
[   86.4495] ORDEREDFRAME frames=3960 splitFrames=5
[   86.4497] FRAMEPIPELINE starts=3960 dmaBusyStarts=48
[   86.4500] open name host:/livepad.bin flag 1 data 41378
[   86.4512] open fd = -5
[   86.4515] open name host:/log.txt flag 302 data 41378
[   86.4531] open fd = 256
[   86.4553] open name host:/log.txt flag 302 data 41378
[   86.4572] open fd = 256
[   86.4592] open name host:/log.txt flag 302 data 41378
[   86.4608] open fd = 256
[   86.4783] open name host:/livepad.bin flag 1 data 41378
[   86.4796] open fd = -5
[   86.4806] open name host:/log.txt flag 302 data 41378
[   86.4821] open fd = 256
[   86.4844] open name host:/log.txt flag 302 data 41378
[   86.4861] open fd = 256
[   86.5051] open name host:/livepad.bin flag 1 data 41378
[   86.5064] open fd = -5
[   86.5086] open name host:/log.txt flag 302 data 41378
[   86.5104] open fd = 256
[   86.5122] open name host:/log.txt flag 302 data 41378
[   86.5138] open fd = 256
[   86.5304] open name host:/livepad.bin flag 1 data 41378
[   86.5316] open fd = -5
[   86.5319] open name host:/livedbg.cmd flag 1 data 41378
[   86.5330] open fd = -5
[   86.5506] open name host:/livepad.bin flag 1 data 41378
[   86.5521] open fd = -5
[   86.5693] open name host:/livepad.bin flag 1 data 41378
[   86.5705] open fd = -5
[   86.5715] open name host:/log.txt flag 302 data 41378
[   86.5730] open fd = 256
[   86.5747] open name host:/log.txt flag 302 data 41378
[   86.5763] open fd = 256
[   86.5948] open name host:/livepad.bin flag 1 data 41378
[   86.5963] open fd = -5
[   86.5979] open name host:/gshadow/s0_3_4.png flag 1 data 41378
[   86.6007] open fd = 256
[   86.6015] open name host:/gshadow/s0_3_4.png flag 1 data 41378
[   86.6035] open fd = 256
[   86.6066] open name host:/log.txt flag 302 data 41378
[   86.6085] open fd = 256
[   86.6103] open name host:/gshadow/s0_0_4.png flag 1 data 41378
[   86.6125] open fd = 256
[   86.6133] open name host:/gshadow/s0_0_4.png flag 1 data 41378
[   86.6152] open fd = 256
[   86.6183] open name host:/log.txt flag 302 data 41378
[   86.6198] open fd = 256
[   86.6454] open name host:/livepad.bin flag 1 data 41378
[   86.6467] open fd = -5
[   86.6477] open name host:/log.txt flag 302 data 41378
[   86.6497] open fd = 256
[   86.6674] open name host:/livepad.bin flag 1 data 41378
[   86.6688] open fd = -5
[   86.6890] open name host:/livepad.bin flag 1 data 41378
[   86.6905] open fd = -5
[   86.6909] open name host:/livedbg.cmd flag 1 data 41378
[   86.6920] open fd = -5
[   86.7087] open name host:/livepad.bin flag 1 data 41378
[   86.7101] open fd = -5
[   86.7274] open name host:/livepad.bin flag 1 data 41378
[   86.7287] open fd = -5
[   86.7452] open name host:/livepad.bin flag 1 data 41378
[   86.7465] open fd = -5
[   86.7626] open name host:/livepad.bin flag 1 data 41378
[   86.7639] open fd = -5
[   86.7802] open name host:/livepad.bin flag 1 data 41378
[   86.7815] open fd = -5
[   86.7842] open name host:/log.txt flag 302 data 41378
[   86.7858] open fd = 256
[   86.8013] open name host:/livepad.bin flag 1 data 41378
[   86.8027] open fd = -5
[   86.8030] open name host:/livedbg.cmd flag 1 data 41378
[   86.8042] open fd = -5
[   86.8218] open name host:/livepad.bin flag 1 data 41378
[   86.8231] open fd = -5
[   86.8397] open name host:/livepad.bin flag 1 data 41378
[   86.8412] open fd = -5
[   86.8587] open name host:/livepad.bin flag 1 data 41378
[   86.8602] open fd = -5
[   86.8767] open name host:/livepad.bin flag 1 data 41378
[   86.8780] open fd = -5
[   86.8952] open name host:/livepad.bin flag 1 data 41378
[   86.8965] open fd = -5
[   86.9132] open name host:/livepad.bin flag 1 data 41378
[   86.9145] open fd = -5
[   86.9148] open name host:/livedbg.cmd flag 1 data 41378
[   86.9157] open fd = -5
[   86.9324] open name host:/livepad.bin flag 1 data 41378
[   86.9337] open fd = -5
[   86.9498] open name host:/livepad.bin flag 1 data 41378
[   86.9515] open fd = -5
[   86.9693] open name host:/livepad.bin flag 1 data 41378
[   86.9708] open fd = -5
[   86.9718] open name host:/log.txt flag 302 data 41378
[   86.9737] open fd = 256
[   86.9914] open name host:/livepad.bin flag 1 data 41378
[   86.9927] open fd = -5
[   87.0093] open name host:/livepad.bin flag 1 data 41378
[   87.0107] open fd = -5
[   87.0274] open name host:/livepad.bin flag 1 data 41378
[   87.0286] open fd = -5
[   87.0288] open name host:/livedbg.cmd flag 1 data 41378
[   87.0299] open fd = -5
[   87.0468] open name host:/livepad.bin flag 1 data 41378
[   87.0481] open fd = -5
[   87.0646] open name host:/livepad.bin flag 1 data 41378
[   87.0660] open fd = -5
[   87.0824] open name host:/livepad.bin flag 1 data 41378
[   87.0836] open fd = -5
[   87.1003] open name host:/livepad.bin flag 1 data 41378
[   87.1017] open fd = -5
[   87.1185] open name host:/livepad.bin flag 1 data 41378
[   87.1198] open fd = -5
[   87.1360] open name host:/livepad.bin flag 1 data 41378
[   87.1375] open fd = -5
[   87.1379] open name host:/livedbg.cmd flag 1 data 41378
[   87.1393] open fd = -5
[   87.1572] open name host:/livepad.bin flag 1 data 41378
[   87.1585] open fd = -5
[   87.1743] open name host:/livepad.bin flag 1 data 41378
[   87.1755] open fd = -5
[   87.1918] open name host:/livepad.bin flag 1 data 41378
[   87.1931] open fd = -5
[   87.2090] open name host:/livepad.bin flag 1 data 41378
[   87.2104] open fd = -5
[   87.2274] open name host:/livepad.bin flag 1 data 41378
[   87.2286] open fd = -5
[   87.2451] open name host:/livepad.bin flag 1 data 41378
[   87.2463] open fd = -5
[   87.2469] open name host:/livedbg.cmd flag 1 data 41378
[   87.2480] open fd = -5
[   87.2643] open name host:/livepad.bin flag 1 data 41378
[   87.2656] open fd = -5
[   87.2828] open name host:/livepad.bin flag 1 data 41378
[   87.2844] open fd = -5
[   87.3010] open name host:/livepad.bin flag 1 data 41378
[   87.3024] open fd = -5
[   87.3212] open name host:/livepad.bin flag 1 data 41378
[   87.3226] open fd = -5
[   87.3412] open name host:/livepad.bin flag 1 data 41378
[   87.3426] open fd = -5
[   87.3622] open name host:/livepad.bin flag 1 data 41378
[   87.3638] open fd = -5
[   87.3641] open name host:/livedbg.cmd flag 1 data 41378
[   87.3654] open fd = -5
[   87.3841] open name host:/livepad.bin flag 1 data 41378
[   87.3857] open fd = -5
[   87.4035] open name host:/livepad.bin flag 1 data 41378
[   87.4049] open fd = -5
[   87.4234] open name host:/livepad.bin flag 1 data 41378
[   87.4251] open fd = -5
[   87.4444] open name host:/livepad.bin flag 1 data 41378
[   87.4459] open fd = -5
[   87.4468] open name host:/log.txt flag 302 data 41378
[   87.4485] open fd = 256
[   87.4662] open name host:/livepad.bin flag 1 data 41378
[   87.4677] open fd = -5
[   87.4831] open name host:/livepad.bin flag 1 data 41378
[   87.4846] open fd = -5
[   87.4848] open name host:/livedbg.cmd flag 1 data 41378
[   87.4861] open fd = -5
[   87.5055] open name host:/livepad.bin flag 1 data 41378
[   87.5072] open fd = -5
[   87.5236] open name host:/livepad.bin flag 1 data 41378
[   87.5250] open fd = -5
[   87.5418] open name host:/livepad.bin flag 1 data 41378
[   87.5431] open fd = -5
[   87.5611] open name host:/livepad.bin flag 1 data 41378
[   87.5626] open fd = -5
[   87.5813] open name host:/livepad.bin flag 1 data 41378
[   87.5826] open fd = -5
[   87.6009] open name host:/livepad.bin flag 1 data 41378
[   87.6028] open fd = -5
[   87.6031] open name host:/livedbg.cmd flag 1 data 41378
[   87.6048] open fd = -5
[   87.6244] open name host:/livepad.bin flag 1 data 41378
[   87.6262] open fd = -5
[   87.6445] open name host:/livepad.bin flag 1 data 41378
[   87.6463] open fd = -5
[   87.6662] open name host:/livepad.bin flag 1 data 41378
[   87.6681] open fd = -5
[   87.6876] open name host:/livepad.bin flag 1 data 41378
[   87.6896] open fd = -5
[   87.7072] open name host:/livepad.bin flag 1 data 41378
[   87.7088] open fd = -5
[   87.7252] open name host:/livepad.bin flag 1 data 41378
[   87.7266] open fd = -5
[   87.7269] open name host:/livedbg.cmd flag 1 data 41378
[   87.7283] open fd = -5
[   87.7441] open name host:/livepad.bin flag 1 data 41378
[   87.7455] open fd = -5
[   87.7482] open name host:/log.txt flag 302 data 41378
[   87.7508] open fd = 256
[   87.7666] open name host:/livepad.bin flag 1 data 41378
[   87.7681] open fd = -5
[   87.7842] open name host:/livepad.bin flag 1 data 41378
[   87.7857] open fd = -5
[   87.8034] open name host:/livepad.bin flag 1 data 41378
[   87.8046] open fd = -5
[   87.8217] open name host:/livepad.bin flag 1 data 41378
[   87.8230] open fd = -5
[   87.8389] open name host:/livepad.bin flag 1 data 41378
[   87.8402] open fd = -5
[   87.8407] open name host:/livedbg.cmd flag 1 data 41378
[   87.8418] open fd = -5
[   87.8570] open name host:/livepad.bin flag 1 data 41378
[   87.8585] open fd = -5
[   87.8765] open name host:/livepad.bin flag 1 data 41378
[   87.8782] open fd = -5
[   87.8978] open name host:/livepad.bin flag 1 data 41378
[   87.8994] open fd = -5
[   87.9183] open name host:/livepad.bin flag 1 data 41378
[   87.9201] open fd = -5
[   87.9382] open name host:/livepad.bin flag 1 data 41378
[   87.9397] open fd = -5
[   87.9406] open name host:/log.txt flag 302 data 41378
[   87.9429] open fd = 256
[   87.9641] open name host:/livepad.bin flag 1 data 41378
[   87.9660] open fd = -5
[   87.9664] open name host:/livedbg.cmd flag 1 data 41378
[   87.9677] open fd = -5
[   87.9865] open name host:/livepad.bin flag 1 data 41378
[   87.9883] open fd = -5
[   88.0059] open name host:/livepad.bin flag 1 data 41378
[   88.0077] open fd = -5
[   88.0247] open name host:/livepad.bin flag 1 data 41378
[   88.0264] open fd = -5
[   88.0444] open name host:/livepad.bin flag 1 data 41378
[   88.0459] open fd = -5
[   88.0630] open name host:/livepad.bin flag 1 data 41378
[   88.0647] open fd = -5
[   88.0809] open name host:/livepad.bin flag 1 data 41378
[   88.0826] open fd = -5
[   88.0829] open name host:/livedbg.cmd flag 1 data 41378
[   88.0840] open fd = -5
[   88.0868] open name host:/log.txt flag 302 data 41378
[   88.0890] open fd = 256
[   88.1053] open name host:/livepad.bin flag 1 data 41378
[   88.1073] open fd = -5
[   88.1236] open name host:/livepad.bin flag 1 data 41378
[   88.1250] open fd = -5
[   88.1418] open name host:/livepad.bin flag 1 data 41378
[   88.1431] open fd = -5
[   88.1598] open name host:/livepad.bin flag 1 data 41378
[   88.1614] open fd = -5
[   88.1781] open name host:/livepad.bin flag 1 data 41378
[   88.1796] open fd = -5
[   88.1968] open name host:/livepad.bin flag 1 data 41378
[   88.1981] open fd = -5
[   88.1985] open name host:/livedbg.cmd flag 1 data 41378
[   88.1998] open fd = -5
[   88.2006] open name host:/log.txt flag 302 data 41378
[   88.2025] open fd = 256
[   88.2045] open name host:/log.txt flag 302 data 41378
[   88.2062] open fd = 256
[   88.2228] open name host:/livepad.bin flag 1 data 41378
[   88.2244] open fd = -5
[   88.2256] open name host:/log.txt flag 302 data 41378
[   88.2275] open fd = 256
[   88.2295] open name host:/log.txt flag 302 data 41378
[   88.2312] open fd = 256
[   88.2501] open name host:/livepad.bin flag 1 data 41378
[   88.2516] open fd = -5
[   88.2527] open name host:/log.txt flag 302 data 41378
[   88.2545] open fd = 256
[   88.2567] open name host:/log.txt flag 302 data 41378
[   88.2585] open fd = 256
[   88.2773] open name host:/livepad.bin flag 1 data 41378
[   88.2789] open fd = -5
[   88.2823] open name host:/log.txt flag 302 data 41378
[   88.2847] open fd = 256
[   88.2866] open name host:/log.txt flag 302 data 41378
[   88.2887] open fd = 256
[   88.3186] open name host:/livepad.bin flag 1 data 41378
[   88.3203] open fd = -5
[   88.3215] open name host:/log.txt flag 302 data 41378
[   88.3234] open fd = 256
[   88.3254] open name host:/log.txt flag 302 data 41378
[   88.3283] open fd = 256
[   88.3505] open name host:/livepad.bin flag 1 data 41378
[   88.3523] open fd = -5
[   88.3544] open name host:/log.txt flag 302 data 41378
[   88.3566] open fd = 256
[   88.3747] open name host:/livepad.bin flag 1 data 41378
[   88.3761] open fd = -5
[   88.3766] open name host:/livedbg.cmd flag 1 data 41378
[   88.3778] open fd = -5
[   88.3951] open name host:/livepad.bin flag 1 data 41378
[   88.3966] open fd = -5
[   88.4127] open name host:/livepad.bin flag 1 data 41378
[   88.4142] open fd = -5
[   88.4301] open name host:/livepad.bin flag 1 data 41378
[   88.4318] open fd = -5
[   88.4480] open name host:/livepad.bin flag 1 data 41378
[   88.4494] open fd = -5
[   88.4653] open name host:/livepad.bin flag 1 data 41378
[   88.4667] open fd = -5
[   88.4674] open name host:/log.txt flag 302 data 41378
[   88.4690] open fd = 256
[   88.4861] open name host:/livepad.bin flag 1 data 41378
[   88.4876] open fd = -5
[   88.4879] open name host:/livedbg.cmd flag 1 data 41378
[   88.4894] open fd = -5
[   88.5071] open name host:/livepad.bin flag 1 data 41378
[   88.5088] open fd = -5
[   88.5249] open name host:/livepad.bin flag 1 data 41378
[   88.5264] open fd = -5
[   88.5435] open name host:/livepad.bin flag 1 data 41378
[   88.5449] open fd = -5
[   88.5603] open name host:/livepad.bin flag 1 data 41378
[   88.5615] open fd = -5
[   88.5794] open name host:/livepad.bin flag 1 data 41378
[   88.5807] open fd = -5
[   88.5974] open name host:/livepad.bin flag 1 data 41378
[   88.5988] open fd = -5
[   88.5992] open name host:/livedbg.cmd flag 1 data 41378
[   88.6002] open fd = -5
[   88.6157] open name host:/livepad.bin flag 1 data 41378
[   88.6170] open fd = -5
[   88.6339] open name host:/livepad.bin flag 1 data 41378
[   88.6351] open fd = -5
[   88.6527] open name host:/livepad.bin flag 1 data 41378
[   88.6541] open fd = -5
[   88.6725] open name host:/livepad.bin flag 1 data 41378
[   88.6740] open fd = -5
[   88.6908] open name host:/livepad.bin flag 1 data 41378
[   88.6922] open fd = -5
[   88.7106] open name host:/livepad.bin flag 1 data 41378
[   88.7123] open fd = -5
[   88.7128] open name host:/livedbg.cmd flag 1 data 41378
[   88.7140] open fd = -5
[   88.7320] open name host:/livepad.bin flag 1 data 41378
[   88.7337] open fd = -5
[   88.7516] open name host:/livepad.bin flag 1 data 41378
[   88.7532] open fd = -5
[   88.7707] open name host:/livepad.bin flag 1 data 41378
[   88.7724] open fd = -5
[   88.7762] open name host:/log.txt flag 302 data 41378
[   88.7784] open fd = 256
[   88.7938] open name host:/livepad.bin flag 1 data 41378
[   88.7951] open fd = -5
[   88.8137] open name host:/livepad.bin flag 1 data 41378
[   88.8152] open fd = -5
[   88.8316] open name host:/livepad.bin flag 1 data 41378
[   88.8331] open fd = -5
[   88.8334] open name host:/livedbg.cmd flag 1 data 41378
[   88.8345] open fd = -5
[   88.8512] open name host:/livepad.bin flag 1 data 41378
[   88.8525] open fd = -5
[   88.8690] open name host:/livepad.bin flag 1 data 41378
[   88.8704] open fd = -5
[   88.8877] FRAMEARENA frames=4080 peak=1045072 resets=7 fallbacks=0 maxFrameBytes=2731360 maxBorrowed=2028560 freeKiB=9549
[   88.8879] NATIVEVIF frames=4080 batches=4087
[   88.8881] ORDEREDFRAME frames=4080 splitFrames=5
[   88.8882] FRAMEPIPELINE starts=4080 dmaBusyStarts=48
[   88.8883] open name host:/livepad.bin flag 1 data 41378
[   88.8899] open fd = -5
[   88.9060] open name host:/livepad.bin flag 1 data 41378
[   88.9073] open fd = -5
[   88.9232] open name host:/livepad.bin flag 1 data 41378
[   88.9245] open fd = -5
[   88.9411] open name host:/livepad.bin flag 1 data 41378
[   88.9424] open fd = -5
[   88.9427] open name host:/livedbg.cmd flag 1 data 41378
[   88.9438] open fd = -5
[   88.9440] open name host:/log.txt flag 302 data 41378
[   88.9456] open fd = 256
[   88.9640] open name host:/livepad.bin flag 1 data 41378
[   88.9654] open fd = -5
[   88.9820] open name host:/livepad.bin flag 1 data 41378
[   88.9834] open fd = -5
[   88.9999] open name host:/livepad.bin flag 1 data 41378
[   89.0011] open fd = -5
[   89.0188] open name host:/livepad.bin flag 1 data 41378
[   89.0203] open fd = -5
[   89.0377] open name host:/livepad.bin flag 1 data 41378
[   89.0391] open fd = -5
[   89.0570] open name host:/livepad.bin flag 1 data 41378
[   89.0584] open fd = -5
[   89.0586] open name host:/livedbg.cmd flag 1 data 41378
[   89.0597] open fd = -5
[   89.0764] open name host:/livepad.bin flag 1 data 41378
[   89.0779] open fd = -5
[   89.0941] open name host:/livepad.bin flag 1 data 41378
[   89.0953] open fd = -5
[   89.1115] open name host:/livepad.bin flag 1 data 41378
[   89.1128] open fd = -5
[   89.1305] open name host:/livepad.bin flag 1 data 41378
[   89.1316] open fd = -5
[   89.1500] open name host:/livepad.bin flag 1 data 41378
[   89.1512] open fd = -5
[   89.1691] open name host:/livepad.bin flag 1 data 41378
[   89.1705] open fd = -5
[   89.1709] open name host:/livedbg.cmd flag 1 data 41378
[   89.1719] open fd = -5
[   89.1899] open name host:/livepad.bin flag 1 data 41378
[   89.1913] open fd = -5
[   89.2102] open name host:/livepad.bin flag 1 data 41378
[   89.2122] open fd = -5
[   89.2298] open name host:/livepad.bin flag 1 data 41378
[   89.2317] open fd = -5
[   89.2506] open name host:/livepad.bin flag 1 data 41378
[   89.2523] open fd = -5
[   89.2703] open name host:/livepad.bin flag 1 data 41378
[   89.2718] open fd = -5
[   89.2735] open name host:/log.txt flag 302 data 41378
[   89.2756] open fd = 256
[   89.2950] open name host:/livepad.bin flag 1 data 41378
[   89.2969] open fd = -5
[   89.2973] open name host:/livedbg.cmd flag 1 data 41378
[   89.2989] open fd = -5
[   89.3173] open name host:/livepad.bin flag 1 data 41378
[   89.3186] open fd = -5
[   89.3353] open name host:/livepad.bin flag 1 data 41378
[   89.3368] open fd = -5
[   89.3539] open name host:/livepad.bin flag 1 data 41378
[   89.3556] open fd = -5
[   89.3725] open name host:/livepad.bin flag 1 data 41378
[   89.3739] open fd = -5
[   89.3896] open name host:/livepad.bin flag 1 data 41378
[   89.3911] open fd = -5
[   89.4070] open name host:/livepad.bin flag 1 data 41378
[   89.4085] open fd = -5
[   89.4088] open name host:/livedbg.cmd flag 1 data 41378
[   89.4100] open fd = -5
[   89.4273] open name host:/livepad.bin flag 1 data 41378
[   89.4288] open fd = -5
[   89.4293] open name host:/log.txt flag 302 data 41378
[   89.4309] open fd = 256
[   89.4477] open name host:/livepad.bin flag 1 data 41378
[   89.4491] open fd = -5
[   89.4654] open name host:/livepad.bin flag 1 data 41378
[   89.4666] open fd = -5
[   89.4821] open name host:/livepad.bin flag 1 data 41378
[   89.4834] open fd = -5
[   89.4996] open name host:/livepad.bin flag 1 data 41378
[   89.5009] open fd = -5
[   89.5170] open name host:/livepad.bin flag 1 data 41378
[   89.5184] open fd = -5
[   89.5187] open name host:/livedbg.cmd flag 1 data 41378
[   89.5198] open fd = -5
[   89.5355] open name host:/livepad.bin flag 1 data 41378
[   89.5369] open fd = -5
[   89.5533] open name host:/livepad.bin flag 1 data 41378
[   89.5545] open fd = -5
[   89.5706] open name host:/livepad.bin flag 1 data 41378
[   89.5720] open fd = -5
[   89.5887] open name host:/livepad.bin flag 1 data 41378
[   89.5902] open fd = -5
[   89.6056] open name host:/livepad.bin flag 1 data 41378
[   89.6069] open fd = -5
[   89.6226] open name host:/livepad.bin flag 1 data 41378
[   89.6239] open fd = -5
[   89.6242] open name host:/livedbg.cmd flag 1 data 41378
[   89.6251] open fd = -5
[   89.6407] open name host:/livepad.bin flag 1 data 41378
[   89.6421] open fd = -5
[   89.6598] open name host:/livepad.bin flag 1 data 41378
[   89.6609] open fd = -5
[   89.6781] open name host:/livepad.bin flag 1 data 41378
[   89.6796] open fd = -5
[   89.6968] open name host:/livepad.bin flag 1 data 41378
[   89.6981] open fd = -5
[   89.7144] open name host:/livepad.bin flag 1 data 41378
[   89.7158] open fd = -5
[   89.7180] open name host:/log.txt flag 302 data 41378
[   89.7200] open fd = 256
[   89.7377] open name host:/livepad.bin flag 1 data 41378
[   89.7393] open fd = -5
[   89.7399] open name host:/livedbg.cmd flag 1 data 41378
[   89.7410] open fd = -5
[   89.7588] open name host:/livepad.bin flag 1 data 41378
[   89.7605] open fd = -5
[   89.7772] open name host:/livepad.bin flag 1 data 41378
[   89.7786] open fd = -5
[   89.7984] open name host:/livepad.bin flag 1 data 41378
[   89.8003] open fd = -5
[   89.8184] open name host:/livepad.bin flag 1 data 41378
[   89.8202] open fd = -5
[   89.8382] open name host:/livepad.bin flag 1 data 41378
[   89.8400] open fd = -5
[   89.8592] open name host:/livepad.bin flag 1 data 41378
[   89.8608] open fd = -5
[   89.8612] open name host:/livedbg.cmd flag 1 data 41378
[   89.8629] open fd = -5
[   89.8800] open name host:/livepad.bin flag 1 data 41378
[   89.8816] open fd = -5
[   89.8987] open name host:/livepad.bin flag 1 data 41378
[   89.9004] open fd = -5
[   89.9008] open name host:/log.txt flag 302 data 41378
[   89.9025] open fd = 256
[   89.9213] open name host:/livepad.bin flag 1 data 41378
[   89.9227] open fd = -5
[   89.9385] open name host:/livepad.bin flag 1 data 41378
[   89.9404] open fd = -5
[   89.9561] open name host:/livepad.bin flag 1 data 41378
[   89.9575] open fd = -5
[   89.9738] open name host:/livepad.bin flag 1 data 41378
[   89.9752] open fd = -5
[   89.9755] open name host:/livedbg.cmd flag 1 data 41378
[   89.9766] open fd = -5
[   89.9928] open name host:/livepad.bin flag 1 data 41378
[   89.9945] open fd = -5
[   90.0122] open name host:/livepad.bin flag 1 data 41378
[   90.0136] open fd = -5
[   90.0313] open name host:/livepad.bin flag 1 data 41378
[   90.0328] open fd = -5
[   90.0500] open name host:/livepad.bin flag 1 data 41378
[   90.0514] open fd = -5
[   90.0681] open name host:/livepad.bin flag 1 data 41378
[   90.0696] open fd = -5
[   90.0874] open name host:/livepad.bin flag 1 data 41378
[   90.0890] open fd = -5
[   90.0894] open name host:/livedbg.cmd flag 1 data 41378
[   90.0909] open fd = -5
[   90.1081] open name host:/livepad.bin flag 1 data 41378
[   90.1097] open fd = -5
[   90.1275] open name host:/livepad.bin flag 1 data 41378
[   90.1289] open fd = -5
[   90.1469] open name host:/livepad.bin flag 1 data 41378
[   90.1486] open fd = -5
[   90.1664] open name host:/livepad.bin flag 1 data 41378
[   90.1678] open fd = -5
[   90.1836] open name host:/livepad.bin flag 1 data 41378
[   90.1850] open fd = -5
[   90.2017] open name host:/livepad.bin flag 1 data 41378
[   90.2031] open fd = -5
[   90.2036] open name host:/livedbg.cmd flag 1 data 41378
[   90.2047] open fd = -5
[   90.2210] open name host:/livepad.bin flag 1 data 41378
[   90.2224] open fd = -5
[   90.2381] open name host:/livepad.bin flag 1 data 41378
[   90.2397] open fd = -5
[   90.2563] open name host:/livepad.bin flag 1 data 41378
[   90.2578] open fd = -5
[   90.2765] open name host:/livepad.bin flag 1 data 41378
[   90.2782] open fd = -5
[   90.2965] open name host:/livepad.bin flag 1 data 41378
[   90.2982] open fd = -5
[   90.3155] open name host:/livepad.bin flag 1 data 41378
[   90.3169] open fd = -5
[   90.3172] open name host:/livedbg.cmd flag 1 data 41378
[   90.3183] open fd = -5
[   90.3352] open name host:/livepad.bin flag 1 data 41378
[   90.3371] open fd = -5
[   90.3540] open name host:/livepad.bin flag 1 data 41378
[   90.3554] open fd = -5
[   90.3730] open name host:/livepad.bin flag 1 data 41378
[   90.3745] open fd = -5
[   90.3750] open name host:/log.txt flag 302 data 41378
[   90.3773] open fd = 256
[   90.3971] open name host:/livepad.bin flag 1 data 41378
[   90.3990] open fd = -5
[   90.4178] open name host:/livepad.bin flag 1 data 41378
[   90.4196] open fd = -5
[   90.4373] open name host:/livepad.bin flag 1 data 41378
[   90.4391] open fd = -5
[   90.4394] open name host:/livedbg.cmd flag 1 data 41378
[   90.4407] open fd = -5
[   90.4564] open name host:/livepad.bin flag 1 data 41378
[   90.4579] open fd = -5
[   90.4741] open name host:/livepad.bin flag 1 data 41378
[   90.4755] open fd = -5
[   90.4977] open name host:/livepad.bin flag 1 data 41378
[   90.4993] open fd = -5
[   90.5197] open name host:/livepad.bin flag 1 data 41378
[   90.5215] open fd = -5
[   90.5397] open name host:/livepad.bin flag 1 data 41378
[   90.5415] open fd = -5
[   90.5590] open name host:/livepad.bin flag 1 data 41378
[   90.5604] open fd = -5
[   90.5607] open name host:/livedbg.cmd flag 1 data 41378
[   90.5617] open fd = -5
[   90.5786] open name host:/livepad.bin flag 1 data 41378
[   90.5802] open fd = -5
[   90.5982] open name host:/livepad.bin flag 1 data 41378
[   90.5996] open fd = -5
[   90.6172] open name host:/livepad.bin flag 1 data 41378
[   90.6187] open fd = -5
[   90.6371] open name host:/livepad.bin flag 1 data 41378
[   90.6386] open fd = -5
[   90.6570] open name host:/livepad.bin flag 1 data 41378
[   90.6585] open fd = -5
[   90.6766] open name host:/livepad.bin flag 1 data 41378
[   90.6779] open fd = -5
[   90.6782] open name host:/livedbg.cmd flag 1 data 41378
[   90.6791] open fd = -5
[   90.6949] open name host:/livepad.bin flag 1 data 41378
[   90.6962] open fd = -5
[   90.6984] open name host:/log.txt flag 302 data 41378
[   90.7002] open fd = 256
[   90.7169] open name host:/livepad.bin flag 1 data 41378
[   90.7183] open fd = -5
[   90.7347] open name host:/livepad.bin flag 1 data 41378
[   90.7360] open fd = -5
[   90.7534] open name host:/livepad.bin flag 1 data 41378
[   90.7547] open fd = -5
[   90.7728] open name host:/livepad.bin flag 1 data 41378
[   90.7742] open fd = -5
[   90.7919] open name host:/livepad.bin flag 1 data 41378
[   90.7933] open fd = -5
[   90.7936] open name host:/livedbg.cmd flag 1 data 41378
[   90.7949] open fd = -5
[   90.8128] open name host:/livepad.bin flag 1 data 41378
[   90.8141] open fd = -5
[   90.8317] open name host:/livepad.bin flag 1 data 41378
[   90.8332] open fd = -5
[   90.8508] open name host:/livepad.bin flag 1 data 41378
[   90.8522] open fd = -5
[   90.8703] open name host:/livepad.bin flag 1 data 41378
[   90.8717] open fd = -5
[   90.8722] open name host:/log.txt flag 302 data 41378
[   90.8739] open fd = 256
[   90.8928] open name host:/livepad.bin flag 1 data 41378
[   90.8946] open fd = -5
[   90.9146] open name host:/livepad.bin flag 1 data 41378
[   90.9160] open fd = -5
[   90.9166] open name host:/livedbg.cmd flag 1 data 41378
[   90.9177] open fd = -5
[   90.9346] open name host:/livepad.bin flag 1 data 41378
[   90.9358] open fd = -5
[   90.9519] open name host:/livepad.bin flag 1 data 41378
[   90.9533] open fd = -5
[   90.9696] open name host:/livepad.bin flag 1 data 41378
[   90.9707] open fd = -5
[   90.9880] open name host:/livepad.bin flag 1 data 41378
[   90.9893] open fd = -5
[   91.0064] open name host:/livepad.bin flag 1 data 41378
[   91.0075] open fd = -5
[   91.0230] open name host:/livepad.bin flag 1 data 41378
[   91.0243] open fd = -5
[   91.0246] open name host:/livedbg.cmd flag 1 data 41378
[   91.0255] open fd = -5
[   91.0437] open name host:/livepad.bin flag 1 data 41378
[   91.0457] open fd = -5
[   91.0626] open name host:/livepad.bin flag 1 data 41378
[   91.0643] open fd = -5
[   91.0819] open name host:/livepad.bin flag 1 data 41378
[   91.0835] open fd = -5
[   91.1020] open name host:/livepad.bin flag 1 data 41378
[   91.1034] open fd = -5
[   91.1045] open name host:/log.txt flag 302 data 41378
[   91.1066] open fd = 256
[   91.1084] open name host:/log.txt flag 302 data 41378
[   91.1108] open fd = 256
[   91.1424] open name host:/livepad.bin flag 1 data 41378
[   91.1442] open fd = -5
[   91.1467] open name host:/log.txt flag 302 data 41378
[   91.1488] open fd = 256
[   91.1507] open name host:/log.txt flag 302 data 41378
[   91.1524] open fd = 256
[   91.1813] open name host:/livepad.bin flag 1 data 41378
[   91.1830] open fd = -5
[   91.1836] open name host:/livedbg.cmd flag 1 data 41378
[   91.1848] open fd = -5
[   91.1855] open name host:/log.txt flag 302 data 41378
[   91.1878] open fd = 256
[   91.1901] open name host:/log.txt flag 302 data 41378
[   91.1923] open fd = 256
[   91.2199] open name host:/livepad.bin flag 1 data 41378
[   91.2211] open fd = -5
[   91.2217] open name host:/log.txt flag 302 data 41378
[   91.2233] open fd = 256
[   91.2256] open name host:/log.txt flag 302 data 41378
[   91.2272] open fd = 256
[   91.2549] open name host:/livepad.bin flag 1 data 41378
[   91.2563] open fd = -5
[   91.2576] open name host:/log.txt flag 302 data 41378
[   91.2592] open fd = 256
[   91.2608] open name host:/log.txt flag 302 data 41378
[   91.2623] open fd = 256
[   91.2779] FRAMEARENA frames=4200 peak=1045072 resets=7 fallbacks=0 maxFrameBytes=2731360 maxBorrowed=2028560 freeKiB=10564
[   91.2782] NATIVEVIF frames=4200 batches=4207
[   91.2787] ORDEREDFRAME frames=4200 splitFrames=5
[   91.2789] FRAMEPIPELINE starts=4200 dmaBusyStarts=48
[   91.2790] open name host:/livepad.bin flag 1 data 41378
[   91.2803] open fd = -5
[   91.2808] open name host:/log.txt flag 302 data 41378
[   91.2823] open fd = 256
[   91.2843] open name host:/log.txt flag 302 data 41378
[   91.2859] open fd = 256
[   91.3130] open name host:/livepad.bin flag 1 data 41378
[   91.3143] open fd = -5
[   91.3150] open name host:/log.txt flag 302 data 41378
[   91.3166] open fd = 256
[   91.3187] open name host:/log.txt flag 302 data 41378
[   91.3203] open fd = 256
[   91.3477] open name host:/livepad.bin flag 1 data 41378
[   91.3491] open fd = -5
[   91.3494] open name host:/log.txt flag 302 data 41378
[   91.3510] open fd = 256
[   91.3531] open name host:/log.txt flag 302 data 41378
[   91.3545] open fd = 256
[   91.3561] open name host:/log.txt flag 302 data 41378
[   91.3581] open fd = 256
[   91.3893] open name host:/livepad.bin flag 1 data 41378
[   91.3909] open fd = -5
[   91.3910] open name host:/livedbg.cmd flag 1 data 41378
[   91.3921] open fd = -5
[   91.3930] open name host:/log.txt flag 302 data 41378
[   91.3945] open fd = 256
[   91.3962] open name host:/log.txt flag 302 data 41378
[   91.3977] open fd = 256
[   91.4280] open name host:/livepad.bin flag 1 data 41378
[   91.4296] open fd = -5
[   91.4309] open name host:/log.txt flag 302 data 41378
[   91.4324] open fd = 256
[   91.4345] open name host:/log.txt flag 302 data 41378
[   91.4366] open fd = 256
[   91.4654] open name host:/livepad.bin flag 1 data 41378
[   91.4669] open fd = -5
[   91.4688] open name host:/log.txt flag 302 data 41378
[   91.4704] open fd = 256
[   91.4873] open name host:/livepad.bin flag 1 data 41378
[   91.4885] open fd = -5
[   91.5059] open name host:/livepad.bin flag 1 data 41378
[   91.5075] open fd = -5
[   91.5219] open name host:/livepad.bin flag 1 data 41378
[   91.5231] open fd = -5
[   91.5385] open name host:/livepad.bin flag 1 data 41378
[   91.5398] open fd = -5
[   91.5404] open name host:/livedbg.cmd flag 1 data 41378
[   91.5414] open fd = -5
[   91.5567] open name host:/livepad.bin flag 1 data 41378
[   91.5580] open fd = -5
[   91.5741] open name host:/livepad.bin flag 1 data 41378
[   91.5753] open fd = -5
[   91.5905] open name host:/livepad.bin flag 1 data 41378
[   91.5919] open fd = -5
[   91.6077] open name host:/livepad.bin flag 1 data 41378
[   91.6092] open fd = -5
[   91.6244] open name host:/livepad.bin flag 1 data 41378
[   91.6257] open fd = -5
[   91.6417] open name host:/livepad.bin flag 1 data 41378
[   91.6431] open fd = -5
[   91.6436] open name host:/livedbg.cmd flag 1 data 41378
[   91.6446] open fd = -5
[   91.6596] open name host:/livepad.bin flag 1 data 41378
[   91.6609] open fd = -5
[   91.6757] open name host:/livepad.bin flag 1 data 41378
[   91.6771] open fd = -5
[   91.6967] open name host:/livepad.bin flag 1 data 41378
[   91.6981] open fd = -5
[   91.7149] open name host:/livepad.bin flag 1 data 41378
[   91.7163] open fd = -5
[   91.7327] open name host:/livepad.bin flag 1 data 41378
[   91.7342] open fd = -5
[   91.7509] open name host:/livepad.bin flag 1 data 41378
[   91.7523] open fd = -5
[   91.7528] open name host:/livedbg.cmd flag 1 data 41378
[   91.7538] open fd = -5
[   91.7694] open name host:/livepad.bin flag 1 data 41378
[   91.7709] open fd = -5
[   91.7868] open name host:/livepad.bin flag 1 data 41378
[   91.7889] open fd = -5
[   91.8081] open name host:/livepad.bin flag 1 data 41378
[   91.8100] open fd = -5
[   91.8110] open name host:/log.txt flag 302 data 41378
[   91.8132] open fd = 256
[   91.8186] open name host:/log.txt flag 302 data 41378
[   91.8212] open fd = 256
[   91.8365] open name host:/livepad.bin flag 1 data 41378
[   91.8386] open fd = -5
[   91.8554] open name host:/livepad.bin flag 1 data 41378
[   91.8570] open fd = -5
[   91.8730] open name host:/livepad.bin flag 1 data 41378
[   91.8745] open fd = -5
[   91.8746] open name host:/livedbg.cmd flag 1 data 41378
[   91.8761] open fd = -5
[   91.8909] open name host:/livepad.bin flag 1 data 41378
[   91.8926] open fd = -5
[   91.9088] open name host:/livepad.bin flag 1 data 41378
[   91.9104] open fd = -5
[   91.9256] open name host:/livepad.bin flag 1 data 41378
[   91.9268] open fd = -5
[   91.9418] open name host:/livepad.bin flag 1 data 41378
[   91.9433] open fd = -5
[   91.9594] open name host:/livepad.bin flag 1 data 41378
[   91.9608] open fd = -5
[   91.9758] open name host:/livepad.bin flag 1 data 41378
[   91.9772] open fd = -5
[   91.9777] open name host:/livedbg.cmd flag 1 data 41378
[   91.9789] open fd = -5
[   91.9936] open name host:/livepad.bin flag 1 data 41378
[   91.9947] open fd = -5
[   92.0096] open name host:/livepad.bin flag 1 data 41378
[   92.0109] open fd = -5
[   92.0260] open name host:/livepad.bin flag 1 data 41378
[   92.0273] open fd = -5
[   92.0422] open name host:/livepad.bin flag 1 data 41378
[   92.0433] open fd = -5
[   92.0586] open name host:/livepad.bin flag 1 data 41378
[   92.0599] open fd = -5
[   92.0749] open name host:/livepad.bin flag 1 data 41378
[   92.0762] open fd = -5
[   92.0767] open name host:/livedbg.cmd flag 1 data 41378
[   92.0776] open fd = -5
[   92.0921] open name host:/livepad.bin flag 1 data 41378
[   92.0932] open fd = -5
[   92.1096] open name host:/livepad.bin flag 1 data 41378
[   92.1113] open fd = -5
[   92.1278] open name host:/livepad.bin flag 1 data 41378
[   92.1293] open fd = -5
[   92.1462] open name host:/livepad.bin flag 1 data 41378
[   92.1478] open fd = -5
[   92.1492] open name host:/log.txt flag 302 data 41378
[   92.1513] open fd = 256
[   92.1693] open name host:/livepad.bin flag 1 data 41378
[   92.1709] open fd = -5
[   92.1873] open name host:/livepad.bin flag 1 data 41378
[   92.1887] open fd = -5
[   92.1894] open name host:/livedbg.cmd flag 1 data 41378
[   92.1908] open fd = -5
[   92.2064] open name host:/livepad.bin flag 1 data 41378
[   92.2080] open fd = -5
[   92.2241] open name host:/livepad.bin flag 1 data 41378
[   92.2256] open fd = -5
[   92.2426] open name host:/livepad.bin flag 1 data 41378
[   92.2440] open fd = -5
[   92.2605] open name host:/livepad.bin flag 1 data 41378
[   92.2619] open fd = -5
[   92.2626] open name host:/log.txt flag 302 data 41378
[   92.2647] open fd = 256
[   92.2807] open name host:/livepad.bin flag 1 data 41378
[   92.2820] open fd = -5
[   92.2980] open name host:/livepad.bin flag 1 data 41378
[   92.2994] open fd = -5
[   92.3002] open name host:/livedbg.cmd flag 1 data 41378
[   92.3012] open fd = -5
[   92.3167] open name host:/livepad.bin flag 1 data 41378
[   92.3180] open fd = -5
[   92.3334] open name host:/livepad.bin flag 1 data 41378
[   92.3346] open fd = -5
[   92.3504] open name host:/livepad.bin flag 1 data 41378
[   92.3516] open fd = -5
[   92.3673] open name host:/livepad.bin flag 1 data 41378
[   92.3686] open fd = -5
[   92.3839] open name host:/livepad.bin flag 1 data 41378
[   92.3853] open fd = -5
[   92.4007] open name host:/livepad.bin flag 1 data 41378
[   92.4020] open fd = -5
[   92.4025] open name host:/livedbg.cmd flag 1 data 41378
[   92.4034] open fd = -5
[   92.4180] open name host:/livepad.bin flag 1 data 41378
[   92.4194] open fd = -5
[   92.4351] open name host:/livepad.bin flag 1 data 41378
[   92.4364] open fd = -5
[   92.4505] open name host:/livepad.bin flag 1 data 41378
[   92.4517] open fd = -5
[   92.4672] open name host:/livepad.bin flag 1 data 41378
[   92.4684] open fd = -5
[   92.4833] open name host:/livepad.bin flag 1 data 41378
[   92.4845] open fd = -5
[   92.4998] open name host:/livepad.bin flag 1 data 41378
[   92.5010] open fd = -5
[   92.5015] open name host:/livedbg.cmd flag 1 data 41378
[   92.5026] open fd = -5
[   92.5173] open name host:/livepad.bin flag 1 data 41378
[   92.5187] open fd = -5
[   92.5344] open name host:/livepad.bin flag 1 data 41378
[   92.5355] open fd = -5
[   92.5509] open name host:/livepad.bin flag 1 data 41378
[   92.5522] open fd = -5
[   92.5673] open name host:/livepad.bin flag 1 data 41378
[   92.5684] open fd = -5
[   92.5834] open name host:/livepad.bin flag 1 data 41378
[   92.5848] open fd = -5
[   92.6002] open name host:/livepad.bin flag 1 data 41378
[   92.6017] open fd = -5
[   92.6020] open name host:/livedbg.cmd flag 1 data 41378
[   92.6030] open fd = -5
[   92.6186] open name host:/livepad.bin flag 1 data 41378
[   92.6200] open fd = -5
[   92.6348] open name host:/livepad.bin flag 1 data 41378
[   92.6360] open fd = -5
[   92.6512] open name host:/livepad.bin flag 1 data 41378
[   92.6526] open fd = -5
[   92.6673] open name host:/livepad.bin flag 1 data 41378
[   92.6684] open fd = -5
[   92.6839] open name host:/livepad.bin flag 1 data 41378
[   92.6852] open fd = -5
[   92.6860] open name host:/log.txt flag 302 data 41378
[   92.6875] open fd = 256
[   92.6925] open name host:/log.txt flag 302 data 41378
[   92.6943] open fd = 256
[   92.7068] open name host:/livepad.bin flag 1 data 41378
[   92.7081] open fd = -5
[   92.7086] open name host:/livedbg.cmd flag 1 data 41378
[   92.7100] open fd = -5
[   92.7247] open name host:/livepad.bin flag 1 data 41378
[   92.7259] open fd = -5
[   92.7408] open name host:/livepad.bin flag 1 data 41378
[   92.7420] open fd = -5
[   92.7565] open name host:/livepad.bin flag 1 data 41378
[   92.7577] open fd = -5
[   92.7730] open name host:/livepad.bin flag 1 data 41378
[   92.7744] open fd = -5
[   92.7897] open name host:/livepad.bin flag 1 data 41378
[   92.7910] open fd = -5
[   92.8057] open name host:/livepad.bin flag 1 data 41378
[   92.8070] open fd = -5
[   92.8077] open name host:/livedbg.cmd flag 1 data 41378
[   92.8090] open fd = -5
[   92.8238] open name host:/livepad.bin flag 1 data 41378
[   92.8250] open fd = -5
[   92.8416] open name host:/livepad.bin flag 1 data 41378
[   92.8428] open fd = -5
[   92.8597] open name host:/livepad.bin flag 1 data 41378
[   92.8611] open fd = -5
[   92.8765] open name host:/livepad.bin flag 1 data 41378
[   92.8777] open fd = -5
[   92.8924] open name host:/livepad.bin flag 1 data 41378
[   92.8937] open fd = -5
[   92.9093] open name host:/livepad.bin flag 1 data 41378
[   92.9106] open fd = -5
[   92.9115] open name host:/livedbg.cmd flag 1 data 41378
[   92.9127] open fd = -5
[   92.9273] open name host:/livepad.bin flag 1 data 41378
[   92.9284] open fd = -5
[   92.9452] open name host:/livepad.bin flag 1 data 41378
[   92.9465] open fd = -5
[   92.9617] open name host:/livepad.bin flag 1 data 41378
[   92.9630] open fd = -5
[   92.9783] open name host:/livepad.bin flag 1 data 41378
[   92.9796] open fd = -5
[   92.9947] open name host:/livepad.bin flag 1 data 41378
[   92.9960] open fd = -5
[   93.0112] open name host:/livepad.bin flag 1 data 41378
[   93.0124] open fd = -5
[   93.0129] open name host:/livedbg.cmd flag 1 data 41378
[   93.0139] open fd = -5
[   93.0279] open name host:/livepad.bin flag 1 data 41378
[   93.0291] open fd = -5
[   93.0450] open name host:/livepad.bin flag 1 data 41378
[   93.0462] open fd = -5
[   93.0615] open name host:/livepad.bin flag 1 data 41378
[   93.0627] open fd = -5
[   93.0771] open name host:/livepad.bin flag 1 data 41378
[   93.0785] open fd = -5
[   93.0951] open name host:/livepad.bin flag 1 data 41378
[   93.0966] open fd = -5
[   93.1115] open name host:/livepad.bin flag 1 data 41378
[   93.1130] open fd = -5
[   93.1132] open name host:/livedbg.cmd flag 1 data 41378
[   93.1141] open fd = -5
[   93.1145] open name host:/log.txt flag 302 data 41378
[   93.1161] open fd = 256
[   93.1322] open name host:/livepad.bin flag 1 data 41378
[   93.1335] open fd = -5
[   93.1487] open name host:/livepad.bin flag 1 data 41378
[   93.1503] open fd = -5
[   93.1664] open name host:/livepad.bin flag 1 data 41378
[   93.1677] open fd = -5
[   93.1831] open name host:/livepad.bin flag 1 data 41378
[   93.1843] open fd = -5
[   93.1988] open name host:/livepad.bin flag 1 data 41378
[   93.2001] open fd = -5
[   93.2167] open name host:/livepad.bin flag 1 data 41378
[   93.2180] open fd = -5
[   93.2185] open name host:/livedbg.cmd flag 1 data 41378
[   93.2195] open fd = -5
[   93.2337] open name host:/livepad.bin flag 1 data 41378
[   93.2350] open fd = -5
[   93.2530] open name host:/livepad.bin flag 1 data 41378
[   93.2542] open fd = -5
[   93.2698] open name host:/livepad.bin flag 1 data 41378
[   93.2711] open fd = -5
[   93.2863] open name host:/livepad.bin flag 1 data 41378
[   93.2875] open fd = -5
[   93.3039] open name host:/livepad.bin flag 1 data 41378
[   93.3052] open fd = -5
[   93.3206] open name host:/livepad.bin flag 1 data 41378
[   93.3218] open fd = -5
[   93.3224] open name host:/livedbg.cmd flag 1 data 41378
[   93.3237] open fd = -5
[   93.3376] open name host:/livepad.bin flag 1 data 41378
[   93.3388] open fd = -5
[   93.3548] open name host:/livepad.bin flag 1 data 41378
[   93.3561] open fd = -5
[   93.3708] open name host:/livepad.bin flag 1 data 41378
[   93.3721] open fd = -5
[   93.3874] open name host:/livepad.bin flag 1 data 41378
[   93.3889] open fd = -5
[   93.4061] open name host:/livepad.bin flag 1 data 41378
[   93.4075] open fd = -5
[   93.4226] open name host:/livepad.bin flag 1 data 41378
[   93.4237] open fd = -5
[   93.4242] open name host:/livedbg.cmd flag 1 data 41378
[   93.4252] open fd = -5
[   93.4396] open name host:/livepad.bin flag 1 data 41378
[   93.4408] open fd = -5
[   93.4561] open name host:/livepad.bin flag 1 data 41378
[   93.4575] open fd = -5
[   93.4734] FRAMEARENA frames=4320 peak=1045072 resets=7 fallbacks=0 maxFrameBytes=2731360 maxBorrowed=2028560 freeKiB=11065
[   93.4736] NATIVEVIF frames=4320 batches=4327
[   93.4740] ORDEREDFRAME frames=4320 splitFrames=5
[   93.4742] FRAMEPIPELINE starts=4320 dmaBusyStarts=48
[   93.4743] open name host:/livepad.bin flag 1 data 41378
[   93.4754] open fd = -5
[   93.4904] open name host:/livepad.bin flag 1 data 41378
[   93.4918] open fd = -5
[   93.5056] open name host:/livepad.bin flag 1 data 41378
[   93.5068] open fd = -5
[   93.5222] open name host:/livepad.bin flag 1 data 41378
[   93.5235] open fd = -5
[   93.5240] open name host:/livedbg.cmd flag 1 data 41378
[   93.5249] open fd = -5
[   93.5401] open name host:/livepad.bin flag 1 data 41378
[   93.5416] open fd = -5
[   93.5420] open name host:/log.txt flag 302 data 41378
[   93.5437] open fd = 256
[   93.5487] open name host:/log.txt flag 302 data 41378
[   93.5509] open fd = 256
[   93.5641] open name host:/livepad.bin flag 1 data 41378
[   93.5652] open fd = -5
[   93.5805] open name host:/livepad.bin flag 1 data 41378
[   93.5818] open fd = -5
[   93.5967] open name host:/livepad.bin flag 1 data 41378
[   93.5979] open fd = -5
[   93.6136] open name host:/livepad.bin flag 1 data 41378
[   93.6150] open fd = -5
[   93.6295] open name host:/livepad.bin flag 1 data 41378
[   93.6307] open fd = -5
[   93.6312] open name host:/livedbg.cmd flag 1 data 41378
[   93.6322] open fd = -5
[   93.6474] open name host:/livepad.bin flag 1 data 41378
[   93.6486] open fd = -5
[   93.6637] open name host:/livepad.bin flag 1 data 41378
[   93.6648] open fd = -5
[   93.6800] open name host:/livepad.bin flag 1 data 41378
[   93.6814] open fd = -5
[   93.6978] open name host:/livepad.bin flag 1 data 41378
[   93.6991] open fd = -5
[   93.7150] open name host:/livepad.bin flag 1 data 41378
[   93.7162] open fd = -5
[   93.7317] open name host:/livepad.bin flag 1 data 41378
[   93.7329] open fd = -5
[   93.7334] open name host:/livedbg.cmd flag 1 data 41378
[   93.7343] open fd = -5
[   93.7489] open name host:/livepad.bin flag 1 data 41378
[   93.7501] open fd = -5
[   93.7655] open name host:/livepad.bin flag 1 data 41378
[   93.7667] open fd = -5
[   93.7820] open name host:/livepad.bin flag 1 data 41378
[   93.7833] open fd = -5
[   93.7979] open name host:/livepad.bin flag 1 data 41378
[   93.7991] open fd = -5
[   93.8143] open name host:/livepad.bin flag 1 data 41378
[   93.8157] open fd = -5
[   93.8302] open name host:/livepad.bin flag 1 data 41378
[   93.8314] open fd = -5
[   93.8319] open name host:/livedbg.cmd flag 1 data 41378
[   93.8329] open fd = -5
[   93.8480] open name host:/livepad.bin flag 1 data 41378
[   93.8493] open fd = -5
[   93.8659] open name host:/livepad.bin flag 1 data 41378
[   93.8671] open fd = -5
[   93.8823] open name host:/livepad.bin flag 1 data 41378
[   93.8836] open fd = -5
[   93.8990] open name host:/livepad.bin flag 1 data 41378
[   93.9003] open fd = -5
[   93.9148] open name host:/livepad.bin flag 1 data 41378
[   93.9161] open fd = -5
[   93.9317] open name host:/livepad.bin flag 1 data 41378
[   93.9330] open fd = -5
[   93.9331] open name host:/livedbg.cmd flag 1 data 41378
[   93.9341] open fd = -5
[   93.9492] open name host:/livepad.bin flag 1 data 41378
[   93.9506] open fd = -5
[   93.9661] open name host:/livepad.bin flag 1 data 41378
[   93.9676] open fd = -5
[   93.9681] open name host:/log.txt flag 302 data 41378
[   93.9696] open fd = 256
[   93.9863] open name host:/livepad.bin flag 1 data 41378
[   93.9878] open fd = -5
[   94.0041] open name host:/livepad.bin flag 1 data 41378
[   94.0052] open fd = -5
[   94.0204] open name host:/livepad.bin flag 1 data 41378
[   94.0215] open fd = -5
[   94.0383] open name host:/livepad.bin flag 1 data 41378
[   94.0396] open fd = -5
[   94.0402] open name host:/livedbg.cmd flag 1 data 41378
[   94.0412] open fd = -5
[   94.0564] open name host:/livepad.bin flag 1 data 41378
[   94.0577] open fd = -5
[   94.0727] open name host:/livepad.bin flag 1 data 41378
[   94.0741] open fd = -5
[   94.0895] open name host:/livepad.bin flag 1 data 41378
[   94.0909] open fd = -5
[   94.1066] open name host:/livepad.bin flag 1 data 41378
[   94.1080] open fd = -5
[   94.1236] open name host:/livepad.bin flag 1 data 41378
[   94.1249] open fd = -5
[   94.1409] open name host:/livepad.bin flag 1 data 41378
[   94.1425] open fd = -5
[   94.1430] open name host:/livedbg.cmd flag 1 data 41378
[   94.1441] open fd = -5
[   94.1592] open name host:/livepad.bin flag 1 data 41378
[   94.1604] open fd = -5
[   94.1753] open name host:/livepad.bin flag 1 data 41378
[   94.1766] open fd = -5
[   94.1933] open name host:/livepad.bin flag 1 data 41378
[   94.1945] open fd = -5
[   94.2117] open name host:/livepad.bin flag 1 data 41378
[   94.2131] open fd = -5
[   94.2287] open name host:/livepad.bin flag 1 data 41378
[   94.2300] open fd = -5
[   94.2470] open name host:/livepad.bin flag 1 data 41378
[   94.2483] open fd = -5
[   94.2489] open name host:/livedbg.cmd flag 1 data 41378
[   94.2499] open fd = -5
[   94.2658] open name host:/livepad.bin flag 1 data 41378
[   94.2671] open fd = -5
[   94.2828] open name host:/livepad.bin flag 1 data 41378
[   94.2842] open fd = -5
[   94.2997] open name host:/livepad.bin flag 1 data 41378
[   94.3008] open fd = -5
[   94.3169] open name host:/livepad.bin flag 1 data 41378
[   94.3181] open fd = -5
[   94.3325] open name host:/livepad.bin flag 1 data 41378
[   94.3336] open fd = -5
[   94.3497] open name host:/livepad.bin flag 1 data 41378
[   94.3509] open fd = -5
[   94.3514] open name host:/livedbg.cmd flag 1 data 41378
[   94.3524] open fd = -5
[   94.3672] open name host:/livepad.bin flag 1 data 41378
[   94.3683] open fd = -5
[   94.3829] open name host:/livepad.bin flag 1 data 41378
[   94.3841] open fd = -5
[   94.3997] open name host:/livepad.bin flag 1 data 41378
[   94.4009] open fd = -5
[   94.4016] open name host:/log.txt flag 302 data 41378
[   94.4031] open fd = 256
[   94.4081] open name host:/log.txt flag 302 data 41378
[   94.4100] open fd = 256
[   94.4247] open name host:/livepad.bin flag 1 data 41378
[   94.4259] open fd = -5
[   94.4276] open name host:/log.txt flag 302 data 41378
[   94.4291] open fd = 256
[   94.4308] open name host:/log.txt flag 302 data 41378
[   94.4324] open fd = 256
[   94.4491] open name host:/livepad.bin flag 1 data 41378
[   94.4503] open fd = -5
[   94.4525] open name host:/log.txt flag 302 data 41378
[   94.4541] open fd = 256
[   94.4558] open name host:/log.txt flag 302 data 41378
[   94.4574] open fd = 256
[   94.4723] open name host:/livepad.bin flag 1 data 41378
[   94.4737] open fd = -5
[   94.4740] open name host:/livedbg.cmd flag 1 data 41378
[   94.4750] open fd = -5
[   94.4759] open name host:/log.txt flag 302 data 41378
[   94.4775] open fd = 256
[   94.4797] open name host:/log.txt flag 302 data 41378
[   94.4812] open fd = 256
[   94.4980] open name host:/livepad.bin flag 1 data 41378
[   94.4994] open fd = -5
[   94.5005] open name host:/log.txt flag 302 data 41378
[   94.5020] open fd = 256
[   94.5039] open name host:/log.txt flag 302 data 41378
[   94.5056] open fd = 256
[   94.5230] open name host:/livepad.bin flag 1 data 41378
[   94.5243] open fd = -5
[   94.5252] open name host:/log.txt flag 302 data 41378
[   94.5267] open fd = 256
[   94.5285] open name host:/log.txt flag 302 data 41378
[   94.5301] open fd = 256
[   94.5467] open name host:/livepad.bin flag 1 data 41378
[   94.5480] open fd = -5
[   94.5490] open name host:/log.txt flag 302 data 41378
[   94.5505] open fd = 256
[   94.5523] open name host:/log.txt flag 302 data 41378
[   94.5536] open fd = 256
[   94.5703] open name host:/livepad.bin flag 1 data 41378
[   94.5715] open fd = -5
[   94.5725] open name host:/log.txt flag 302 data 41378
[   94.5742] open fd = 256
[   94.5760] open name host:/log.txt flag 302 data 41378
[   94.5777] open fd = 256
[   94.5941] open name host:/livepad.bin flag 1 data 41378
[   94.5954] open fd = -5
[   94.5964] open name host:/log.txt flag 302 data 41378
[   94.5980] open fd = 256
[   94.6001] open name host:/log.txt flag 302 data 41378
[   94.6015] open fd = 256
[   94.6177] open name host:/livepad.bin flag 1 data 41378
[   94.6189] open fd = -5
[   94.6193] open name host:/livedbg.cmd flag 1 data 41378
[   94.6202] open fd = -5
[   94.6209] open name host:/log.txt flag 302 data 41378
[   94.6225] open fd = 256
[   94.6243] open name host:/log.txt flag 302 data 41378
[   94.6261] open fd = 256
[   94.6426] open name host:/livepad.bin flag 1 data 41378
[   94.6440] open fd = -5
[   94.6451] open name host:/log.txt flag 302 data 41378
[   94.6468] open fd = 256
[   94.6484] open name host:/log.txt flag 302 data 41378
[   94.6500] open fd = 256
[   94.6676] open name host:/livepad.bin flag 1 data 41378
[   94.6690] open fd = -5
[   94.6700] open name host:/log.txt flag 302 data 41378
[   94.6716] open fd = 256
[   94.6899] open name host:/livepad.bin flag 1 data 41378
[   94.6914] open fd = -5
[   94.7061] open name host:/livepad.bin flag 1 data 41378
[   94.7073] open fd = -5
[   94.7230] open name host:/livepad.bin flag 1 data 41378
[   94.7241] open fd = -5
[   94.7402] open name host:/livepad.bin flag 1 data 41378
[   94.7414] open fd = -5
[   94.7418] open name host:/livedbg.cmd flag 1 data 41378
[   94.7428] open fd = -5
[   94.7588] open name host:/livepad.bin flag 1 data 41378
[   94.7600] open fd = -5
[   94.7750] open name host:/livepad.bin flag 1 data 41378
[   94.7763] open fd = -5
[   94.7921] open name host:/livepad.bin flag 1 data 41378
[   94.7934] open fd = -5
[   94.8097] open name host:/livepad.bin flag 1 data 41378
[   94.8111] open fd = -5
[   94.8262] open name host:/livepad.bin flag 1 data 41378
[   94.8274] open fd = -5
[   94.8428] open name host:/livepad.bin flag 1 data 41378
[   94.8441] open fd = -5
[   94.8443] open name host:/livedbg.cmd flag 1 data 41378
[   94.8452] open fd = -5
[   94.8612] open name host:/livepad.bin flag 1 data 41378
[   94.8624] open fd = -5
[   94.8787] open name host:/livepad.bin flag 1 data 41378
[   94.8800] open fd = -5
[   94.8955] open name host:/livepad.bin flag 1 data 41378
[   94.8968] open fd = -5
[   94.9139] open name host:/livepad.bin flag 1 data 41378
[   94.9158] open fd = -5
[   94.9163] open name host:/log.txt flag 302 data 41378
[   94.9177] open fd = 256
[   94.9355] open name host:/livepad.bin flag 1 data 41378
[   94.9367] open fd = -5
[   94.9543] open name host:/livepad.bin flag 1 data 41378
[   94.9556] open fd = -5
[   94.9560] open name host:/livedbg.cmd flag 1 data 41378
[   94.9570] open fd = -5
[   94.9724] open name host:/livepad.bin flag 1 data 41378
[   94.9735] open fd = -5
[   94.9892] open name host:/livepad.bin flag 1 data 41378
[   94.9905] open fd = -5
[   95.0089] open name host:/livepad.bin flag 1 data 41378
[   95.0102] open fd = -5
[   95.0254] open name host:/livepad.bin flag 1 data 41378
[   95.0265] open fd = -5
[   95.0422] open name host:/livepad.bin flag 1 data 41378
[   95.0433] open fd = -5
[   95.0590] open name host:/livepad.bin flag 1 data 41378
[   95.0601] open fd = -5
[   95.0604] open name host:/livedbg.cmd flag 1 data 41378
[   95.0614] open fd = -5
[   95.0772] open name host:/livepad.bin flag 1 data 41378
[   95.0785] open fd = -5
[   95.0935] open name host:/livepad.bin flag 1 data 41378
[   95.0948] open fd = -5
[   95.1101] open name host:/livepad.bin flag 1 data 41378
[   95.1113] open fd = -5
[   95.1270] open name host:/livepad.bin flag 1 data 41378
[   95.1281] open fd = -5
[   95.1431] open name host:/livepad.bin flag 1 data 41378
[   95.1444] open fd = -5
[   95.1597] open name host:/livepad.bin flag 1 data 41378
[   95.1608] open fd = -5
[   95.1610] open name host:/livedbg.cmd flag 1 data 41378
[   95.1621] open fd = -5
[   95.1781] open name host:/livepad.bin flag 1 data 41378
[   95.1796] open fd = -5
[   95.1967] open name host:/livepad.bin flag 1 data 41378
[   95.1980] open fd = -5
[   95.2135] open name host:/livepad.bin flag 1 data 41378
[   95.2148] open fd = -5
[   95.2305] open name host:/livepad.bin flag 1 data 41378
[   95.2316] open fd = -5
[   95.2467] open name host:/livepad.bin flag 1 data 41378
[   95.2478] open fd = -5
[   95.2632] open name host:/livepad.bin flag 1 data 41378
[   95.2645] open fd = -5
[   95.2648] open name host:/livedbg.cmd flag 1 data 41378
[   95.2657] open fd = -5
[   95.2815] open name host:/livepad.bin flag 1 data 41378
[   95.2830] open fd = -5
[   95.2982] open name host:/livepad.bin flag 1 data 41378
[   95.2995] open fd = -5
[   95.3150] open name host:/livepad.bin flag 1 data 41378
[   95.3163] open fd = -5
[   95.3318] open name host:/livepad.bin flag 1 data 41378
[   95.3332] open fd = -5
[   95.3346] open name host:/log.txt flag 302 data 41378
[   95.3361] open fd = 256
[   95.3525] open name host:/livepad.bin flag 1 data 41378
[   95.3538] open fd = -5
[   95.3544] open name host:/log.txt flag 302 data 41378
[   95.3558] open fd = 256
[   95.3592] open name host:/log.txt flag 302 data 41378
[   95.3611] open fd = 256
[   95.3760] open name host:/livepad.bin flag 1 data 41378
[   95.3774] open fd = -5
[   95.3779] open name host:/livedbg.cmd flag 1 data 41378
[   95.3791] open fd = -5
[   95.3944] open name host:/livepad.bin flag 1 data 41378
[   95.3957] open fd = -5
[   95.4116] open name host:/livepad.bin flag 1 data 41378
[   95.4129] open fd = -5
[   95.4282] open name host:/livepad.bin flag 1 data 41378
[   95.4296] open fd = -5
[   95.4467] open name host:/livepad.bin flag 1 data 41378
[   95.4481] open fd = -5
[   95.4632] open name host:/livepad.bin flag 1 data 41378
[   95.4644] open fd = -5
[   95.4812] open name host:/livepad.bin flag 1 data 41378
[   95.4825] open fd = -5
[   95.4827] open name host:/livedbg.cmd flag 1 data 41378
[   95.4838] open fd = -5
[   95.4991] open name host:/livepad.bin flag 1 data 41378
[   95.5004] open fd = -5
[   95.5178] open name host:/livepad.bin flag 1 data 41378
[   95.5191] open fd = -5
[   95.5342] open name host:/livepad.bin flag 1 data 41378
[   95.5353] open fd = -5
[   95.5507] open name host:/livepad.bin flag 1 data 41378
[   95.5522] open fd = -5
[   95.5584] open name host:/log.txt flag 302 data 41378
[   95.5600] open fd = 256
[   95.5732] open name host:/log.txt flag 302 data 41378
[   95.5749] open fd = 256
[   95.5957] open name host:/livepad.bin flag 1 data 41378
[   95.5972] open fd = -5
[   95.6128] open name host:/livepad.bin flag 1 data 41378
[   95.6140] open fd = -5
[   95.6143] open name host:/livedbg.cmd flag 1 data 41378
[   95.6152] open fd = -5
[   95.6305] open name host:/livepad.bin flag 1 data 41378
[   95.6317] open fd = -5
[   95.6478] open name host:/livepad.bin flag 1 data 41378
[   95.6491] open fd = -5
[   95.6642] FRAMEARENA frames=4440 peak=1045072 resets=7 fallbacks=0 maxFrameBytes=2731360 maxBorrowed=2028560 freeKiB=10206
[   95.6644] NATIVEVIF frames=4440 batches=4447
[   95.6646] ORDEREDFRAME frames=4440 splitFrames=5
[   95.6647] FRAMEPIPELINE starts=4440 dmaBusyStarts=48
[   95.6648] open name host:/livepad.bin flag 1 data 41378
[   95.6660] open fd = -5
[   95.6812] open name host:/livepad.bin flag 1 data 41378
[   95.6824] open fd = -5
[   95.6973] open name host:/livepad.bin flag 1 data 41378
[   95.6987] open fd = -5
[   95.7144] open name host:/livepad.bin flag 1 data 41378
[   95.7156] open fd = -5
[   95.7160] open name host:/livedbg.cmd flag 1 data 41378
[   95.7169] open fd = -5
[   95.7325] open name host:/livepad.bin flag 1 data 41378
[   95.7336] open fd = -5
[   95.7505] open name host:/livepad.bin flag 1 data 41378
[   95.7520] open fd = -5
[   95.7692] open name host:/livepad.bin flag 1 data 41378
[   95.7703] open fd = -5
[   95.7858] open name host:/livepad.bin flag 1 data 41378
[   95.7872] open fd = -5
[   95.7876] open name host:/log.txt flag 302 data 41378
[   95.7890] open fd = 256
[   95.8071] open name host:/livepad.bin flag 1 data 41378
[   95.8086] open fd = -5
[   95.8250] open name host:/livepad.bin flag 1 data 41378
[   95.8262] open fd = -5
[   95.8265] open name host:/livedbg.cmd flag 1 data 41378
[   95.8274] open fd = -5
[   95.8430] open name host:/livepad.bin flag 1 data 41378
[   95.8443] open fd = -5
[   95.8599] open name host:/livepad.bin flag 1 data 41378
[   95.8610] open fd = -5
[   95.8767] open name host:/livepad.bin flag 1 data 41378
[   95.8779] open fd = -5
[   95.8933] open name host:/livepad.bin flag 1 data 41378
[   95.8947] open fd = -5
[   95.9102] open name host:/livepad.bin flag 1 data 41378
[   95.9115] open fd = -5
[   95.9266] open name host:/livepad.bin flag 1 data 41378
[   95.9280] open fd = -5
[   95.9282] open name host:/livedbg.cmd flag 1 data 41378
[   95.9291] open fd = -5
[   95.9448] open name host:/livepad.bin flag 1 data 41378
[   95.9466] open fd = -5
[   95.9618] open name host:/livepad.bin flag 1 data 41378
[   95.9632] open fd = -5
[   95.9783] open name host:/livepad.bin flag 1 data 41378
[   95.9794] open fd = -5
[   95.9967] open name host:/livepad.bin flag 1 data 41378
[   95.9979] open fd = -5
[   96.0135] open name host:/livepad.bin flag 1 data 41378
[   96.0148] open fd = -5
[   96.0306] open name host:/livepad.bin flag 1 data 41378
[   96.0320] open fd = -5
[   96.0322] open name host:/livedbg.cmd flag 1 data 41378
[   96.0331] open fd = -5
[   96.0487] open name host:/livepad.bin flag 1 data 41378
[   96.0501] open fd = -5
[   96.0667] open name host:/livepad.bin flag 1 data 41378
[   96.0678] open fd = -5
[   96.0836] open name host:/livepad.bin flag 1 data 41378
[   96.0850] open fd = -5
[   96.1009] open name host:/livepad.bin flag 1 data 41378
[   96.1021] open fd = -5
[   96.1179] open name host:/livepad.bin flag 1 data 41378
[   96.1190] open fd = -5
[   96.1352] open name host:/livepad.bin flag 1 data 41378
[   96.1364] open fd = -5
[   96.1366] open name host:/livedbg.cmd flag 1 data 41378
[   96.1376] open fd = -5
[   96.1534] open name host:/livepad.bin flag 1 data 41378
[   96.1547] open fd = -5
[   96.1699] open name host:/livepad.bin flag 1 data 41378
[   96.1711] open fd = -5
[   96.1869] open name host:/livepad.bin flag 1 data 41378
[   96.1882] open fd = -5
[   96.2051] open name host:/livepad.bin flag 1 data 41378
[   96.2064] open fd = -5
[   96.2215] open name host:/livepad.bin flag 1 data 41378
[   96.2230] open fd = -5
[   96.2235] open name host:/log.txt flag 302 data 41378
[   96.2252] open fd = 256
[   96.2424] open name host:/livepad.bin flag 1 data 41378
[   96.2437] open fd = -5
[   96.2439] open name host:/livedbg.cmd flag 1 data 41378
[   96.2449] open fd = -5
[   96.2600] open name host:/livepad.bin flag 1 data 41378
[   96.2614] open fd = -5
[   96.2633] open name host:/log.txt flag 302 data 41378
[   96.2649] open fd = 256
[   96.2805] open name host:/livepad.bin flag 1 data 41378
[   96.2818] open fd = -5
[   96.2969] open name host:/livepad.bin flag 1 data 41378
[   96.2983] open fd = -5
[   96.3134] open name host:/livepad.bin flag 1 data 41378
[   96.3147] open fd = -5
[   96.3319] open name host:/livepad.bin flag 1 data 41378
[   96.3333] open fd = -5
[   96.3486] open name host:/livepad.bin flag 1 data 41378
[   96.3500] open fd = -5
[   96.3503] open name host:/livedbg.cmd flag 1 data 41378
[   96.3515] open fd = -5
[   96.3677] open name host:/livepad.bin flag 1 data 41378
[   96.3689] open fd = -5
[   96.3850] open name host:/livepad.bin flag 1 data 41378
[   96.3863] open fd = -5
[   96.4031] open name host:/livepad.bin flag 1 data 41378
[   96.4043] open fd = -5
[   96.4195] open name host:/livepad.bin flag 1 data 41378
[   96.4207] open fd = -5
[   96.4365] open name host:/livepad.bin flag 1 data 41378
[   96.4379] open fd = -5
[   96.4532] open name host:/livepad.bin flag 1 data 41378
[   96.4545] open fd = -5
[   96.4547] open name host:/livedbg.cmd flag 1 data 41378
[   96.4558] open fd = -5
[   96.4715] open name host:/livepad.bin flag 1 data 41378
[   96.4727] open fd = -5
[   96.4882] open name host:/livepad.bin flag 1 data 41378
[   96.4897] open fd = -5
[   96.5057] open name host:/livepad.bin flag 1 data 41378
[   96.5073] open fd = -5
[   96.5223] open name host:/livepad.bin flag 1 data 41378
[   96.5240] open fd = -5
[   96.5387] open name host:/livepad.bin flag 1 data 41378
[   96.5400] open fd = -5
[   96.5548] open name host:/livepad.bin flag 1 data 41378
[   96.5562] open fd = -5
[   96.5566] open name host:/livedbg.cmd flag 1 data 41378
[   96.5579] open fd = -5
[   96.5731] open name host:/livepad.bin flag 1 data 41378
[   96.5743] open fd = -5
[   96.5897] open name host:/livepad.bin flag 1 data 41378
[   96.5911] open fd = -5
[   96.6070] open name host:/livepad.bin flag 1 data 41378
[   96.6083] open fd = -5
[   96.6235] open name host:/livepad.bin flag 1 data 41378
[   96.6246] open fd = -5
[   96.6402] open name host:/livepad.bin flag 1 data 41378
[   96.6414] open fd = -5
[   96.6571] open name host:/livepad.bin flag 1 data 41378
[   96.6584] open fd = -5
[   96.6587] open name host:/livedbg.cmd flag 1 data 41378
[   96.6598] open fd = -5
[   96.6601] open name host:/log.txt flag 302 data 41378
[   96.6616] open fd = 256
[   96.6790] open name host:/livepad.bin flag 1 data 41378
[   96.6803] open fd = -5
[   96.6961] open name host:/livepad.bin flag 1 data 41378
[   96.6980] open fd = -5
[   96.7155] open name host:/livepad.bin flag 1 data 41378
[   96.7167] open fd = -5
[   96.7331] open name host:/livepad.bin flag 1 data 41378
[   96.7343] open fd = -5
[   96.7505] open name host:/livepad.bin flag 1 data 41378
[   96.7519] open fd = -5
[   96.7679] open name host:/livepad.bin flag 1 data 41378
[   96.7692] open fd = -5
[   96.7695] open name host:/livedbg.cmd flag 1 data 41378
[   96.7704] open fd = -5
[   96.7857] open name host:/livepad.bin flag 1 data 41378
[   96.7870] open fd = -5
[   96.8025] open name host:/livepad.bin flag 1 data 41378
[   96.8039] open fd = -5
[   96.8198] open name host:/livepad.bin flag 1 data 41378
[   96.8210] open fd = -5
[   96.8380] open name host:/livepad.bin flag 1 data 41378
[   96.8391] open fd = -5
[   96.8669] open name host:/livepad.bin flag 1 data 41378
[   96.8683] open fd = -5
[   96.8903] open name host:/livepad.bin flag 1 data 41378
[   96.8916] open fd = -5
[   96.8919] open name host:/livedbg.cmd flag 1 data 41378
[   96.8930] open fd = -5
[   96.9082] open name host:/livepad.bin flag 1 data 41378
[   96.9096] open fd = -5
[   96.9267] open name host:/livepad.bin flag 1 data 41378
[   96.9278] open fd = -5
[   96.9444] open name host:/livepad.bin flag 1 data 41378
[   96.9456] open fd = -5
[   96.9615] open name host:/livepad.bin flag 1 data 41378
[   96.9629] open fd = -5
[   96.9782] open name host:/livepad.bin flag 1 data 41378
[   96.9795] open fd = -5
[   96.9958] open name host:/livepad.bin flag 1 data 41378
[   96.9970] open fd = -5
[   96.9974] open name host:/livedbg.cmd flag 1 data 41378
[   96.9984] open fd = -5
[   97.0138] open name host:/livepad.bin flag 1 data 41378
[   97.0151] open fd = -5
[   97.0309] open name host:/livepad.bin flag 1 data 41378
[   97.0322] open fd = -5
[   97.0483] open name host:/livepad.bin flag 1 data 41378
[   97.0499] open fd = -5
[   97.0663] open name host:/livepad.bin flag 1 data 41378
[   97.0676] open fd = -5
[   97.0839] open name host:/livepad.bin flag 1 data 41378
[   97.0852] open fd = -5
[   97.1016] open name host:/livepad.bin flag 1 data 41378
[   97.1028] open fd = -5
[   97.1031] open name host:/livedbg.cmd flag 1 data 41378
[   97.1040] open fd = -5
[   97.1205] open name host:/livepad.bin flag 1 data 41378
[   97.1218] open fd = -5
[   97.1223] open name host:/log.txt flag 302 data 41378
[   97.1240] open fd = 256
[   97.1413] open name host:/livepad.bin flag 1 data 41378
[   97.1426] open fd = -5
[   97.1583] open name host:/livepad.bin flag 1 data 41378
[   97.1596] open fd = -5
[   97.1616] open name host:/log.txt flag 302 data 41378
[   97.1633] open fd = 256
[   97.1788] open name host:/livepad.bin flag 1 data 41378
[   97.1803] open fd = -5
[   97.1968] open name host:/livepad.bin flag 1 data 41378
[   97.1981] open fd = -5
[   97.2158] open name host:/livepad.bin flag 1 data 41378
[   97.2171] open fd = -5
[   97.2174] open name host:/livedbg.cmd flag 1 data 41378
[   97.2184] open fd = -5
[   97.2333] open name host:/livepad.bin flag 1 data 41378
[   97.2344] open fd = -5
[   97.2496] open name host:/livepad.bin flag 1 data 41378
[   97.2508] open fd = -5
[   97.2680] open name host:/livepad.bin flag 1 data 41378
[   97.2691] open fd = -5
[   97.2862] open name host:/livepad.bin flag 1 data 41378
[   97.2875] open fd = -5
[   97.3043] open name host:/livepad.bin flag 1 data 41378
[   97.3055] open fd = -5
[   97.3217] open name host:/livepad.bin flag 1 data 41378
[   97.3231] open fd = -5
[   97.3234] open name host:/livedbg.cmd flag 1 data 41378
[   97.3243] open fd = -5
[   97.3394] open name host:/livepad.bin flag 1 data 41378
[   97.3405] open fd = -5
[   97.3570] open name host:/livepad.bin flag 1 data 41378
[   97.3585] open fd = -5
[   97.3742] open name host:/livepad.bin flag 1 data 41378
[   97.3754] open fd = -5
[   97.3911] open name host:/livepad.bin flag 1 data 41378
[   97.3925] open fd = -5
[   97.4083] open name host:/livepad.bin flag 1 data 41378
[   97.4095] open fd = -5
[   97.4269] open name host:/livepad.bin flag 1 data 41378
[   97.4282] open fd = -5
[   97.4285] open name host:/livedbg.cmd flag 1 data 41378
[   97.4296] open fd = -5
[   97.4466] open name host:/livepad.bin flag 1 data 41378
[   97.4480] open fd = -5
[   97.4632] open name host:/livepad.bin flag 1 data 41378
[   97.4644] open fd = -5
[   97.4800] open name host:/livepad.bin flag 1 data 41378
[   97.4814] open fd = -5
[   97.4973] open name host:/livepad.bin flag 1 data 41378
[   97.4985] open fd = -5
[   97.5142] open name host:/livepad.bin flag 1 data 41378
[   97.5154] open fd = -5
[   97.5313] open name host:/livepad.bin flag 1 data 41378
[   97.5325] open fd = -5
[   97.5327] open name host:/livedbg.cmd flag 1 data 41378
[   97.5337] open fd = -5
[   97.5491] open name host:/livepad.bin flag 1 data 41378
[   97.5505] open fd = -5
[   97.5655] open name host:/livepad.bin flag 1 data 41378
[   97.5667] open fd = -5
[   97.5672] open name host:/log.txt flag 302 data 41378
[   97.5689] open fd = 256
[   97.5850] open name host:/livepad.bin flag 1 data 41378
[   97.5863] open fd = -5
[   97.6030] open name host:/livepad.bin flag 1 data 41378
[   97.6042] open fd = -5
[   97.6206] open name host:/livepad.bin flag 1 data 41378
[   97.6218] open fd = -5
[   97.6377] open name host:/livepad.bin flag 1 data 41378
[   97.6390] open fd = -5
[   97.6393] open name host:/livedbg.cmd flag 1 data 41378
[   97.6403] open fd = -5
[   97.6553] open name host:/livepad.bin flag 1 data 41378
[   97.6566] open fd = -5
[   97.6727] open name host:/livepad.bin flag 1 data 41378
[   97.6739] open fd = -5
[   97.6889] open name host:/livepad.bin flag 1 data 41378
[   97.6904] open fd = -5
[   97.7071] open name host:/livepad.bin flag 1 data 41378
[   97.7085] open fd = -5
[   97.7243] open name host:/livepad.bin flag 1 data 41378
[   97.7258] open fd = -5
[   97.7412] open name host:/livepad.bin flag 1 data 41378
[   97.7425] open fd = -5
[   97.7429] open name host:/livedbg.cmd flag 1 data 41378
[   97.7439] open fd = -5
[   97.7589] open name host:/livepad.bin flag 1 data 41378
[   97.7602] open fd = -5
[   97.7760] open name host:/livepad.bin flag 1 data 41378
[   97.7774] open fd = -5
[   97.7940] FRAMEARENA frames=4560 peak=1045072 resets=7 fallbacks=0 maxFrameBytes=2731360 maxBorrowed=2028560 freeKiB=10244
[   97.7942] NATIVEVIF frames=4560 batches=4567
[   97.7944] ORDEREDFRAME frames=4560 splitFrames=5
[   97.7945] FRAMEPIPELINE starts=4560 dmaBusyStarts=48
[   97.7946] open name host:/livepad.bin flag 1 data 41378
[   97.7958] open fd = -5
[   97.8116] open name host:/livepad.bin flag 1 data 41378
[   97.8129] open fd = -5
[   97.8285] open name host:/livepad.bin flag 1 data 41378
[   97.8297] open fd = -5
[   97.8459] open name host:/livepad.bin flag 1 data 41378
[   97.8471] open fd = -5
[   97.8474] open name host:/livedbg.cmd flag 1 data 41378
[   97.8484] open fd = -5
[   97.8643] open name host:/livepad.bin flag 1 data 41378
[   97.8656] open fd = -5
[   97.8815] open name host:/livepad.bin flag 1 data 41378
[   97.8828] open fd = -5
[   97.8989] open name host:/livepad.bin flag 1 data 41378
[   97.9003] open fd = -5
[   97.9173] open name host:/livepad.bin flag 1 data 41378
[   97.9186] open fd = -5
[   97.9351] open name host:/livepad.bin flag 1 data 41378
[   97.9365] open fd = -5
[   97.9528] open name host:/livepad.bin flag 1 data 41378
[   97.9540] open fd = -5
[   97.9544] open name host:/livedbg.cmd flag 1 data 41378
[   97.9553] open fd = -5
[   97.9705] open name host:/livepad.bin flag 1 data 41378
[   97.9716] open fd = -5
[   97.9874] open name host:/livepad.bin flag 1 data 41378
[   97.9890] open fd = -5
[   98.0046] open name host:/livepad.bin flag 1 data 41378
[   98.0057] open fd = -5
[   98.0061] open name host:/log.txt flag 302 data 41378
[   98.0076] open fd = 256
[   98.0253] open name host:/livepad.bin flag 1 data 41378
[   98.0268] open fd = -5
[   98.0444] open name host:/livepad.bin flag 1 data 41378
[   98.0457] open fd = -5
[   98.0476] open name host:/log.txt flag 302 data 41378
[   98.0494] open fd = 256
[   98.0667] open name host:/livepad.bin flag 1 data 41378
[   98.0680] open fd = -5
[   98.0683] open name host:/livedbg.cmd flag 1 data 41378
[   98.0694] open fd = -5
[   98.0865] open name host:/livepad.bin flag 1 data 41378
[   98.0878] open fd = -5
[   98.1031] open name host:/livepad.bin flag 1 data 41378
[   98.1043] open fd = -5
[   98.1214] open name host:/livepad.bin flag 1 data 41378
[   98.1229] open fd = -5
[   98.1396] open name host:/livepad.bin flag 1 data 41378
[   98.1410] open fd = -5
[   98.1587] open name host:/livepad.bin flag 1 data 41378
[   98.1601] open fd = -5
[   98.1758] open name host:/livepad.bin flag 1 data 41378
[   98.1771] open fd = -5
[   98.1774] open name host:/livedbg.cmd flag 1 data 41378
[   98.1785] open fd = -5
[   98.1941] open name host:/livepad.bin flag 1 data 41378
[   98.1953] open fd = -5
[   98.2128] open name host:/livepad.bin flag 1 data 41378
[   98.2140] open fd = -5
[   98.2318] open name host:/livepad.bin flag 1 data 41378
[   98.2330] open fd = -5
[   98.2488] open name host:/livepad.bin flag 1 data 41378
[   98.2502] open fd = -5
[   98.2676] open name host:/livepad.bin flag 1 data 41378
[   98.2691] open fd = -5
[   98.2859] open name host:/livepad.bin flag 1 data 41378
[   98.2872] open fd = -5
[   98.2875] open name host:/livedbg.cmd flag 1 data 41378
[   98.2885] open fd = -5
[   98.3050] open name host:/livepad.bin flag 1 data 41378
[   98.3064] open fd = -5
[   98.3218] open name host:/livepad.bin flag 1 data 41378
[   98.3234] open fd = -5
[   98.3388] open name host:/livepad.bin flag 1 data 41378
[   98.3405] open fd = -5
[   98.3560] open name host:/livepad.bin flag 1 data 41378
[   98.3576] open fd = -5
[   98.3739] open name host:/livepad.bin flag 1 data 41378
[   98.3757] open fd = -5
[   98.3916] open name host:/livepad.bin flag 1 data 41378
[   98.3929] open fd = -5
[   98.3931] open name host:/livedbg.cmd flag 1 data 41378
[   98.3942] open fd = -5
[   98.4109] open name host:/livepad.bin flag 1 data 41378
[   98.4122] open fd = -5
[   98.4295] open name host:/livepad.bin flag 1 data 41378
[   98.4307] open fd = -5
[   98.4463] open name host:/livepad.bin flag 1 data 41378
[   98.4476] open fd = -5
[   98.4634] open name host:/livepad.bin flag 1 data 41378
[   98.4645] open fd = -5
[   98.4649] open name host:/log.txt flag 302 data 41378
[   98.4665] open fd = 256
[   98.4831] open name host:/livepad.bin flag 1 data 41378
[   98.4844] open fd = -5
[   98.5003] open name host:/livepad.bin flag 1 data 41378
[   98.5016] open fd = -5
[   98.5018] open name host:/livedbg.cmd flag 1 data 41378
[   98.5029] open fd = -5
[   98.5184] open name host:/livepad.bin flag 1 data 41378
[   98.5200] open fd = -5
[   98.5362] open name host:/livepad.bin flag 1 data 41378
[   98.5375] open fd = -5
[   98.5533] open name host:/livepad.bin flag 1 data 41378
[   98.5545] open fd = -5
[   98.5722] open name host:/livepad.bin flag 1 data 41378
[   98.5742] open fd = -5
[   98.5755] open name host:/log.txt flag 302 data 41378
[   98.5771] open fd = 256
[   98.5935] open name host:/livepad.bin flag 1 data 41378
[   98.5952] open fd = -5
[   98.6106] open name host:/livepad.bin flag 1 data 41378
[   98.6119] open fd = -5
[   98.6123] open name host:/livedbg.cmd flag 1 data 41378
[   98.6133] open fd = -5
[   98.6303] open name host:/livepad.bin flag 1 data 41378
[   98.6318] open fd = -5
[   98.6481] open name host:/livepad.bin flag 1 data 41378
[   98.6496] open fd = -5
[   98.6675] open name host:/livepad.bin flag 1 data 41378
[   98.6689] open fd = -5
[   98.6864] open name host:/livepad.bin flag 1 data 41378
[   98.6877] open fd = -5
[   98.7045] open name host:/livepad.bin flag 1 data 41378
[   98.7057] open fd = -5
[   98.7229] open name host:/livepad.bin flag 1 data 41378
[   98.7242] open fd = -5
[   98.7245] open name host:/livedbg.cmd flag 1 data 41378
[   98.7258] open fd = -5
[   98.7420] open name host:/livepad.bin flag 1 data 41378
[   98.7436] open fd = -5
[   98.7596] open name host:/livepad.bin flag 1 data 41378
[   98.7608] open fd = -5
[   98.7765] open name host:/livepad.bin flag 1 data 41378
[   98.7778] open fd = -5
[   98.7935] open name host:/livepad.bin flag 1 data 41378
[   98.7950] open fd = -5
[   98.7953] open name host:/log.txt flag 302 data 41378
[   98.7970] open fd = 256
[   98.8149] open name host:/livepad.bin flag 1 data 41378
[   98.8162] open fd = -5
[   98.8343] open name host:/livepad.bin flag 1 data 41378
[   98.8354] open fd = -5
[   98.8357] open name host:/livedbg.cmd flag 1 data 41378
[   98.8368] open fd = -5
[   98.8531] open name host:/livepad.bin flag 1 data 41378
[   98.8545] open fd = -5
[   98.8708] open name host:/livepad.bin flag 1 data 41378
[   98.8720] open fd = -5
[   98.8890] open name host:/livepad.bin flag 1 data 41378
[   98.8904] open fd = -5
[   98.9083] open name host:/livepad.bin flag 1 data 41378
[   98.9098] open fd = -5
[   98.9267] open name host:/livepad.bin flag 1 data 41378
[   98.9280] open fd = -5
[   98.9285] open name host:/log.txt flag 302 data 41378
[   98.9300] open fd = 256
[   98.9468] open name host:/livepad.bin flag 1 data 41378
[   98.9481] open fd = -5
[   98.9485] open name host:/livedbg.cmd flag 1 data 41378
[   98.9496] open fd = -5
[   98.9662] open name host:/livepad.bin flag 1 data 41378
[   98.9677] open fd = -5
[   98.9698] open name host:/log.txt flag 302 data 41378
[   98.9713] open fd = 256
[   98.9876] open name host:/livepad.bin flag 1 data 41378
[   98.9889] open fd = -5
[   99.0069] open name host:/livepad.bin flag 1 data 41378
[   99.0083] open fd = -5
[   99.0250] open name host:/livepad.bin flag 1 data 41378
[   99.0263] open fd = -5
[   99.0433] open name host:/livepad.bin flag 1 data 41378
[   99.0451] open fd = -5
[   99.0643] open name host:/livepad.bin flag 1 data 41378
[   99.0656] open fd = -5
[   99.0659] open name host:/livedbg.cmd flag 1 data 41378
[   99.0674] open fd = -5
[   99.0842] open name host:/livepad.bin flag 1 data 41378
[   99.0859] open fd = -5
[   99.1028] open name host:/livepad.bin flag 1 data 41378
[   99.1044] open fd = -5
[   99.1208] open name host:/livepad.bin flag 1 data 41378
[   99.1225] open fd = -5
[   99.1387] open name host:/livepad.bin flag 1 data 41378
[   99.1404] open fd = -5
[   99.1619] open name host:/livepad.bin flag 1 data 41378
[   99.1634] open fd = -5
[   99.1810] open name host:/livepad.bin flag 1 data 41378
[   99.1827] open fd = -5
[   99.1830] open name host:/livedbg.cmd flag 1 data 41378
[   99.1843] open fd = -5
[   99.2013] open name host:/livepad.bin flag 1 data 41378
[   99.2029] open fd = -5
[   99.2198] open name host:/livepad.bin flag 1 data 41378
[   99.2215] open fd = -5
[   99.2380] open name host:/livepad.bin flag 1 data 41378
[   99.2398] open fd = -5
[   99.2571] open name host:/livepad.bin flag 1 data 41378
[   99.2585] open fd = -5
[   99.2769] open name host:/livepad.bin flag 1 data 41378
[   99.2782] open fd = -5
[   99.2945] open name host:/livepad.bin flag 1 data 41378
[   99.2959] open fd = -5
[   99.2963] open name host:/livedbg.cmd flag 1 data 41378
[   99.2973] open fd = -5
[   99.3144] open name host:/livepad.bin flag 1 data 41378
[   99.3157] open fd = -5
[   99.3333] open name host:/livepad.bin flag 1 data 41378
[   99.3347] open fd = -5
[   99.3520] open name host:/livepad.bin flag 1 data 41378
[   99.3535] open fd = -5
[   99.3707] open name host:/livepad.bin flag 1 data 41378
[   99.3719] open fd = -5
[   99.3893] open name host:/livepad.bin flag 1 data 41378
[   99.3907] open fd = -5
[   99.4089] open name host:/livepad.bin flag 1 data 41378
[   99.4101] open fd = -5
[   99.4104] open name host:/livedbg.cmd flag 1 data 41378
[   99.4113] open fd = -5
[   99.4116] open name host:/log.txt flag 302 data 41378
[   99.4130] open fd = 256
[   99.4319] open name host:/livepad.bin flag 1 data 41378
[   99.4331] open fd = -5
[   99.4506] open name host:/livepad.bin flag 1 data 41378
[   99.4522] open fd = -5
[   99.4685] open name host:/livepad.bin flag 1 data 41378
[   99.4697] open fd = -5
[   99.4869] open name host:/livepad.bin flag 1 data 41378
[   99.4881] open fd = -5
[   99.5051] open name host:/livepad.bin flag 1 data 41378
[   99.5067] open fd = -5
[   99.5237] open name host:/livepad.bin flag 1 data 41378
[   99.5251] open fd = -5
[   99.5253] open name host:/livedbg.cmd flag 1 data 41378
[   99.5266] open fd = -5
[   99.5439] open name host:/livepad.bin flag 1 data 41378
[   99.5453] open fd = -5
[   99.5645] open name host:/livepad.bin flag 1 data 41378
[   99.5657] open fd = -5
[   99.5823] open name host:/livepad.bin flag 1 data 41378
[   99.5836] open fd = -5
[   99.6001] open name host:/livepad.bin flag 1 data 41378
[   99.6014] open fd = -5
[   99.6179] open name host:/livepad.bin flag 1 data 41378
[   99.6193] open fd = -5
[   99.6366] open name host:/livepad.bin flag 1 data 41378
[   99.6380] open fd = -5
[   99.6384] open name host:/livedbg.cmd flag 1 data 41378
[   99.6394] open fd = -5
[   99.6579] open name host:/livepad.bin flag 1 data 41378
[   99.6593] open fd = -5
[   99.6758] open name host:/livepad.bin flag 1 data 41378
[   99.6771] open fd = -5
[   99.6933] open name host:/livepad.bin flag 1 data 41378
[   99.6947] open fd = -5
[   99.7114] open name host:/livepad.bin flag 1 data 41378
[   99.7130] open fd = -5
[   99.7291] open name host:/livepad.bin flag 1 data 41378
[   99.7304] open fd = -5
[   99.7478] open name host:/livepad.bin flag 1 data 41378
[   99.7491] open fd = -5
[   99.7494] open name host:/livedbg.cmd flag 1 data 41378
[   99.7504] open fd = -5
[   99.7668] open name host:/livepad.bin flag 1 data 41378
[   99.7680] open fd = -5
[   99.7848] open name host:/livepad.bin flag 1 data 41378
[   99.7860] open fd = -5
[   99.8028] open name host:/livepad.bin flag 1 data 41378
[   99.8041] open fd = -5
[   99.8214] open name host:/livepad.bin flag 1 data 41378
[   99.8228] open fd = -5
[   99.8394] open name host:/livepad.bin flag 1 data 41378
[   99.8406] open fd = -5
[   99.8572] open name host:/livepad.bin flag 1 data 41378
[   99.8585] open fd = -5
[   99.8588] open name host:/livedbg.cmd flag 1 data 41378
[   99.8600] open fd = -5
[   99.8766] open name host:/livepad.bin flag 1 data 41378
[   99.8780] open fd = -5
[   99.8786] open name host:/log.txt flag 302 data 41378
[   99.8801] open fd = 256
[   99.8979] open name host:/livepad.bin flag 1 data 41378
[   99.8993] open fd = -5
[   99.9161] open name host:/livepad.bin flag 1 data 41378
[   99.9174] open fd = -5
[   99.9210] open name host:/log.txt flag 302 data 41378
[   99.9224] open fd = 256
[   99.9369] open name host:/livepad.bin flag 1 data 41378
[   99.9381] open fd = -5
[   99.9541] open name host:/livepad.bin flag 1 data 41378
[   99.9554] open fd = -5
[   99.9728] open name host:/livepad.bin flag 1 data 41378
[   99.9740] open fd = -5
[   99.9742] open name host:/livedbg.cmd flag 1 data 41378
[   99.9752] open fd = -5
[   99.9920] open name host:/livepad.bin flag 1 data 41378
[   99.9936] open fd = -5
[  100.0120] open name host:/livepad.bin flag 1 data 41378
[  100.0135] open fd = -5
[  100.0309] FRAMEARENA frames=4680 peak=1045072 resets=7 fallbacks=0 maxFrameBytes=2731360 maxBorrowed=2028560 freeKiB=10191
[  100.0312] NATIVEVIF frames=4680 batches=4687
[  100.0313] ORDEREDFRAME frames=4680 splitFrames=5
[  100.0315] FRAMEPIPELINE starts=4680 dmaBusyStarts=48
[  100.0317] open name host:/livepad.bin flag 1 data 41378
[  100.0330] open fd = -5
[  100.0496] open name host:/livepad.bin flag 1 data 41378
[  100.0510] open fd = -5
[  100.0680] open name host:/livepad.bin flag 1 data 41378
[  100.0697] open fd = -5
[  100.0858] open name host:/livepad.bin flag 1 data 41378
[  100.0871] open fd = -5
[  100.0874] open name host:/livedbg.cmd flag 1 data 41378
[  100.0883] open fd = -5
[  100.1043] open name host:/livepad.bin flag 1 data 41378
[  100.1055] open fd = -5
[  100.1222] open name host:/livepad.bin flag 1 data 41378
[  100.1235] open fd = -5
[  100.1399] open name host:/livepad.bin flag 1 data 41378
[  100.1409] open fd = -5
[  100.1574] open name host:/livepad.bin flag 1 data 41378
[  100.1590] open fd = -5
[  100.1765] open name host:/livepad.bin flag 1 data 41378
[  100.1779] open fd = -5
[  100.1952] open name host:/livepad.bin flag 1 data 41378
[  100.1964] open fd = -5
[  100.1968] open name host:/livedbg.cmd flag 1 data 41378
[  100.1977] open fd = -5
[  100.2139] open name host:/livepad.bin flag 1 data 41378
[  100.2153] open fd = -5
[  100.2333] open name host:/livepad.bin flag 1 data 41378
[  100.2347] open fd = -5
[  100.2515] open name host:/livepad.bin flag 1 data 41378
[  100.2528] open fd = -5
[  100.2695] open name host:/livepad.bin flag 1 data 41378
[  100.2709] open fd = -5
[  100.2874] open name host:/livepad.bin flag 1 data 41378
[  100.2888] open fd = -5
[  100.3057] open name host:/livepad.bin flag 1 data 41378
[  100.3072] open fd = -5
[  100.3075] open name host:/livedbg.cmd flag 1 data 41378
[  100.3088] open fd = -5
[  100.3258] open name host:/livepad.bin flag 1 data 41378
[  100.3272] open fd = -5
[  100.3439] open name host:/livepad.bin flag 1 data 41378
[  100.3451] open fd = -5
[  100.3456] open name host:/log.txt flag 302 data 41378
[  100.3472] open fd = 256
[  100.3646] open name host:/livepad.bin flag 1 data 41378
[  100.3659] open fd = -5
[  100.3823] open name host:/livepad.bin flag 1 data 41378
[  100.3837] open fd = -5
[  100.4005] open name host:/livepad.bin flag 1 data 41378
[  100.4017] open fd = -5
[  100.4178] open name host:/livepad.bin flag 1 data 41378
[  100.4191] open fd = -5
[  100.4195] open name host:/livedbg.cmd flag 1 data 41378
[  100.4205] open fd = -5
[  100.4370] open name host:/livepad.bin flag 1 data 41378
[  100.4384] open fd = -5
[  100.4550] open name host:/livepad.bin flag 1 data 41378
[  100.4565] open fd = -5
[  100.4760] open name host:/livepad.bin flag 1 data 41378
[  100.4772] open fd = -5
[  100.4944] open name host:/livepad.bin flag 1 data 41378
[  100.4958] open fd = -5
[  100.5123] open name host:/livepad.bin flag 1 data 41378
[  100.5136] open fd = -5
[  100.5322] open name host:/livepad.bin flag 1 data 41378
[  100.5335] open fd = -5
[  100.5338] open name host:/livedbg.cmd flag 1 data 41378
[  100.5352] open fd = -5
[  100.5526] open name host:/livepad.bin flag 1 data 41378
[  100.5538] open fd = -5
[  100.5708] open name host:/livepad.bin flag 1 data 41378
[  100.5719] open fd = -5
[  100.5897] open name host:/livepad.bin flag 1 data 41378
[  100.5909] open fd = -5
[  100.6078] open name host:/livepad.bin flag 1 data 41378
[  100.6094] open fd = -5
[  100.6295] open name host:/livepad.bin flag 1 data 41378
[  100.6306] open fd = -5
[  100.6479] open name host:/livepad.bin flag 1 data 41378
[  100.6493] open fd = -5
[  100.6495] open name host:/livedbg.cmd flag 1 data 41378
[  100.6504] open fd = -5
[  100.6676] open name host:/livepad.bin flag 1 data 41378
[  100.6688] open fd = -5
[  100.6854] open name host:/livepad.bin flag 1 data 41378
[  100.6868] open fd = -5
[  100.7041] open name host:/livepad.bin flag 1 data 41378
[  100.7054] open fd = -5
[  100.7225] open name host:/livepad.bin flag 1 data 41378
[  100.7238] open fd = -5
[  100.7416] open name host:/livepad.bin flag 1 data 41378
[  100.7429] open fd = -5
[  100.7599] open name host:/livepad.bin flag 1 data 41378
[  100.7613] open fd = -5
[  100.7616] open name host:/livedbg.cmd flag 1 data 41378
[  100.7626] open fd = -5
[  100.7791] open name host:/livepad.bin flag 1 data 41378
[  100.7804] open fd = -5
[  100.7971] open name host:/livepad.bin flag 1 data 41378
[  100.7984] open fd = -5
[  100.8152] open name host:/livepad.bin flag 1 data 41378
[  100.8165] open fd = -5
[  100.8171] open name host:/log.txt flag 302 data 41378
[  100.8188] open fd = 256
[  100.8367] open name host:/livepad.bin flag 1 data 41378
[  100.8382] open fd = -5
[  100.8553] open name host:/livepad.bin flag 1 data 41378
[  100.8570] open fd = -5
[  100.8599] open name host:/log.txt flag 302 data 41378
[  100.8622] open fd = 256
[  100.8784] open name host:/livepad.bin flag 1 data 41378
[  100.8796] open fd = -5
[  100.8799] open name host:/livedbg.cmd flag 1 data 41378
[  100.8809] open fd = -5
[  100.8995] open name host:/livepad.bin flag 1 data 41378
[  100.9008] open fd = -5
[  100.9174] open name host:/livepad.bin flag 1 data 41378
[  100.9186] open fd = -5
[  100.9353] open name host:/livepad.bin flag 1 data 41378
[  100.9365] open fd = -5
[  100.9533] open name host:/livepad.bin flag 1 data 41378
[  100.9545] open fd = -5
[  100.9719] open name host:/livepad.bin flag 1 data 41378
[  100.9732] open fd = -5
[  100.9901] open name host:/livepad.bin flag 1 data 41378
[  100.9915] open fd = -5
[  100.9918] open name host:/livedbg.cmd flag 1 data 41378
[  100.9929] open fd = -5
[  101.0089] open name host:/livepad.bin flag 1 data 41378
[  101.0102] open fd = -5
[  101.0266] open name host:/livepad.bin flag 1 data 41378
[  101.0280] open fd = -5
[  101.0445] open name host:/livepad.bin flag 1 data 41378
[  101.0461] open fd = -5
[  101.0622] open name host:/livepad.bin flag 1 data 41378
[  101.0635] open fd = -5
[  101.0804] open name host:/livepad.bin flag 1 data 41378
[  101.0816] open fd = -5
[  101.0984] open name host:/livepad.bin flag 1 data 41378
[  101.0995] open fd = -5
[  101.0998] open name host:/livedbg.cmd flag 1 data 41378
[  101.1008] open fd = -5
[  101.1171] open name host:/livepad.bin flag 1 data 41378
[  101.1183] open fd = -5
[  101.1356] open name host:/livepad.bin flag 1 data 41378
[  101.1368] open fd = -5
[  101.1535] open name host:/livepad.bin flag 1 data 41378
[  101.1549] open fd = -5
[  101.1722] open name host:/livepad.bin flag 1 data 41378
[  101.1735] open fd = -5
[  101.1898] open name host:/livepad.bin flag 1 data 41378
[  101.1911] open fd = -5
[  101.2087] open name host:/livepad.bin flag 1 data 41378
[  101.2103] open fd = -5
[  101.2106] open name host:/livedbg.cmd flag 1 data 41378
[  101.2117] open fd = -5
[  101.2288] open name host:/livepad.bin flag 1 data 41378
[  101.2301] open fd = -5
[  101.2454] open name host:/livepad.bin flag 1 data 41378
[  101.2467] open fd = -5
[  101.2634] open name host:/livepad.bin flag 1 data 41378
[  101.2647] open fd = -5
[  101.2810] open name host:/livepad.bin flag 1 data 41378
[  101.2822] open fd = -5
[  101.2828] open name host:/log.txt flag 302 data 41378
[  101.2842] open fd = 256
[  101.3021] open name host:/livepad.bin flag 1 data 41378
[  101.3034] open fd = -5
[  101.3199] open name host:/livepad.bin flag 1 data 41378
[  101.3211] open fd = -5
[  101.3214] open name host:/livedbg.cmd flag 1 data 41378
[  101.3226] open fd = -5
[  101.3398] open name host:/livepad.bin flag 1 data 41378
[  101.3411] open fd = -5
[  101.3577] open name host:/livepad.bin flag 1 data 41378
[  101.3589] open fd = -5
[  101.3747] open name host:/livepad.bin flag 1 data 41378
[  101.3760] open fd = -5
[  101.3927] open name host:/livepad.bin flag 1 data 41378
[  101.3940] open fd = -5
[  101.3956] open name host:/log.txt flag 302 data 41378
[  101.3971] open fd = 256
[  101.4150] open name host:/livepad.bin flag 1 data 41378
[  101.4163] open fd = -5
[  101.4334] open name host:/livepad.bin flag 1 data 41378
[  101.4346] open fd = -5
[  101.4348] open name host:/livedbg.cmd flag 1 data 41378
[  101.4359] open fd = -5
[  101.4526] open name host:/livepad.bin flag 1 data 41378
[  101.4539] open fd = -5
[  101.4709] open name host:/livepad.bin flag 1 data 41378
[  101.4720] open fd = -5
[  101.4883] open name host:/livepad.bin flag 1 data 41378
[  101.4898] open fd = -5
[  101.5064] open name host:/livepad.bin flag 1 data 41378
[  101.5079] open fd = -5
[  101.5257] open name host:/livepad.bin flag 1 data 41378
[  101.5270] open fd = -5
[  101.5438] open name host:/livepad.bin flag 1 data 41378
[  101.5451] open fd = -5
[  101.5454] open name host:/livedbg.cmd flag 1 data 41378
[  101.5463] open fd = -5
[  101.5643] open name host:/livepad.bin flag 1 data 41378
[  101.5655] open fd = -5
[  101.5837] open name host:/livepad.bin flag 1 data 41378
[  101.5851] open fd = -5
[  101.6015] open name host:/livepad.bin flag 1 data 41378
[  101.6027] open fd = -5
[  101.6198] open name host:/livepad.bin flag 1 data 41378
[  101.6210] open fd = -5
[  101.6381] open name host:/livepad.bin flag 1 data 41378
[  101.6393] open fd = -5
[  101.6573] open name host:/livepad.bin flag 1 data 41378
[  101.6587] open fd = -5
[  101.6590] open name host:/livedbg.cmd flag 1 data 41378
[  101.6601] open fd = -5
[  101.6784] open name host:/livepad.bin flag 1 data 41378
[  101.6798] open fd = -5
[  101.6982] open name host:/livepad.bin flag 1 data 41378
[  101.6996] open fd = -5
[  101.7165] open name host:/livepad.bin flag 1 data 41378
[  101.7181] open fd = -5
[  101.7357] open name host:/livepad.bin flag 1 data 41378
[  101.7371] open fd = -5
[  101.7544] open name host:/livepad.bin flag 1 data 41378
[  101.7557] open fd = -5
[  101.7564] open name host:/log.txt flag 302 data 41378
[  101.7580] open fd = 256
[  101.7771] open name host:/livepad.bin flag 1 data 41378
[  101.7785] open fd = -5
[  101.7787] open name host:/livedbg.cmd flag 1 data 41378
[  101.7797] open fd = -5
[  101.7960] open name host:/livepad.bin flag 1 data 41378
[  101.7973] open fd = -5
[  101.7998] open name host:/log.txt flag 302 data 41378
[  101.8013] open fd = 256
[  101.8172] open name host:/livepad.bin flag 1 data 41378
[  101.8186] open fd = -5
[  101.8356] open name host:/livepad.bin flag 1 data 41378
[  101.8370] open fd = -5
[  101.8526] open name host:/livepad.bin flag 1 data 41378
[  101.8538] open fd = -5
[  101.8700] open name host:/livepad.bin flag 1 data 41378
[  101.8711] open fd = -5
[  101.8867] open name host:/livepad.bin flag 1 data 41378
[  101.8881] open fd = -5
[  101.8884] open name host:/livedbg.cmd flag 1 data 41378
[  101.8894] open fd = -5
[  101.9061] open name host:/livepad.bin flag 1 data 41378
[  101.9074] open fd = -5
[  101.9241] open name host:/livepad.bin flag 1 data 41378
[  101.9255] open fd = -5
[  101.9429] open name host:/livepad.bin flag 1 data 41378
[  101.9441] open fd = -5
[  101.9605] open name host:/livepad.bin flag 1 data 41378
[  101.9620] open fd = -5
[  101.9799] open name host:/livepad.bin flag 1 data 41378
[  101.9812] open fd = -5
[  101.9971] open name host:/livepad.bin flag 1 data 41378
[  101.9983] open fd = -5
[  101.9985] open name host:/livedbg.cmd flag 1 data 41378
[  101.9995] open fd = -5
[  102.0206] open name host:/livepad.bin flag 1 data 41378
[  102.0220] open fd = -5
[  102.0382] open name host:/livepad.bin flag 1 data 41378
[  102.0394] open fd = -5
[  102.0567] open name host:/livepad.bin flag 1 data 41378
[  102.0583] open fd = -5
[  102.0739] open name host:/livepad.bin flag 1 data 41378
[  102.0753] open fd = -5
[  102.0917] open name host:/livepad.bin flag 1 data 41378
[  102.0932] open fd = -5
[  102.1090] open name host:/livepad.bin flag 1 data 41378
[  102.1104] open fd = -5
[  102.1108] open name host:/livedbg.cmd flag 1 data 41378
[  102.1117] open fd = -5
[  102.1278] open name host:/livepad.bin flag 1 data 41378
[  102.1291] open fd = -5
[  102.1455] open name host:/livepad.bin flag 1 data 41378
[  102.1468] open fd = -5
[  102.1631] open name host:/livepad.bin flag 1 data 41378
[  102.1645] open fd = -5
[  102.1811] open name host:/livepad.bin flag 1 data 41378
[  102.1826] open fd = -5
[  102.1987] open name host:/livepad.bin flag 1 data 41378
[  102.2001] open fd = -5
[  102.2167] open name host:/livepad.bin flag 1 data 41378
[  102.2182] open fd = -5
[  102.2185] open name host:/livedbg.cmd flag 1 data 41378
[  102.2195] open fd = -5
[  102.2203] open name host:/log.txt flag 302 data 41378
[  102.2219] open fd = 256
[  102.2389] open name host:/livepad.bin flag 1 data 41378
[  102.2404] open fd = -5
[  102.2576] open name host:/livepad.bin flag 1 data 41378
[  102.2589] open fd = -5
[  102.2767] FRAMEARENA frames=4800 peak=1045072 resets=7 fallbacks=0 maxFrameBytes=2731360 maxBorrowed=2028560 freeKiB=10854
[  102.2769] NATIVEVIF frames=4800 batches=4807
[  102.2771] ORDEREDFRAME frames=4800 splitFrames=5
[  102.2772] FRAMEPIPELINE starts=4800 dmaBusyStarts=48
[  102.2773] open name host:/livepad.bin flag 1 data 41378
[  102.2785] open fd = -5
[  102.2954] open name host:/livepad.bin flag 1 data 41378
[  102.2968] open fd = -5
[  102.3135] open name host:/livepad.bin flag 1 data 41378
[  102.3147] open fd = -5
[  102.3314] open name host:/livepad.bin flag 1 data 41378
[  102.3326] open fd = -5
[  102.3328] open name host:/livedbg.cmd flag 1 data 41378
[  102.3339] open fd = -5
[  102.3513] open name host:/livepad.bin flag 1 data 41378
[  102.3528] open fd = -5
[  102.3709] open name host:/livepad.bin flag 1 data 41378
[  102.3721] open fd = -5
[  102.3886] open name host:/livepad.bin flag 1 data 41378
[  102.3900] open fd = -5
[  102.4057] open name host:/livepad.bin flag 1 data 41378
[  102.4071] open fd = -5
[  102.4250] open name host:/livepad.bin flag 1 data 41378
[  102.4265] open fd = -5
[  102.4431] open name host:/livepad.bin flag 1 data 41378
[  102.4444] open fd = -5
[  102.4447] open name host:/livedbg.cmd flag 1 data 41378
[  102.4456] open fd = -5
[  102.4615] open name host:/livepad.bin flag 1 data 41378
[  102.4628] open fd = -5
[  102.4791] open name host:/livepad.bin flag 1 data 41378
[  102.4808] open fd = -5
[  102.4978] open name host:/livepad.bin flag 1 data 41378
[  102.4991] open fd = -5
[  102.5148] open name host:/livepad.bin flag 1 data 41378
[  102.5161] open fd = -5
[  102.5326] open name host:/livepad.bin flag 1 data 41378
[  102.5339] open fd = -5
[  102.5500] open name host:/livepad.bin flag 1 data 41378
[  102.5512] open fd = -5
[  102.5515] open name host:/livedbg.cmd flag 1 data 41378
[  102.5525] open fd = -5
[  102.5690] open name host:/livepad.bin flag 1 data 41378
[  102.5702] open fd = -5
[  102.5870] open name host:/livepad.bin flag 1 data 41378
[  102.5887] open fd = -5
[  102.6050] open name host:/livepad.bin flag 1 data 41378
[  102.6063] open fd = -5
[  102.6235] open name host:/livepad.bin flag 1 data 41378
[  102.6249] open fd = -5
[  102.6415] open name host:/livepad.bin flag 1 data 41378
[  102.6427] open fd = -5
[  102.6602] open name host:/livepad.bin flag 1 data 41378
[  102.6613] open fd = -5
[  102.6617] open name host:/livedbg.cmd flag 1 data 41378
[  102.6626] open fd = -5
[  102.6787] open name host:/livepad.bin flag 1 data 41378
[  102.6802] open fd = -5
[  102.6808] open name host:/log.txt flag 302 data 41378
[  102.6822] open fd = 256
[  102.6993] open name host:/livepad.bin flag 1 data 41378
[  102.7006] open fd = -5
[  102.7172] open name host:/livepad.bin flag 1 data 41378
[  102.7185] open fd = -5
[  102.7207] open name host:/log.txt flag 302 data 41378
[  102.7224] open fd = 256
[  102.7376] open name host:/livepad.bin flag 1 data 41378
[  102.7388] open fd = -5
[  102.7555] open name host:/livepad.bin flag 1 data 41378
[  102.7572] open fd = -5
[  102.7737] open name host:/livepad.bin flag 1 data 41378
[  102.7750] open fd = -5
[  102.7755] open name host:/livedbg.cmd flag 1 data 41378
[  102.7766] open fd = -5
[  102.7930] open name host:/livepad.bin flag 1 data 41378
[  102.7945] open fd = -5
[  102.8115] open name host:/livepad.bin flag 1 data 41378
[  102.8129] open fd = -5
[  102.8300] open name host:/livepad.bin flag 1 data 41378
[  102.8312] open fd = -5
[  102.8493] open name host:/livepad.bin flag 1 data 41378
[  102.8506] open fd = -5
[  102.8664] open name host:/livepad.bin flag 1 data 41378
[  102.8676] open fd = -5
[  102.8851] open name host:/livepad.bin flag 1 data 41378
[  102.8863] open fd = -5
[  102.8866] open name host:/livedbg.cmd flag 1 data 41378
[  102.8876] open fd = -5
[  102.9050] open name host:/livepad.bin flag 1 data 41378
[  102.9064] open fd = -5
[  102.9248] open name host:/livepad.bin flag 1 data 41378
[  102.9261] open fd = -5
[  102.9440] open name host:/livepad.bin flag 1 data 41378
[  102.9453] open fd = -5
[  102.9622] open name host:/livepad.bin flag 1 data 41378
[  102.9634] open fd = -5
[  102.9805] open name host:/livepad.bin flag 1 data 41378
[  102.9819] open fd = -5
[  103.0002] open name host:/livepad.bin flag 1 data 41378
[  103.0014] open fd = -5
[  103.0018] open name host:/livedbg.cmd flag 1 data 41378
[  103.0032] open fd = -5
[  103.0214] open name host:/livepad.bin flag 1 data 41378
[  103.0230] open fd = -5
[  103.0390] open name host:/livepad.bin flag 1 data 41378
[  103.0404] open fd = -5
[  103.0571] open name host:/livepad.bin flag 1 data 41378
[  103.0587] open fd = -5
[  103.0749] open name host:/livepad.bin flag 1 data 41378
[  103.0761] open fd = -5
[  103.0928] open name host:/livepad.bin flag 1 data 41378
[  103.0940] open fd = -5
[  103.1119] open name host:/livepad.bin flag 1 data 41378
[  103.1132] open fd = -5
[  103.1135] open name host:/livedbg.cmd flag 1 data 41378
[  103.1145] open fd = -5
[  103.1305] open name host:/livepad.bin flag 1 data 41378
[  103.1317] open fd = -5
[  103.1498] open name host:/livepad.bin flag 1 data 41378
[  103.1512] open fd = -5
[  103.1517] open name host:/log.txt flag 302 data 41378
[  103.1534] open fd = 256
[  103.1716] open name host:/livepad.bin flag 1 data 41378
[  103.1730] open fd = -5
[  103.1901] open name host:/livepad.bin flag 1 data 41378
[  103.1912] open fd = -5
[  103.2076] open name host:/livepad.bin flag 1 data 41378
[  103.2090] open fd = -5
[  103.2259] open name host:/livepad.bin flag 1 data 41378
[  103.2274] open fd = -5
[  103.2277] open name host:/livedbg.cmd flag 1 data 41378
[  103.2288] open fd = -5
[  103.2458] open name host:/livepad.bin flag 1 data 41378
[  103.2471] open fd = -5
[  103.2638] open name host:/livepad.bin flag 1 data 41378
[  103.2651] open fd = -5
[  103.2810] open name host:/livepad.bin flag 1 data 41378
[  103.2825] open fd = -5
[  103.2985] open name host:/livepad.bin flag 1 data 41378
[  103.2999] open fd = -5
[  103.3202] open name host:/livepad.bin flag 1 data 41378
[  103.3218] open fd = -5
[  103.3384] open name host:/livepad.bin flag 1 data 41378
[  103.3396] open fd = -5
[  103.3399] open name host:/livedbg.cmd flag 1 data 41378
[  103.3408] open fd = -5
[  103.3572] open name host:/livepad.bin flag 1 data 41378
[  103.3585] open fd = -5
[  103.3772] open name host:/livepad.bin flag 1 data 41378
[  103.3784] open fd = -5
[  103.3952] open name host:/livepad.bin flag 1 data 41378
[  103.3966] open fd = -5
[  103.4152] open name host:/livepad.bin flag 1 data 41378
[  103.4165] open fd = -5
[  103.4326] open name host:/livepad.bin flag 1 data 41378
[  103.4339] open fd = -5
[  103.4505] open name host:/livepad.bin flag 1 data 41378
[  103.4518] open fd = -5
[  103.4521] open name host:/livedbg.cmd flag 1 data 41378
[  103.4531] open fd = -5
[  103.4685] open name host:/livepad.bin flag 1 data 41378
[  103.4698] open fd = -5
[  103.4869] open name host:/livepad.bin flag 1 data 41378
[  103.4882] open fd = -5
[  103.5047] open name host:/livepad.bin flag 1 data 41378
[  103.5063] open fd = -5
[  103.5222] open name host:/livepad.bin flag 1 data 41378
[  103.5237] open fd = -5
[  103.5397] open name host:/livepad.bin flag 1 data 41378
[  103.5410] open fd = -5
[  103.5578] open name host:/livepad.bin flag 1 data 41378
[  103.5592] open fd = -5
[  103.5596] open name host:/livedbg.cmd flag 1 data 41378
[  103.5606] open fd = -5
[  103.5766] open name host:/livepad.bin flag 1 data 41378
[  103.5781] open fd = -5
[  103.5942] open name host:/livepad.bin flag 1 data 41378
[  103.5956] open fd = -5
[  103.6122] open name host:/livepad.bin flag 1 data 41378
[  103.6136] open fd = -5
[  103.6140] open name host:/log.txt flag 302 data 41378
[  103.6158] open fd = 256
[  103.6329] open name host:/livepad.bin flag 1 data 41378
[  103.6341] open fd = -5
[  103.6503] open name host:/livepad.bin flag 1 data 41378
[  103.6517] open fd = -5
[  103.6539] open name host:/log.txt flag 302 data 41378
[  103.6555] open fd = 256
[  103.6710] open name host:/livepad.bin flag 1 data 41378
[  103.6722] open fd = -5
[  103.6725] open name host:/livedbg.cmd flag 1 data 41378
[  103.6739] open fd = -5
[  103.6910] open name host:/livepad.bin flag 1 data 41378
[  103.6925] open fd = -5
[  103.7096] open name host:/livepad.bin flag 1 data 41378
[  103.7108] open fd = -5
[  103.7267] open name host:/livepad.bin flag 1 data 41378
[  103.7280] open fd = -5
[  103.7443] open name host:/livepad.bin flag 1 data 41378
[  103.7457] open fd = -5
[  103.7624] open name host:/livepad.bin flag 1 data 41378
[  103.7637] open fd = -5
[  103.7803] open name host:/livepad.bin flag 1 data 41378
[  103.7815] open fd = -5
[  103.7818] open name host:/livedbg.cmd flag 1 data 41378
[  103.7828] open fd = -5
[  103.7985] open name host:/livepad.bin flag 1 data 41378
[  103.7998] open fd = -5
[  103.8175] open name host:/livepad.bin flag 1 data 41378
[  103.8191] open fd = -5
[  103.8352] open name host:/livepad.bin flag 1 data 41378
[  103.8364] open fd = -5
[  103.8521] open name host:/livepad.bin flag 1 data 41378
[  103.8533] open fd = -5
[  103.8695] open name host:/livepad.bin flag 1 data 41378
[  103.8706] open fd = -5
[  103.8874] open name host:/livepad.bin flag 1 data 41378
[  103.8887] open fd = -5
[  103.8891] open name host:/livedbg.cmd flag 1 data 41378
[  103.8901] open fd = -5
[  103.9095] open name host:/livepad.bin flag 1 data 41378
[  103.9108] open fd = -5
[  103.9272] open name host:/livepad.bin flag 1 data 41378
[  103.9286] open fd = -5
[  103.9466] open name host:/livepad.bin flag 1 data 41378
[  103.9477] open fd = -5
[  103.9649] open name host:/livepad.bin flag 1 data 41378
[  103.9661] open fd = -5
[  103.9822] open name host:/livepad.bin flag 1 data 41378
[  103.9834] open fd = -5
[  104.0009] open name host:/livepad.bin flag 1 data 41378
[  104.0023] open fd = -5
[  104.0025] open name host:/livedbg.cmd flag 1 data 41378
[  104.0036] open fd = -5
[  104.0210] open name host:/livepad.bin flag 1 data 41378
[  104.0223] open fd = -5
[  104.0388] open name host:/livepad.bin flag 1 data 41378
[  104.0405] open fd = -5
[  104.0579] open name host:/livepad.bin flag 1 data 41378
[  104.0594] open fd = -5
[  104.0767] open name host:/livepad.bin flag 1 data 41378
[  104.0781] open fd = -5
[  104.0787] open name host:/log.txt flag 302 data 41378
[  104.0802] open fd = 256
[  104.0977] open name host:/livepad.bin flag 1 data 41378
[  104.0989] open fd = -5
[  104.1165] open name host:/livepad.bin flag 1 data 41378
[  104.1179] open fd = -5
[  104.1181] open name host:/livedbg.cmd flag 1 data 41378
[  104.1190] open fd = -5
[  104.1360] open name host:/livepad.bin flag 1 data 41378
[  104.1372] open fd = -5
[  104.1544] open name host:/livepad.bin flag 1 data 41378
[  104.1558] open fd = -5
[  104.1720] open name host:/livepad.bin flag 1 data 41378
[  104.1734] open fd = -5
[  104.1897] open name host:/livepad.bin flag 1 data 41378
[  104.1914] open fd = -5
[  104.1932] open name host:/log.txt flag 302 data 41378
[  104.1947] open fd = 256
[  104.2118] open name host:/livepad.bin flag 1 data 41378
[  104.2132] open fd = -5
[  104.2298] open name host:/livepad.bin flag 1 data 41378
[  104.2309] open fd = -5
[  104.2312] open name host:/livedbg.cmd flag 1 data 41378
[  104.2322] open fd = -5
[  104.2489] open name host:/livepad.bin flag 1 data 41378
[  104.2502] open fd = -5
[  104.2670] open name host:/livepad.bin flag 1 data 41378
[  104.2681] open fd = -5
[  104.2872] open name host:/livepad.bin flag 1 data 41378
[  104.2887] open fd = -5
[  104.3081] open name host:/livepad.bin flag 1 data 41378
[  104.3099] open fd = -5
[  104.3274] open name host:/livepad.bin flag 1 data 41378
[  104.3291] open fd = -5
[  104.3476] open name host:/livepad.bin flag 1 data 41378
[  104.3497] open fd = -5
[  104.3500] open name host:/livedbg.cmd flag 1 data 41378
[  104.3512] open fd = -5
[  104.3695] open name host:/livepad.bin flag 1 data 41378
[  104.3710] open fd = -5
[  104.3882] open name host:/livepad.bin flag 1 data 41378
[  104.3908] open fd = -5
[  104.4091] open name host:/livepad.bin flag 1 data 41378
[  104.4104] open fd = -5
[  104.4111] LOG: SKYMOTION done stage=3 scene=0 generation=4
[  104.4284] open name host:/livepad.bin flag 1 data 41378
[  104.4297] open fd = -5
[  104.4474] open name host:/livepad.bin flag 1 data 41378
[  104.4486] open fd = -5
[  104.4653] open name host:/livepad.bin flag 1 data 41378
[  104.4668] open fd = -5
[  104.4673] open name host:/livedbg.cmd flag 1 data 41378
[  104.4686] open fd = -5
[  104.4850] open name host:/livepad.bin flag 1 data 41378
[  104.4862] open fd = -5
[  104.5026] open name host:/livepad.bin flag 1 data 41378
[  104.5037] open fd = -5
[  104.5210] FRAMEARENA frames=4920 peak=1045072 resets=7 fallbacks=0 maxFrameBytes=2731360 maxBorrowed=2028560 freeKiB=10857
[  104.5213] NATIVEVIF frames=4920 batches=4927
[  104.5214] ORDEREDFRAME frames=4920 splitFrames=5
[  104.5215] FRAMEPIPELINE starts=4920 dmaBusyStarts=48
[  104.5217] open name host:/livepad.bin flag 1 data 41378
[  104.5230] open fd = -5
[  104.5413] open name host:/livepad.bin flag 1 data 41378
[  104.5427] open fd = -5
[  104.5598] open name host:/livepad.bin flag 1 data 41378
[  104.5612] open fd = -5
[  104.5619] open name host:/log.txt flag 302 data 41378
[  104.5641] open fd = 256
[  104.5864] open name host:/livepad.bin flag 1 data 41378
[  104.5877] open fd = -5
[  104.5881] open name host:/livedbg.cmd flag 1 data 41378
[  104.5895] open fd = -5
[  104.6064] open name host:/livepad.bin flag 1 data 41378
[  104.6078] open fd = -5
[  104.6106] open name host:/log.txt flag 302 data 41378
[  104.6123] open fd = 256
[  104.6298] open name host:/livepad.bin flag 1 data 41378
[  104.6312] open fd = -5
[  104.6489] open name host:/livepad.bin flag 1 data 41378
[  104.6503] open fd = -5
[  104.6700] open name host:/livepad.bin flag 1 data 41378
[  104.6714] open fd = -5
[  104.6900] open name host:/livepad.bin flag 1 data 41378
[  104.6915] open fd = -5
[  104.7106] open name host:/livepad.bin flag 1 data 41378
[  104.7122] open fd = -5
[  104.7125] open name host:/livedbg.cmd flag 1 data 41378
[  104.7135] open fd = -5
[  104.7326] open name host:/livepad.bin flag 1 data 41378
[  104.7341] open fd = -5
[  104.7522] open name host:/livepad.bin flag 1 data 41378
[  104.7536] open fd = -5
[  104.7706] open name host:/livepad.bin flag 1 data 41378
[  104.7718] open fd = -5
[  104.7899] open name host:/livepad.bin flag 1 data 41378
[  104.7912] open fd = -5
[  104.8087] open name host:/livepad.bin flag 1 data 41378
[  104.8100] open fd = -5
[  104.8280] open name host:/livepad.bin flag 1 data 41378
[  104.8293] open fd = -5
[  104.8297] open name host:/livedbg.cmd flag 1 data 41378
[  104.8306] open fd = -5
[  104.8471] open name host:/livepad.bin flag 1 data 41378
[  104.8485] open fd = -5
[  104.8662] open name host:/livepad.bin flag 1 data 41378
[  104.8674] open fd = -5
[  104.8849] open name host:/livepad.bin flag 1 data 41378
[  104.8862] open fd = -5
[  104.9049] open name host:/livepad.bin flag 1 data 41378
[  104.9064] open fd = -5
[  104.9237] open name host:/livepad.bin flag 1 data 41378
[  104.9249] open fd = -5
[  104.9426] open name host:/livepad.bin flag 1 data 41378
[  104.9439] open fd = -5
[  104.9441] open name host:/livedbg.cmd flag 1 data 41378
[  104.9453] open fd = -5
[  104.9621] open name host:/livepad.bin flag 1 data 41378
[  104.9633] open fd = -5
[  104.9809] open name host:/livepad.bin flag 1 data 41378
[  104.9822] open fd = -5
[  104.9995] open name host:/livepad.bin flag 1 data 41378
[  105.0006] open fd = -5
[  105.0191] open name host:/livepad.bin flag 1 data 41378
[  105.0205] open fd = -5
[  105.0389] open name host:/livepad.bin flag 1 data 41378
[  105.0402] open fd = -5
[  105.0580] open name host:/livepad.bin flag 1 data 41378
[  105.0593] open fd = -5
[  105.0597] open name host:/livedbg.cmd flag 1 data 41378
[  105.0607] open fd = -5
[  105.0611] open name host:/log.txt flag 302 data 41378
[  105.0626] open fd = 256
[  105.0822] open name host:/livepad.bin flag 1 data 41378
[  105.0836] open fd = -5
[  105.1003] open name host:/livepad.bin flag 1 data 41378
[  105.1016] open fd = -5
[  105.1195] open name host:/livepad.bin flag 1 data 41378
[  105.1208] open fd = -5
[  105.1384] open name host:/livepad.bin flag 1 data 41378
[  105.1398] open fd = -5
[  105.1571] open name host:/livepad.bin flag 1 data 41378
[  105.1587] open fd = -5
[  105.1763] open name host:/livepad.bin flag 1 data 41378
[  105.1777] open fd = -5
[  105.1780] open name host:/livedbg.cmd flag 1 data 41378
[  105.1791] open fd = -5
[  105.1976] open name host:/livepad.bin flag 1 data 41378
[  105.1992] open fd = -5
[  105.2179] open name host:/livepad.bin flag 1 data 41378
[  105.2192] open fd = -5
[  105.2369] open name host:/livepad.bin flag 1 data 41378
[  105.2382] open fd = -5
[  105.2578] open name host:/livepad.bin flag 1 data 41378
[  105.2591] open fd = -5
[  105.2776] open name host:/livepad.bin flag 1 data 41378
[  105.2788] open fd = -5
[  105.2984] open name host:/livepad.bin flag 1 data 41378
[  105.2998] open fd = -5
[  105.3001] open name host:/livedbg.cmd flag 1 data 41378
[  105.3011] open fd = -5
[  105.3196] open name host:/livepad.bin flag 1 data 41378
[  105.3209] open fd = -5
[  105.3390] open name host:/livepad.bin flag 1 data 41378
[  105.3405] open fd = -5
[  105.3581] open name host:/livepad.bin flag 1 data 41378
[  105.3597] open fd = -5
[  105.3770] open name host:/livepad.bin flag 1 data 41378
[  105.3783] open fd = -5
[  105.3964] open name host:/livepad.bin flag 1 data 41378
[  105.3977] open fd = -5
[  105.4161] open name host:/livepad.bin flag 1 data 41378
[  105.4173] open fd = -5
[  105.4176] open name host:/livedbg.cmd flag 1 data 41378
[  105.4187] open fd = -5
[  105.4364] open name host:/livepad.bin flag 1 data 41378
[  105.4378] open fd = -5
[  105.4557] open name host:/livepad.bin flag 1 data 41378
[  105.4571] open fd = -5
[  105.4757] open name host:/livepad.bin flag 1 data 41378
[  105.4773] open fd = -5
[  105.4967] open name host:/livepad.bin flag 1 data 41378
[  105.4981] open fd = -5
[  105.5166] open name host:/livepad.bin flag 1 data 41378
[  105.5180] open fd = -5
[  105.5368] open name host:/livepad.bin flag 1 data 41378
[  105.5383] open fd = -5
[  105.5386] open name host:/livedbg.cmd flag 1 data 41378
[  105.5398] open fd = -5
[  105.5580] open name host:/livepad.bin flag 1 data 41378
[  105.5595] open fd = -5
[  105.5604] open name host:/log.txt flag 302 data 41378
[  105.5620] open fd = 256
[  105.5813] open name host:/livepad.bin flag 1 data 41378
[  105.5827] open fd = -5
[  105.5996] open name host:/livepad.bin flag 1 data 41378
[  105.6009] open fd = -5
[  105.6038] open name host:/log.txt flag 302 data 41378
[  105.6053] open fd = 256
[  105.6239] open name host:/livepad.bin flag 1 data 41378
[  105.6252] open fd = -5
[  105.6426] open name host:/livepad.bin flag 1 data 41378
[  105.6439] open fd = -5
[  105.6619] open name host:/livepad.bin flag 1 data 41378
[  105.6632] open fd = -5
[  105.6634] open name host:/livedbg.cmd flag 1 data 41378
[  105.6645] open fd = -5
[  105.6813] open name host:/livepad.bin flag 1 data 41378
[  105.6825] open fd = -5
[  105.6992] open name host:/livepad.bin flag 1 data 41378
[  105.7004] open fd = -5
[  105.7183] open name host:/livepad.bin flag 1 data 41378
[  105.7196] open fd = -5
[  105.7379] open name host:/livepad.bin flag 1 data 41378
[  105.7393] open fd = -5
[  105.7591] open name host:/livepad.bin flag 1 data 41378
[  105.7606] open fd = -5
[  105.7793] open name host:/livepad.bin flag 1 data 41378
[  105.7807] open fd = -5
[  105.7810] open name host:/livedbg.cmd flag 1 data 41378
[  105.7820] open fd = -5
[  105.7994] open name host:/livepad.bin flag 1 data 41378
[  105.8006] open fd = -5
[  105.8187] open name host:/livepad.bin flag 1 data 41378
[  105.8200] open fd = -5
[  105.8370] open name host:/livepad.bin flag 1 data 41378
[  105.8384] open fd = -5
[  105.8549] open name host:/livepad.bin flag 1 data 41378
[  105.8564] open fd = -5
[  105.8724] open name host:/livepad.bin flag 1 data 41378
[  105.8737] open fd = -5
[  105.8906] open name host:/livepad.bin flag 1 data 41378
[  105.8921] open fd = -5
[  105.8924] open name host:/livedbg.cmd flag 1 data 41378
[  105.8934] open fd = -5
[  105.9108] open name host:/livepad.bin flag 1 data 41378
[  105.9121] open fd = -5
[  105.9293] open name host:/livepad.bin flag 1 data 41378
[  105.9307] open fd = -5
[  105.9475] open name host:/livepad.bin flag 1 data 41378
[  105.9489] open fd = -5
[  105.9672] open name host:/livepad.bin flag 1 data 41378
[  105.9683] open fd = -5
[  105.9854] open name host:/livepad.bin flag 1 data 41378
[  105.9866] open fd = -5
[  106.0063] open name host:/livepad.bin flag 1 data 41378
[  106.0076] open fd = -5
[  106.0080] open name host:/livedbg.cmd flag 1 data 41378
[  106.0090] open fd = -5
[  106.0268] open name host:/livepad.bin flag 1 data 41378
[  106.0281] open fd = -5
[  106.0456] open name host:/livepad.bin flag 1 data 41378
[  106.0469] open fd = -5
[  106.0477] open name host:/log.txt flag 302 data 41378
[  106.0497] open fd = 256
[  106.0715] open name host:/livepad.bin flag 1 data 41378
[  106.0734] open fd = -5
[  106.0907] open name host:/livepad.bin flag 1 data 41378
[  106.0920] open fd = -5
[  106.1083] open name host:/livepad.bin flag 1 data 41378
[  106.1100] open fd = -5
[  106.1259] open name host:/livepad.bin flag 1 data 41378
[  106.1271] open fd = -5
[  106.1275] open name host:/livedbg.cmd flag 1 data 41378
[  106.1285] open fd = -5
[  106.1443] open name host:/livepad.bin flag 1 data 41378
[  106.1458] open fd = -5
[  106.1627] open name host:/livepad.bin flag 1 data 41378
[  106.1641] open fd = -5
[  106.1818] open name host:/livepad.bin flag 1 data 41378
[  106.1831] open fd = -5
[  106.2002] open name host:/livepad.bin flag 1 data 41378
[  106.2018] open fd = -5
[  106.2186] open name host:/livepad.bin flag 1 data 41378
[  106.2200] open fd = -5
[  106.2383] open name host:/livepad.bin flag 1 data 41378
[  106.2396] open fd = -5
[  106.2399] open name host:/livedbg.cmd flag 1 data 41378
[  106.2408] open fd = -5
[  106.2574] open name host:/livepad.bin flag 1 data 41378
[  106.2588] open fd = -5
[  106.2756] open name host:/livepad.bin flag 1 data 41378
[  106.2770] open fd = -5
[  106.2940] open name host:/livepad.bin flag 1 data 41378
[  106.2954] open fd = -5
[  106.3112] open name host:/livepad.bin flag 1 data 41378
[  106.3125] open fd = -5
[  106.3290] open name host:/livepad.bin flag 1 data 41378
[  106.3305] open fd = -5
[  106.3465] open name host:/livepad.bin flag 1 data 41378
[  106.3478] open fd = -5
[  106.3483] open name host:/livedbg.cmd flag 1 data 41378
[  106.3493] open fd = -5
[  106.3658] open name host:/livepad.bin flag 1 data 41378
[  106.3670] open fd = -5
[  106.3836] open name host:/livepad.bin flag 1 data 41378
[  106.3852] open fd = -5
[  106.4022] open name host:/livepad.bin flag 1 data 41378
[  106.4034] open fd = -5
[  106.4208] open name host:/livepad.bin flag 1 data 41378
[  106.4222] open fd = -5
[  106.4387] open name host:/livepad.bin flag 1 data 41378
[  106.4400] open fd = -5
[  106.4565] open name host:/livepad.bin flag 1 data 41378
[  106.4579] open fd = -5
[  106.4581] open name host:/livedbg.cmd flag 1 data 41378
[  106.4593] open fd = -5
[  106.4786] open name host:/livepad.bin flag 1 data 41378
[  106.4800] open fd = -5
[  106.4959] open name host:/livepad.bin flag 1 data 41378
[  106.4972] open fd = -5
[  106.5144] open name host:/livepad.bin flag 1 data 41378
[  106.5156] open fd = -5
[  106.5162] open name host:/log.txt flag 302 data 41378
[  106.5178] open fd = 256
[  106.5362] open name host:/livepad.bin flag 1 data 41378
[  106.5376] open fd = -5
[  106.5538] open name host:/livepad.bin flag 1 data 41378
[  106.5552] open fd = -5
[  106.5579] open name host:/log.txt flag 302 data 41378
[  106.5594] open fd = 256
[  106.5746] open name host:/livepad.bin flag 1 data 41378
[  106.5759] open fd = -5
[  106.5763] open name host:/livedbg.cmd flag 1 data 41378
[  106.5772] open fd = -5
[  106.5939] open name host:/livepad.bin flag 1 data 41378
[  106.5951] open fd = -5
[  106.6117] open name host:/livepad.bin flag 1 data 41378
[  106.6131] open fd = -5
[  106.6296] open name host:/livepad.bin flag 1 data 41378
[  106.6307] open fd = -5
[  106.6469] open name host:/livepad.bin flag 1 data 41378
[  106.6482] open fd = -5
[  106.6655] open name host:/livepad.bin flag 1 data 41378
[  106.6669] open fd = -5
[  106.6832] open name host:/livepad.bin flag 1 data 41378
[  106.6848] open fd = -5
[  106.6851] open name host:/livedbg.cmd flag 1 data 41378
[  106.6861] open fd = -5
[  106.7029] open name host:/livepad.bin flag 1 data 41378
[  106.7046] open fd = -5
[  106.7206] open name host:/livepad.bin flag 1 data 41378
[  106.7221] open fd = -5
[  106.7382] open name host:/livepad.bin flag 1 data 41378
[  106.7395] open fd = -5
[  106.7557] open name host:/livepad.bin flag 1 data 41378
[  106.7571] open fd = -5
[  106.7729] open name host:/livepad.bin flag 1 data 41378
[  106.7740] open fd = -5
[  106.7906] open name host:/livepad.bin flag 1 data 41378
[  106.7922] open fd = -5
[  106.7924] open name host:/livedbg.cmd flag 1 data 41378
[  106.7934] open fd = -5
[  106.8105] open name host:/livepad.bin flag 1 data 41378
[  106.8120] open fd = -5
[  106.8290] open name host:/livepad.bin flag 1 data 41378
[  106.8301] open fd = -5
[  106.8467] FRAMEARENA frames=5040 peak=1045072 resets=7 fallbacks=0 maxFrameBytes=2731360 maxBorrowed=2028560 freeKiB=10906
[  106.8470] NATIVEVIF frames=5040 batches=5047
[  106.8471] ORDEREDFRAME frames=5040 splitFrames=5
[  106.8472] FRAMEPIPELINE starts=5040 dmaBusyStarts=48
[  106.8473] open name host:/livepad.bin flag 1 data 41378
[  106.8484] open fd = -5
[  106.8640] open name host:/livepad.bin flag 1 data 41378
[  106.8651] open fd = -5
[  106.8815] open name host:/livepad.bin flag 1 data 41378
[  106.8827] open fd = -5
[  106.8991] open name host:/livepad.bin flag 1 data 41378
[  106.9003] open fd = -5
[  106.9006] open name host:/livedbg.cmd flag 1 data 41378
[  106.9018] open fd = -5
[  106.9191] open name host:/livepad.bin flag 1 data 41378
[  106.9204] open fd = -5
[  106.9360] open name host:/livepad.bin flag 1 data 41378
[  106.9372] open fd = -5
[  106.9545] open name host:/livepad.bin flag 1 data 41378
[  106.9563] open fd = -5
[  106.9726] open name host:/livepad.bin flag 1 data 41378
[  106.9742] open fd = -5
[  106.9750] open name host:/log.txt flag 302 data 41378
[  106.9773] open fd = 256
[  106.9963] open name host:/livepad.bin flag 1 data 41378
[  106.9976] open fd = -5
[  107.0139] open name host:/livepad.bin flag 1 data 41378
[  107.0153] open fd = -5
[  107.0156] open name host:/livedbg.cmd flag 1 data 41378
[  107.0166] open fd = -5
[  107.0328] open name host:/livepad.bin flag 1 data 41378
[  107.0340] open fd = -5
[  107.0512] open name host:/livepad.bin flag 1 data 41378
[  107.0524] open fd = -5
[  107.0700] open name host:/livepad.bin flag 1 data 41378
[  107.0711] open fd = -5
[  107.0880] open name host:/livepad.bin flag 1 data 41378
[  107.0892] open fd = -5
[  107.0906] open name host:/log.txt flag 302 data 41378
[  107.0921] open fd = 256
[  107.1091] open name host:/livepad.bin flag 1 data 41378
[  107.1108] open fd = -5
[  107.1271] open name host:/livepad.bin flag 1 data 41378
[  107.1286] open fd = -5
[  107.1289] open name host:/livedbg.cmd flag 1 data 41378
[  107.1298] open fd = -5
[  107.1456] open name host:/livepad.bin flag 1 data 41378
[  107.1470] open fd = -5
[  107.1634] open name host:/livepad.bin flag 1 data 41378
[  107.1646] open fd = -5
[  107.1812] open name host:/livepad.bin flag 1 data 41378
[  107.1824] open fd = -5
[  107.1983] open name host:/livepad.bin flag 1 data 41378
[  107.1997] open fd = -5
[  107.2167] open name host:/livepad.bin flag 1 data 41378
[  107.2182] open fd = -5
[  107.2347] open name host:/livepad.bin flag 1 data 41378
[  107.2359] open fd = -5
[  107.2362] open name host:/livedbg.cmd flag 1 data 41378
[  107.2372] open fd = -5
[  107.2537] open name host:/livepad.bin flag 1 data 41378
[  107.2548] open fd = -5
[  107.2714] open name host:/livepad.bin flag 1 data 41378
[  107.2727] open fd = -5
[  107.2890] open name host:/livepad.bin flag 1 data 41378
[  107.2903] open fd = -5
[  107.3069] open name host:/livepad.bin flag 1 data 41378
[  107.3084] open fd = -5
[  107.3242] open name host:/livepad.bin flag 1 data 41378
[  107.3258] open fd = -5
[  107.3432] open name host:/livepad.bin flag 1 data 41378
[  107.3444] open fd = -5
[  107.3446] open name host:/livedbg.cmd flag 1 data 41378
[  107.3456] open fd = -5
[  107.3631] open name host:/livepad.bin flag 1 data 41378
[  107.3643] open fd = -5
[  107.3812] open name host:/livepad.bin flag 1 data 41378
[  107.3824] open fd = -5
[  107.3988] open name host:/livepad.bin flag 1 data 41378
[  107.4001] open fd = -5
[  107.4173] open name host:/livepad.bin flag 1 data 41378
[  107.4186] open fd = -5
[  107.4350] open name host:/livepad.bin flag 1 data 41378
[  107.4361] open fd = -5
[  107.4366] open name host:/log.txt flag 302 data 41378
[  107.4380] open fd = 256
[  107.4569] open name host:/livepad.bin flag 1 data 41378
[  107.4582] open fd = -5
[  107.4586] open name host:/livedbg.cmd flag 1 data 41378
[  107.4596] open fd = -5
[  107.4755] open name host:/livepad.bin flag 1 data 41378
[  107.4769] open fd = -5
[  107.4791] open name host:/log.txt flag 302 data 41378
[  107.4809] open fd = 256
[  107.4968] open name host:/livepad.bin flag 1 data 41378
[  107.4981] open fd = -5
[  107.5148] open name host:/livepad.bin flag 1 data 41378
[  107.5161] open fd = -5
[  107.5327] open name host:/livepad.bin flag 1 data 41378
[  107.5342] open fd = -5
[  107.5503] open name host:/livepad.bin flag 1 data 41378
[  107.5518] open fd = -5
[  107.5678] open name host:/livepad.bin flag 1 data 41378
[  107.5694] open fd = -5
[  107.5696] open name host:/livedbg.cmd flag 1 data 41378
[  107.5706] open fd = -5
[  107.5864] open name host:/livepad.bin flag 1 data 41378
[  107.5879] open fd = -5
[  107.6045] open name host:/livepad.bin flag 1 data 41378
[  107.6057] open fd = -5
[  107.6223] open name host:/livepad.bin flag 1 data 41378
[  107.6235] open fd = -5
[  107.6396] open name host:/livepad.bin flag 1 data 41378
[  107.6410] open fd = -5
[  107.6570] open name host:/livepad.bin flag 1 data 41378
[  107.6582] open fd = -5
[  107.6761] open name host:/livepad.bin flag 1 data 41378
[  107.6776] open fd = -5
[  107.6779] open name host:/livedbg.cmd flag 1 data 41378
[  107.6793] open fd = -5
[  107.6944] open name host:/livepad.bin flag 1 data 41378
[  107.6957] open fd = -5
[  107.7125] open name host:/livepad.bin flag 1 data 41378
[  107.7138] open fd = -5
[  107.7302] open name host:/livepad.bin flag 1 data 41378
[  107.7315] open fd = -5
[  107.7479] open name host:/livepad.bin flag 1 data 41378
[  107.7493] open fd = -5
[  107.7663] open name host:/livepad.bin flag 1 data 41378
[  107.7675] open fd = -5
[  107.7838] open name host:/livepad.bin flag 1 data 41378
[  107.7850] open fd = -5
[  107.7852] open name host:/livedbg.cmd flag 1 data 41378
[  107.7862] open fd = -5
[  107.8019] open name host:/livepad.bin flag 1 data 41378
[  107.8032] open fd = -5
[  107.8194] open name host:/livepad.bin flag 1 data 41378
[  107.8206] open fd = -5
[  107.8374] open name host:/livepad.bin flag 1 data 41378
[  107.8386] open fd = -5
[  107.8546] open name host:/livepad.bin flag 1 data 41378
[  107.8559] open fd = -5
[  107.8731] open name host:/livepad.bin flag 1 data 41378
[  107.8742] open fd = -5
[  107.8904] open name host:/livepad.bin flag 1 data 41378
[  107.8919] open fd = -5
[  107.8923] open name host:/livedbg.cmd flag 1 data 41378
[  107.8934] open fd = -5
[  107.8937] open name host:/log.txt flag 302 data 41378
[  107.8952] open fd = 256
[  107.9140] open name host:/livepad.bin flag 1 data 41378
[  107.9153] open fd = -5
[  107.9316] open name host:/livepad.bin flag 1 data 41378
[  107.9327] open fd = -5
[  107.9487] open name host:/livepad.bin flag 1 data 41378
[  107.9500] open fd = -5
[  107.9668] open name host:/livepad.bin flag 1 data 41378
[  107.9682] open fd = -5
[  107.9855] open name host:/livepad.bin flag 1 data 41378
[  107.9868] open fd = -5
[  108.0036] open name host:/livepad.bin flag 1 data 41378
[  108.0050] open fd = -5
[  108.0054] open name host:/livedbg.cmd flag 1 data 41378
[  108.0065] open fd = -5
[  108.0225] open name host:/livepad.bin flag 1 data 41378
[  108.0239] open fd = -5
[  108.0405] open name host:/livepad.bin flag 1 data 41378
[  108.0418] open fd = -5
[  108.0594] open name host:/livepad.bin flag 1 data 41378
[  108.0607] open fd = -5
[  108.0776] open name host:/livepad.bin flag 1 data 41378
[  108.0792] open fd = -5
[  108.0952] open name host:/livepad.bin flag 1 data 41378
[  108.0968] open fd = -5
[  108.1131] open name host:/livepad.bin flag 1 data 41378
[  108.1146] open fd = -5
[  108.1149] open name host:/livedbg.cmd flag 1 data 41378
[  108.1164] open fd = -5
[  108.1328] open name host:/livepad.bin flag 1 data 41378
[  108.1345] open fd = -5
[  108.1522] open name host:/livepad.bin flag 1 data 41378
[  108.1534] open fd = -5
[  108.1696] open name host:/livepad.bin flag 1 data 41378
[  108.1707] open fd = -5
[  108.1868] open name host:/livepad.bin flag 1 data 41378
[  108.1882] open fd = -5
[  108.2054] open name host:/livepad.bin flag 1 data 41378
[  108.2068] open fd = -5
[  108.2239] open name host:/livepad.bin flag 1 data 41378
[  108.2253] open fd = -5
[  108.2255] open name host:/livedbg.cmd flag 1 data 41378
[  108.2267] open fd = -5
[  108.2433] open name host:/livepad.bin flag 1 data 41378
[  108.2447] open fd = -5
[  108.2614] open name host:/livepad.bin flag 1 data 41378
[  108.2630] open fd = -5
[  108.2803] open name host:/livepad.bin flag 1 data 41378
[  108.2818] open fd = -5
[  108.2975] open name host:/livepad.bin flag 1 data 41378
[  108.2988] open fd = -5
[  108.3148] open name host:/livepad.bin flag 1 data 41378
[  108.3161] open fd = -5
[  108.3332] open name host:/livepad.bin flag 1 data 41378
[  108.3344] open fd = -5
[  108.3347] open name host:/livedbg.cmd flag 1 data 41378
[  108.3356] open fd = -5
[  108.3520] open name host:/livepad.bin flag 1 data 41378
[  108.3534] open fd = -5
[  108.3539] open name host:/log.txt flag 302 data 41378
[  108.3554] open fd = 256
[  108.3734] open name host:/livepad.bin flag 1 data 41378
[  108.3748] open fd = -5
[  108.3907] open name host:/livepad.bin flag 1 data 41378
[  108.3920] open fd = -5
[  108.3942] open name host:/log.txt flag 302 data 41378
[  108.3958] open fd = 256
[  108.4128] open name host:/livepad.bin flag 1 data 41378
[  108.4139] open fd = -5
[  108.4301] open name host:/livepad.bin flag 1 data 41378
[  108.4312] open fd = -5
[  108.4475] open name host:/livepad.bin flag 1 data 41378
[  108.4487] open fd = -5
[  108.4490] open name host:/livedbg.cmd flag 1 data 41378
[  108.4501] open fd = -5
[  108.4656] open name host:/livepad.bin flag 1 data 41378
[  108.4668] open fd = -5
[  108.4832] open name host:/livepad.bin flag 1 data 41378
[  108.4844] open fd = -5
[  108.5004] open name host:/livepad.bin flag 1 data 41378
[  108.5017] open fd = -5
[  108.5189] open name host:/livepad.bin flag 1 data 41378
[  108.5202] open fd = -5
[  108.5365] open name host:/livepad.bin flag 1 data 41378
[  108.5380] open fd = -5
[  108.5558] open name host:/livepad.bin flag 1 data 41378
[  108.5573] open fd = -5
[  108.5577] open name host:/livedbg.cmd flag 1 data 41378
[  108.5588] open fd = -5
[  108.5750] open name host:/livepad.bin flag 1 data 41378
[  108.5763] open fd = -5
[  108.5927] open name host:/livepad.bin flag 1 data 41378
[  108.5939] open fd = -5
[  108.6102] open name host:/livepad.bin flag 1 data 41378
[  108.6116] open fd = -5
[  108.6279] open name host:/livepad.bin flag 1 data 41378
[  108.6291] open fd = -5
[  108.6453] open name host:/livepad.bin flag 1 data 41378
[  108.6466] open fd = -5
[  108.6628] open name host:/livepad.bin flag 1 data 41378
[  108.6641] open fd = -5
[  108.6644] open name host:/livedbg.cmd flag 1 data 41378
[  108.6654] open fd = -5
[  108.6816] open name host:/livepad.bin flag 1 data 41378
[  108.6827] open fd = -5
[  108.6988] open name host:/livepad.bin flag 1 data 41378
[  108.7002] open fd = -5
[  108.7170] open name host:/livepad.bin flag 1 data 41378
[  108.7183] open fd = -5
[  108.7349] open name host:/livepad.bin flag 1 data 41378
[  108.7362] open fd = -5
[  108.7525] open name host:/livepad.bin flag 1 data 41378
[  108.7538] open fd = -5
[  108.7702] open name host:/livepad.bin flag 1 data 41378
[  108.7715] open fd = -5
[  108.7717] open name host:/livedbg.cmd flag 1 data 41378
[  108.7728] open fd = -5
[  108.7891] open name host:/livepad.bin flag 1 data 41378
[  108.7905] open fd = -5
[  108.8068] open name host:/livepad.bin flag 1 data 41378
[  108.8083] open fd = -5
[  108.8087] open name host:/log.txt flag 302 data 41378
[  108.8105] open fd = 256
[  108.8279] open name host:/livepad.bin flag 1 data 41378
[  108.8292] open fd = -5
[  108.8449] open name host:/livepad.bin flag 1 data 41378
[  108.8461] open fd = -5
[  108.8621] open name host:/livepad.bin flag 1 data 41378
[  108.8632] open fd = -5
[  108.8791] open name host:/livepad.bin flag 1 data 41378
[  108.8804] open fd = -5
[  108.8807] open name host:/livedbg.cmd flag 1 data 41378
[  108.8820] open fd = -5
[  108.8980] open name host:/livepad.bin flag 1 data 41378
[  108.8993] open fd = -5
[  108.9158] open name host:/livepad.bin flag 1 data 41378
[  108.9174] open fd = -5
[  108.9345] open name host:/livepad.bin flag 1 data 41378
[  108.9362] open fd = -5
[  108.9540] open name host:/livepad.bin flag 1 data 41378
[  108.9553] open fd = -5
[  108.9718] open name host:/livepad.bin flag 1 data 41378
[  108.9732] open fd = -5
[  108.9910] open name host:/livepad.bin flag 1 data 41378
[  108.9923] open fd = -5
[  108.9926] open name host:/livedbg.cmd flag 1 data 41378
[  108.9936] open fd = -5
[  109.0093] open name host:/livepad.bin flag 1 data 41378
[  109.0106] open fd = -5
[  109.0294] open name host:/livepad.bin flag 1 data 41378
[  109.0307] open fd = -5
[  109.0475] FRAMEARENA frames=5160 peak=1045072 resets=7 fallbacks=0 maxFrameBytes=2731360 maxBorrowed=2028560 freeKiB=10908
[  109.0477] NATIVEVIF frames=5160 batches=5167
[  109.0479] ORDEREDFRAME frames=5160 splitFrames=5
[  109.0481] FRAMEPIPELINE starts=5160 dmaBusyStarts=48
[  109.0482] open name host:/livepad.bin flag 1 data 41378
[  109.0493] open fd = -5
[  109.0651] open name host:/livepad.bin flag 1 data 41378
[  109.0664] open fd = -5
[  109.0830] open name host:/livepad.bin flag 1 data 41378
[  109.0842] open fd = -5
[  109.1014] open name host:/livepad.bin flag 1 data 41378
[  109.1027] open fd = -5
[  109.1030] open name host:/livedbg.cmd flag 1 data 41378
[  109.1039] open fd = -5
[  109.1197] open name host:/livepad.bin flag 1 data 41378
[  109.1209] open fd = -5
[  109.1370] open name host:/livepad.bin flag 1 data 41378
[  109.1382] open fd = -5
[  109.1851] open name host:/livepad.bin flag 1 data 41378
[  109.1865] open fd = -5
[  109.2039] open name host:/livepad.bin flag 1 data 41378
[  109.2052] open fd = -5
[  109.2227] open name host:/livepad.bin flag 1 data 41378
[  109.2239] open fd = -5
[  109.2410] open name host:/livepad.bin flag 1 data 41378
[  109.2422] open fd = -5
[  109.2425] open name host:/livedbg.cmd flag 1 data 41378
[  109.2437] open fd = -5
[  109.2593] open name host:/livepad.bin flag 1 data 41378
[  109.2606] open fd = -5
[  109.2775] open name host:/livepad.bin flag 1 data 41378
[  109.2789] open fd = -5
[  109.2969] open name host:/livepad.bin flag 1 data 41378
[  109.2984] open fd = -5
[  109.2989] open name host:/log.txt flag 302 data 41378
[  109.3004] open fd = 256
[  109.3190] open name host:/livepad.bin flag 1 data 41378
[  109.3202] open fd = -5
[  109.3357] open name host:/livepad.bin flag 1 data 41378
[  109.3372] open fd = -5
[  109.3398] open name host:/log.txt flag 302 data 41378
[  109.3415] open fd = 256
[  109.3568] open name host:/livepad.bin flag 1 data 41378
[  109.3582] open fd = -5
[  109.3585] open name host:/livedbg.cmd flag 1 data 41378
[  109.3595] open fd = -5
[  109.3756] open name host:/livepad.bin flag 1 data 41378
[  109.3769] open fd = -5
[  109.3939] open name host:/livepad.bin flag 1 data 41378
[  109.3953] open fd = -5
[  109.4116] open name host:/livepad.bin flag 1 data 41378
[  109.4130] open fd = -5
[  109.4306] open name host:/livepad.bin flag 1 data 41378
[  109.4318] open fd = -5
[  109.4478] open name host:/livepad.bin flag 1 data 41378
[  109.4492] open fd = -5
[  109.4656] open name host:/livepad.bin flag 1 data 41378
[  109.4670] open fd = -5
[  109.4673] open name host:/livedbg.cmd flag 1 data 41378
[  109.4685] open fd = -5
[  109.4839] open name host:/livepad.bin flag 1 data 41378
[  109.4852] open fd = -5
[  109.5011] open name host:/livepad.bin flag 1 data 41378
[  109.5024] open fd = -5
[  109.5189] open name host:/livepad.bin flag 1 data 41378
[  109.5202] open fd = -5
[  109.5359] open name host:/livepad.bin flag 1 data 41378
[  109.5372] open fd = -5
[  109.5540] open name host:/livepad.bin flag 1 data 41378
[  109.5552] open fd = -5
[  109.5706] open name host:/livepad.bin flag 1 data 41378
[  109.5720] open fd = -5
[  109.5724] open name host:/livedbg.cmd flag 1 data 41378
[  109.5736] open fd = -5
[  109.5898] open name host:/livepad.bin flag 1 data 41378
[  109.5911] open fd = -5
[  109.6083] open name host:/livepad.bin flag 1 data 41378
[  109.6097] open fd = -5
[  109.6259] open name host:/livepad.bin flag 1 data 41378
[  109.6271] open fd = -5
[  109.6437] open name host:/livepad.bin flag 1 data 41378
[  109.6449] open fd = -5
[  109.6603] open name host:/livepad.bin flag 1 data 41378
[  109.6616] open fd = -5
[  109.6788] open name host:/livepad.bin flag 1 data 41378
[  109.6802] open fd = -5
[  109.6805] open name host:/livedbg.cmd flag 1 data 41378
[  109.6816] open fd = -5
[  109.6987] open name host:/livepad.bin flag 1 data 41378
[  109.7000] open fd = -5
[  109.7180] open name host:/livepad.bin flag 1 data 41378
[  109.7193] open fd = -5
[  109.7376] open name host:/livepad.bin flag 1 data 41378
[  109.7388] open fd = -5
[  109.7563] open name host:/livepad.bin flag 1 data 41378
[  109.7576] open fd = -5
[  109.7584] open name host:/log.txt flag 302 data 41378
[  109.7599] open fd = 256
[  109.7792] open name host:/livepad.bin flag 1 data 41378
[  109.7805] open fd = -5
[  109.7971] open name host:/livepad.bin flag 1 data 41378
[  109.7984] open fd = -5
[  109.7988] open name host:/livedbg.cmd flag 1 data 41378
[  109.7999] open fd = -5
[  109.8167] open name host:/livepad.bin flag 1 data 41378
[  109.8180] open fd = -5
[  109.8347] open name host:/livepad.bin flag 1 data 41378
[  109.8358] open fd = -5
[  109.8520] open name host:/livepad.bin flag 1 data 41378
[  109.8533] open fd = -5
[  109.8698] open name host:/livepad.bin flag 1 data 41378
[  109.8709] open fd = -5
[  109.8724] open name host:/log.txt flag 302 data 41378
[  109.8739] open fd = 256
[  109.8905] open name host:/livepad.bin flag 1 data 41378
[  109.8918] open fd = -5
[  109.9084] open name host:/livepad.bin flag 1 data 41378
[  109.9097] open fd = -5
[  109.9103] open name host:/livedbg.cmd flag 1 data 41378
[  109.9113] open fd = -5
[  109.9272] open name host:/livepad.bin flag 1 data 41378
[  109.9283] open fd = -5
[  109.9446] open name host:/livepad.bin flag 1 data 41378
[  109.9461] open fd = -5
[  109.9627] open name host:/livepad.bin flag 1 data 41378
[  109.9639] open fd = -5
[  109.9804] open name host:/livepad.bin flag 1 data 41378
[  109.9815] open fd = -5
[  109.9990] open name host:/livepad.bin flag 1 data 41378
[  110.0001] open fd = -5
[  110.0162] open name host:/livepad.bin flag 1 data 41378
[  110.0175] open fd = -5
[  110.0177] open name host:/livedbg.cmd flag 1 data 41378
[  110.0187] open fd = -5
[  110.0354] open name host:/livepad.bin flag 1 data 41378
[  110.0367] open fd = -5
[  110.0530] open name host:/livepad.bin flag 1 data 41378
[  110.0543] open fd = -5
[  110.0713] open name host:/livepad.bin flag 1 data 41378
[  110.0725] open fd = -5
[  110.0881] open name host:/livepad.bin flag 1 data 41378
[  110.0894] open fd = -5
[  110.1063] open name host:/livepad.bin flag 1 data 41378
[  110.1075] open fd = -5
[  110.1240] open name host:/livepad.bin flag 1 data 41378
[  110.1253] open fd = -5
[  110.1257] open name host:/livedbg.cmd flag 1 data 41378
[  110.1268] open fd = -5
[  110.1434] open name host:/livepad.bin flag 1 data 41378
[  110.1446] open fd = -5
[  110.1611] open name host:/livepad.bin flag 1 data 41378
[  110.1623] open fd = -5
[  110.1803] open name host:/livepad.bin flag 1 data 41378
[  110.1817] open fd = -5
[  110.1983] open name host:/livepad.bin flag 1 data 41378
[  110.1998] open fd = -5
[  110.2166] open name host:/livepad.bin flag 1 data 41378
[  110.2177] open fd = -5
[  110.2183] open name host:/log.txt flag 302 data 41378
[  110.2201] open fd = 256
[  110.2374] open name host:/livepad.bin flag 1 data 41378
[  110.2387] open fd = -5
[  110.2390] open name host:/livedbg.cmd flag 1 data 41378
[  110.2402] open fd = -5
[  110.2558] open name host:/livepad.bin flag 1 data 41378
[  110.2569] open fd = -5
[  110.2594] open name host:/log.txt flag 302 data 41378
[  110.2608] open fd = 256
[  110.2772] open name host:/livepad.bin flag 1 data 41378
[  110.2785] open fd = -5
[  110.2948] open name host:/livepad.bin flag 1 data 41378
[  110.2961] open fd = -5
[  110.3124] open name host:/livepad.bin flag 1 data 41378
[  110.3139] open fd = -5
[  110.3298] open name host:/livepad.bin flag 1 data 41378
[  110.3312] open fd = -5
[  110.3472] open name host:/livepad.bin flag 1 data 41378
[  110.3485] open fd = -5
[  110.3489] open name host:/livedbg.cmd flag 1 data 41378
[  110.3498] open fd = -5
[  110.3669] open name host:/livepad.bin flag 1 data 41378
[  110.3683] open fd = -5
[  110.3852] open name host:/livepad.bin flag 1 data 41378
[  110.3866] open fd = -5
[  110.4033] open name host:/livepad.bin flag 1 data 41378
[  110.4046] open fd = -5
[  110.4206] open name host:/livepad.bin flag 1 data 41378
[  110.4219] open fd = -5
[  110.4400] open name host:/livepad.bin flag 1 data 41378
[  110.4412] open fd = -5
[  110.4577] open name host:/livepad.bin flag 1 data 41378
[  110.4589] open fd = -5
[  110.4592] open name host:/livedbg.cmd flag 1 data 41378
[  110.4602] open fd = -5
[  110.4772] open name host:/livepad.bin flag 1 data 41378
[  110.4786] open fd = -5
[  110.4950] open name host:/livepad.bin flag 1 data 41378
[  110.4962] open fd = -5
[  110.5123] open name host:/livepad.bin flag 1 data 41378
[  110.5136] open fd = -5
[  110.5309] open name host:/livepad.bin flag 1 data 41378
[  110.5322] open fd = -5
[  110.5482] open name host:/livepad.bin flag 1 data 41378
[  110.5495] open fd = -5
[  110.5669] open name host:/livepad.bin flag 1 data 41378
[  110.5683] open fd = -5
[  110.5685] open name host:/livedbg.cmd flag 1 data 41378
[  110.5697] open fd = -5
[  110.5856] open name host:/livepad.bin flag 1 data 41378
[  110.5870] open fd = -5
[  110.6045] open name host:/livepad.bin flag 1 data 41378
[  110.6060] open fd = -5
[  110.6220] open name host:/livepad.bin flag 1 data 41378
[  110.6234] open fd = -5
[  110.6398] open name host:/livepad.bin flag 1 data 41378
[  110.6410] open fd = -5
[  110.6574] open name host:/livepad.bin flag 1 data 41378
[  110.6589] open fd = -5
[  110.6758] open name host:/livepad.bin flag 1 data 41378
[  110.6772] open fd = -5
[  110.6776] open name host:/livedbg.cmd flag 1 data 41378
[  110.6785] open fd = -5
[  110.6789] open name host:/log.txt flag 302 data 41378
[  110.6803] open fd = 256
[  110.6992] open name host:/livepad.bin flag 1 data 41378
[  110.7005] open fd = -5
[  110.7169] open name host:/livepad.bin flag 1 data 41378
[  110.7182] open fd = -5
[  110.7347] open name host:/livepad.bin flag 1 data 41378
[  110.7360] open fd = -5
[  110.7533] open name host:/livepad.bin flag 1 data 41378
[  110.7544] open fd = -5
[  110.7705] open name host:/livepad.bin flag 1 data 41378
[  110.7720] open fd = -5
[  110.7888] open name host:/livepad.bin flag 1 data 41378
[  110.7901] open fd = -5
[  110.7904] open name host:/livedbg.cmd flag 1 data 41378
[  110.7914] open fd = -5
[  110.8084] open name host:/livepad.bin flag 1 data 41378
[  110.8097] open fd = -5
[  110.8256] open name host:/livepad.bin flag 1 data 41378
[  110.8269] open fd = -5
[  110.8431] open name host:/livepad.bin flag 1 data 41378
[  110.8444] open fd = -5
[  110.8604] open name host:/livepad.bin flag 1 data 41378
[  110.8616] open fd = -5
[  110.8801] open name host:/livepad.bin flag 1 data 41378
[  110.8813] open fd = -5
[  110.8982] open name host:/livepad.bin flag 1 data 41378
[  110.8997] open fd = -5
[  110.9001] open name host:/livedbg.cmd flag 1 data 41378
[  110.9012] open fd = -5
[  110.9192] open name host:/livepad.bin flag 1 data 41378
[  110.9205] open fd = -5
[  110.9364] open name host:/livepad.bin flag 1 data 41378
[  110.9377] open fd = -5
[  110.9550] open name host:/livepad.bin flag 1 data 41378
[  110.9565] open fd = -5
[  110.9746] open name host:/livepad.bin flag 1 data 41378
[  110.9759] open fd = -5
[  110.9932] open name host:/livepad.bin flag 1 data 41378
[  110.9946] open fd = -5
[  111.0118] open name host:/livepad.bin flag 1 data 41378
[  111.0131] open fd = -5
[  111.0134] open name host:/livedbg.cmd flag 1 data 41378
[  111.0143] open fd = -5
[  111.0317] open name host:/livepad.bin flag 1 data 41378
[  111.0331] open fd = -5
[  111.0503] open name host:/livepad.bin flag 1 data 41378
[  111.0519] open fd = -5
[  111.0684] open name host:/livepad.bin flag 1 data 41378
[  111.0699] open fd = -5
[  111.0875] open name host:/livepad.bin flag 1 data 41378
[  111.0888] open fd = -5
[  111.1047] open name host:/livepad.bin flag 1 data 41378
[  111.1060] open fd = -5
[  111.1228] open name host:/livepad.bin flag 1 data 41378
[  111.1239] open fd = -5
[  111.1242] open name host:/livedbg.cmd flag 1 data 41378
[  111.1253] open fd = -5
[  111.1413] open name host:/livepad.bin flag 1 data 41378
[  111.1425] open fd = -5
[  111.1431] open name host:/log.txt flag 302 data 41378
[  111.1445] open fd = 256
[  111.1614] open name host:/livepad.bin flag 1 data 41378
[  111.1629] open fd = -5
[  111.1789] open name host:/livepad.bin flag 1 data 41378
[  111.1801] open fd = -5
[  111.1823] open name host:/log.txt flag 302 data 41378
[  111.1839] open fd = 256
[  111.1995] open name host:/livepad.bin flag 1 data 41378
[  111.2008] open fd = -5
[  111.2179] open name host:/livepad.bin flag 1 data 41378
[  111.2194] open fd = -5
[  111.2359] open name host:/livepad.bin flag 1 data 41378
[  111.2372] open fd = -5
[  111.2377] open name host:/livedbg.cmd flag 1 data 41378
[  111.2387] open fd = -5
[  111.2559] open name host:/livepad.bin flag 1 data 41378
[  111.2571] open fd = -5
[  111.2733] open name host:/livepad.bin flag 1 data 41378
[  111.2745] open fd = -5
[  111.2912] FRAMEARENA frames=5280 peak=1045072 resets=7 fallbacks=0 maxFrameBytes=2731360 maxBorrowed=2028560 freeKiB=10908
[  111.2914] NATIVEVIF frames=5280 batches=5287
[  111.2915] ORDEREDFRAME frames=5280 splitFrames=5
[  111.2917] FRAMEPIPELINE starts=5280 dmaBusyStarts=48
[  111.2918] open name host:/livepad.bin flag 1 data 41378
[  111.2934] open fd = -5
[  111.3088] open name host:/livepad.bin flag 1 data 41378
[  111.3100] open fd = -5
[  111.3262] open name host:/livepad.bin flag 1 data 41378
[  111.3275] open fd = -5
[  111.3437] open name host:/livepad.bin flag 1 data 41378
[  111.3448] open fd = -5
[  111.3451] open name host:/livedbg.cmd flag 1 data 41378
[  111.3463] open fd = -5
[  111.3632] open name host:/livepad.bin flag 1 data 41378
[  111.3646] open fd = -5
[  111.3823] open name host:/livepad.bin flag 1 data 41378
[  111.3836] open fd = -5
[  111.4002] open name host:/livepad.bin flag 1 data 41378
[  111.4014] open fd = -5
[  111.4188] open name host:/livepad.bin flag 1 data 41378
[  111.4202] open fd = -5
[  111.4374] open name host:/livepad.bin flag 1 data 41378
[  111.4385] open fd = -5
[  111.4558] open name host:/livepad.bin flag 1 data 41378
[  111.4573] open fd = -5
[  111.4576] open name host:/livedbg.cmd flag 1 data 41378
[  111.4586] open fd = -5
[  111.4761] open name host:/livepad.bin flag 1 data 41378
[  111.4775] open fd = -5
[  111.4934] open name host:/livepad.bin flag 1 data 41378
[  111.4948] open fd = -5
[  111.5123] open name host:/livepad.bin flag 1 data 41378
[  111.5136] open fd = -5
[  111.5301] open name host:/livepad.bin flag 1 data 41378
[  111.5313] open fd = -5
[  111.5499] open name host:/livepad.bin flag 1 data 41378
[  111.5513] open fd = -5
[  111.5690] open name host:/livepad.bin flag 1 data 41378
[  111.5703] open fd = -5
[  111.5711] open name host:/livedbg.cmd flag 1 data 41378
[  111.5721] open fd = -5
[  111.5884] open name host:/livepad.bin flag 1 data 41378
[  111.5898] open fd = -5
[  111.6058] open name host:/livepad.bin flag 1 data 41378
[  111.6072] open fd = -5
[  111.6080] open name host:/log.txt flag 302 data 41378
[  111.6099] open fd = 256
[  111.6278] open name host:/livepad.bin flag 1 data 41378
[  111.6290] open fd = -5
[  111.6451] open name host:/livepad.bin flag 1 data 41378
[  111.6465] open fd = -5
[  111.6634] open name host:/livepad.bin flag 1 data 41378
[  111.6645] open fd = -5
[  111.6805] open name host:/livepad.bin flag 1 data 41378
[  111.6817] open fd = -5
[  111.6820] open name host:/livedbg.cmd flag 1 data 41378
[  111.6830] open fd = -5
[  111.6993] open name host:/livepad.bin flag 1 data 41378
[  111.7005] open fd = -5
[  111.7177] open name host:/livepad.bin flag 1 data 41378
[  111.7190] open fd = -5
[  111.7359] open name host:/livepad.bin flag 1 data 41378
[  111.7370] open fd = -5
[  111.7543] open name host:/livepad.bin flag 1 data 41378
[  111.7556] open fd = -5
[  111.7728] open name host:/livepad.bin flag 1 data 41378
[  111.7740] open fd = -5
[  111.7902] open name host:/livepad.bin flag 1 data 41378
[  111.7916] open fd = -5
[  111.7920] open name host:/livedbg.cmd flag 1 data 41378
[  111.7929] open fd = -5
[  111.8086] open name host:/livepad.bin flag 1 data 41378
[  111.8099] open fd = -5
[  111.8262] open name host:/livepad.bin flag 1 data 41378
[  111.8274] open fd = -5
[  111.8438] open name host:/livepad.bin flag 1 data 41378
[  111.8450] open fd = -5
[  111.8626] open name host:/livepad.bin flag 1 data 41378
[  111.8639] open fd = -5
[  111.8801] open name host:/livepad.bin flag 1 data 41378
[  111.8814] open fd = -5
[  111.8979] open name host:/livepad.bin flag 1 data 41378
[  111.8993] open fd = -5
[  111.8997] open name host:/livedbg.cmd flag 1 data 41378
[  111.9007] open fd = -5
[  111.9170] open name host:/livepad.bin flag 1 data 41378
[  111.9183] open fd = -5
[  111.9354] open name host:/livepad.bin flag 1 data 41378
[  111.9365] open fd = -5
[  111.9530] open name host:/livepad.bin flag 1 data 41378
[  111.9544] open fd = -5
[  111.9716] open name host:/livepad.bin flag 1 data 41378
[  111.9728] open fd = -5
[  111.9884] open name host:/livepad.bin flag 1 data 41378
[  111.9898] open fd = -5
[  112.0065] open name host:/livepad.bin flag 1 data 41378
[  112.0077] open fd = -5
[  112.0080] open name host:/livedbg.cmd flag 1 data 41378
[  112.0091] open fd = -5
[  112.0272] open name host:/livepad.bin flag 1 data 41378
[  112.0286] open fd = -5
[  112.0446] open name host:/livepad.bin flag 1 data 41378
[  112.0461] open fd = -5
[  112.0629] open name host:/livepad.bin flag 1 data 41378
[  112.0643] open fd = -5
[  112.0648] open name host:/log.txt flag 302 data 41378
[  112.0664] open fd = 256
[  112.0852] open name host:/livepad.bin flag 1 data 41378
[  112.0866] open fd = -5
[  112.1032] open name host:/livepad.bin flag 1 data 41378
[  112.1044] open fd = -5
[  112.1068] open name host:/log.txt flag 302 data 41378
[  112.1084] open fd = 256
[  112.1240] open name host:/livepad.bin flag 1 data 41378
[  112.1253] open fd = -5
[  112.1257] open name host:/livedbg.cmd flag 1 data 41378
[  112.1266] open fd = -5
[  112.1426] open name host:/livepad.bin flag 1 data 41378
[  112.1438] open fd = -5
[  112.1597] open name host:/livepad.bin flag 1 data 41378
[  112.1610] open fd = -5
[  112.1798] open name host:/livepad.bin flag 1 data 41378
[  112.1810] open fd = -5
[  112.1988] open name host:/livepad.bin flag 1 data 41378
[  112.2000] open fd = -5
[  112.2160] open name host:/livepad.bin flag 1 data 41378
[  112.2174] open fd = -5
[  112.2344] open name host:/livepad.bin flag 1 data 41378
[  112.2356] open fd = -5
[  112.2359] open name host:/livedbg.cmd flag 1 data 41378
[  112.2369] open fd = -5
[  112.2528] open name host:/livepad.bin flag 1 data 41378
[  112.2541] open fd = -5
[  112.2721] open name host:/livepad.bin flag 1 data 41378
[  112.2735] open fd = -5
[  112.2900] open name host:/livepad.bin flag 1 data 41378
[  112.2914] open fd = -5
[  112.3079] open name host:/livepad.bin flag 1 data 41378
[  112.3092] open fd = -5
[  112.3270] open name host:/livepad.bin flag 1 data 41378
[  112.3282] open fd = -5
[  112.3448] open name host:/livepad.bin flag 1 data 41378
[  112.3459] open fd = -5
[  112.3462] open name host:/livedbg.cmd flag 1 data 41378
[  112.3472] open fd = -5
[  112.3634] open name host:/livepad.bin flag 1 data 41378
[  112.3647] open fd = -5
[  112.3805] open name host:/livepad.bin flag 1 data 41378
[  112.3819] open fd = -5
[  112.3986] open name host:/livepad.bin flag 1 data 41378
[  112.3999] open fd = -5
[  112.4180] open name host:/livepad.bin flag 1 data 41378
[  112.4194] open fd = -5
[  112.4358] open name host:/livepad.bin flag 1 data 41378
[  112.4369] open fd = -5
[  112.4527] open name host:/livepad.bin flag 1 data 41378
[  112.4538] open fd = -5
[  112.4542] open name host:/livedbg.cmd flag 1 data 41378
[  112.4550] open fd = -5
[  112.4709] open name host:/livepad.bin flag 1 data 41378
[  112.4721] open fd = -5
[  112.4884] open name host:/livepad.bin flag 1 data 41378
[  112.4901] open fd = -5
[  112.5069] open name host:/livepad.bin flag 1 data 41378
[  112.5083] open fd = -5
[  112.5242] open name host:/livepad.bin flag 1 data 41378
[  112.5256] open fd = -5
[  112.5262] open name host:/log.txt flag 302 data 41378
[  112.5280] open fd = 256
[  112.5446] open name host:/livepad.bin flag 1 data 41378
[  112.5458] open fd = -5
[  112.5624] open name host:/livepad.bin flag 1 data 41378
[  112.5639] open fd = -5
[  112.5642] open name host:/livedbg.cmd flag 1 data 41378
[  112.5651] open fd = -5
[  112.5815] open name host:/livepad.bin flag 1 data 41378
[  112.5828] open fd = -5
[  112.5991] open name host:/livepad.bin flag 1 data 41378
[  112.6006] open fd = -5
[  112.6172] open name host:/livepad.bin flag 1 data 41378
[  112.6183] open fd = -5
[  112.6347] open name host:/livepad.bin flag 1 data 41378
[  112.6358] open fd = -5
[  112.6373] open name host:/log.txt flag 302 data 41378
[  112.6389] open fd = 256
[  112.6554] open name host:/livepad.bin flag 1 data 41378
[  112.6569] open fd = -5
[  112.6733] open name host:/livepad.bin flag 1 data 41378
[  112.6745] open fd = -5
[  112.6748] open name host:/livedbg.cmd flag 1 data 41378
[  112.6757] open fd = -5
[  112.6921] open name host:/livepad.bin flag 1 data 41378
[  112.6936] open fd = -5
[  112.7097] open name host:/livepad.bin flag 1 data 41378
[  112.7110] open fd = -5
[  112.7288] open name host:/livepad.bin flag 1 data 41378
[  112.7300] open fd = -5
[  112.7465] open name host:/livepad.bin flag 1 data 41378
[  112.7478] open fd = -5
[  112.7661] open name host:/livepad.bin flag 1 data 41378
[  112.7676] open fd = -5
[  112.7839] open name host:/livepad.bin flag 1 data 41378
[  112.7851] open fd = -5
[  112.7853] open name host:/livedbg.cmd flag 1 data 41378
[  112.7866] open fd = -5
[  112.8030] open name host:/livepad.bin flag 1 data 41378
[  112.8042] open fd = -5
[  112.8204] open name host:/livepad.bin flag 1 data 41378
[  112.8219] open fd = -5
[  112.8386] open name host:/livepad.bin flag 1 data 41378
[  112.8399] open fd = -5
[  112.8569] open name host:/livepad.bin flag 1 data 41378
[  112.8582] open fd = -5
[  112.8747] open name host:/livepad.bin flag 1 data 41378
[  112.8761] open fd = -5
[  112.8929] open name host:/livepad.bin flag 1 data 41378
[  112.8945] open fd = -5
[  112.8949] open name host:/livedbg.cmd flag 1 data 41378
[  112.8961] open fd = -5
[  112.9132] open name host:/livepad.bin flag 1 data 41378
[  112.9144] open fd = -5
[  112.9307] open name host:/livepad.bin flag 1 data 41378
[  112.9319] open fd = -5
[  112.9481] open name host:/livepad.bin flag 1 data 41378
[  112.9494] open fd = -5
[  112.9649] open name host:/livepad.bin flag 1 data 41378
[  112.9662] open fd = -5
[  112.9826] open name host:/livepad.bin flag 1 data 41378
[  112.9838] open fd = -5
[  112.9843] open name host:/log.txt flag 302 data 41378
[  112.9860] open fd = 256
[  113.0033] open name host:/livepad.bin flag 1 data 41378
[  113.0046] open fd = -5
[  113.0049] open name host:/livedbg.cmd flag 1 data 41378
[  113.0060] open fd = -5
[  113.0223] open name host:/livepad.bin flag 1 data 41378
[  113.0238] open fd = -5
[  113.0260] open name host:/log.txt flag 302 data 41378
[  113.0280] open fd = 256
[  113.0435] open name host:/livepad.bin flag 1 data 41378
[  113.0448] open fd = -5
[  113.0612] open name host:/livepad.bin flag 1 data 41378
[  113.0624] open fd = -5
[  113.0785] open name host:/livepad.bin flag 1 data 41378
[  113.0798] open fd = -5
[  113.0968] open name host:/livepad.bin flag 1 data 41378
[  113.0981] open fd = -5
[  113.1151] open name host:/livepad.bin flag 1 data 41378
[  113.1164] open fd = -5
[  113.1167] open name host:/livedbg.cmd flag 1 data 41378
[  113.1178] open fd = -5
[  113.1330] open name host:/livepad.bin flag 1 data 41378
[  113.1343] open fd = -5
[  113.1504] open name host:/livepad.bin flag 1 data 41378
[  113.1518] open fd = -5
[  113.1682] open name host:/livepad.bin flag 1 data 41378
[  113.1695] open fd = -5
[  113.1860] open name host:/livepad.bin flag 1 data 41378
[  113.1873] open fd = -5
[  113.2046] open name host:/livepad.bin flag 1 data 41378
[  113.2058] open fd = -5
[  113.2219] open name host:/livepad.bin flag 1 data 41378
[  113.2237] open fd = -5
[  113.2240] open name host:/livedbg.cmd flag 1 data 41378
[  113.2250] open fd = -5
[  113.2410] open name host:/livepad.bin flag 1 data 41378
[  113.2423] open fd = -5
[  113.2596] open name host:/livepad.bin flag 1 data 41378
[  113.2607] open fd = -5
[  113.2791] open name host:/livepad.bin flag 1 data 41378
[  113.2808] open fd = -5
[  113.2976] open name host:/livepad.bin flag 1 data 41378
[  113.2989] open fd = -5
[  113.3165] open name host:/livepad.bin flag 1 data 41378
[  113.3179] open fd = -5
[  113.3356] open name host:/livepad.bin flag 1 data 41378
[  113.3368] open fd = -5
[  113.3371] open name host:/livedbg.cmd flag 1 data 41378
[  113.3380] open fd = -5
[  113.3545] open name host:/livepad.bin flag 1 data 41378
[  113.3561] open fd = -5
[  113.3718] open name host:/livepad.bin flag 1 data 41378
[  113.3731] open fd = -5
[  113.3902] open name host:/livepad.bin flag 1 data 41378
[  113.3916] open fd = -5
[  113.4089] open name host:/livepad.bin flag 1 data 41378
[  113.4103] open fd = -5
[  113.4264] open name host:/livepad.bin flag 1 data 41378
[  113.4275] open fd = -5
[  113.4441] open name host:/livepad.bin flag 1 data 41378
[  113.4454] open fd = -5
[  113.4457] open name host:/livedbg.cmd flag 1 data 41378
[  113.4467] open fd = -5
[  113.4472] open name host:/log.txt flag 302 data 41378
[  113.4490] open fd = 256
[  113.4676] open name host:/livepad.bin flag 1 data 41378
[  113.4690] open fd = -5
[  113.4846] open name host:/livepad.bin flag 1 data 41378
[  113.4862] open fd = -5
[  113.5022] FRAMEARENA frames=5400 peak=1045072 resets=7 fallbacks=0 maxFrameBytes=2731360 maxBorrowed=2028560 freeKiB=10908
[  113.5024] NATIVEVIF frames=5400 batches=5407
[  113.5026] ORDEREDFRAME frames=5400 splitFrames=5
[  113.5027] FRAMEPIPELINE starts=5400 dmaBusyStarts=48
[  113.5028] open name host:/livepad.bin flag 1 data 41378
[  113.5041] open fd = -5
[  113.5194] open name host:/livepad.bin flag 1 data 41378
[  113.5210] open fd = -5
[  113.5377] open name host:/livepad.bin flag 1 data 41378
[  113.5391] open fd = -5
[  113.5547] open name host:/livepad.bin flag 1 data 41378
[  113.5559] open fd = -5
[  113.5564] open name host:/livedbg.cmd flag 1 data 41378
[  113.5574] open fd = -5
[  113.5746] open name host:/livepad.bin flag 1 data 41378
[  113.5760] open fd = -5
[  113.5921] open name host:/livepad.bin flag 1 data 41378
[  113.5933] open fd = -5
[  113.6103] open name host:/livepad.bin flag 1 data 41378
[  113.6117] open fd = -5
[  113.6281] open name host:/livepad.bin flag 1 data 41378
[  113.6291] open fd = -5
[  113.6456] open name host:/livepad.bin flag 1 data 41378
[  113.6469] open fd = -5
[  113.6640] open name host:/livepad.bin flag 1 data 41378
[  113.6654] open fd = -5
[  113.6656] open name host:/livedbg.cmd flag 1 data 41378
[  113.6666] open fd = -5
[  113.6829] open name host:/livepad.bin flag 1 data 41378
[  113.6842] open fd = -5
[  113.7002] open name host:/livepad.bin flag 1 data 41378
[  113.7016] open fd = -5
[  113.7174] open name host:/livepad.bin flag 1 data 41378
[  113.7186] open fd = -5
[  113.7368] open name host:/livepad.bin flag 1 data 41378
[  113.7381] open fd = -5
[  113.7542] open name host:/livepad.bin flag 1 data 41378
[  113.7554] open fd = -5
[  113.7716] open name host:/livepad.bin flag 1 data 41378
[  113.7728] open fd = -5
[  113.7730] open name host:/livedbg.cmd flag 1 data 41378
[  113.7740] open fd = -5
[  113.7903] open name host:/livepad.bin flag 1 data 41378
[  113.7917] open fd = -5
[  113.8080] open name host:/livepad.bin flag 1 data 41378
[  113.8091] open fd = -5
[  113.8252] open name host:/livepad.bin flag 1 data 41378
[  113.8267] open fd = -5
[  113.8431] open name host:/livepad.bin flag 1 data 41378
[  113.8442] open fd = -5
[  113.8601] open name host:/livepad.bin flag 1 data 41378
[  113.8612] open fd = -5
[  113.8782] open name host:/livepad.bin flag 1 data 41378
[  113.8796] open fd = -5
[  113.8800] open name host:/livedbg.cmd flag 1 data 41378
[  113.8809] open fd = -5
[  113.8968] open name host:/livepad.bin flag 1 data 41378
[  113.8983] open fd = -5
[  113.8988] open name host:/log.txt flag 302 data 41378
[  113.9003] open fd = 256
[  113.9185] open name host:/livepad.bin flag 1 data 41378
[  113.9199] open fd = -5
[  113.9359] open name host:/livepad.bin flag 1 data 41378
[  113.9371] open fd = -5
[  113.9397] open name host:/log.txt flag 302 data 41378
[  113.9413] open fd = 256
[  113.9592] open name host:/livepad.bin flag 1 data 41378
[  113.9604] open fd = -5
[  113.9786] open name host:/livepad.bin flag 1 data 41378
[  113.9799] open fd = -5
[  113.9961] open name host:/livepad.bin flag 1 data 41378
[  113.9975] open fd = -5
[  113.9977] open name host:/livedbg.cmd flag 1 data 41378
[  113.9988] open fd = -5
[  114.0151] open name host:/livepad.bin flag 1 data 41378
[  114.0164] open fd = -5
[  114.0335] open name host:/livepad.bin flag 1 data 41378
[  114.0349] open fd = -5
[  114.0522] open name host:/livepad.bin flag 1 data 41378
[  114.0537] open fd = -5
[  114.0698] open name host:/livepad.bin flag 1 data 41378
[  114.0710] open fd = -5
[  114.0883] open name host:/livepad.bin flag 1 data 41378
[  114.0898] open fd = -5
[  114.1061] open name host:/livepad.bin flag 1 data 41378
[  114.1074] open fd = -5
[  114.1077] open name host:/livedbg.cmd flag 1 data 41378
[  114.1087] open fd = -5
[  114.1249] open name host:/livepad.bin flag 1 data 41378
[  114.1262] open fd = -5
[  114.1432] open name host:/livepad.bin flag 1 data 41378
[  114.1444] open fd = -5
[  114.1613] open name host:/livepad.bin flag 1 data 41378
[  114.1627] open fd = -5
[  114.1782] open name host:/livepad.bin flag 1 data 41378
[  114.1797] open fd = -5
[  114.1962] open name host:/livepad.bin flag 1 data 41378
[  114.1976] open fd = -5
[  114.2143] open name host:/livepad.bin flag 1 data 41378
[  114.2157] open fd = -5
[  114.2160] open name host:/livedbg.cmd flag 1 data 41378
[  114.2177] open fd = -5
[  114.2338] open name host:/livepad.bin flag 1 data 41378
[  114.2352] open fd = -5
[  114.2518] open name host:/livepad.bin flag 1 data 41378
[  114.2529] open fd = -5
[  114.2700] open name host:/livepad.bin flag 1 data 41378
[  114.2710] open fd = -5
[  114.2875] open name host:/livepad.bin flag 1 data 41378
[  114.2886] open fd = -5
[  114.3046] open name host:/livepad.bin flag 1 data 41378
[  114.3058] open fd = -5
[  114.3217] open name host:/livepad.bin flag 1 data 41378
[  114.3231] open fd = -5
[  114.3233] open name host:/livedbg.cmd flag 1 data 41378
[  114.3243] open fd = -5
[  114.3416] open name host:/livepad.bin flag 1 data 41378
[  114.3429] open fd = -5
[  114.3585] open name host:/livepad.bin flag 1 data 41378
[  114.3599] open fd = -5
[  114.3607] open name host:/log.txt flag 302 data 41378
[  114.3622] open fd = 256
[  114.3787] open name host:/livepad.bin flag 1 data 41378
[  114.3800] open fd = -5
[  114.3960] open name host:/livepad.bin flag 1 data 41378
[  114.3972] open fd = -5
[  114.4142] open name host:/livepad.bin flag 1 data 41378
[  114.4156] open fd = -5
[  114.4320] open name host:/livepad.bin flag 1 data 41378
[  114.4331] open fd = -5
[  114.4334] open name host:/livedbg.cmd flag 1 data 41378
[  114.4343] open fd = -5
[  114.4506] open name host:/livepad.bin flag 1 data 41378
[  114.4518] open fd = -5
[  114.4677] open name host:/livepad.bin flag 1 data 41378
[  114.4687] open fd = -5
[  114.4852] open name host:/livepad.bin flag 1 data 41378
[  114.4866] open fd = -5
[  114.5035] open name host:/livepad.bin flag 1 data 41378
[  114.5048] open fd = -5
[  114.5211] open name host:/livepad.bin flag 1 data 41378
[  114.5223] open fd = -5
[  114.5388] open name host:/livepad.bin flag 1 data 41378
[  114.5401] open fd = -5
[  114.5404] open name host:/livedbg.cmd flag 1 data 41378
[  114.5415] open fd = -5
[  114.5575] open name host:/livepad.bin flag 1 data 41378
[  114.5587] open fd = -5
[  114.5761] open name host:/livepad.bin flag 1 data 41378
[  114.5774] open fd = -5
[  114.5931] open name host:/livepad.bin flag 1 data 41378
[  114.5943] open fd = -5
[  114.6109] open name host:/livepad.bin flag 1 data 41378
[  114.6124] open fd = -5
[  114.6286] open name host:/livepad.bin flag 1 data 41378
[  114.6298] open fd = -5
[  114.6464] open name host:/livepad.bin flag 1 data 41378
[  114.6476] open fd = -5
[  114.6481] open name host:/livedbg.cmd flag 1 data 41378
[  114.6494] open fd = -5
[  114.6664] open name host:/livepad.bin flag 1 data 41378
[  114.6678] open fd = -5
[  114.6844] open name host:/livepad.bin flag 1 data 41378
[  114.6856] open fd = -5
[  114.7022] open name host:/livepad.bin flag 1 data 41378
[  114.7038] open fd = -5
[  114.7198] open name host:/livepad.bin flag 1 data 41378
[  114.7210] open fd = -5
[  114.7371] open name host:/livepad.bin flag 1 data 41378
[  114.7383] open fd = -5
[  114.7544] open name host:/livepad.bin flag 1 data 41378
[  114.7558] open fd = -5
[  114.7561] open name host:/livedbg.cmd flag 1 data 41378
[  114.7572] open fd = -5
[  114.7740] open name host:/livepad.bin flag 1 data 41378
[  114.7752] open fd = -5
[  114.7912] open name host:/livepad.bin flag 1 data 41378
[  114.7924] open fd = -5
[  114.8090] open name host:/livepad.bin flag 1 data 41378
[  114.8103] open fd = -5
[  114.8112] open name host:/log.txt flag 302 data 41378
[  114.8129] open fd = 256
[  114.8300] open name host:/livepad.bin flag 1 data 41378
[  114.8313] open fd = -5
[  114.8474] open name host:/livepad.bin flag 1 data 41378
[  114.8487] open fd = -5
[  114.8511] open name host:/log.txt flag 302 data 41378
[  114.8525] open fd = 256
[  114.8700] open name host:/livepad.bin flag 1 data 41378
[  114.8711] open fd = -5
[  114.8714] open name host:/livedbg.cmd flag 1 data 41378
[  114.8723] open fd = -5
[  114.8886] open name host:/livepad.bin flag 1 data 41378
[  114.8903] open fd = -5
[  114.9072] open name host:/livepad.bin flag 1 data 41378
[  114.9089] open fd = -5
[  114.9262] open name host:/livepad.bin flag 1 data 41378
[  114.9274] open fd = -5
[  114.9439] open name host:/livepad.bin flag 1 data 41378
[  114.9452] open fd = -5
[  114.9619] open name host:/livepad.bin flag 1 data 41378
[  114.9630] open fd = -5
[  114.9809] open name host:/livepad.bin flag 1 data 41378
[  114.9822] open fd = -5
[  114.9825] open name host:/livedbg.cmd flag 1 data 41378
[  114.9835] open fd = -5
[  114.9997] open name host:/livepad.bin flag 1 data 41378
[  115.0011] open fd = -5
[  115.0182] open name host:/livepad.bin flag 1 data 41378
[  115.0194] open fd = -5
[  115.0361] open name host:/livepad.bin flag 1 data 41378
[  115.0374] open fd = -5
[  115.0557] open name host:/livepad.bin flag 1 data 41378
[  115.0571] open fd = -5
[  115.0731] open name host:/livepad.bin flag 1 data 41378
[  115.0743] open fd = -5
[  115.0909] open name host:/livepad.bin flag 1 data 41378
[  115.0922] open fd = -5
[  115.0924] open name host:/livedbg.cmd flag 1 data 41378
[  115.0935] open fd = -5
[  115.1094] open name host:/livepad.bin flag 1 data 41378
[  115.1107] open fd = -5
[  115.1277] open name host:/livepad.bin flag 1 data 41378
[  115.1288] open fd = -5
[  115.1460] open name host:/livepad.bin flag 1 data 41378
[  115.1473] open fd = -5
[  115.1636] open name host:/livepad.bin flag 1 data 41378
[  115.1647] open fd = -5
[  115.1815] open name host:/livepad.bin flag 1 data 41378
[  115.1827] open fd = -5
[  115.1998] open name host:/livepad.bin flag 1 data 41378
[  115.2011] open fd = -5
[  115.2014] open name host:/livedbg.cmd flag 1 data 41378
[  115.2024] open fd = -5
[  115.2190] open name host:/livepad.bin flag 1 data 41378
[  115.2204] open fd = -5
[  115.2365] open name host:/livepad.bin flag 1 data 41378
[  115.2378] open fd = -5
[  115.2559] open name host:/livepad.bin flag 1 data 41378
[  115.2574] open fd = -5
[  115.2741] open name host:/livepad.bin flag 1 data 41378
[  115.2756] open fd = -5
[  115.2765] open name host:/log.txt flag 302 data 41378
[  115.2783] open fd = 256
[  115.2952] open name host:/livepad.bin flag 1 data 41378
[  115.2966] open fd = -5
[  115.3136] open name host:/livepad.bin flag 1 data 41378
[  115.3151] open fd = -5
[  115.3154] open name host:/livedbg.cmd flag 1 data 41378
[  115.3166] open fd = -5
[  115.3327] open name host:/livepad.bin flag 1 data 41378
[  115.3341] open fd = -5
[  115.3514] open name host:/livepad.bin flag 1 data 41378
[  115.3526] open fd = -5
[  115.3685] open name host:/livepad.bin flag 1 data 41378
[  115.3698] open fd = -5
[  115.3858] open name host:/livepad.bin flag 1 data 41378
[  115.3871] open fd = -5
[  115.3886] open name host:/log.txt flag 302 data 41378
[  115.3903] open fd = 256
[  115.4089] open name host:/livepad.bin flag 1 data 41378
[  115.4103] open fd = -5
[  115.4289] open name host:/livepad.bin flag 1 data 41378
[  115.4303] open fd = -5
[  115.4306] open name host:/livedbg.cmd flag 1 data 41378
[  115.4314] open fd = -5
[  115.4472] open name host:/livepad.bin flag 1 data 41378
[  115.4486] open fd = -5
[  115.4643] open name host:/livepad.bin flag 1 data 41378
[  115.4655] open fd = -5
[  115.4822] open name host:/livepad.bin flag 1 data 41378
[  115.4834] open fd = -5
[  115.5003] open name host:/livepad.bin flag 1 data 41378
[  115.5015] open fd = -5
[  115.5180] open name host:/livepad.bin flag 1 data 41378
[  115.5193] open fd = -5
[  115.5354] open name host:/livepad.bin flag 1 data 41378
[  115.5365] open fd = -5
[  115.5370] open name host:/livedbg.cmd flag 1 data 41378
[  115.5380] open fd = -5
[  115.5544] open name host:/livepad.bin flag 1 data 41378
[  115.5559] open fd = -5
[  115.5726] open name host:/livepad.bin flag 1 data 41378
[  115.5739] open fd = -5
[  115.5901] open name host:/livepad.bin flag 1 data 41378
[  115.5914] open fd = -5
[  115.6079] open name host:/livepad.bin flag 1 data 41378
[  115.6092] open fd = -5
[  115.6274] open name host:/livepad.bin flag 1 data 41378
[  115.6289] open fd = -5
[  115.6472] open name host:/livepad.bin flag 1 data 41378
[  115.6485] open fd = -5
[  115.6488] open name host:/livedbg.cmd flag 1 data 41378
[  115.6498] open fd = -5
[  115.6665] open name host:/livepad.bin flag 1 data 41378
[  115.6677] open fd = -5
[  115.6847] open name host:/livepad.bin flag 1 data 41378
[  115.6862] open fd = -5
[  115.7039] FRAMEARENA frames=5520 peak=1045072 resets=7 fallbacks=0 maxFrameBytes=2731360 maxBorrowed=2028560 freeKiB=10908
[  115.7041] NATIVEVIF frames=5520 batches=5527
[  115.7043] ORDEREDFRAME frames=5520 splitFrames=5
[  115.7044] FRAMEPIPELINE starts=5520 dmaBusyStarts=48
[  115.7045] open name host:/livepad.bin flag 1 data 41378
[  115.7059] open fd = -5
[  115.7221] open name host:/livepad.bin flag 1 data 41378
[  115.7234] open fd = -5
[  115.7395] open name host:/livepad.bin flag 1 data 41378
[  115.7407] open fd = -5
[  115.7414] open name host:/log.txt flag 302 data 41378
[  115.7432] open fd = 256
[  115.7617] open name host:/livepad.bin flag 1 data 41378
[  115.7629] open fd = -5
[  115.7632] open name host:/livedbg.cmd flag 1 data 41378
[  115.7642] open fd = -5
[  115.7812] open name host:/livepad.bin flag 1 data 41378
[  115.7825] open fd = -5
[  115.7848] open name host:/log.txt flag 302 data 41378
[  115.7864] open fd = 256
[  115.8030] open name host:/livepad.bin flag 1 data 41378
[  115.8042] open fd = -5
[  115.8207] open name host:/livepad.bin flag 1 data 41378
[  115.8222] open fd = -5
[  115.8383] open name host:/livepad.bin flag 1 data 41378
[  115.8396] open fd = -5
[  115.8560] open name host:/livepad.bin flag 1 data 41378
[  115.8576] open fd = -5
[  115.8741] open name host:/livepad.bin flag 1 data 41378
[  115.8758] open fd = -5
[  115.8761] open name host:/livedbg.cmd flag 1 data 41378
[  115.8771] open fd = -5
[  115.8946] open name host:/livepad.bin flag 1 data 41378
[  115.8959] open fd = -5
[  115.9122] open name host:/livepad.bin flag 1 data 41378
[  115.9134] open fd = -5
[  115.9303] open name host:/livepad.bin flag 1 data 41378
[  115.9317] open fd = -5
[  115.9565] open name host:/livepad.bin flag 1 data 41378
[  115.9578] open fd = -5
[  115.9746] open name host:/livepad.bin flag 1 data 41378
[  115.9757] open fd = -5
[  115.9937] open name host:/livepad.bin flag 1 data 41378
[  115.9952] open fd = -5
[  115.9956] open name host:/livedbg.cmd flag 1 data 41378
[  115.9967] open fd = -5
[  116.0144] open name host:/livepad.bin flag 1 data 41378
[  116.0158] open fd = -5
[  116.0340] open name host:/livepad.bin flag 1 data 41378
[  116.0354] open fd = -5
[  116.0535] open name host:/livepad.bin flag 1 data 41378
[  116.0549] open fd = -5
[  116.0724] open name host:/livepad.bin flag 1 data 41378
[  116.0739] open fd = -5
[  116.0899] open name host:/livepad.bin flag 1 data 41378
[  116.0912] open fd = -5
[  116.1076] open name host:/livepad.bin flag 1 data 41378
[  116.1089] open fd = -5
[  116.1093] open name host:/livedbg.cmd flag 1 data 41378
[  116.1102] open fd = -5
[  116.1274] open name host:/livepad.bin flag 1 data 41378
[  116.1287] open fd = -5
[  116.1452] open name host:/livepad.bin flag 1 data 41378
[  116.1465] open fd = -5
[  116.1646] open name host:/livepad.bin flag 1 data 41378
[  116.1659] open fd = -5
[  116.1822] open name host:/livepad.bin flag 1 data 41378
[  116.1836] open fd = -5
[  116.2024] open name host:/livepad.bin flag 1 data 41378
[  116.2037] open fd = -5
[  116.2202] open name host:/livepad.bin flag 1 data 41378
[  116.2214] open fd = -5
[  116.2218] open name host:/livedbg.cmd flag 1 data 41378
[  116.2227] open fd = -5
[  116.2229] open name host:/log.txt flag 302 data 41378
[  116.2245] open fd = 256
[  116.2422] open name host:/livepad.bin flag 1 data 41378
[  116.2435] open fd = -5
[  116.2599] open name host:/livepad.bin flag 1 data 41378
[  116.2611] open fd = -5
[  116.2770] open name host:/livepad.bin flag 1 data 41378
[  116.2783] open fd = -5
[  116.2960] open name host:/livepad.bin flag 1 data 41378
[  116.2974] open fd = -5
[  116.3140] open name host:/livepad.bin flag 1 data 41378
[  116.3152] open fd = -5
[  116.3320] open name host:/livepad.bin flag 1 data 41378
[  116.3332] open fd = -5
[  116.3334] open name host:/livedbg.cmd flag 1 data 41378
[  116.3344] open fd = -5
[  116.3502] open name host:/livepad.bin flag 1 data 41378
[  116.3517] open fd = -5
[  116.3685] open name host:/livepad.bin flag 1 data 41378
[  116.3698] open fd = -5
[  116.3871] open name host:/livepad.bin flag 1 data 41378
[  116.3884] open fd = -5
[  116.4061] open name host:/livepad.bin flag 1 data 41378
[  116.4078] open fd = -5
[  116.4248] open name host:/livepad.bin flag 1 data 41378
[  116.4261] open fd = -5
[  116.4426] open name host:/livepad.bin flag 1 data 41378
[  116.4439] open fd = -5
[  116.4441] open name host:/livedbg.cmd flag 1 data 41378
[  116.4455] open fd = -5
[  116.4617] open name host:/livepad.bin flag 1 data 41378
[  116.4629] open fd = -5
[  116.4790] open name host:/livepad.bin flag 1 data 41378
[  116.4804] open fd = -5
[  116.4967] open name host:/livepad.bin flag 1 data 41378
[  116.4978] open fd = -5
[  116.5138] open name host:/livepad.bin flag 1 data 41378
[  116.5150] open fd = -5
[  116.5312] open name host:/livepad.bin flag 1 data 41378
[  116.5323] open fd = -5
[  116.5497] open name host:/livepad.bin flag 1 data 41378
[  116.5510] open fd = -5
[  116.5512] open name host:/livedbg.cmd flag 1 data 41378
[  116.5522] open fd = -5
[  116.5681] open name host:/livepad.bin flag 1 data 41378
[  116.5696] open fd = -5
[  116.5863] open name host:/livepad.bin flag 1 data 41378
[  116.5876] open fd = -5
[  116.6046] open name host:/livepad.bin flag 1 data 41378
[  116.6059] open fd = -5
[  116.6232] open name host:/livepad.bin flag 1 data 41378
[  116.6244] open fd = -5
[  116.6413] open name host:/livepad.bin flag 1 data 41378
[  116.6424] open fd = -5
[  116.6599] open name host:/livepad.bin flag 1 data 41378
[  116.6612] open fd = -5
[  116.6615] open name host:/livedbg.cmd flag 1 data 41378
[  116.6627] open fd = -5
[  116.6796] open name host:/livepad.bin flag 1 data 41378
[  116.6810] open fd = -5
[  116.6816] open name host:/log.txt flag 302 data 41378
[  116.6831] open fd = 256
[  116.7029] open name host:/livepad.bin flag 1 data 41378
[  116.7042] open fd = -5
[  116.7222] open name host:/livepad.bin flag 1 data 41378
[  116.7240] open fd = -5
[  116.7264] open name host:/log.txt flag 302 data 41378
[  116.7284] open fd = 256
[  116.7437] open name host:/livepad.bin flag 1 data 41378
[  116.7450] open fd = -5
[  116.7620] open name host:/livepad.bin flag 1 data 41378
[  116.7634] open fd = -5
[  116.7798] open name host:/livepad.bin flag 1 data 41378
[  116.7811] open fd = -5
[  116.7814] open name host:/livedbg.cmd flag 1 data 41378
[  116.7823] open fd = -5
[  116.7998] open name host:/livepad.bin flag 1 data 41378
[  116.8010] open fd = -5
[  116.8173] open name host:/livepad.bin flag 1 data 41378
[  116.8186] open fd = -5
[  116.8340] open name host:/livepad.bin flag 1 data 41378
[  116.8353] open fd = -5
[  116.8528] open name host:/livepad.bin flag 1 data 41378
[  116.8541] open fd = -5
[  116.8710] open name host:/livepad.bin flag 1 data 41378
[  116.8726] open fd = -5
[  116.8897] open name host:/livepad.bin flag 1 data 41378
[  116.8911] open fd = -5
[  116.8913] open name host:/livedbg.cmd flag 1 data 41378
[  116.8925] open fd = -5
[  116.9098] open name host:/livepad.bin flag 1 data 41378
[  116.9111] open fd = -5
[  116.9277] open name host:/livepad.bin flag 1 data 41378
[  116.9290] open fd = -5
[  116.9452] open name host:/livepad.bin flag 1 data 41378
[  116.9464] open fd = -5
[  116.9637] open name host:/livepad.bin flag 1 data 41378
[  116.9650] open fd = -5
[  116.9835] open name host:/livepad.bin flag 1 data 41378
[  116.9849] open fd = -5
[  117.0011] open name host:/livepad.bin flag 1 data 41378
[  117.0024] open fd = -5
[  117.0028] open name host:/livedbg.cmd flag 1 data 41378
[  117.0037] open fd = -5
[  117.0204] open name host:/livepad.bin flag 1 data 41378
[  117.0219] open fd = -5
[  117.0381] open name host:/livepad.bin flag 1 data 41378
[  117.0395] open fd = -5
[  117.0569] open name host:/livepad.bin flag 1 data 41378
[  117.0585] open fd = -5
[  117.0751] open name host:/livepad.bin flag 1 data 41378
[  117.0766] open fd = -5
[  117.0929] open name host:/livepad.bin flag 1 data 41378
[  117.0942] open fd = -5
[  117.1102] open name host:/livepad.bin flag 1 data 41378
[  117.1116] open fd = -5
[  117.1119] open name host:/livedbg.cmd flag 1 data 41378
[  117.1128] open fd = -5
[  117.1301] open name host:/livepad.bin flag 1 data 41378
[  117.1312] open fd = -5
[  117.1486] open name host:/livepad.bin flag 1 data 41378
[  117.1498] open fd = -5
[  117.1504] open name host:/log.txt flag 302 data 41378
[  117.1518] open fd = 256
[  117.1693] open name host:/livepad.bin flag 1 data 41378
[  117.1706] open fd = -5
[  117.1867] open name host:/livepad.bin flag 1 data 41378
[  117.1879] open fd = -5
[  117.2049] open name host:/livepad.bin flag 1 data 41378
[  117.2064] open fd = -5
[  117.2229] open name host:/livepad.bin flag 1 data 41378
[  117.2243] open fd = -5
[  117.2245] open name host:/livedbg.cmd flag 1 data 41378
[  117.2256] open fd = -5
[  117.2424] open name host:/livepad.bin flag 1 data 41378
[  117.2437] open fd = -5
[  117.2602] open name host:/livepad.bin flag 1 data 41378
[  117.2616] open fd = -5
[  117.2784] open name host:/livepad.bin flag 1 data 41378
[  117.2797] open fd = -5
[  117.2971] open name host:/livepad.bin flag 1 data 41378
[  117.2984] open fd = -5
[  117.3153] open name host:/livepad.bin flag 1 data 41378
[  117.3166] open fd = -5
[  117.3331] open name host:/livepad.bin flag 1 data 41378
[  117.3344] open fd = -5
[  117.3348] open name host:/livedbg.cmd flag 1 data 41378
[  117.3358] open fd = -5
[  117.3522] open name host:/livepad.bin flag 1 data 41378
[  117.3537] open fd = -5
[  117.3712] open name host:/livepad.bin flag 1 data 41378
[  117.3726] open fd = -5
[  117.3900] open name host:/livepad.bin flag 1 data 41378
[  117.3914] open fd = -5
[  117.4077] open name host:/livepad.bin flag 1 data 41378
[  117.4095] open fd = -5
[  117.4270] open name host:/livepad.bin flag 1 data 41378
[  117.4284] open fd = -5
[  117.4481] open name host:/livepad.bin flag 1 data 41378
[  117.4495] open fd = -5
[  117.4498] open name host:/livedbg.cmd flag 1 data 41378
[  117.4508] open fd = -5
[  117.4675] open name host:/livepad.bin flag 1 data 41378
[  117.4689] open fd = -5
[  117.4879] open name host:/livepad.bin flag 1 data 41378
[  117.4894] open fd = -5
[  117.5064] open name host:/livepad.bin flag 1 data 41378
[  117.5078] open fd = -5
[  117.5250] open name host:/livepad.bin flag 1 data 41378
[  117.5264] open fd = -5
[  117.5429] open name host:/livepad.bin flag 1 data 41378
[  117.5443] open fd = -5
[  117.5614] open name host:/livepad.bin flag 1 data 41378
[  117.5626] open fd = -5
[  117.5630] open name host:/livedbg.cmd flag 1 data 41378
[  117.5640] open fd = -5
[  117.5810] open name host:/livepad.bin flag 1 data 41378
[  117.5826] open fd = -5
[  117.5995] open name host:/livepad.bin flag 1 data 41378
[  117.6009] open fd = -5
[  117.6176] open name host:/livepad.bin flag 1 data 41378
[  117.6190] open fd = -5
[  117.6196] open name host:/log.txt flag 302 data 41378
[  117.6211] open fd = 256
[  117.6398] open name host:/livepad.bin flag 1 data 41378
[  117.6412] open fd = -5
[  117.6578] open name host:/livepad.bin flag 1 data 41378
[  117.6592] open fd = -5
[  117.6618] open name host:/log.txt flag 302 data 41378
[  117.6637] open fd = 256
[  117.6814] open name host:/livepad.bin flag 1 data 41378
[  117.6830] open fd = -5
[  117.6832] open name host:/livedbg.cmd flag 1 data 41378
[  117.6843] open fd = -5
[  117.7006] open name host:/livepad.bin flag 1 data 41378
[  117.7019] open fd = -5
[  117.7181] open name host:/livepad.bin flag 1 data 41378
[  117.7200] open fd = -5
[  117.7358] open name host:/livepad.bin flag 1 data 41378
[  117.7372] open fd = -5
[  117.7536] open name host:/livepad.bin flag 1 data 41378
[  117.7550] open fd = -5
[  117.7717] open name host:/livepad.bin flag 1 data 41378
[  117.7732] open fd = -5
[  117.7908] open name host:/livepad.bin flag 1 data 41378
[  117.7922] open fd = -5
[  117.7924] open name host:/livedbg.cmd flag 1 data 41378
[  117.7938] open fd = -5
[  117.8104] open name host:/livepad.bin flag 1 data 41378
[  117.8118] open fd = -5
[  117.8290] open name host:/livepad.bin flag 1 data 41378
[  117.8304] open fd = -5
[  117.8480] open name host:/livepad.bin flag 1 data 41378
[  117.8494] open fd = -5
[  117.8661] open name host:/livepad.bin flag 1 data 41378
[  117.8676] open fd = -5
[  117.8841] open name host:/livepad.bin flag 1 data 41378
[  117.8856] open fd = -5
[  117.9025] open name host:/livepad.bin flag 1 data 41378
[  117.9039] open fd = -5
[  117.9042] open name host:/livedbg.cmd flag 1 data 41378
[  117.9052] open fd = -5
[  117.9224] open name host:/livepad.bin flag 1 data 41378
[  117.9241] open fd = -5
[  117.9409] open name host:/livepad.bin flag 1 data 41378
[  117.9422] open fd = -5
[  117.9588] FRAMEARENA frames=5640 peak=1045072 resets=7 fallbacks=0 maxFrameBytes=2731360 maxBorrowed=2028560 freeKiB=10908
[  117.9591] NATIVEVIF frames=5640 batches=5647
[  117.9592] ORDEREDFRAME frames=5640 splitFrames=5
[  117.9594] FRAMEPIPELINE starts=5640 dmaBusyStarts=48
[  117.9595] open name host:/livepad.bin flag 1 data 41378
[  117.9608] open fd = -5
[  117.9771] open name host:/livepad.bin flag 1 data 41378
[  117.9785] open fd = -5
[  117.9947] open name host:/livepad.bin flag 1 data 41378
[  117.9960] open fd = -5
[  118.0129] open name host:/livepad.bin flag 1 data 41378
[  118.0149] open fd = -5
[  118.0152] open name host:/livedbg.cmd flag 1 data 41378
[  118.0163] open fd = -5
[  118.0325] open name host:/livepad.bin flag 1 data 41378
[  118.0340] open fd = -5
[  118.0513] open name host:/livepad.bin flag 1 data 41378
[  118.0528] open fd = -5
[  118.0690] open name host:/livepad.bin flag 1 data 41378
[  118.0703] open fd = -5
[  118.0884] open name host:/livepad.bin flag 1 data 41378
[  118.0897] open fd = -5
[  118.0902] open name host:/log.txt flag 302 data 41378
[  118.0918] open fd = 256
[  118.1091] open name host:/livepad.bin flag 1 data 41378
[  118.1108] open fd = -5
[  118.1283] open name host:/livepad.bin flag 1 data 41378
[  118.1297] open fd = -5
[  118.1300] open name host:/livedbg.cmd flag 1 data 41378
[  118.1309] open fd = -5
[  118.1484] open name host:/livepad.bin flag 1 data 41378
[  118.1500] open fd = -5
[  118.1664] open name host:/livepad.bin flag 1 data 41378
[  118.1678] open fd = -5
[  118.1846] open name host:/livepad.bin flag 1 data 41378
[  118.1860] open fd = -5
[  118.2037] open name host:/livepad.bin flag 1 data 41378
[  118.2053] open fd = -5
[  118.2069] open name host:/log.txt flag 302 data 41378
[  118.2090] open fd = 256
[  118.2261] open name host:/livepad.bin flag 1 data 41378
[  118.2275] open fd = -5
[  118.2431] open name host:/livepad.bin flag 1 data 41378
[  118.2443] open fd = -5
[  118.2446] open name host:/livedbg.cmd flag 1 data 41378
[  118.2456] open fd = -5
[  118.2620] open name host:/livepad.bin flag 1 data 41378
[  118.2632] open fd = -5
[  118.2798] open name host:/livepad.bin flag 1 data 41378
[  118.2810] open fd = -5
[  118.2977] open name host:/livepad.bin flag 1 data 41378
[  118.2990] open fd = -5
[  118.3174] open name host:/livepad.bin flag 1 data 41378
[  118.3188] open fd = -5
[  118.3354] open name host:/livepad.bin flag 1 data 41378
[  118.3368] open fd = -5
[  118.3544] open name host:/livepad.bin flag 1 data 41378
[  118.3558] open fd = -5
[  118.3561] open name host:/livedbg.cmd flag 1 data 41378
[  118.3576] open fd = -5
[  118.3734] open name host:/livepad.bin flag 1 data 41378
[  118.3750] open fd = -5
[  118.3917] open name host:/livepad.bin flag 1 data 41378
[  118.3930] open fd = -5
[  118.4098] open name host:/livepad.bin flag 1 data 41378
[  118.4118] open fd = -5
[  118.4279] open name host:/livepad.bin flag 1 data 41378
[  118.4290] open fd = -5
[  118.4457] open name host:/livepad.bin flag 1 data 41378
[  118.4473] open fd = -5
[  118.4636] open name host:/livepad.bin flag 1 data 41378
[  118.4648] open fd = -5
[  118.4651] open name host:/livedbg.cmd flag 1 data 41378
[  118.4661] open fd = -5
[  118.4825] open name host:/livepad.bin flag 1 data 41378
[  118.4838] open fd = -5
[  118.5008] open name host:/livepad.bin flag 1 data 41378
[  118.5020] open fd = -5
[  118.5183] open name host:/livepad.bin flag 1 data 41378
[  118.5195] open fd = -5
[  118.5366] open name host:/livepad.bin flag 1 data 41378
[  118.5380] open fd = -5
[  118.5568] open name host:/livepad.bin flag 1 data 41378
[  118.5583] open fd = -5
[  118.5588] open name host:/log.txt flag 302 data 41378
[  118.5605] open fd = 256
[  118.5780] open name host:/livepad.bin flag 1 data 41378
[  118.5796] open fd = -5
[  118.5799] open name host:/livedbg.cmd flag 1 data 41378
[  118.5811] open fd = -5
[  118.5970] open name host:/livepad.bin flag 1 data 41378
[  118.5983] open fd = -5
[  118.6009] open name host:/log.txt flag 302 data 41378
[  118.6027] open fd = 256
[  118.6182] open name host:/livepad.bin flag 1 data 41378
[  118.6196] open fd = -5
[  118.6370] open name host:/livepad.bin flag 1 data 41378
[  118.6386] open fd = -5
[  118.6554] open name host:/livepad.bin flag 1 data 41378
[  118.6571] open fd = -5
[  118.6748] open name host:/livepad.bin flag 1 data 41378
[  118.6761] open fd = -5
[  118.6925] open name host:/livepad.bin flag 1 data 41378
[  118.6940] open fd = -5
[  118.6943] open name host:/livedbg.cmd flag 1 data 41378
[  118.6953] open fd = -5
[  118.7117] open name host:/livepad.bin flag 1 data 41378
[  118.7131] open fd = -5
[  118.7298] open name host:/livepad.bin flag 1 data 41378
[  118.7310] open fd = -5
[  118.7471] open name host:/livepad.bin flag 1 data 41378
[  118.7486] open fd = -5
[  118.7646] open name host:/livepad.bin flag 1 data 41378
[  118.7659] open fd = -5
[  118.7826] open name host:/livepad.bin flag 1 data 41378
[  118.7839] open fd = -5
[  118.8003] open name host:/livepad.bin flag 1 data 41378
[  118.8017] open fd = -5
[  118.8020] open name host:/livedbg.cmd flag 1 data 41378
[  118.8029] open fd = -5
[  118.8195] open name host:/livepad.bin flag 1 data 41378
[  118.8208] open fd = -5
[  118.8368] open name host:/livepad.bin flag 1 data 41378
[  118.8383] open fd = -5
[  118.8554] open name host:/livepad.bin flag 1 data 41378
[  118.8566] open fd = -5
[  118.8737] open name host:/livepad.bin flag 1 data 41378
[  118.8750] open fd = -5
[  118.8912] open name host:/livepad.bin flag 1 data 41378
[  118.8925] open fd = -5
[  118.9094] open name host:/livepad.bin flag 1 data 41378
[  118.9109] open fd = -5
[  118.9111] open name host:/livedbg.cmd flag 1 data 41378
[  118.9121] open fd = -5
[  118.9286] open name host:/livepad.bin flag 1 data 41378
[  118.9299] open fd = -5
[  118.9471] open name host:/livepad.bin flag 1 data 41378
[  118.9487] open fd = -5
[  118.9656] open name host:/livepad.bin flag 1 data 41378
[  118.9670] open fd = -5
[  118.9840] open name host:/livepad.bin flag 1 data 41378
[  118.9852] open fd = -5
[  119.0022] open name host:/livepad.bin flag 1 data 41378
[  119.0035] open fd = -5
[  119.0197] open name host:/livepad.bin flag 1 data 41378
[  119.0210] open fd = -5
[  119.0213] open name host:/livedbg.cmd flag 1 data 41378
[  119.0223] open fd = -5
[  119.0229] open name host:/log.txt flag 302 data 41378
[  119.0244] open fd = 256
[  119.0423] open name host:/livepad.bin flag 1 data 41378
[  119.0435] open fd = -5
[  119.0596] open name host:/livepad.bin flag 1 data 41378
[  119.0608] open fd = -5
[  119.0773] open name host:/livepad.bin flag 1 data 41378
[  119.0788] open fd = -5
[  119.0947] open name host:/livepad.bin flag 1 data 41378
[  119.0958] open fd = -5
[  119.1124] open name host:/livepad.bin flag 1 data 41378
[  119.1136] open fd = -5
[  119.1313] open name host:/livepad.bin flag 1 data 41378
[  119.1325] open fd = -5
[  119.1332] open name host:/livedbg.cmd flag 1 data 41378
[  119.1343] open fd = -5
[  119.1505] open name host:/livepad.bin flag 1 data 41378
[  119.1519] open fd = -5
[  119.1704] open name host:/livepad.bin flag 1 data 41378
[  119.1718] open fd = -5
[  119.1896] open name host:/livepad.bin flag 1 data 41378
[  119.1910] open fd = -5
[  119.2085] open name host:/livepad.bin flag 1 data 41378
[  119.2101] open fd = -5
[  119.2265] open name host:/livepad.bin flag 1 data 41378
[  119.2277] open fd = -5
[  119.2442] open name host:/livepad.bin flag 1 data 41378
[  119.2456] open fd = -5
[  119.2458] open name host:/livedbg.cmd flag 1 data 41378
[  119.2468] open fd = -5
[  119.2639] open name host:/livepad.bin flag 1 data 41378
[  119.2651] open fd = -5
[  119.2834] open name host:/livepad.bin flag 1 data 41378
[  119.2849] open fd = -5
[  119.3027] open name host:/livepad.bin flag 1 data 41378
[  119.3040] open fd = -5
[  119.3201] open name host:/livepad.bin flag 1 data 41378
[  119.3214] open fd = -5
[  119.3383] open name host:/livepad.bin flag 1 data 41378
[  119.3399] open fd = -5
[  119.3568] open name host:/livepad.bin flag 1 data 41378
[  119.3581] open fd = -5
[  119.3584] open name host:/livedbg.cmd flag 1 data 41378
[  119.3594] open fd = -5
[  119.3755] open name host:/livepad.bin flag 1 data 41378
[  119.3773] open fd = -5
[  119.3947] open name host:/livepad.bin flag 1 data 41378
[  119.3962] open fd = -5
[  119.4124] open name host:/livepad.bin flag 1 data 41378
[  119.4137] open fd = -5
[  119.4304] open name host:/livepad.bin flag 1 data 41378
[  119.4318] open fd = -5
[  119.4483] open name host:/livepad.bin flag 1 data 41378
[  119.4497] open fd = -5
[  119.4665] open name host:/livepad.bin flag 1 data 41378
[  119.4681] open fd = -5
[  119.4684] open name host:/livedbg.cmd flag 1 data 41378
[  119.4695] open fd = -5
[  119.4865] open name host:/livepad.bin flag 1 data 41378
[  119.4879] open fd = -5
[  119.4886] open name host:/log.txt flag 302 data 41378
[  119.4904] open fd = 256
[  119.5079] open name host:/livepad.bin flag 1 data 41378
[  119.5093] open fd = -5
[  119.5271] open name host:/livepad.bin flag 1 data 41378
[  119.5284] open fd = -5
[  119.5311] open name host:/log.txt flag 302 data 41378
[  119.5328] open fd = 256
[  119.5502] open name host:/livepad.bin flag 1 data 41378
[  119.5515] open fd = -5
[  119.5682] open name host:/livepad.bin flag 1 data 41378
[  119.5695] open fd = -5
[  119.5861] open name host:/livepad.bin flag 1 data 41378
[  119.5875] open fd = -5
[  119.5878] open name host:/livedbg.cmd flag 1 data 41378
[  119.5888] open fd = -5
[  119.6049] open name host:/livepad.bin flag 1 data 41378
[  119.6063] open fd = -5
[  119.6223] open name host:/livepad.bin flag 1 data 41378
[  119.6238] open fd = -5
[  119.6404] open name host:/livepad.bin flag 1 data 41378
[  119.6419] open fd = -5
[  119.6585] open name host:/livepad.bin flag 1 data 41378
[  119.6600] open fd = -5
[  119.6762] open name host:/livepad.bin flag 1 data 41378
[  119.6776] open fd = -5
[  119.6942] open name host:/livepad.bin flag 1 data 41378
[  119.6955] open fd = -5
[  119.6959] open name host:/livedbg.cmd flag 1 data 41378
[  119.6969] open fd = -5
[  119.7134] open name host:/livepad.bin flag 1 data 41378
[  119.7148] open fd = -5
[  119.7321] open name host:/livepad.bin flag 1 data 41378
[  119.7335] open fd = -5
[  119.7509] open name host:/livepad.bin flag 1 data 41378
[  119.7523] open fd = -5
[  119.7693] open name host:/livepad.bin flag 1 data 41378
[  119.7706] open fd = -5
[  119.7875] open name host:/livepad.bin flag 1 data 41378
[  119.7887] open fd = -5
[  119.8051] open name host:/livepad.bin flag 1 data 41378
[  119.8071] open fd = -5
[  119.8073] open name host:/livedbg.cmd flag 1 data 41378
[  119.8087] open fd = -5
[  119.8248] open name host:/livepad.bin flag 1 data 41378
[  119.8263] open fd = -5
[  119.8426] open name host:/livepad.bin flag 1 data 41378
[  119.8439] open fd = -5
[  119.8613] open name host:/livepad.bin flag 1 data 41378
[  119.8626] open fd = -5
[  119.8807] open name host:/livepad.bin flag 1 data 41378
[  119.8823] open fd = -5
[  119.9011] open name host:/livepad.bin flag 1 data 41378
[  119.9024] open fd = -5
[  119.9186] open name host:/livepad.bin flag 1 data 41378
[  119.9200] open fd = -5
[  119.9203] open name host:/livedbg.cmd flag 1 data 41378
[  119.9213] open fd = -5
[  119.9385] open name host:/livepad.bin flag 1 data 41378
[  119.9400] open fd = -5
[  119.9571] open name host:/livepad.bin flag 1 data 41378
[  119.9588] open fd = -5
[  119.9594] open name host:/log.txt flag 302 data 41378
[  119.9611] open fd = 256
[  119.9798] open name host:/livepad.bin flag 1 data 41378
[  119.9812] open fd = -5
[  119.9969] open name host:/livepad.bin flag 1 data 41378
[  119.9983] open fd = -5
[  120.0158] open name host:/livepad.bin flag 1 data 41378
[  120.0174] open fd = -5
[  120.0339] open name host:/livepad.bin flag 1 data 41378
[  120.0353] open fd = -5
[  120.0355] open name host:/livedbg.cmd flag 1 data 41378
[  120.0366] open fd = -5
[  120.0537] open name host:/livepad.bin flag 1 data 41378
[  120.0550] open fd = -5
[  120.0723] open name host:/livepad.bin flag 1 data 41378
[  120.0737] open fd = -5
[  120.0906] open name host:/livepad.bin flag 1 data 41378
[  120.0921] open fd = -5
[  120.1094] open name host:/livepad.bin flag 1 data 41378
[  120.1108] open fd = -5
[  120.1271] open name host:/livepad.bin flag 1 data 41378
[  120.1285] open fd = -5
[  120.1472] open name host:/livepad.bin flag 1 data 41378
[  120.1487] open fd = -5
[  120.1489] open name host:/livedbg.cmd flag 1 data 41378
[  120.1501] open fd = -5
[  120.1675] open name host:/livepad.bin flag 1 data 41378
[  120.1689] open fd = -5
[  120.1871] open name host:/livepad.bin flag 1 data 41378
[  120.1886] open fd = -5
[  120.2061] FRAMEARENA frames=5760 peak=1045072 resets=7 fallbacks=0 maxFrameBytes=2731360 maxBorrowed=2028560 freeKiB=10908
[  120.2064] NATIVEVIF frames=5760 batches=5767
[  120.2065] ORDEREDFRAME frames=5760 splitFrames=5
[  120.2067] FRAMEPIPELINE starts=5760 dmaBusyStarts=48
[  120.2068] open name host:/livepad.bin flag 1 data 41378
[  120.2082] open fd = -5
[  120.2245] open name host:/livepad.bin flag 1 data 41378
[  120.2259] open fd = -5
[  120.2432] open name host:/livepad.bin flag 1 data 41378
[  120.2446] open fd = -5
[  120.2613] open name host:/livepad.bin flag 1 data 41378
[  120.2628] open fd = -5
[  120.2633] open name host:/livedbg.cmd flag 1 data 41378
[  120.2645] open fd = -5
[  120.2805] open name host:/livepad.bin flag 1 data 41378
[  120.2822] open fd = -5
[  120.2989] open name host:/livepad.bin flag 1 data 41378
[  120.3003] open fd = -5
[  120.3179] open name host:/livepad.bin flag 1 data 41378
[  120.3194] open fd = -5
[  120.3356] open name host:/livepad.bin flag 1 data 41378
[  120.3369] open fd = -5
[  120.3553] open name host:/livepad.bin flag 1 data 41378
[  120.3566] open fd = -5
[  120.3753] open name host:/livepad.bin flag 1 data 41378
[  120.3768] open fd = -5
[  120.3771] open name host:/livedbg.cmd flag 1 data 41378
[  120.3781] open fd = -5
[  120.3948] open name host:/livepad.bin flag 1 data 41378
[  120.3960] open fd = -5
[  120.4146] open name host:/livepad.bin flag 1 data 41378
[  120.4160] open fd = -5
[  120.4326] open name host:/livepad.bin flag 1 data 41378
[  120.4339] open fd = -5
[  120.4345] open name host:/log.txt flag 302 data 41378
[  120.4364] open fd = 256
[  120.4546] open name host:/livepad.bin flag 1 data 41378
[  120.4559] open fd = -5
[  120.4728] open name host:/livepad.bin flag 1 data 41378
[  120.4743] open fd = -5
[  120.4765] open name host:/log.txt flag 302 data 41378
[  120.4783] open fd = 256
[  120.4949] open name host:/livepad.bin flag 1 data 41378
[  120.4963] open fd = -5
[  120.4965] open name host:/livedbg.cmd flag 1 data 41378
[  120.4975] open fd = -5
[  120.5136] open name host:/livepad.bin flag 1 data 41378
[  120.5149] open fd = -5
[  120.5317] open name host:/livepad.bin flag 1 data 41378
[  120.5334] open fd = -5
[  120.5500] open name host:/livepad.bin flag 1 data 41378
[  120.5515] open fd = -5
[  120.5679] open name host:/livepad.bin flag 1 data 41378
[  120.5696] open fd = -5
[  120.5904] open name host:/livepad.bin flag 1 data 41378
[  120.5920] open fd = -5
[  120.6087] open name host:/livepad.bin flag 1 data 41378
[  120.6102] open fd = -5
[  120.6107] open name host:/livedbg.cmd flag 1 data 41378
[  120.6120] open fd = -5
[  120.6280] open name host:/livepad.bin flag 1 data 41378
[  120.6294] open fd = -5
[  120.6474] open name host:/livepad.bin flag 1 data 41378
[  120.6489] open fd = -5
[  120.6658] open name host:/livepad.bin flag 1 data 41378
[  120.6674] open fd = -5
[  120.6837] open name host:/livepad.bin flag 1 data 41378
[  120.6852] open fd = -5
[  120.7015] open name host:/livepad.bin flag 1 data 41378
[  120.7027] open fd = -5
[  120.7195] open name host:/livepad.bin flag 1 data 41378
[  120.7207] open fd = -5
[  120.7209] open name host:/livedbg.cmd flag 1 data 41378
[  120.7219] open fd = -5
[  120.7386] open name host:/livepad.bin flag 1 data 41378
[  120.7400] open fd = -5
[  120.7564] open name host:/livepad.bin flag 1 data 41378
[  120.7580] open fd = -5
[  120.7745] open name host:/livepad.bin flag 1 data 41378
[  120.7757] open fd = -5
[  120.7924] open name host:/livepad.bin flag 1 data 41378
[  120.7938] open fd = -5
[  120.8104] open name host:/livepad.bin flag 1 data 41378
[  120.8117] open fd = -5
[  120.8279] open name host:/livepad.bin flag 1 data 41378
[  120.8291] open fd = -5
[  120.8295] open name host:/livedbg.cmd flag 1 data 41378
[  120.8305] open fd = -5
[  120.8474] open name host:/livepad.bin flag 1 data 41378
[  120.8488] open fd = -5
[  120.8647] open name host:/livepad.bin flag 1 data 41378
[  120.8659] open fd = -5
[  120.8820] open name host:/livepad.bin flag 1 data 41378
[  120.8833] open fd = -5
[  120.9000] open name host:/livepad.bin flag 1 data 41378
[  120.9012] open fd = -5
[  120.9016] open name host:/log.txt flag 302 data 41378
[  120.9035] open fd = 256
[  120.9220] open name host:/livepad.bin flag 1 data 41378
[  120.9233] open fd = -5
[  120.9398] open name host:/livepad.bin flag 1 data 41378
[  120.9413] open fd = -5
[  120.9416] open name host:/livedbg.cmd flag 1 data 41378
[  120.9425] open fd = -5
[  120.9583] open name host:/livepad.bin flag 1 data 41378
[  120.9595] open fd = -5
[  120.9761] open name host:/livepad.bin flag 1 data 41378
[  120.9775] open fd = -5
[  120.9941] open name host:/livepad.bin flag 1 data 41378
[  120.9954] open fd = -5
[  121.0120] open name host:/livepad.bin flag 1 data 41378
[  121.0132] open fd = -5
[  121.0145] open name host:/log.txt flag 302 data 41378
[  121.0159] open fd = 256
[  121.0339] open name host:/livepad.bin flag 1 data 41378
[  121.0352] open fd = -5
[  121.0523] open name host:/livepad.bin flag 1 data 41378
[  121.0535] open fd = -5
[  121.0538] open name host:/livedbg.cmd flag 1 data 41378
[  121.0547] open fd = -5
[  121.0718] open name host:/livepad.bin flag 1 data 41378
[  121.0731] open fd = -5
[  121.0882] open name host:/livepad.bin flag 1 data 41378
[  121.0894] open fd = -5
[  121.1068] open name host:/livepad.bin flag 1 data 41378
[  121.1082] open fd = -5
[  121.1245] open name host:/livepad.bin flag 1 data 41378
[  121.1258] open fd = -5
[  121.1423] open name host:/livepad.bin flag 1 data 41378
[  121.1435] open fd = -5
[  121.1601] open name host:/livepad.bin flag 1 data 41378
[  121.1613] open fd = -5
[  121.1616] open name host:/livedbg.cmd flag 1 data 41378
[  121.1625] open fd = -5
[  121.1782] open name host:/livepad.bin flag 1 data 41378
[  121.1794] open fd = -5
[  121.1957] open name host:/livepad.bin flag 1 data 41378
[  121.1969] open fd = -5
[  121.2137] open name host:/livepad.bin flag 1 data 41378
[  121.2148] open fd = -5
[  121.2311] open name host:/livepad.bin flag 1 data 41378
[  121.2325] open fd = -5
[  121.2485] open name host:/livepad.bin flag 1 data 41378
[  121.2497] open fd = -5
[  121.2661] open name host:/livepad.bin flag 1 data 41378
[  121.2673] open fd = -5
[  121.2676] open name host:/livedbg.cmd flag 1 data 41378
[  121.2688] open fd = -5
[  121.2865] open name host:/livepad.bin flag 1 data 41378
[  121.2877] open fd = -5
[  121.3039] open name host:/livepad.bin flag 1 data 41378
[  121.3052] open fd = -5
[  121.3212] open name host:/livepad.bin flag 1 data 41378
[  121.3225] open fd = -5
[  121.3387] open name host:/livepad.bin flag 1 data 41378
[  121.3404] open fd = -5
[  121.3568] open name host:/livepad.bin flag 1 data 41378
[  121.3583] open fd = -5
[  121.3588] open name host:/log.txt flag 302 data 41378
[  121.3605] open fd = 256
[  121.3791] open name host:/livepad.bin flag 1 data 41378
[  121.3806] open fd = -5
[  121.3809] open name host:/livedbg.cmd flag 1 data 41378
[  121.3819] open fd = -5
[  121.3989] open name host:/livepad.bin flag 1 data 41378
[  121.4002] open fd = -5
[  121.4025] open name host:/log.txt flag 302 data 41378
[  121.4042] open fd = 256
[  121.4206] open name host:/livepad.bin flag 1 data 41378
[  121.4220] open fd = -5
[  121.4388] open name host:/livepad.bin flag 1 data 41378
[  121.4401] open fd = -5
[  121.4576] open name host:/livepad.bin flag 1 data 41378
[  121.4589] open fd = -5
[  121.4763] open name host:/livepad.bin flag 1 data 41378
[  121.4778] open fd = -5
[  121.4946] open name host:/livepad.bin flag 1 data 41378
[  121.4960] open fd = -5
[  121.4963] open name host:/livedbg.cmd flag 1 data 41378
[  121.4973] open fd = -5
[  121.5129] open name host:/livepad.bin flag 1 data 41378
[  121.5143] open fd = -5
[  121.5316] open name host:/livepad.bin flag 1 data 41378
[  121.5328] open fd = -5
[  121.5494] open name host:/livepad.bin flag 1 data 41378
[  121.5506] open fd = -5
[  121.5667] open name host:/livepad.bin flag 1 data 41378
[  121.5682] open fd = -5
[  121.5858] open name host:/livepad.bin flag 1 data 41378
[  121.5871] open fd = -5
[  121.6069] open name host:/livepad.bin flag 1 data 41378
[  121.6084] open fd = -5
[  121.6088] open name host:/livedbg.cmd flag 1 data 41378
[  121.6103] open fd = -5
[  121.6287] open name host:/livepad.bin flag 1 data 41378
[  121.6302] open fd = -5
[  121.6466] open name host:/livepad.bin flag 1 data 41378
[  121.6479] open fd = -5
[  121.6649] open name host:/livepad.bin flag 1 data 41378
[  121.6663] open fd = -5
[  121.6821] open name host:/livepad.bin flag 1 data 41378
[  121.6833] open fd = -5
[  121.6999] open name host:/livepad.bin flag 1 data 41378
[  121.7011] open fd = -5
[  121.7171] open name host:/livepad.bin flag 1 data 41378
[  121.7184] open fd = -5
[  121.7188] open name host:/livedbg.cmd flag 1 data 41378
[  121.7198] open fd = -5
[  121.7369] open name host:/livepad.bin flag 1 data 41378
[  121.7382] open fd = -5
[  121.7546] open name host:/livepad.bin flag 1 data 41378
[  121.7559] open fd = -5
[  121.7727] open name host:/livepad.bin flag 1 data 41378
[  121.7738] open fd = -5
[  121.7910] open name host:/livepad.bin flag 1 data 41378
[  121.7924] open fd = -5
[  121.8081] open name host:/livepad.bin flag 1 data 41378
[  121.8096] open fd = -5
[  121.8268] open name host:/livepad.bin flag 1 data 41378
[  121.8285] open fd = -5
[  121.8288] open name host:/livedbg.cmd flag 1 data 41378
[  121.8300] open fd = -5
[  121.8302] open name host:/log.txt flag 302 data 41378
[  121.8318] open fd = 256
[  121.8493] open name host:/livepad.bin flag 1 data 41378
[  121.8507] open fd = -5
[  121.8700] open name host:/livepad.bin flag 1 data 41378
[  121.8714] open fd = -5
[  121.8974] open name host:/livepad.bin flag 1 data 41378
[  121.8987] open fd = -5
[  121.9161] open name host:/livepad.bin flag 1 data 41378
[  121.9173] open fd = -5
[  121.9341] open name host:/livepad.bin flag 1 data 41378
[  121.9352] open fd = -5
[  121.9515] open name host:/livepad.bin flag 1 data 41378
[  121.9528] open fd = -5
[  121.9531] open name host:/livedbg.cmd flag 1 data 41378
[  121.9541] open fd = -5
[  121.9700] open name host:/livepad.bin flag 1 data 41378
[  121.9714] open fd = -5
[  121.9877] open name host:/livepad.bin flag 1 data 41378
[  121.9891] open fd = -5
[  122.0056] open name host:/livepad.bin flag 1 data 41378
[  122.0068] open fd = -5
[  122.0231] open name host:/livepad.bin flag 1 data 41378
[  122.0243] open fd = -5
[  122.0408] open name host:/livepad.bin flag 1 data 41378
[  122.0419] open fd = -5
[  122.0580] open name host:/livepad.bin flag 1 data 41378
[  122.0592] open fd = -5
[  122.0598] open name host:/livedbg.cmd flag 1 data 41378
[  122.0607] open fd = -5
[  122.0769] open name host:/livepad.bin flag 1 data 41378
[  122.0781] open fd = -5
[  122.0944] open name host:/livepad.bin flag 1 data 41378
[  122.0958] open fd = -5
[  122.1121] open name host:/livepad.bin flag 1 data 41378
[  122.1135] open fd = -5
[  122.1311] open name host:/livepad.bin flag 1 data 41378
[  122.1323] open fd = -5
[  122.1486] open name host:/livepad.bin flag 1 data 41378
[  122.1500] open fd = -5
[  122.1662] open name host:/livepad.bin flag 1 data 41378
[  122.1676] open fd = -5
[  122.1678] open name host:/livedbg.cmd flag 1 data 41378
[  122.1688] open fd = -5
[  122.1839] open name host:/livepad.bin flag 1 data 41378
[  122.1851] open fd = -5
[  122.2021] open name host:/livepad.bin flag 1 data 41378
[  122.2035] open fd = -5
[  122.2194] open name host:/livepad.bin flag 1 data 41378
[  122.2208] open fd = -5
[  122.2363] open name host:/livepad.bin flag 1 data 41378
[  122.2374] open fd = -5
[  122.2537] open name host:/livepad.bin flag 1 data 41378
[  122.2548] open fd = -5
[  122.2707] open name host:/livepad.bin flag 1 data 41378
[  122.2721] open fd = -5
[  122.2724] open name host:/livedbg.cmd flag 1 data 41378
[  122.2733] open fd = -5
[  122.2899] open name host:/livepad.bin flag 1 data 41378
[  122.2911] open fd = -5
[  122.2916] open name host:/log.txt flag 302 data 41378
[  122.2932] open fd = 256
[  122.3102] open name host:/livepad.bin flag 1 data 41378
[  122.3119] open fd = -5
[  122.3283] open name host:/livepad.bin flag 1 data 41378
[  122.3295] open fd = -5
[  122.3317] open name host:/log.txt flag 302 data 41378
[  122.3333] open fd = 256
[  122.3490] open name host:/livepad.bin flag 1 data 41378
[  122.3503] open fd = -5
[  122.3675] open name host:/livepad.bin flag 1 data 41378
[  122.3688] open fd = -5
[  122.3851] open name host:/livepad.bin flag 1 data 41378
[  122.3864] open fd = -5
[  122.3866] open name host:/livedbg.cmd flag 1 data 41378
[  122.3878] open fd = -5
[  122.4052] open name host:/livepad.bin flag 1 data 41378
[  122.4066] open fd = -5
[  122.4230] open name host:/livepad.bin flag 1 data 41378
[  122.4242] open fd = -5
[  122.4406] FRAMEARENA frames=5880 peak=1045072 resets=7 fallbacks=0 maxFrameBytes=2731360 maxBorrowed=2028560 freeKiB=10908
[  122.4408] NATIVEVIF frames=5880 batches=5887
[  122.4410] ORDEREDFRAME frames=5880 splitFrames=5
[  122.4412] FRAMEPIPELINE starts=5880 dmaBusyStarts=48
[  122.4412] open name host:/livepad.bin flag 1 data 41378
[  122.4425] open fd = -5
[  122.4583] open name host:/livepad.bin flag 1 data 41378
[  122.4595] open fd = -5
[  122.4752] open name host:/livepad.bin flag 1 data 41378
[  122.4766] open fd = -5
[  122.4930] open name host:/livepad.bin flag 1 data 41378
[  122.4943] open fd = -5
[  122.4946] open name host:/livedbg.cmd flag 1 data 41378
[  122.4957] open fd = -5
[  122.5117] open name host:/livepad.bin flag 1 data 41378
[  122.5130] open fd = -5
[  122.5290] open name host:/livepad.bin flag 1 data 41378
[  122.5302] open fd = -5
[  122.5474] open name host:/livepad.bin flag 1 data 41378
[  122.5488] open fd = -5
[  122.5651] open name host:/livepad.bin flag 1 data 41378
[  122.5662] open fd = -5
[  122.5836] open name host:/livepad.bin flag 1 data 41378
[  122.5847] open fd = -5
[  122.6015] open name host:/livepad.bin flag 1 data 41378
[  122.6028] open fd = -5
[  122.6031] open name host:/livedbg.cmd flag 1 data 41378
[  122.6042] open fd = -5
[  122.6208] open name host:/livepad.bin flag 1 data 41378
[  122.6221] open fd = -5
[  122.6389] open name host:/livepad.bin flag 1 data 41378
[  122.6403] open fd = -5
[  122.6579] open name host:/livepad.bin flag 1 data 41378
[  122.6598] open fd = -5
[  122.6761] open name host:/livepad.bin flag 1 data 41378
[  122.6774] open fd = -5
[  122.6935] open name host:/livepad.bin flag 1 data 41378
[  122.6949] open fd = -5
[  122.7118] open name host:/livepad.bin flag 1 data 41378
[  122.7132] open fd = -5
[  122.7135] open name host:/livedbg.cmd flag 1 data 41378
[  122.7146] open fd = -5
[  122.7316] open name host:/livepad.bin flag 1 data 41378
[  122.7330] open fd = -5
[  122.7501] open name host:/livepad.bin flag 1 data 41378
[  122.7515] open fd = -5
[  122.7520] open name host:/log.txt flag 302 data 41378
[  122.7536] open fd = 256
[  122.7708] open name host:/livepad.bin flag 1 data 41378
[  122.7721] open fd = -5
[  122.7883] open name host:/livepad.bin flag 1 data 41378
[  122.7896] open fd = -5
[  122.8056] open name host:/livepad.bin flag 1 data 41378
[  122.8069] open fd = -5
[  122.8230] open name host:/livepad.bin flag 1 data 41378
[  122.8241] open fd = -5
[  122.8244] open name host:/livedbg.cmd flag 1 data 41378
[  122.8256] open fd = -5
[  122.8416] open name host:/livepad.bin flag 1 data 41378
[  122.8428] open fd = -5
[  122.8584] open name host:/livepad.bin flag 1 data 41378
[  122.8599] open fd = -5
[  122.8761] open name host:/livepad.bin flag 1 data 41378
[  122.8773] open fd = -5
[  122.8936] open name host:/livepad.bin flag 1 data 41378
[  122.8951] open fd = -5
[  122.9114] open name host:/livepad.bin flag 1 data 41378
[  122.9127] open fd = -5
[  122.9287] open name host:/livepad.bin flag 1 data 41378
[  122.9300] open fd = -5
[  122.9304] open name host:/livedbg.cmd flag 1 data 41378
[  122.9313] open fd = -5
[  122.9470] open name host:/livepad.bin flag 1 data 41378
[  122.9482] open fd = -5
[  122.9648] open name host:/livepad.bin flag 1 data 41378
[  122.9659] open fd = -5
[  122.9825] open name host:/livepad.bin flag 1 data 41378
[  122.9839] open fd = -5
[  123.0002] open name host:/livepad.bin flag 1 data 41378
[  123.0015] open fd = -5
[  123.0177] open name host:/livepad.bin flag 1 data 41378
[  123.0190] open fd = -5
[  123.0368] open name host:/livepad.bin flag 1 data 41378
[  123.0379] open fd = -5
[  123.0382] open name host:/livedbg.cmd flag 1 data 41378
[  123.0392] open fd = -5
[  123.0549] open name host:/livepad.bin flag 1 data 41378
[  123.0561] open fd = -5
[  123.0723] open name host:/livepad.bin flag 1 data 41378
[  123.0734] open fd = -5
[  123.0906] open name host:/livepad.bin flag 1 data 41378
[  123.0919] open fd = -5
[  123.1089] open name host:/livepad.bin flag 1 data 41378
[  123.1102] open fd = -5
[  123.1280] open name host:/livepad.bin flag 1 data 41378
[  123.1293] open fd = -5
[  123.1472] open name host:/livepad.bin flag 1 data 41378
[  123.1486] open fd = -5
[  123.1488] open name host:/livedbg.cmd flag 1 data 41378
[  123.1498] open fd = -5
[  123.1656] open name host:/livepad.bin flag 1 data 41378
[  123.1670] open fd = -5
[  123.1839] open name host:/livepad.bin flag 1 data 41378
[  123.1851] open fd = -5
[  123.2025] open name host:/livepad.bin flag 1 data 41378
[  123.2038] open fd = -5
[  123.2043] open name host:/log.txt flag 302 data 41378
[  123.2058] open fd = 256
[  123.2257] open name host:/livepad.bin flag 1 data 41378
[  123.2272] open fd = -5
[  123.2453] open name host:/livepad.bin flag 1 data 41378
[  123.2467] open fd = -5
[  123.2505] open name host:/log.txt flag 302 data 41378
[  123.2524] open fd = 256
[  123.2699] open name host:/livepad.bin flag 1 data 41378
[  123.2711] open fd = -5
[  123.2715] open name host:/livedbg.cmd flag 1 data 41378
[  123.2725] open fd = -5
[  123.2888] open name host:/livepad.bin flag 1 data 41378
[  123.2905] open fd = -5
[  123.3070] open name host:/livepad.bin flag 1 data 41378
[  123.3088] open fd = -5
[  123.3253] open name host:/livepad.bin flag 1 data 41378
[  123.3268] open fd = -5
[  123.3435] open name host:/livepad.bin flag 1 data 41378
[  123.3450] open fd = -5
[  123.3619] open name host:/livepad.bin flag 1 data 41378
[  123.3631] open fd = -5
[  123.3795] open name host:/livepad.bin flag 1 data 41378
[  123.3807] open fd = -5
[  123.3810] open name host:/livedbg.cmd flag 1 data 41378
[  123.3821] open fd = -5
[  123.3981] open name host:/livepad.bin flag 1 data 41378
[  123.3994] open fd = -5
[  123.4162] open name host:/livepad.bin flag 1 data 41378
[  123.4176] open fd = -5
[  123.4336] open name host:/livepad.bin flag 1 data 41378
[  123.4350] open fd = -5
[  123.4513] open name host:/livepad.bin flag 1 data 41378
[  123.4526] open fd = -5
[  123.4688] open name host:/livepad.bin flag 1 data 41378
[  123.4701] open fd = -5
[  123.4867] open name host:/livepad.bin flag 1 data 41378
[  123.4880] open fd = -5
[  123.4885] open name host:/livedbg.cmd flag 1 data 41378
[  123.4898] open fd = -5
[  123.5058] open name host:/livepad.bin flag 1 data 41378
[  123.5073] open fd = -5
[  123.5233] open name host:/livepad.bin flag 1 data 41378
[  123.5245] open fd = -5
[  123.5406] open name host:/livepad.bin flag 1 data 41378
[  123.5420] open fd = -5
[  123.5594] open name host:/livepad.bin flag 1 data 41378
[  123.5606] open fd = -5
[  123.5777] open name host:/livepad.bin flag 1 data 41378
[  123.5790] open fd = -5
[  123.5956] open name host:/livepad.bin flag 1 data 41378
[  123.5967] open fd = -5
[  123.5970] open name host:/livedbg.cmd flag 1 data 41378
[  123.5982] open fd = -5
[  123.6159] open name host:/livepad.bin flag 1 data 41378
[  123.6172] open fd = -5
[  123.6332] open name host:/livepad.bin flag 1 data 41378
[  123.6345] open fd = -5
[  123.6509] open name host:/livepad.bin flag 1 data 41378
[  123.6522] open fd = -5
[  123.6682] open name host:/livepad.bin flag 1 data 41378
[  123.6695] open fd = -5
[  123.6702] open name host:/log.txt flag 302 data 41378
[  123.6718] open fd = 256
[  123.6898] open name host:/livepad.bin flag 1 data 41378
[  123.6911] open fd = -5
[  123.7085] open name host:/livepad.bin flag 1 data 41378
[  123.7098] open fd = -5
[  123.7101] open name host:/livedbg.cmd flag 1 data 41378
[  123.7111] open fd = -5
[  123.7276] open name host:/livepad.bin flag 1 data 41378
[  123.7290] open fd = -5
[  123.7463] open name host:/livepad.bin flag 1 data 41378
[  123.7479] open fd = -5
[  123.7644] open name host:/livepad.bin flag 1 data 41378
[  123.7658] open fd = -5
[  123.7827] open name host:/livepad.bin flag 1 data 41378
[  123.7840] open fd = -5
[  123.7853] open name host:/log.txt flag 302 data 41378
[  123.7870] open fd = 256
[  123.8039] open name host:/livepad.bin flag 1 data 41378
[  123.8052] open fd = -5
[  123.8225] open name host:/livepad.bin flag 1 data 41378
[  123.8238] open fd = -5
[  123.8240] open name host:/livedbg.cmd flag 1 data 41378
[  123.8250] open fd = -5
[  123.8409] open name host:/livepad.bin flag 1 data 41378
[  123.8423] open fd = -5
[  123.8584] open name host:/livepad.bin flag 1 data 41378
[  123.8599] open fd = -5
[  123.8764] open name host:/livepad.bin flag 1 data 41378
[  123.8776] open fd = -5
[  123.8951] open name host:/livepad.bin flag 1 data 41378
[  123.8963] open fd = -5
[  123.9129] open name host:/livepad.bin flag 1 data 41378
[  123.9142] open fd = -5
[  123.9307] open name host:/livepad.bin flag 1 data 41378
[  123.9322] open fd = -5
[  123.9324] open name host:/livedbg.cmd flag 1 data 41378
[  123.9334] open fd = -5
[  123.9508] open name host:/livepad.bin flag 1 data 41378
[  123.9520] open fd = -5
[  123.9686] open name host:/livepad.bin flag 1 data 41378
[  123.9697] open fd = -5
[  123.9868] open name host:/livepad.bin flag 1 data 41378
[  123.9880] open fd = -5
[  124.0042] open name host:/livepad.bin flag 1 data 41378
[  124.0053] open fd = -5
[  124.0220] open name host:/livepad.bin flag 1 data 41378
[  124.0234] open fd = -5
[  124.0398] open name host:/livepad.bin flag 1 data 41378
[  124.0411] open fd = -5
[  124.0415] open name host:/livedbg.cmd flag 1 data 41378
[  124.0425] open fd = -5
[  124.0586] open name host:/livepad.bin flag 1 data 41378
[  124.0599] open fd = -5
[  124.0766] open name host:/livepad.bin flag 1 data 41378
[  124.0780] open fd = -5
[  124.0938] open name host:/livepad.bin flag 1 data 41378
[  124.0950] open fd = -5
[  124.1131] open name host:/livepad.bin flag 1 data 41378
[  124.1145] open fd = -5
[  124.1305] open name host:/livepad.bin flag 1 data 41378
[  124.1318] open fd = -5
[  124.1324] open name host:/log.txt flag 302 data 41378
[  124.1339] open fd = 256
[  124.1508] open name host:/livepad.bin flag 1 data 41378
[  124.1520] open fd = -5
[  124.1522] open name host:/livedbg.cmd flag 1 data 41378
[  124.1532] open fd = -5
[  124.1697] open name host:/livepad.bin flag 1 data 41378
[  124.1710] open fd = -5
[  124.1735] open name host:/log.txt flag 302 data 41378
[  124.1751] open fd = 256
[  124.1915] open name host:/livepad.bin flag 1 data 41378
[  124.1927] open fd = -5
[  124.2094] open name host:/livepad.bin flag 1 data 41378
[  124.2106] open fd = -5
[  124.2287] open name host:/livepad.bin flag 1 data 41378
[  124.2300] open fd = -5
[  124.2485] open name host:/livepad.bin flag 1 data 41378
[  124.2503] open fd = -5
[  124.2677] open name host:/livepad.bin flag 1 data 41378
[  124.2695] open fd = -5
[  124.2699] open name host:/livedbg.cmd flag 1 data 41378
[  124.2711] open fd = -5
[  124.2895] open name host:/livepad.bin flag 1 data 41378
[  124.2913] open fd = -5
[  124.3082] open name host:/livepad.bin flag 1 data 41378
[  124.3096] open fd = -5
[  124.3272] open name host:/livepad.bin flag 1 data 41378
[  124.3288] open fd = -5
[  124.3506] open name host:/livepad.bin flag 1 data 41378
[  124.3518] open fd = -5
[  124.3698] open name host:/livepad.bin flag 1 data 41378
[  124.3712] open fd = -5
[  124.3884] open name host:/livepad.bin flag 1 data 41378
[  124.3903] open fd = -5
[  124.3906] open name host:/livedbg.cmd flag 1 data 41378
[  124.3922] open fd = -5
[  124.4088] open name host:/livepad.bin flag 1 data 41378
[  124.4103] open fd = -5
[  124.4269] open name host:/livepad.bin flag 1 data 41378
[  124.4284] open fd = -5
[  124.4458] open name host:/livepad.bin flag 1 data 41378
[  124.4471] open fd = -5
[  124.4632] open name host:/livepad.bin flag 1 data 41378
[  124.4645] open fd = -5
[  124.4809] open name host:/livepad.bin flag 1 data 41378
[  124.4822] open fd = -5
[  124.4994] open name host:/livepad.bin flag 1 data 41378
[  124.5007] open fd = -5
[  124.5010] open name host:/livedbg.cmd flag 1 data 41378
[  124.5020] open fd = -5
[  124.5196] open name host:/livepad.bin flag 1 data 41378
[  124.5210] open fd = -5
[  124.5386] open name host:/livepad.bin flag 1 data 41378
[  124.5399] open fd = -5
[  124.5567] open name host:/livepad.bin flag 1 data 41378
[  124.5584] open fd = -5
[  124.5748] open name host:/livepad.bin flag 1 data 41378
[  124.5760] open fd = -5
[  124.5926] open name host:/livepad.bin flag 1 data 41378
[  124.5938] open fd = -5
[  124.6102] open name host:/livepad.bin flag 1 data 41378
[  124.6115] open fd = -5
[  124.6118] open name host:/livedbg.cmd flag 1 data 41378
[  124.6127] open fd = -5
[  124.6131] open name host:/log.txt flag 302 data 41378
[  124.6145] open fd = 256
[  124.6325] open name host:/livepad.bin flag 1 data 41378
[  124.6338] open fd = -5
[  124.6511] open name host:/livepad.bin flag 1 data 41378
[  124.6523] open fd = -5
[  124.6700] FRAMEARENA frames=6000 peak=1045072 resets=7 fallbacks=0 maxFrameBytes=2731360 maxBorrowed=2028560 freeKiB=10908
[  124.6702] NATIVEVIF frames=6000 batches=6007
[  124.6703] ORDEREDFRAME frames=6000 splitFrames=5
[  124.6705] FRAMEPIPELINE starts=6000 dmaBusyStarts=48
[  124.6706] open name host:/livepad.bin flag 1 data 41378
[  124.6719] open fd = -5
[  124.6873] open name host:/livepad.bin flag 1 data 41378
[  124.6886] open fd = -5
[  124.7044] open name host:/livepad.bin flag 1 data 41378
[  124.7057] open fd = -5
[  124.7216] open name host:/livepad.bin flag 1 data 41378
[  124.7230] open fd = -5
[  124.7234] open name host:/livedbg.cmd flag 1 data 41378
[  124.7244] open fd = -5
[  124.7416] open name host:/livepad.bin flag 1 data 41378
[  124.7432] open fd = -5
[  124.7600] open name host:/livepad.bin flag 1 data 41378
[  124.7612] open fd = -5
[  124.7785] open name host:/livepad.bin flag 1 data 41378
[  124.7798] open fd = -5
[  124.7960] open name host:/livepad.bin flag 1 data 41378
[  124.7974] open fd = -5
[  124.8146] open name host:/livepad.bin flag 1 data 41378
[  124.8158] open fd = -5
[  124.8324] open name host:/livepad.bin flag 1 data 41378
[  124.8336] open fd = -5
[  124.8340] open name host:/livedbg.cmd flag 1 data 41378
[  124.8350] open fd = -5
[  124.8512] open name host:/livepad.bin flag 1 data 41378
[  124.8526] open fd = -5
[  124.8686] open name host:/livepad.bin flag 1 data 41378
[  124.8701] open fd = -5
[  124.8868] open name host:/livepad.bin flag 1 data 41378
[  124.8884] open fd = -5
[  124.9065] open name host:/livepad.bin flag 1 data 41378
[  124.9079] open fd = -5
[  124.9250] open name host:/livepad.bin flag 1 data 41378
[  124.9263] open fd = -5
[  124.9427] open name host:/livepad.bin flag 1 data 41378
[  124.9442] open fd = -5
[  124.9448] open name host:/livedbg.cmd flag 1 data 41378
[  124.9461] open fd = -5
[  124.9621] open name host:/livepad.bin flag 1 data 41378
[  124.9634] open fd = -5
[  124.9798] open name host:/livepad.bin flag 1 data 41378
[  124.9813] open fd = -5
[  124.9984] open name host:/livepad.bin flag 1 data 41378
[  124.9998] open fd = -5
[  125.0170] open name host:/livepad.bin flag 1 data 41378
[  125.0184] open fd = -5
[  125.0343] open name host:/livepad.bin flag 1 data 41378
[  125.0358] open fd = -5
[  125.0514] open name host:/livepad.bin flag 1 data 41378
[  125.0529] open fd = -5
[  125.0532] open name host:/livedbg.cmd flag 1 data 41378
[  125.0543] open fd = -5
[  125.0699] open name host:/livepad.bin flag 1 data 41378
[  125.0712] open fd = -5
[  125.0718] open name host:/log.txt flag 302 data 41378
[  125.0740] open fd = 256
[  125.0923] open name host:/livepad.bin flag 1 data 41378
[  125.0942] open fd = -5
[  125.1140] open name host:/livepad.bin flag 1 data 41378
[  125.1155] open fd = -5
[  125.1179] open name host:/log.txt flag 302 data 41378
[  125.1197] open fd = 256
[  125.1372] open name host:/livepad.bin flag 1 data 41378
[  125.1385] open fd = -5
[  125.1559] open name host:/livepad.bin flag 1 data 41378
[  125.1576] open fd = -5
[  125.1743] open name host:/livepad.bin flag 1 data 41378
[  125.1759] open fd = -5
[  125.1762] open name host:/livedbg.cmd flag 1 data 41378
[  125.1774] open fd = -5
[  125.1939] open name host:/livepad.bin flag 1 data 41378
[  125.1953] open fd = -5
[  125.2115] open name host:/livepad.bin flag 1 data 41378
[  125.2131] open fd = -5
[  125.2294] open name host:/livepad.bin flag 1 data 41378
[  125.2308] open fd = -5
[  125.2497] open name host:/livepad.bin flag 1 data 41378
[  125.2510] open fd = -5
[  125.2677] open name host:/livepad.bin flag 1 data 41378
[  125.2695] open fd = -5
[  125.2860] open name host:/livepad.bin flag 1 data 41378
[  125.2875] open fd = -5
[  125.2879] open name host:/livedbg.cmd flag 1 data 41378
[  125.2890] open fd = -5
[  125.3062] open name host:/livepad.bin flag 1 data 41378
[  125.3080] open fd = -5
[  125.3248] open name host:/livepad.bin flag 1 data 41378
[  125.3262] open fd = -5
[  125.3459] open name host:/livepad.bin flag 1 data 41378
[  125.3475] open fd = -5
[  125.3644] open name host:/livepad.bin flag 1 data 41378
[  125.3658] open fd = -5
[  125.3819] open name host:/livepad.bin flag 1 data 41378
[  125.3832] open fd = -5
[  125.3994] open name host:/livepad.bin flag 1 data 41378
[  125.4008] open fd = -5
[  125.4010] open name host:/livedbg.cmd flag 1 data 41378
[  125.4021] open fd = -5
[  125.4183] open name host:/livepad.bin flag 1 data 41378
[  125.4195] open fd = -5
[  125.4380] open name host:/livepad.bin flag 1 data 41378
[  125.4393] open fd = -5
[  125.4558] open name host:/livepad.bin flag 1 data 41378
[  125.4574] open fd = -5
[  125.4748] open name host:/livepad.bin flag 1 data 41378
[  125.4761] open fd = -5
[  125.4936] open name host:/livepad.bin flag 1 data 41378
[  125.4948] open fd = -5
[  125.5107] open name host:/livepad.bin flag 1 data 41378
[  125.5121] open fd = -5
[  125.5125] open name host:/livedbg.cmd flag 1 data 41378
[  125.5136] open fd = -5
[  125.5326] open name host:/livepad.bin flag 1 data 41378
[  125.5340] open fd = -5
[  125.5514] open name host:/livepad.bin flag 1 data 41378
[  125.5528] open fd = -5
[  125.5532] open name host:/log.txt flag 302 data 41378
[  125.5548] open fd = 256
[  125.5737] open name host:/livepad.bin flag 1 data 41378
[  125.5750] open fd = -5
[  125.5929] open name host:/livepad.bin flag 1 data 41378
[  125.5943] open fd = -5
[  125.6112] open name host:/livepad.bin flag 1 data 41378
[  125.6129] open fd = -5
[  125.6307] open name host:/livepad.bin flag 1 data 41378
[  125.6322] open fd = -5
[  125.6326] open name host:/livedbg.cmd flag 1 data 41378
[  125.6337] open fd = -5
[  125.6506] open name host:/livepad.bin flag 1 data 41378
[  125.6522] open fd = -5
[  125.6693] open name host:/livepad.bin flag 1 data 41378
[  125.6705] open fd = -5
[  125.6877] open name host:/livepad.bin flag 1 data 41378
[  125.6890] open fd = -5
[  125.7077] open name host:/livepad.bin flag 1 data 41378
[  125.7094] open fd = -5
[  125.7279] open name host:/livepad.bin flag 1 data 41378
[  125.7293] open fd = -5
[  125.7458] open name host:/livepad.bin flag 1 data 41378
[  125.7472] open fd = -5
[  125.7477] open name host:/livedbg.cmd flag 1 data 41378
[  125.7490] open fd = -5
[  125.7655] open name host:/livepad.bin flag 1 data 41378
[  125.7669] open fd = -5
[  125.7854] open name host:/livepad.bin flag 1 data 41378
[  125.7867] open fd = -5
[  125.8049] open name host:/livepad.bin flag 1 data 41378
[  125.8063] open fd = -5
[  125.8249] open name host:/livepad.bin flag 1 data 41378
[  125.8261] open fd = -5
[  125.8439] open name host:/livepad.bin flag 1 data 41378
[  125.8454] open fd = -5
[  125.8636] open name host:/livepad.bin flag 1 data 41378
[  125.8650] open fd = -5
[  125.8654] open name host:/livedbg.cmd flag 1 data 41378
[  125.8667] open fd = -5
[  125.8856] open name host:/livepad.bin flag 1 data 41378
[  125.8869] open fd = -5
[  125.9051] open name host:/livepad.bin flag 1 data 41378
[  125.9065] open fd = -5
[  125.9251] open name host:/livepad.bin flag 1 data 41378
[  125.9266] open fd = -5
[  125.9455] open name host:/livepad.bin flag 1 data 41378
[  125.9468] open fd = -5
[  125.9634] open name host:/livepad.bin flag 1 data 41378
[  125.9648] open fd = -5
[  125.9825] open name host:/livepad.bin flag 1 data 41378
[  125.9838] open fd = -5
[  125.9840] open name host:/livedbg.cmd flag 1 data 41378
[  125.9850] open fd = -5
[  126.0031] open name host:/livepad.bin flag 1 data 41378
[  126.0044] open fd = -5
[  126.0223] open name host:/livepad.bin flag 1 data 41378
[  126.0238] open fd = -5
[  126.0401] open name host:/livepad.bin flag 1 data 41378
[  126.0416] open fd = -5
[  126.0420] open name host:/log.txt flag 302 data 41378
[  126.0436] open fd = 256
[  126.0642] open name host:/livepad.bin flag 1 data 41378
[  126.0655] open fd = -5
[  126.0849] open name host:/livepad.bin flag 1 data 41378
[  126.0863] open fd = -5
[  126.0887] open name host:/log.txt flag 302 data 41378
[  126.0907] open fd = 256
[  126.1089] open name host:/livepad.bin flag 1 data 41378
[  126.1103] open fd = -5
[  126.1106] open name host:/livedbg.cmd flag 1 data 41378
[  126.1116] open fd = -5
[  126.1286] open name host:/livepad.bin flag 1 data 41378
[  126.1300] open fd = -5
[  126.1466] open name host:/livepad.bin flag 1 data 41378
[  126.1479] open fd = -5
[  126.1651] open name host:/livepad.bin flag 1 data 41378
[  126.1664] open fd = -5
[  126.1829] open name host:/livepad.bin flag 1 data 41378
[  126.1840] open fd = -5
[  126.2024] open name host:/livepad.bin flag 1 data 41378
[  126.2038] open fd = -5
[  126.2208] open name host:/livepad.bin flag 1 data 41378
[  126.2222] open fd = -5
[  126.2225] open name host:/livedbg.cmd flag 1 data 41378
[  126.2235] open fd = -5
[  126.2397] open name host:/livepad.bin flag 1 data 41378
[  126.2411] open fd = -5
[  126.2593] open name host:/livepad.bin flag 1 data 41378
[  126.2606] open fd = -5
[  126.2764] open name host:/livepad.bin flag 1 data 41378
[  126.2780] open fd = -5
[  126.2942] open name host:/livepad.bin flag 1 data 41378
[  126.2954] open fd = -5
[  126.3119] open name host:/livepad.bin flag 1 data 41378
[  126.3131] open fd = -5
[  126.3298] open name host:/livepad.bin flag 1 data 41378
[  126.3309] open fd = -5
[  126.3312] open name host:/livedbg.cmd flag 1 data 41378
[  126.3321] open fd = -5
[  126.3490] open name host:/livepad.bin flag 1 data 41378
[  126.3504] open fd = -5
[  126.3673] open name host:/livepad.bin flag 1 data 41378
[  126.3685] open fd = -5
[  126.3855] open name host:/livepad.bin flag 1 data 41378
[  126.3869] open fd = -5
[  126.4032] open name host:/livepad.bin flag 1 data 41378
[  126.4045] open fd = -5
[  126.4215] open name host:/livepad.bin flag 1 data 41378
[  126.4228] open fd = -5
[  126.4396] open name host:/livepad.bin flag 1 data 41378
[  126.4410] open fd = -5
[  126.4418] open name host:/livedbg.cmd flag 1 data 41378
[  126.4428] open fd = -5
[  126.4592] open name host:/livepad.bin flag 1 data 41378
[  126.4603] open fd = -5
[  126.4766] open name host:/livepad.bin flag 1 data 41378
[  126.4778] open fd = -5
[  126.4956] open name host:/livepad.bin flag 1 data 41378
[  126.4969] open fd = -5
[  126.5131] open name host:/livepad.bin flag 1 data 41378
[  126.5145] open fd = -5
[  126.5150] open name host:/log.txt flag 302 data 41378
[  126.5165] open fd = 256
[  126.5340] open name host:/livepad.bin flag 1 data 41378
[  126.5353] open fd = -5
[  126.5526] open name host:/livepad.bin flag 1 data 41378
[  126.5541] open fd = -5
[  126.5544] open name host:/livedbg.cmd flag 1 data 41378
[  126.5553] open fd = -5
[  126.5725] open name host:/livepad.bin flag 1 data 41378
[  126.5740] open fd = -5
[  126.5909] open name host:/livepad.bin flag 1 data 41378
[  126.5924] open fd = -5
[  126.6085] open name host:/livepad.bin flag 1 data 41378
[  126.6098] open fd = -5
[  126.6264] open name host:/livepad.bin flag 1 data 41378
[  126.6277] open fd = -5
[  126.6294] open name host:/log.txt flag 302 data 41378
[  126.6309] open fd = 256
[  126.6481] open name host:/livepad.bin flag 1 data 41378
[  126.6495] open fd = -5
[  126.6653] open name host:/livepad.bin flag 1 data 41378
[  126.6666] open fd = -5
[  126.6669] open name host:/livedbg.cmd flag 1 data 41378
[  126.6678] open fd = -5
[  126.6836] open name host:/livepad.bin flag 1 data 41378
[  126.6848] open fd = -5
[  126.7025] open name host:/livepad.bin flag 1 data 41378
[  126.7036] open fd = -5
[  126.7214] open name host:/livepad.bin flag 1 data 41378
[  126.7228] open fd = -5
[  126.7394] open name host:/livepad.bin flag 1 data 41378
[  126.7405] open fd = -5
[  126.7563] open name host:/livepad.bin flag 1 data 41378
[  126.7577] open fd = -5
[  126.7739] open name host:/livepad.bin flag 1 data 41378
[  126.7751] open fd = -5
[  126.7754] open name host:/livedbg.cmd flag 1 data 41378
[  126.7764] open fd = -5
[  126.7925] open name host:/livepad.bin flag 1 data 41378
[  126.7938] open fd = -5
[  126.8098] open name host:/livepad.bin flag 1 data 41378
[  126.8113] open fd = -5
[  126.8271] open name host:/livepad.bin flag 1 data 41378
[  126.8285] open fd = -5
[  126.8450] open name host:/livepad.bin flag 1 data 41378
[  126.8463] open fd = -5
[  126.8635] open name host:/livepad.bin flag 1 data 41378
[  126.8647] open fd = -5
[  126.8809] open name host:/livepad.bin flag 1 data 41378
[  126.8825] open fd = -5
[  126.8827] open name host:/livedbg.cmd flag 1 data 41378
[  126.8837] open fd = -5
[  126.9005] open name host:/livepad.bin flag 1 data 41378
[  126.9018] open fd = -5
[  126.9180] open name host:/livepad.bin flag 1 data 41378
[  126.9193] open fd = -5
[  126.9364] FRAMEARENA frames=6120 peak=1045072 resets=7 fallbacks=0 maxFrameBytes=2731360 maxBorrowed=2028560 freeKiB=10908
[  126.9367] NATIVEVIF frames=6120 batches=6127
[  126.9370] ORDEREDFRAME frames=6120 splitFrames=5
[  126.9371] FRAMEPIPELINE starts=6120 dmaBusyStarts=48
[  126.9372] open name host:/livepad.bin flag 1 data 41378
[  126.9385] open fd = -5
[  126.9555] open name host:/livepad.bin flag 1 data 41378
[  126.9570] open fd = -5
[  126.9732] open name host:/livepad.bin flag 1 data 41378
[  126.9746] open fd = -5
[  126.9753] open name host:/log.txt flag 302 data 41378
[  126.9769] open fd = 256
[  126.9946] open name host:/livepad.bin flag 1 data 41378
[  126.9960] open fd = -5
[  126.9964] open name host:/livedbg.cmd flag 1 data 41378
[  126.9974] open fd = -5
[  127.0139] open name host:/livepad.bin flag 1 data 41378
[  127.0153] open fd = -5
[  127.0177] open name host:/log.txt flag 302 data 41378
[  127.0192] open fd = 256
[  127.0365] open name host:/livepad.bin flag 1 data 41378
[  127.0377] open fd = -5
[  127.0544] open name host:/livepad.bin flag 1 data 41378
[  127.0558] open fd = -5
[  127.0720] open name host:/livepad.bin flag 1 data 41378
[  127.0735] open fd = -5
[  127.0904] open name host:/livepad.bin flag 1 data 41378
[  127.0918] open fd = -5
[  127.1100] open name host:/livepad.bin flag 1 data 41378
[  127.1112] open fd = -5
[  127.1115] open name host:/livedbg.cmd flag 1 data 41378
[  127.1125] open fd = -5
[  127.1284] open name host:/livepad.bin flag 1 data 41378
[  127.1297] open fd = -5
[  127.1466] open name host:/livepad.bin flag 1 data 41378
[  127.1480] open fd = -5
[  127.1637] open name host:/livepad.bin flag 1 data 41378
[  127.1654] open fd = -5
[  127.1823] open name host:/livepad.bin flag 1 data 41378
[  127.1836] open fd = -5
[  127.2013] open name host:/livepad.bin flag 1 data 41378
[  127.2026] open fd = -5
[  127.2198] open name host:/livepad.bin flag 1 data 41378
[  127.2212] open fd = -5
[  127.2216] open name host:/livedbg.cmd flag 1 data 41378
[  127.2227] open fd = -5
[  127.2385] open name host:/livepad.bin flag 1 data 41378
[  127.2397] open fd = -5
[  127.2554] open name host:/livepad.bin flag 1 data 41378
[  127.2567] open fd = -5
[  127.2731] open name host:/livepad.bin flag 1 data 41378
[  127.2744] open fd = -5
[  127.2909] open name host:/livepad.bin flag 1 data 41378
[  127.2923] open fd = -5
[  127.3081] open name host:/livepad.bin flag 1 data 41378
[  127.3095] open fd = -5
[  127.3255] open name host:/livepad.bin flag 1 data 41378
[  127.3266] open fd = -5
[  127.3269] open name host:/livedbg.cmd flag 1 data 41378
[  127.3278] open fd = -5
[  127.3438] open name host:/livepad.bin flag 1 data 41378
[  127.3451] open fd = -5
[  127.3619] open name host:/livepad.bin flag 1 data 41378
[  127.3631] open fd = -5
[  127.3802] open name host:/livepad.bin flag 1 data 41378
[  127.3817] open fd = -5
[  127.3976] open name host:/livepad.bin flag 1 data 41378
[  127.3989] open fd = -5
[  127.4149] open name host:/livepad.bin flag 1 data 41378
[  127.4163] open fd = -5
[  127.4326] open name host:/livepad.bin flag 1 data 41378
[  127.4338] open fd = -5
[  127.4341] open name host:/livedbg.cmd flag 1 data 41378
[  127.4350] open fd = -5
[  127.4353] open name host:/log.txt flag 302 data 41378
[  127.4369] open fd = 256
[  127.4549] open name host:/livepad.bin flag 1 data 41378
[  127.4561] open fd = -5
[  127.4717] open name host:/livepad.bin flag 1 data 41378
[  127.4729] open fd = -5
[  127.4896] open name host:/livepad.bin flag 1 data 41378
[  127.4908] open fd = -5
[  127.5080] open name host:/livepad.bin flag 1 data 41378
[  127.5093] open fd = -5
[  127.5256] open name host:/livepad.bin flag 1 data 41378
[  127.5267] open fd = -5
[  127.5419] open name host:/livepad.bin flag 1 data 41378
[  127.5431] open fd = -5
[  127.5434] open name host:/livedbg.cmd flag 1 data 41378
[  127.5444] open fd = -5
[  127.5608] open name host:/livepad.bin flag 1 data 41378
[  127.5621] open fd = -5
[  127.5781] open name host:/livepad.bin flag 1 data 41378
[  127.5794] open fd = -5
[  127.5954] open name host:/livepad.bin flag 1 data 41378
[  127.5967] open fd = -5
[  127.6140] open name host:/livepad.bin flag 1 data 41378
[  127.6155] open fd = -5
[  127.6316] open name host:/livepad.bin flag 1 data 41378
[  127.6330] open fd = -5
[  127.6498] open name host:/livepad.bin flag 1 data 41378
[  127.6510] open fd = -5
[  127.6512] open name host:/livedbg.cmd flag 1 data 41378
[  127.6522] open fd = -5
[  127.6683] open name host:/livepad.bin flag 1 data 41378
[  127.6697] open fd = -5
[  127.6869] open name host:/livepad.bin flag 1 data 41378
[  127.6882] open fd = -5
[  127.7040] open name host:/livepad.bin flag 1 data 41378
[  127.7053] open fd = -5
[  127.7214] open name host:/livepad.bin flag 1 data 41378
[  127.7230] open fd = -5
[  127.7396] open name host:/livepad.bin flag 1 data 41378
[  127.7411] open fd = -5
[  127.7568] open name host:/livepad.bin flag 1 data 41378
[  127.7582] open fd = -5
[  127.7586] open name host:/livedbg.cmd flag 1 data 41378
[  127.7596] open fd = -5
[  127.7773] open name host:/livepad.bin flag 1 data 41378
[  127.7787] open fd = -5
[  127.7948] open name host:/livepad.bin flag 1 data 41378
[  127.7961] open fd = -5
[  127.8129] open name host:/livepad.bin flag 1 data 41378
[  127.8142] open fd = -5
[  127.8302] open name host:/livepad.bin flag 1 data 41378
[  127.8313] open fd = -5
[  127.8489] open name host:/livepad.bin flag 1 data 41378
[  127.8501] open fd = -5
[  127.8661] open name host:/livepad.bin flag 1 data 41378
[  127.8672] open fd = -5
[  127.8677] open name host:/livedbg.cmd flag 1 data 41378
[  127.8686] open fd = -5
[  127.8843] open name host:/livepad.bin flag 1 data 41378
[  127.8856] open fd = -5
[  127.8863] open name host:/log.txt flag 302 data 41378
[  127.8883] open fd = 256
[  127.9074] open name host:/livepad.bin flag 1 data 41378
[  127.9089] open fd = -5
[  127.9247] open name host:/livepad.bin flag 1 data 41378
[  127.9258] open fd = -5
[  127.9294] open name host:/log.txt flag 302 data 41378
[  127.9314] open fd = 256
[  127.9479] open name host:/livepad.bin flag 1 data 41378
[  127.9492] open fd = -5
[  127.9652] open name host:/livepad.bin flag 1 data 41378
[  127.9665] open fd = -5
[  127.9833] open name host:/livepad.bin flag 1 data 41378
[  127.9846] open fd = -5
[  127.9848] open name host:/livedbg.cmd flag 1 data 41378
[  127.9858] open fd = -5
[  128.0029] open name host:/livepad.bin flag 1 data 41378
[  128.0043] open fd = -5
[  128.0206] open name host:/livepad.bin flag 1 data 41378
[  128.0218] open fd = -5
[  128.0378] open name host:/livepad.bin flag 1 data 41378
[  128.0390] open fd = -5
[  128.0570] open name host:/livepad.bin flag 1 data 41378
[  128.0584] open fd = -5
[  128.0759] open name host:/livepad.bin flag 1 data 41378
[  128.0771] open fd = -5
[  128.0928] open name host:/livepad.bin flag 1 data 41378
[  128.0939] open fd = -5
[  128.0942] open name host:/livedbg.cmd flag 1 data 41378
[  128.0954] open fd = -5
[  128.1116] open name host:/livepad.bin flag 1 data 41378
[  128.1127] open fd = -5
[  128.1288] open name host:/livepad.bin flag 1 data 41378
[  128.1299] open fd = -5
[  128.1471] open name host:/livepad.bin flag 1 data 41378
[  128.1486] open fd = -5
[  128.1653] open name host:/livepad.bin flag 1 data 41378
[  128.1664] open fd = -5
[  128.1826] open name host:/livepad.bin flag 1 data 41378
[  128.1837] open fd = -5
[  128.2006] open name host:/livepad.bin flag 1 data 41378
[  128.2018] open fd = -5
[  128.2022] open name host:/livedbg.cmd flag 1 data 41378
[  128.2034] open fd = -5
[  128.2215] open name host:/livepad.bin flag 1 data 41378
[  128.2228] open fd = -5
[  128.2384] open name host:/livepad.bin flag 1 data 41378
[  128.2397] open fd = -5
[  128.2554] open name host:/livepad.bin flag 1 data 41378
[  128.2569] open fd = -5
[  128.2738] open name host:/livepad.bin flag 1 data 41378
[  128.2753] open fd = -5
[  128.2916] open name host:/livepad.bin flag 1 data 41378
[  128.2929] open fd = -5
[  128.3096] open name host:/livepad.bin flag 1 data 41378
[  128.3109] open fd = -5
[  128.3111] open name host:/livedbg.cmd flag 1 data 41378
[  128.3121] open fd = -5
[  128.3287] open name host:/livepad.bin flag 1 data 41378
[  128.3300] open fd = -5
[  128.3466] open name host:/livepad.bin flag 1 data 41378
[  128.3480] open fd = -5
[  128.3487] open name host:/log.txt flag 302 data 41378
[  128.3503] open fd = 256
[  128.3687] open name host:/livepad.bin flag 1 data 41378
[  128.3701] open fd = -5
[  128.3864] open name host:/livepad.bin flag 1 data 41378
[  128.3876] open fd = -5
[  128.4041] open name host:/livepad.bin flag 1 data 41378
[  128.4054] open fd = -5
[  128.4217] open name host:/livepad.bin flag 1 data 41378
[  128.4231] open fd = -5
[  128.4234] open name host:/livedbg.cmd flag 1 data 41378
[  128.4245] open fd = -5
[  128.4409] open name host:/livepad.bin flag 1 data 41378
[  128.4421] open fd = -5
[  128.4582] open name host:/livepad.bin flag 1 data 41378
[  128.4597] open fd = -5
[  128.4761] open name host:/livepad.bin flag 1 data 41378
[  128.4773] open fd = -5
[  128.4931] open name host:/livepad.bin flag 1 data 41378
[  128.4944] open fd = -5
[  128.5112] open name host:/livepad.bin flag 1 data 41378
[  128.5123] open fd = -5
[  128.5288] open name host:/livepad.bin flag 1 data 41378
[  128.5302] open fd = -5
[  128.5305] open name host:/livedbg.cmd flag 1 data 41378
[  128.5315] open fd = -5
[  128.5474] open name host:/livepad.bin flag 1 data 41378
[  128.5488] open fd = -5
[  128.5658] open name host:/livepad.bin flag 1 data 41378
[  128.5670] open fd = -5
[  128.5826] open name host:/livepad.bin flag 1 data 41378
[  128.5838] open fd = -5
[  128.6007] open name host:/livepad.bin flag 1 data 41378
[  128.6020] open fd = -5
[  128.6185] open name host:/livepad.bin flag 1 data 41378
[  128.6197] open fd = -5
[  128.6368] open name host:/livepad.bin flag 1 data 41378
[  128.6382] open fd = -5
[  128.6386] open name host:/livedbg.cmd flag 1 data 41378
[  128.6396] open fd = -5
[  128.6565] open name host:/livepad.bin flag 1 data 41378
[  128.6578] open fd = -5
[  128.6743] open name host:/livepad.bin flag 1 data 41378
[  128.6756] open fd = -5
[  128.6923] open name host:/livepad.bin flag 1 data 41378
[  128.6938] open fd = -5
[  128.7135] open name host:/livepad.bin flag 1 data 41378
[  128.7147] open fd = -5
[  128.7326] open name host:/livepad.bin flag 1 data 41378
[  128.7340] open fd = -5
[  128.7504] open name host:/livepad.bin flag 1 data 41378
[  128.7516] open fd = -5
[  128.7519] open name host:/livedbg.cmd flag 1 data 41378
[  128.7529] open fd = -5
[  128.7685] open name host:/livepad.bin flag 1 data 41378
[  128.7698] open fd = -5
[  128.7863] open name host:/livepad.bin flag 1 data 41378
[  128.7877] open fd = -5
[  128.8044] open name host:/livepad.bin flag 1 data 41378
[  128.8058] open fd = -5
[  128.8065] open name host:/log.txt flag 302 data 41378
[  128.8080] open fd = 256
[  128.8255] open name host:/livepad.bin flag 1 data 41378
[  128.8268] open fd = -5
[  128.8434] open name host:/livepad.bin flag 1 data 41378
[  128.8447] open fd = -5
[  128.8472] open name host:/log.txt flag 302 data 41378
[  128.8488] open fd = 256
[  128.8657] open name host:/livepad.bin flag 1 data 41378
[  128.8669] open fd = -5
[  128.8672] open name host:/livedbg.cmd flag 1 data 41378
[  128.8681] open fd = -5
[  128.8843] open name host:/livepad.bin flag 1 data 41378
[  128.8858] open fd = -5
[  128.9019] open name host:/livepad.bin flag 1 data 41378
[  128.9031] open fd = -5
[  128.9203] open name host:/livepad.bin flag 1 data 41378
[  128.9216] open fd = -5
[  128.9379] open name host:/livepad.bin flag 1 data 41378
[  128.9393] open fd = -5
[  128.9559] open name host:/livepad.bin flag 1 data 41378
[  128.9572] open fd = -5
[  128.9739] open name host:/livepad.bin flag 1 data 41378
[  128.9756] open fd = -5
[  128.9760] open name host:/livedbg.cmd flag 1 data 41378
[  128.9770] open fd = -5
[  128.9945] open name host:/livepad.bin flag 1 data 41378
[  128.9957] open fd = -5
[  129.0128] open name host:/livepad.bin flag 1 data 41378
[  129.0139] open fd = -5
[  129.0307] open name host:/livepad.bin flag 1 data 41378
[  129.0319] open fd = -5
[  129.0484] open name host:/livepad.bin flag 1 data 41378
[  129.0499] open fd = -5
[  129.0664] open name host:/livepad.bin flag 1 data 41378
[  129.0676] open fd = -5
[  129.0836] open name host:/livepad.bin flag 1 data 41378
[  129.0851] open fd = -5
[  129.0853] open name host:/livedbg.cmd flag 1 data 41378
[  129.0864] open fd = -5
[  129.1026] open name host:/livepad.bin flag 1 data 41378
[  129.1039] open fd = -5
[  129.1197] open name host:/livepad.bin flag 1 data 41378
[  129.1211] open fd = -5
[  129.1373] FRAMEARENA frames=6240 peak=1045072 resets=7 fallbacks=0 maxFrameBytes=2731360 maxBorrowed=2028560 freeKiB=10908
[  129.1376] NATIVEVIF frames=6240 batches=6247
[  129.1378] ORDEREDFRAME frames=6240 splitFrames=5
[  129.1380] FRAMEPIPELINE starts=6240 dmaBusyStarts=48
[  129.1381] open name host:/livepad.bin flag 1 data 41378
[  129.1391] open fd = -5
[  129.1543] open name host:/livepad.bin flag 1 data 41378
[  129.1556] open fd = -5
[  129.1717] open name host:/livepad.bin flag 1 data 41378
[  129.1729] open fd = -5
[  129.1887] open name host:/livepad.bin flag 1 data 41378
[  129.1903] open fd = -5
[  129.1906] open name host:/livedbg.cmd flag 1 data 41378
[  129.1916] open fd = -5
[  129.2099] open name host:/livepad.bin flag 1 data 41378
[  129.2113] open fd = -5
[  129.2277] open name host:/livepad.bin flag 1 data 41378
[  129.2289] open fd = -5
[  129.2450] open name host:/livepad.bin flag 1 data 41378
[  129.2464] open fd = -5
[  129.2628] open name host:/livepad.bin flag 1 data 41378
[  129.2643] open fd = -5
[  129.2650] open name host:/log.txt flag 302 data 41378
[  129.2665] open fd = 256
[  129.2845] open name host:/livepad.bin flag 1 data 41378
[  129.2858] open fd = -5
[  129.3024] open name host:/livepad.bin flag 1 data 41378
[  129.3035] open fd = -5
[  129.3038] open name host:/livedbg.cmd flag 1 data 41378
[  129.3047] open fd = -5
[  129.3209] open name host:/livepad.bin flag 1 data 41378
[  129.3222] open fd = -5
[  129.3390] open name host:/livepad.bin flag 1 data 41378
[  129.3403] open fd = -5
[  129.3581] open name host:/livepad.bin flag 1 data 41378
[  129.3595] open fd = -5
[  129.3759] open name host:/livepad.bin flag 1 data 41378
[  129.3774] open fd = -5
[  129.3789] open name host:/log.txt flag 302 data 41378
[  129.3805] open fd = 256
[  129.3967] open name host:/livepad.bin flag 1 data 41378
[  129.3980] open fd = -5
[  129.4141] open name host:/livepad.bin flag 1 data 41378
[  129.4154] open fd = -5
[  129.4156] open name host:/livedbg.cmd flag 1 data 41378
[  129.4167] open fd = -5
[  129.4330] open name host:/livepad.bin flag 1 data 41378
[  129.4342] open fd = -5
[  129.4512] open name host:/livepad.bin flag 1 data 41378
[  129.4525] open fd = -5
[  129.4681] open name host:/livepad.bin flag 1 data 41378
[  129.4695] open fd = -5
[  129.4869] open name host:/livepad.bin flag 1 data 41378
[  129.4883] open fd = -5
[  129.5051] open name host:/livepad.bin flag 1 data 41378
[  129.5064] open fd = -5
[  129.5230] open name host:/livepad.bin flag 1 data 41378
[  129.5242] open fd = -5
[  129.5245] open name host:/livedbg.cmd flag 1 data 41378
[  129.5255] open fd = -5
[  129.5415] open name host:/livepad.bin flag 1 data 41378
[  129.5429] open fd = -5
[  129.5592] open name host:/livepad.bin flag 1 data 41378
[  129.5605] open fd = -5
[  129.5784] open name host:/livepad.bin flag 1 data 41378
[  129.5801] open fd = -5
[  129.5963] open name host:/livepad.bin flag 1 data 41378
[  129.5976] open fd = -5
[  129.6136] open name host:/livepad.bin flag 1 data 41378
[  129.6150] open fd = -5
[  129.6308] open name host:/livepad.bin flag 1 data 41378
[  129.6320] open fd = -5
[  129.6324] open name host:/livedbg.cmd flag 1 data 41378
[  129.6333] open fd = -5
[  129.6498] open name host:/livepad.bin flag 1 data 41378
[  129.6512] open fd = -5
[  129.6676] open name host:/livepad.bin flag 1 data 41378
[  129.6689] open fd = -5
[  129.6850] open name host:/livepad.bin flag 1 data 41378
[  129.6864] open fd = -5
[  129.7032] open name host:/livepad.bin flag 1 data 41378
[  129.7044] open fd = -5
[  129.7212] open name host:/livepad.bin flag 1 data 41378
[  129.7226] open fd = -5
[  129.7233] open name host:/log.txt flag 302 data 41378
[  129.7247] open fd = 256
[  129.7420] open name host:/livepad.bin flag 1 data 41378
[  129.7433] open fd = -5
[  129.7437] open name host:/livedbg.cmd flag 1 data 41378
[  129.7447] open fd = -5
[  129.7611] open name host:/livepad.bin flag 1 data 41378
[  129.7622] open fd = -5
[  129.7646] open name host:/log.txt flag 302 data 41378
[  129.7661] open fd = 256
[  129.7828] open name host:/livepad.bin flag 1 data 41378
[  129.7841] open fd = -5
[  129.8004] open name host:/livepad.bin flag 1 data 41378
[  129.8018] open fd = -5
[  129.8185] open name host:/livepad.bin flag 1 data 41378
[  129.8198] open fd = -5
[  129.8362] open name host:/livepad.bin flag 1 data 41378
[  129.8380] open fd = -5
[  129.8538] open name host:/livepad.bin flag 1 data 41378
[  129.8552] open fd = -5
[  129.8555] open name host:/livedbg.cmd flag 1 data 41378
[  129.8566] open fd = -5
[  129.8724] open name host:/livepad.bin flag 1 data 41378
[  129.8736] open fd = -5
[  129.8905] open name host:/livepad.bin flag 1 data 41378
[  129.8918] open fd = -5
[  129.9079] open name host:/livepad.bin flag 1 data 41378
[  129.9095] open fd = -5
[  129.9270] open name host:/livepad.bin flag 1 data 41378
[  129.9283] open fd = -5
[  129.9443] open name host:/livepad.bin flag 1 data 41378
[  129.9457] open fd = -5
[  129.9624] open name host:/livepad.bin flag 1 data 41378
[  129.9636] open fd = -5
[  129.9639] open name host:/livedbg.cmd flag 1 data 41378
[  129.9649] open fd = -5
[  129.9814] open name host:/livepad.bin flag 1 data 41378
[  129.9827] open fd = -5
[  129.9987] open name host:/livepad.bin flag 1 data 41378
[  129.9998] open fd = -5
[  130.0162] open name host:/livepad.bin flag 1 data 41378
[  130.0173] open fd = -5
[  130.0336] open name host:/livepad.bin flag 1 data 41378
[  130.0347] open fd = -5
[  130.0524] open name host:/livepad.bin flag 1 data 41378
[  130.0536] open fd = -5
[  130.0696] open name host:/livepad.bin flag 1 data 41378
[  130.0712] open fd = -5
[  130.0717] open name host:/livedbg.cmd flag 1 data 41378
[  130.0728] open fd = -5
[  130.0887] open name host:/livepad.bin flag 1 data 41378
[  130.0899] open fd = -5
[  130.1062] open name host:/livepad.bin flag 1 data 41378
[  130.1078] open fd = -5
[  130.1246] open name host:/livepad.bin flag 1 data 41378
[  130.1260] open fd = -5
[  130.1443] open name host:/livepad.bin flag 1 data 41378
[  130.1454] open fd = -5
[  130.1615] open name host:/livepad.bin flag 1 data 41378
[  130.1629] open fd = -5
[  130.1805] open name host:/livepad.bin flag 1 data 41378
[  130.1817] open fd = -5
[  130.1820] open name host:/livedbg.cmd flag 1 data 41378
[  130.1829] open fd = -5
[  130.1833] open name host:/log.txt flag 302 data 41378
[  130.1847] open fd = 256
[  130.2050] open name host:/livepad.bin flag 1 data 41378
[  130.2066] open fd = -5
[  130.2265] open name host:/livepad.bin flag 1 data 41378
[  130.2280] open fd = -5
[  130.2488] open name host:/livepad.bin flag 1 data 41378
[  130.2502] open fd = -5
[  130.2703] open name host:/livepad.bin flag 1 data 41378
[  130.2717] open fd = -5
[  130.2905] open name host:/livepad.bin flag 1 data 41378
[  130.2920] open fd = -5
[  130.3109] open name host:/livepad.bin flag 1 data 41378
[  130.3122] open fd = -5
[  130.3124] open name host:/livedbg.cmd flag 1 data 41378
[  130.3134] open fd = -5
[  130.3317] open name host:/livepad.bin flag 1 data 41378
[  130.3334] open fd = -5
[  130.3503] open name host:/livepad.bin flag 1 data 41378
[  130.3517] open fd = -5
[  130.3709] open name host:/livepad.bin flag 1 data 41378
[  130.3725] open fd = -5
[  130.3920] open name host:/livepad.bin flag 1 data 41378
[  130.3935] open fd = -5
[  130.4131] open name host:/livepad.bin flag 1 data 41378
[  130.4143] open fd = -5
[  130.4316] open name host:/livepad.bin flag 1 data 41378
[  130.4330] open fd = -5
[  130.4333] open name host:/livedbg.cmd flag 1 data 41378
[  130.4343] open fd = -5
[  130.4510] open name host:/livepad.bin flag 1 data 41378
[  130.4522] open fd = -5
[  130.4686] open name host:/livepad.bin flag 1 data 41378
[  130.4699] open fd = -5
[  130.4897] open name host:/livepad.bin flag 1 data 41378
[  130.4913] open fd = -5
[  130.5106] open name host:/livepad.bin flag 1 data 41378
[  130.5119] open fd = -5
[  130.5282] open name host:/livepad.bin flag 1 data 41378
[  130.5293] open fd = -5
[  130.5472] open name host:/livepad.bin flag 1 data 41378
[  130.5487] open fd = -5
[  130.5490] open name host:/livedbg.cmd flag 1 data 41378
[  130.5501] open fd = -5
[  130.5677] open name host:/livepad.bin flag 1 data 41378
[  130.5694] open fd = -5
[  130.5885] open name host:/livepad.bin flag 1 data 41378
[  130.5900] open fd = -5
[  130.6169] open name host:/livepad.bin flag 1 data 41378
[  130.6197] open fd = -5
[  130.6502] open name host:/livepad.bin flag 1 data 41378
[  130.6527] open fd = -5
[  130.6823] open name host:/livepad.bin flag 1 data 41378
[  130.6845] open fd = -5
[  130.7108] open name host:/livepad.bin flag 1 data 41378
[  130.7127] open fd = -5
[  130.7133] open name host:/livedbg.cmd flag 1 data 41378
[  130.7150] open fd = -5
[  130.7397] open name host:/livepad.bin flag 1 data 41378
[  130.7418] open fd = -5
[  130.7426] open name host:/log.txt flag 302 data 41378
[  130.7452] open fd = 256
[  130.7709] open name host:/livepad.bin flag 1 data 41378
[  130.7731] open fd = -5
[  130.7979] open name host:/livepad.bin flag 1 data 41378
[  130.7998] open fd = -5
[  130.8033] open name host:/log.txt flag 302 data 41378
[  130.8056] open fd = 256
[  130.8242] open name host:/livepad.bin flag 1 data 41378
[  130.8258] open fd = -5
[  130.8476] open name host:/livepad.bin flag 1 data 41378
[  130.8491] open fd = -5
[  130.8711] open name host:/livepad.bin flag 1 data 41378
[  130.8727] open fd = -5
[  130.8731] open name host:/livedbg.cmd flag 1 data 41378
[  130.8745] open fd = -5
[  130.8941] open name host:/livepad.bin flag 1 data 41378
[  130.8955] open fd = -5
[  130.9179] open name host:/livepad.bin flag 1 data 41378
[  130.9195] open fd = -5
[  130.9401] open name host:/livepad.bin flag 1 data 41378
[  130.9418] open fd = -5
[  130.9666] open name host:/livepad.bin flag 1 data 41378
[  130.9681] open fd = -5
[  130.9870] open name host:/livepad.bin flag 1 data 41378
[  130.9887] open fd = -5
[  131.0102] open name host:/livepad.bin flag 1 data 41378
[  131.0116] open fd = -5
[  131.0119] open name host:/livedbg.cmd flag 1 data 41378
[  131.0131] open fd = -5
[  131.0312] open name host:/livepad.bin flag 1 data 41378
[  131.0325] open fd = -5
[  131.0515] open name host:/livepad.bin flag 1 data 41378
[  131.0529] open fd = -5
[  131.0723] open name host:/livepad.bin flag 1 data 41378
[  131.0737] open fd = -5
[  131.0908] open name host:/livepad.bin flag 1 data 41378
[  131.0921] open fd = -5
[  131.1103] open name host:/livepad.bin flag 1 data 41378
[  131.1118] open fd = -5
[  131.1302] open name host:/livepad.bin flag 1 data 41378
[  131.1317] open fd = -5
[  131.1322] open name host:/livedbg.cmd flag 1 data 41378
[  131.1332] open fd = -5
[  131.1518] open name host:/livepad.bin flag 1 data 41378
[  131.1530] open fd = -5
[  131.1707] open name host:/livepad.bin flag 1 data 41378
[  131.1721] open fd = -5
[  131.1935] open name host:/livepad.bin flag 1 data 41378
[  131.1951] open fd = -5
[  131.2131] open name host:/livepad.bin flag 1 data 41378
[  131.2145] open fd = -5
[  131.2309] open name host:/livepad.bin flag 1 data 41378
[  131.2321] open fd = -5
[  131.2501] open name host:/livepad.bin flag 1 data 41378
[  131.2514] open fd = -5
[  131.2517] open name host:/livedbg.cmd flag 1 data 41378
[  131.2528] open fd = -5
[  131.2703] open name host:/livepad.bin flag 1 data 41378
[  131.2716] open fd = -5
[  131.2882] open name host:/livepad.bin flag 1 data 41378
[  131.2899] open fd = -5
[  131.2904] open name host:/log.txt flag 302 data 41378
[  131.2923] open fd = 256
[  131.3116] open name host:/livepad.bin flag 1 data 41378
[  131.3127] open fd = -5
[  131.3325] open name host:/livepad.bin flag 1 data 41378
[  131.3341] open fd = -5
[  131.3589] open name host:/livepad.bin flag 1 data 41378
[  131.3605] open fd = -5
[  131.3816] open name host:/livepad.bin flag 1 data 41378
[  131.3829] open fd = -5
[  131.3832] open name host:/livedbg.cmd flag 1 data 41378
[  131.3843] open fd = -5
[  131.4077] open name host:/livepad.bin flag 1 data 41378
[  131.4097] open fd = -5
[  131.4299] open name host:/livepad.bin flag 1 data 41378
[  131.4312] open fd = -5
[  131.4491] open name host:/livepad.bin flag 1 data 41378
[  131.4507] open fd = -5
[  131.4707] open name host:/livepad.bin flag 1 data 41378
[  131.4722] open fd = -5
[  131.4908] open name host:/livepad.bin flag 1 data 41378
[  131.4922] open fd = -5
[  131.5129] open name host:/livepad.bin flag 1 data 41378
[  131.5145] open fd = -5
[  131.5150] open name host:/livedbg.cmd flag 1 data 41378
[  131.5161] open fd = -5
[  131.5366] open name host:/livepad.bin flag 1 data 41378
[  131.5383] open fd = -5
[  131.5586] open name host:/livepad.bin flag 1 data 41378
[  131.5603] open fd = -5
[  131.5807] FRAMEARENA frames=6360 peak=1045072 resets=7 fallbacks=0 maxFrameBytes=2731360 maxBorrowed=2028560 freeKiB=10908
[  131.5811] NATIVEVIF frames=6360 batches=6367
[  131.5813] ORDEREDFRAME frames=6360 splitFrames=5
[  131.5816] FRAMEPIPELINE starts=6360 dmaBusyStarts=48
[  131.5817] open name host:/livepad.bin flag 1 data 41378
[  131.5831] open fd = -5
[  131.6045] open name host:/livepad.bin flag 1 data 41378
[  131.6060] open fd = -5
[  131.6245] open name host:/livepad.bin flag 1 data 41378
[  131.6258] open fd = -5
[  131.6438] open name host:/livepad.bin flag 1 data 41378
[  131.6452] open fd = -5
[  131.6454] open name host:/livedbg.cmd flag 1 data 41378
[  131.6464] open fd = -5
[  131.6664] open name host:/livepad.bin flag 1 data 41378
[  131.6682] open fd = -5
[  131.6882] open name host:/livepad.bin flag 1 data 41378
[  131.6899] open fd = -5
[  131.7070] open name host:/livepad.bin flag 1 data 41378
[  131.7083] open fd = -5
[  131.7271] open name host:/livepad.bin flag 1 data 41378
[  131.7284] open fd = -5
[  131.7493] open name host:/livepad.bin flag 1 data 41378
[  131.7507] open fd = -5
[  131.7716] open name host:/livepad.bin flag 1 data 41378
[  131.7733] open fd = -5
[  131.7738] open name host:/livedbg.cmd flag 1 data 41378
[  131.7750] open fd = -5
[  131.7963] open name host:/livepad.bin flag 1 data 41378
[  131.7978] open fd = -5
[  131.8182] open name host:/livepad.bin flag 1 data 41378
[  131.8197] open fd = -5
[  131.8416] open name host:/livepad.bin flag 1 data 41378
[  131.8430] open fd = -5
[  131.8437] open name host:/log.txt flag 302 data 41378
[  131.8453] open fd = 256
[  131.8646] open name host:/livepad.bin flag 1 data 41378
[  131.8661] open fd = -5
[  131.8888] open name host:/livepad.bin flag 1 data 41378
[  131.8909] open fd = -5
[  131.8943] open name host:/log.txt flag 302 data 41378
[  131.8967] open fd = 256
[  131.9144] open name host:/livepad.bin flag 1 data 41378
[  131.9157] open fd = -5
[  131.9160] open name host:/livedbg.cmd flag 1 data 41378
[  131.9170] open fd = -5
[  131.9354] open name host:/livepad.bin flag 1 data 41378
[  131.9366] open fd = -5
[  131.9555] open name host:/livepad.bin flag 1 data 41378
[  131.9575] open fd = -5
[  131.9751] open name host:/livepad.bin flag 1 data 41378
[  131.9763] open fd = -5
[  131.9935] open name host:/livepad.bin flag 1 data 41378
[  131.9949] open fd = -5
[  132.0119] open name host:/livepad.bin flag 1 data 41378
[  132.0132] open fd = -5
[  132.0303] open name host:/livepad.bin flag 1 data 41378
[  132.0317] open fd = -5
[  132.0320] open name host:/livedbg.cmd flag 1 data 41378
[  132.0329] open fd = -5
[  132.0499] open name host:/livepad.bin flag 1 data 41378
[  132.0511] open fd = -5
[  132.0682] open name host:/livepad.bin flag 1 data 41378
[  132.0696] open fd = -5
[  132.0872] open name host:/livepad.bin flag 1 data 41378
[  132.0885] open fd = -5
[  132.1070] open name host:/livepad.bin flag 1 data 41378
[  132.1086] open fd = -5
[  132.1261] open name host:/livepad.bin flag 1 data 41378
[  132.1276] open fd = -5
[  132.1445] open name host:/livepad.bin flag 1 data 41378
[  132.1458] open fd = -5
[  132.1462] open name host:/livedbg.cmd flag 1 data 41378
[  132.1473] open fd = -5
[  132.1637] open name host:/livepad.bin flag 1 data 41378
[  132.1649] open fd = -5
[  132.1809] open name host:/livepad.bin flag 1 data 41378
[  132.1824] open fd = -5
[  132.1997] open name host:/livepad.bin flag 1 data 41378
[  132.2010] open fd = -5
[  132.2186] open name host:/livepad.bin flag 1 data 41378
[  132.2201] open fd = -5
[  132.2370] open name host:/livepad.bin flag 1 data 41378
[  132.2384] open fd = -5
[  132.2557] open name host:/livepad.bin flag 1 data 41378
[  132.2571] open fd = -5
[  132.2574] open name host:/livedbg.cmd flag 1 data 41378
[  132.2588] open fd = -5
[  132.2749] open name host:/livepad.bin flag 1 data 41378
[  132.2763] open fd = -5
[  132.2927] open name host:/livepad.bin flag 1 data 41378
[  132.2942] open fd = -5
[  132.3113] open name host:/livepad.bin flag 1 data 41378
[  132.3125] open fd = -5
[  132.3287] open name host:/livepad.bin flag 1 data 41378
[  132.3301] open fd = -5
[  132.3306] open name host:/log.txt flag 302 data 41378
[  132.3322] open fd = 256
[  132.3499] open name host:/livepad.bin flag 1 data 41378
[  132.3513] open fd = -5
[  132.3683] open name host:/livepad.bin flag 1 data 41378
[  132.3696] open fd = -5
[  132.3701] open name host:/livedbg.cmd flag 1 data 41378
[  132.3713] open fd = -5
[  132.3883] open name host:/livepad.bin flag 1 data 41378
[  132.3896] open fd = -5
[  132.4070] open name host:/livepad.bin flag 1 data 41378
[  132.4085] open fd = -5
[  132.4257] open name host:/livepad.bin flag 1 data 41378
[  132.4270] open fd = -5
[  132.4433] open name host:/livepad.bin flag 1 data 41378
[  132.4446] open fd = -5
[  132.4462] open name host:/log.txt flag 302 data 41378
[  132.4478] open fd = 256
[  132.4644] open name host:/livepad.bin flag 1 data 41378
[  132.4657] open fd = -5
[  132.4837] open name host:/livepad.bin flag 1 data 41378
[  132.4849] open fd = -5
[  132.4852] open name host:/livedbg.cmd flag 1 data 41378
[  132.4863] open fd = -5
[  132.5026] open name host:/livepad.bin flag 1 data 41378
[  132.5040] open fd = -5
[  132.5211] open name host:/livepad.bin flag 1 data 41378
[  132.5226] open fd = -5
[  132.5397] open name host:/livepad.bin flag 1 data 41378
[  132.5410] open fd = -5
[  132.5594] open name host:/livepad.bin flag 1 data 41378
[  132.5608] open fd = -5
[  132.5796] open name host:/livepad.bin flag 1 data 41378
[  132.5808] open fd = -5
[  132.5993] open name host:/livepad.bin flag 1 data 41378
[  132.6006] open fd = -5
[  132.6008] open name host:/livedbg.cmd flag 1 data 41378
[  132.6020] open fd = -5
[  132.6183] open name host:/livepad.bin flag 1 data 41378
[  132.6196] open fd = -5
[  132.6368] open name host:/livepad.bin flag 1 data 41378
[  132.6380] open fd = -5
[  132.6543] open name host:/livepad.bin flag 1 data 41378
[  132.6557] open fd = -5
[  132.6720] open name host:/livepad.bin flag 1 data 41378
[  132.6734] open fd = -5
[  132.6906] open name host:/livepad.bin flag 1 data 41378
[  132.6922] open fd = -5
[  132.7083] open name host:/livepad.bin flag 1 data 41378
[  132.7095] open fd = -5
[  132.7099] open name host:/livedbg.cmd flag 1 data 41378
[  132.7110] open fd = -5
[  132.7279] open name host:/livepad.bin flag 1 data 41378
[  132.7293] open fd = -5
[  132.7455] open name host:/livepad.bin flag 1 data 41378
[  132.7469] open fd = -5
[  132.7654] open name host:/livepad.bin flag 1 data 41378
[  132.7666] open fd = -5
[  132.7833] open name host:/livepad.bin flag 1 data 41378
[  132.7846] open fd = -5
[  132.8012] open name host:/livepad.bin flag 1 data 41378
[  132.8024] open fd = -5
[  132.8030] open name host:/log.txt flag 302 data 41378
[  132.8046] open fd = 256
[  132.8242] open name host:/livepad.bin flag 1 data 41378
[  132.8258] open fd = -5
[  132.8261] open name host:/livedbg.cmd flag 1 data 41378
[  132.8271] open fd = -5
[  132.8441] open name host:/livepad.bin flag 1 data 41378
[  132.8453] open fd = -5
[  132.8478] open name host:/log.txt flag 302 data 41378
[  132.8495] open fd = 256
[  132.8672] open name host:/livepad.bin flag 1 data 41378
[  132.8686] open fd = -5
[  132.8859] open name host:/livepad.bin flag 1 data 41378
[  132.8872] open fd = -5
[  132.9053] open name host:/livepad.bin flag 1 data 41378
[  132.9068] open fd = -5
[  132.9237] open name host:/livepad.bin flag 1 data 41378
[  132.9250] open fd = -5
[  132.9420] open name host:/livepad.bin flag 1 data 41378
[  132.9433] open fd = -5
[  132.9436] open name host:/livedbg.cmd flag 1 data 41378
[  132.9446] open fd = -5
[  132.9646] open name host:/livepad.bin flag 1 data 41378
[  132.9658] open fd = -5
[  132.9822] open name host:/livepad.bin flag 1 data 41378
[  132.9834] open fd = -5
[  133.0002] open name host:/livepad.bin flag 1 data 41378
[  133.0014] open fd = -5
[  133.0175] open name host:/livepad.bin flag 1 data 41378
[  133.0189] open fd = -5
[  133.0373] open name host:/livepad.bin flag 1 data 41378
[  133.0388] open fd = -5
[  133.0546] open name host:/livepad.bin flag 1 data 41378
[  133.0560] open fd = -5
[  133.0564] open name host:/livedbg.cmd flag 1 data 41378
[  133.0575] open fd = -5
[  133.0740] open name host:/livepad.bin flag 1 data 41378
[  133.0752] open fd = -5
[  133.0927] open name host:/livepad.bin flag 1 data 41378
[  133.0938] open fd = -5
[  133.1099] open name host:/livepad.bin flag 1 data 41378
[  133.1112] open fd = -5
[  133.1273] open name host:/livepad.bin flag 1 data 41378
[  133.1287] open fd = -5
[  133.1441] open name host:/livepad.bin flag 1 data 41378
[  133.1453] open fd = -5
[  133.1622] open name host:/livepad.bin flag 1 data 41378
[  133.1634] open fd = -5
[  133.1636] open name host:/livedbg.cmd flag 1 data 41378
[  133.1648] open fd = -5
[  133.1808] open name host:/livepad.bin flag 1 data 41378
[  133.1821] open fd = -5
[  133.1993] open name host:/livepad.bin flag 1 data 41378
[  133.2006] open fd = -5
[  133.2167] open name host:/livepad.bin flag 1 data 41378
[  133.2179] open fd = -5
[  133.2355] open name host:/livepad.bin flag 1 data 41378
[  133.2368] open fd = -5
[  133.2546] open name host:/livepad.bin flag 1 data 41378
[  133.2558] open fd = -5
[  133.2723] open name host:/livepad.bin flag 1 data 41378
[  133.2737] open fd = -5
[  133.2742] open name host:/livedbg.cmd flag 1 data 41378
[  133.2753] open fd = -5
[  133.2757] open name host:/log.txt flag 302 data 41378
[  133.2772] open fd = 256
[  133.2956] open name host:/livepad.bin flag 1 data 41378
[  133.2969] open fd = -5
[  133.3134] open name host:/livepad.bin flag 1 data 41378
[  133.3145] open fd = -5
[  133.3306] open name host:/livepad.bin flag 1 data 41378
[  133.3320] open fd = -5
[  133.3493] open name host:/livepad.bin flag 1 data 41378
[  133.3517] open fd = -5
[  133.3702] open name host:/livepad.bin flag 1 data 41378
[  133.3716] open fd = -5
[  133.3903] open name host:/livepad.bin flag 1 data 41378
[  133.3919] open fd = -5
[  133.3922] open name host:/livedbg.cmd flag 1 data 41378
[  133.3937] open fd = -5
[  133.4117] open name host:/livepad.bin flag 1 data 41378
[  133.4131] open fd = -5
[  133.4337] open name host:/livepad.bin flag 1 data 41378
[  133.4349] open fd = -5
[  133.4561] open name host:/livepad.bin flag 1 data 41378
[  133.4576] open fd = -5
[  133.4758] open name host:/livepad.bin flag 1 data 41378
[  133.4771] open fd = -5
[  133.4951] open name host:/livepad.bin flag 1 data 41378
[  133.4964] open fd = -5
[  133.5139] open name host:/livepad.bin flag 1 data 41378
[  133.5153] open fd = -5
[  133.5155] open name host:/livedbg.cmd flag 1 data 41378
[  133.5166] open fd = -5
[  133.5329] open name host:/livepad.bin flag 1 data 41378
[  133.5342] open fd = -5
[  133.5511] open name host:/livepad.bin flag 1 data 41378
[  133.5524] open fd = -5
[  133.5703] open name host:/livepad.bin flag 1 data 41378
[  133.5715] open fd = -5
[  133.5894] open name host:/livepad.bin flag 1 data 41378
[  133.5907] open fd = -5
[  133.6069] open name host:/livepad.bin flag 1 data 41378
[  133.6087] open fd = -5
[  133.6266] open name host:/livepad.bin flag 1 data 41378
[  133.6280] open fd = -5
[  133.6284] open name host:/livedbg.cmd flag 1 data 41378
[  133.6294] open fd = -5
[  133.6449] open name host:/livepad.bin flag 1 data 41378
[  133.6462] open fd = -5
[  133.6622] open name host:/livepad.bin flag 1 data 41378
[  133.6635] open fd = -5
[  133.6812] open name host:/livepad.bin flag 1 data 41378
[  133.6824] open fd = -5
[  133.6985] open name host:/livepad.bin flag 1 data 41378
[  133.6999] open fd = -5
[  133.7166] open name host:/livepad.bin flag 1 data 41378
[  133.7179] open fd = -5
[  133.7348] open name host:/livepad.bin flag 1 data 41378
[  133.7359] open fd = -5
[  133.7362] open name host:/livedbg.cmd flag 1 data 41378
[  133.7373] open fd = -5
[  133.7538] open name host:/livepad.bin flag 1 data 41378
[  133.7551] open fd = -5
[  133.7561] open name host:/log.txt flag 302 data 41378
[  133.7579] open fd = 256
[  133.7769] open name host:/livepad.bin flag 1 data 41378
[  133.7783] open fd = -5
[  133.7965] open name host:/livepad.bin flag 1 data 41378
[  133.7980] open fd = -5
[  133.8011] open name host:/log.txt flag 302 data 41378
[  133.8028] open fd = 256
[  133.8189] open name host:/livepad.bin flag 1 data 41378
[  133.8202] open fd = -5
[  133.8383] open name host:/livepad.bin flag 1 data 41378
[  133.8399] open fd = -5
[  133.8573] open name host:/livepad.bin flag 1 data 41378
[  133.8584] open fd = -5
[  133.8587] open name host:/livedbg.cmd flag 1 data 41378
[  133.8597] open fd = -5
[  133.8776] open name host:/livepad.bin flag 1 data 41378
[  133.8790] open fd = -5
[  133.8968] open name host:/livepad.bin flag 1 data 41378
[  133.8982] open fd = -5
[  133.9150] FRAMEARENA frames=6480 peak=1045072 resets=7 fallbacks=0 maxFrameBytes=2731360 maxBorrowed=2028560 freeKiB=10908
[  133.9152] NATIVEVIF frames=6480 batches=6487
[  133.9153] ORDEREDFRAME frames=6480 splitFrames=5
[  133.9155] FRAMEPIPELINE starts=6480 dmaBusyStarts=48
[  133.9156] open name host:/livepad.bin flag 1 data 41378
[  133.9170] open fd = -5
[  133.9328] open name host:/livepad.bin flag 1 data 41378
[  133.9341] open fd = -5
[  133.9508] open name host:/livepad.bin flag 1 data 41378
[  133.9522] open fd = -5
[  133.9685] open name host:/livepad.bin flag 1 data 41378
[  133.9700] open fd = -5
[  133.9704] open name host:/livedbg.cmd flag 1 data 41378
[  133.9713] open fd = -5
[  133.9878] open name host:/livepad.bin flag 1 data 41378
[  133.9890] open fd = -5
[  134.0077] open name host:/livepad.bin flag 1 data 41378
[  134.0091] open fd = -5
[  134.0260] open name host:/livepad.bin flag 1 data 41378
[  134.0273] open fd = -5
[  134.0450] open name host:/livepad.bin flag 1 data 41378
[  134.0465] open fd = -5
[  134.0640] open name host:/livepad.bin flag 1 data 41378
[  134.0652] open fd = -5
[  134.0824] open name host:/livepad.bin flag 1 data 41378
[  134.0836] open fd = -5
[  134.0838] open name host:/livedbg.cmd flag 1 data 41378
[  134.0848] open fd = -5
[  134.1012] open name host:/livepad.bin flag 1 data 41378
[  134.1025] open fd = -5
[  134.1200] open name host:/livepad.bin flag 1 data 41378
[  134.1216] open fd = -5
[  134.1459] open name host:/livepad.bin flag 1 data 41378
[  134.1472] open fd = -5
[  134.1707] open name host:/livepad.bin flag 1 data 41378
[  134.1720] open fd = -5
[  134.1892] open name host:/livepad.bin flag 1 data 41378
[  134.1906] open fd = -5
[  134.2084] open name host:/livepad.bin flag 1 data 41378
[  134.2098] open fd = -5
[  134.2103] open name host:/livedbg.cmd flag 1 data 41378
[  134.2115] open fd = -5
[  134.2294] open name host:/livepad.bin flag 1 data 41378
[  134.2310] open fd = -5
[  134.2487] open name host:/livepad.bin flag 1 data 41378
[  134.2501] open fd = -5
[  134.2507] open name host:/log.txt flag 302 data 41378
[  134.2522] open fd = 256
[  134.2697] open name host:/livepad.bin flag 1 data 41378
[  134.2711] open fd = -5
[  134.2892] open name host:/livepad.bin flag 1 data 41378
[  134.2905] open fd = -5
[  134.3073] open name host:/livepad.bin flag 1 data 41378
[  134.3087] open fd = -5
[  134.3246] open name host:/livepad.bin flag 1 data 41378
[  134.3261] open fd = -5
[  134.3265] open name host:/livedbg.cmd flag 1 data 41378
[  134.3275] open fd = -5
[  134.3437] open name host:/livepad.bin flag 1 data 41378
[  134.3450] open fd = -5
[  134.3614] open name host:/livepad.bin flag 1 data 41378
[  134.3627] open fd = -5
[  134.3788] open name host:/livepad.bin flag 1 data 41378
[  134.3802] open fd = -5
[  134.3971] open name host:/livepad.bin flag 1 data 41378
[  134.3985] open fd = -5
[  134.4160] open name host:/livepad.bin flag 1 data 41378
[  134.4173] open fd = -5
[  134.4350] open name host:/livepad.bin flag 1 data 41378
[  134.4362] open fd = -5
[  134.4364] open name host:/livedbg.cmd flag 1 data 41378
[  134.4374] open fd = -5
[  134.4548] open name host:/livepad.bin flag 1 data 41378
[  134.4563] open fd = -5
[  134.4738] open name host:/livepad.bin flag 1 data 41378
[  134.4752] open fd = -5
[  134.4916] open name host:/livepad.bin flag 1 data 41378
[  134.4929] open fd = -5
[  134.5112] open name host:/livepad.bin flag 1 data 41378
[  134.5125] open fd = -5
[  134.5290] open name host:/livepad.bin flag 1 data 41378
[  134.5302] open fd = -5
[  134.5460] open name host:/livepad.bin flag 1 data 41378
[  134.5473] open fd = -5
[  134.5475] open name host:/livedbg.cmd flag 1 data 41378
[  134.5487] open fd = -5
[  134.5652] open name host:/livepad.bin flag 1 data 41378
[  134.5668] open fd = -5
[  134.5848] open name host:/livepad.bin flag 1 data 41378
[  134.5860] open fd = -5
[  134.6023] open name host:/livepad.bin flag 1 data 41378
[  134.6036] open fd = -5
[  134.6205] open name host:/livepad.bin flag 1 data 41378
[  134.6220] open fd = -5
[  134.6377] open name host:/livepad.bin flag 1 data 41378
[  134.6390] open fd = -5
[  134.6573] open name host:/livepad.bin flag 1 data 41378
[  134.6588] open fd = -5
[  134.6591] open name host:/livedbg.cmd flag 1 data 41378
[  134.6601] open fd = -5
[  134.6783] open name host:/livepad.bin flag 1 data 41378
[  134.6796] open fd = -5
[  134.6976] open name host:/livepad.bin flag 1 data 41378
[  134.6989] open fd = -5
[  134.7155] open name host:/livepad.bin flag 1 data 41378
[  134.7167] open fd = -5
[  134.7173] open name host:/log.txt flag 302 data 41378
[  134.7190] open fd = 256
[  134.7373] open name host:/livepad.bin flag 1 data 41378
[  134.7385] open fd = -5
[  134.7548] open name host:/livepad.bin flag 1 data 41378
[  134.7561] open fd = -5
[  134.7585] open name host:/log.txt flag 302 data 41378
[  134.7603] open fd = 256
[  134.7765] open name host:/livepad.bin flag 1 data 41378
[  134.7779] open fd = -5
[  134.7783] open name host:/livedbg.cmd flag 1 data 41378
[  134.7794] open fd = -5
[  134.7951] open name host:/livepad.bin flag 1 data 41378
[  134.7965] open fd = -5
[  134.8153] open name host:/livepad.bin flag 1 data 41378
[  134.8168] open fd = -5
[  134.8348] open name host:/livepad.bin flag 1 data 41378
[  134.8361] open fd = -5
[  134.8538] open name host:/livepad.bin flag 1 data 41378
[  134.8550] open fd = -5
[  134.8722] open name host:/livepad.bin flag 1 data 41378
[  134.8734] open fd = -5
[  134.8915] open name host:/livepad.bin flag 1 data 41378
[  134.8927] open fd = -5
[  134.8929] open name host:/livedbg.cmd flag 1 data 41378
[  134.8939] open fd = -5
[  134.9108] open name host:/livepad.bin flag 1 data 41378
[  134.9119] open fd = -5
[  134.9296] open name host:/livepad.bin flag 1 data 41378
[  134.9307] open fd = -5
[  134.9472] open name host:/livepad.bin flag 1 data 41378
[  134.9485] open fd = -5
[  134.9658] open name host:/livepad.bin flag 1 data 41378
[  134.9669] open fd = -5
[  134.9844] open name host:/livepad.bin flag 1 data 41378
[  134.9856] open fd = -5
[  135.0022] open name host:/livepad.bin flag 1 data 41378
[  135.0033] open fd = -5
[  135.0036] open name host:/livedbg.cmd flag 1 data 41378
[  135.0046] open fd = -5
[  135.0205] open name host:/livepad.bin flag 1 data 41378
[  135.0217] open fd = -5
[  135.0390] open name host:/livepad.bin flag 1 data 41378
[  135.0404] open fd = -5
[  135.0583] open name host:/livepad.bin flag 1 data 41378
[  135.0599] open fd = -5
[  135.0776] open name host:/livepad.bin flag 1 data 41378
[  135.0789] open fd = -5
[  135.0975] open name host:/livepad.bin flag 1 data 41378
[  135.0988] open fd = -5
[  135.1167] open name host:/livepad.bin flag 1 data 41378
[  135.1179] open fd = -5
[  135.1183] open name host:/livedbg.cmd flag 1 data 41378
[  135.1193] open fd = -5
[  135.1370] open name host:/livepad.bin flag 1 data 41378
[  135.1385] open fd = -5
[  135.1564] open name host:/livepad.bin flag 1 data 41378
[  135.1579] open fd = -5
[  135.1751] open name host:/livepad.bin flag 1 data 41378
[  135.1764] open fd = -5
[  135.1931] open name host:/livepad.bin flag 1 data 41378
[  135.1943] open fd = -5
[  135.1949] open name host:/log.txt flag 302 data 41378
[  135.1964] open fd = 256
[  135.2144] open name host:/livepad.bin flag 1 data 41378
[  135.2156] open fd = -5
[  135.2332] open name host:/livepad.bin flag 1 data 41378
[  135.2343] open fd = -5
[  135.2346] open name host:/livedbg.cmd flag 1 data 41378
[  135.2356] open fd = -5
[  135.2524] open name host:/livepad.bin flag 1 data 41378
[  135.2536] open fd = -5
[  135.2701] open name host:/livepad.bin flag 1 data 41378
[  135.2713] open fd = -5
[  135.2883] open name host:/livepad.bin flag 1 data 41378
[  135.2895] open fd = -5
[  135.3070] open name host:/livepad.bin flag 1 data 41378
[  135.3084] open fd = -5
[  135.3100] open name host:/log.txt flag 302 data 41378
[  135.3116] open fd = 256
[  135.3290] open name host:/livepad.bin flag 1 data 41378
[  135.3304] open fd = -5
[  135.3481] open name host:/livepad.bin flag 1 data 41378
[  135.3496] open fd = -5
[  135.3500] open name host:/livedbg.cmd flag 1 data 41378
[  135.3510] open fd = -5
[  135.3671] open name host:/livepad.bin flag 1 data 41378
[  135.3685] open fd = -5
[  135.3858] open name host:/livepad.bin flag 1 data 41378
[  135.3874] open fd = -5
[  135.4039] open name host:/livepad.bin flag 1 data 41378
[  135.4051] open fd = -5
[  135.4217] open name host:/livepad.bin flag 1 data 41378
[  135.4230] open fd = -5
[  135.4395] open name host:/livepad.bin flag 1 data 41378
[  135.4407] open fd = -5
[  135.4572] open name host:/livepad.bin flag 1 data 41378
[  135.4583] open fd = -5
[  135.4588] open name host:/livedbg.cmd flag 1 data 41378
[  135.4599] open fd = -5
[  135.4774] open name host:/livepad.bin flag 1 data 41378
[  135.4789] open fd = -5
[  135.4952] open name host:/livepad.bin flag 1 data 41378
[  135.4966] open fd = -5
[  135.5135] open name host:/livepad.bin flag 1 data 41378
[  135.5149] open fd = -5
[  135.5314] open name host:/livepad.bin flag 1 data 41378
[  135.5326] open fd = -5
[  135.5488] open name host:/livepad.bin flag 1 data 41378
[  135.5502] open fd = -5
[  135.5668] open name host:/livepad.bin flag 1 data 41378
[  135.5681] open fd = -5
[  135.5684] open name host:/livedbg.cmd flag 1 data 41378
[  135.5695] open fd = -5
[  135.5865] open name host:/livepad.bin flag 1 data 41378
[  135.5878] open fd = -5
[  135.6040] open name host:/livepad.bin flag 1 data 41378
[  135.6054] open fd = -5
[  135.6221] open name host:/livepad.bin flag 1 data 41378
[  135.6234] open fd = -5
[  135.6394] open name host:/livepad.bin flag 1 data 41378
[  135.6408] open fd = -5
[  135.6590] open name host:/livepad.bin flag 1 data 41378
[  135.6601] open fd = -5
[  135.6607] open name host:/log.txt flag 302 data 41378
[  135.6622] open fd = 256
[  135.6811] open name host:/livepad.bin flag 1 data 41378
[  135.6823] open fd = -5
[  135.6827] open name host:/livedbg.cmd flag 1 data 41378
[  135.6837] open fd = -5
[  135.7003] open name host:/livepad.bin flag 1 data 41378
[  135.7015] open fd = -5
[  135.7038] open name host:/log.txt flag 302 data 41378
[  135.7055] open fd = 256
[  135.7239] open name host:/livepad.bin flag 1 data 41378
[  135.7254] open fd = -5
[  135.7422] open name host:/livepad.bin flag 1 data 41378
[  135.7439] open fd = -5
[  135.7598] open name host:/livepad.bin flag 1 data 41378
[  135.7610] open fd = -5
[  135.7775] open name host:/livepad.bin flag 1 data 41378
[  135.7789] open fd = -5
[  135.7953] open name host:/livepad.bin flag 1 data 41378
[  135.7967] open fd = -5
[  135.7969] open name host:/livedbg.cmd flag 1 data 41378
[  135.7979] open fd = -5
[  135.8145] open name host:/livepad.bin flag 1 data 41378
[  135.8159] open fd = -5
[  135.8318] open name host:/livepad.bin flag 1 data 41378
[  135.8331] open fd = -5
[  135.8498] open name host:/livepad.bin flag 1 data 41378
[  135.8510] open fd = -5
[  135.8675] open name host:/livepad.bin flag 1 data 41378
[  135.8688] open fd = -5
[  135.8874] open name host:/livepad.bin flag 1 data 41378
[  135.8887] open fd = -5
[  135.9059] open name host:/livepad.bin flag 1 data 41378
[  135.9075] open fd = -5
[  135.9077] open name host:/livedbg.cmd flag 1 data 41378
[  135.9089] open fd = -5
[  135.9250] open name host:/livepad.bin flag 1 data 41378
[  135.9264] open fd = -5
[  135.9442] open name host:/livepad.bin flag 1 data 41378
[  135.9454] open fd = -5
[  135.9617] open name host:/livepad.bin flag 1 data 41378
[  135.9630] open fd = -5
[  135.9785] open name host:/livepad.bin flag 1 data 41378
[  135.9798] open fd = -5
[  135.9974] open name host:/livepad.bin flag 1 data 41378
[  135.9987] open fd = -5
[  136.0164] open name host:/livepad.bin flag 1 data 41378
[  136.0178] open fd = -5
[  136.0181] open name host:/livedbg.cmd flag 1 data 41378
[  136.0192] open fd = -5
[  136.0356] open name host:/livepad.bin flag 1 data 41378
[  136.0370] open fd = -5
[  136.0528] open name host:/livepad.bin flag 1 data 41378
[  136.0541] open fd = -5
[  136.0705] open name host:/livepad.bin flag 1 data 41378
[  136.0719] open fd = -5
[  136.0888] open name host:/livepad.bin flag 1 data 41378
[  136.0901] open fd = -5
[  136.1067] open name host:/livepad.bin flag 1 data 41378
[  136.1079] open fd = -5
[  136.1247] open name host:/livepad.bin flag 1 data 41378
[  136.1262] open fd = -5
[  136.1270] open name host:/livedbg.cmd flag 1 data 41378
[  136.1283] open fd = -5
[  136.1287] open name host:/log.txt flag 302 data 41378
[  136.1304] open fd = 256
[  136.1485] open name host:/livepad.bin flag 1 data 41378
[  136.1499] open fd = -5
[  136.1670] open name host:/livepad.bin flag 1 data 41378
[  136.1683] open fd = -5
[  136.1843] FRAMEARENA frames=6600 peak=1045072 resets=7 fallbacks=0 maxFrameBytes=2731360 maxBorrowed=2028560 freeKiB=10908
[  136.1846] NATIVEVIF frames=6600 batches=6607
[  136.1847] ORDEREDFRAME frames=6600 splitFrames=5
[  136.1849] FRAMEPIPELINE starts=6600 dmaBusyStarts=48
[  136.1851] open name host:/livepad.bin flag 1 data 41378
[  136.1865] open fd = -5
[  136.2036] open name host:/livepad.bin flag 1 data 41378
[  136.2051] open fd = -5
[  136.2224] open name host:/livepad.bin flag 1 data 41378
[  136.2237] open fd = -5
[  136.2395] open name host:/livepad.bin flag 1 data 41378
[  136.2408] open fd = -5
[  136.2411] open name host:/livedbg.cmd flag 1 data 41378
[  136.2420] open fd = -5
[  136.2589] open name host:/livepad.bin flag 1 data 41378
[  136.2601] open fd = -5
[  136.2760] open name host:/livepad.bin flag 1 data 41378
[  136.2773] open fd = -5
[  136.2941] open name host:/livepad.bin flag 1 data 41378
[  136.2954] open fd = -5
[  136.3118] open name host:/livepad.bin flag 1 data 41378
[  136.3130] open fd = -5
[  136.3289] open name host:/livepad.bin flag 1 data 41378
[  136.3303] open fd = -5
[  136.3478] open name host:/livepad.bin flag 1 data 41378
[  136.3489] open fd = -5
[  136.3493] open name host:/livedbg.cmd flag 1 data 41378
[  136.3504] open fd = -5
[  136.3660] open name host:/livepad.bin flag 1 data 41378
[  136.3671] open fd = -5
[  136.3838] open name host:/livepad.bin flag 1 data 41378
[  136.3851] open fd = -5
[  136.4025] open name host:/livepad.bin flag 1 data 41378
[  136.4038] open fd = -5
[  136.4201] open name host:/livepad.bin flag 1 data 41378
[  136.4213] open fd = -5
[  136.4377] open name host:/livepad.bin flag 1 data 41378
[  136.4390] open fd = -5
[  136.4550] open name host:/livepad.bin flag 1 data 41378
[  136.4564] open fd = -5
[  136.4566] open name host:/livedbg.cmd flag 1 data 41378
[  136.4576] open fd = -5
[  136.4746] open name host:/livepad.bin flag 1 data 41378
[  136.4760] open fd = -5
[  136.4924] open name host:/livepad.bin flag 1 data 41378
[  136.4937] open fd = -5
[  136.5103] open name host:/livepad.bin flag 1 data 41378
[  136.5116] open fd = -5
[  136.5277] open name host:/livepad.bin flag 1 data 41378
[  136.5289] open fd = -5
[  136.5472] open name host:/livepad.bin flag 1 data 41378
[  136.5485] open fd = -5
[  136.5663] open name host:/livepad.bin flag 1 data 41378
[  136.5674] open fd = -5
[  136.5677] open name host:/livedbg.cmd flag 1 data 41378
[  136.5689] open fd = -5
[  136.5867] open name host:/livepad.bin flag 1 data 41378
[  136.5880] open fd = -5
[  136.5885] open name host:/log.txt flag 302 data 41378
[  136.5903] open fd = 256
[  136.6089] open name host:/livepad.bin flag 1 data 41378
[  136.6104] open fd = -5
[  136.6276] open name host:/livepad.bin flag 1 data 41378
[  136.6288] open fd = -5
[  136.6310] open name host:/log.txt flag 302 data 41378
[  136.6326] open fd = 256
[  136.6487] open name host:/livepad.bin flag 1 data 41378
[  136.6503] open fd = -5
[  136.6661] open name host:/livepad.bin flag 1 data 41378
[  136.6672] open fd = -5
[  136.6835] open name host:/livepad.bin flag 1 data 41378
[  136.6847] open fd = -5
[  136.6850] open name host:/livedbg.cmd flag 1 data 41378
[  136.6859] open fd = -5
[  136.7015] open name host:/livepad.bin flag 1 data 41378
[  136.7026] open fd = -5
[  136.7189] open name host:/livepad.bin flag 1 data 41378
[  136.7203] open fd = -5
[  136.7377] open name host:/livepad.bin flag 1 data 41378
[  136.7387] open fd = -5
[  136.7565] open name host:/livepad.bin flag 1 data 41378
[  136.7578] open fd = -5
[  136.7741] open name host:/livepad.bin flag 1 data 41378
[  136.7756] open fd = -5
[  136.7915] open name host:/livepad.bin flag 1 data 41378
[  136.7927] open fd = -5
[  136.7930] open name host:/livedbg.cmd flag 1 data 41378
[  136.7940] open fd = -5
[  136.8104] open name host:/livepad.bin flag 1 data 41378
[  136.8116] open fd = -5
[  136.8282] open name host:/livepad.bin flag 1 data 41378
[  136.8293] open fd = -5
[  136.8461] open name host:/livepad.bin flag 1 data 41378
[  136.8474] open fd = -5
[  136.8640] open name host:/livepad.bin flag 1 data 41378
[  136.8653] open fd = -5
[  136.8817] open name host:/livepad.bin flag 1 data 41378
[  136.8831] open fd = -5
[  136.9001] open name host:/livepad.bin flag 1 data 41378
[  136.9012] open fd = -5
[  136.9016] open name host:/livedbg.cmd flag 1 data 41378
[  136.9027] open fd = -5
[  136.9185] open name host:/livepad.bin flag 1 data 41378
[  136.9198] open fd = -5
[  136.9358] open name host:/livepad.bin flag 1 data 41378
[  136.9371] open fd = -5
[  136.9537] open name host:/livepad.bin flag 1 data 41378
[  136.9551] open fd = -5
[  136.9715] open name host:/livepad.bin flag 1 data 41378
[  136.9727] open fd = -5
[  136.9901] open name host:/livepad.bin flag 1 data 41378
[  136.9914] open fd = -5
[  137.0080] open name host:/livepad.bin flag 1 data 41378
[  137.0094] open fd = -5
[  137.0097] open name host:/livedbg.cmd flag 1 data 41378
[  137.0106] open fd = -5
[  137.0264] open name host:/livepad.bin flag 1 data 41378
[  137.0276] open fd = -5
[  137.0443] open name host:/livepad.bin flag 1 data 41378
[  137.0457] open fd = -5
[  137.0462] open name host:/log.txt flag 302 data 41378
[  137.0480] open fd = 256
[  137.0661] open name host:/livepad.bin flag 1 data 41378
[  137.0672] open fd = -5
[  137.0841] open name host:/livepad.bin flag 1 data 41378
[  137.0853] open fd = -5
[  137.1017] open name host:/livepad.bin flag 1 data 41378
[  137.1028] open fd = -5
[  137.1191] open name host:/livepad.bin flag 1 data 41378
[  137.1205] open fd = -5
[  137.1208] open name host:/livedbg.cmd flag 1 data 41378
[  137.1221] open fd = -5
[  137.1387] open name host:/livepad.bin flag 1 data 41378
[  137.1400] open fd = -5
[  137.1571] open name host:/livepad.bin flag 1 data 41378
[  137.1585] open fd = -5
[  137.1751] open name host:/livepad.bin flag 1 data 41378
[  137.1765] open fd = -5
[  137.1932] open name host:/livepad.bin flag 1 data 41378
[  137.1945] open fd = -5
[  137.2106] open name host:/livepad.bin flag 1 data 41378
[  137.2118] open fd = -5
[  137.2273] open name host:/livepad.bin flag 1 data 41378
[  137.2286] open fd = -5
[  137.2289] open name host:/livedbg.cmd flag 1 data 41378
[  137.2299] open fd = -5
[  137.2463] open name host:/livepad.bin flag 1 data 41378
[  137.2477] open fd = -5
[  137.2650] open name host:/livepad.bin flag 1 data 41378
[  137.2663] open fd = -5
[  137.2828] open name host:/livepad.bin flag 1 data 41378
[  137.2842] open fd = -5
[  137.3013] open name host:/livepad.bin flag 1 data 41378
[  137.3026] open fd = -5
[  137.3186] open name host:/livepad.bin flag 1 data 41378
[  137.3202] open fd = -5
[  137.3362] open name host:/livepad.bin flag 1 data 41378
[  137.3376] open fd = -5
[  137.3379] open name host:/livedbg.cmd flag 1 data 41378
[  137.3389] open fd = -5
[  137.3550] open name host:/livepad.bin flag 1 data 41378
[  137.3566] open fd = -5
[  137.3730] open name host:/livepad.bin flag 1 data 41378
[  137.3743] open fd = -5
[  137.3922] open name host:/livepad.bin flag 1 data 41378
[  137.3938] open fd = -5
[  137.4099] open name host:/livepad.bin flag 1 data 41378
[  137.4111] open fd = -5
[  137.4280] open name host:/livepad.bin flag 1 data 41378
[  137.4293] open fd = -5
[  137.4464] open name host:/livepad.bin flag 1 data 41378
[  137.4478] open fd = -5
[  137.4481] open name host:/livedbg.cmd flag 1 data 41378
[  137.4490] open fd = -5
[  137.4646] open name host:/livepad.bin flag 1 data 41378
[  137.4657] open fd = -5
[  137.4827] open name host:/livepad.bin flag 1 data 41378
[  137.4840] open fd = -5
[  137.5000] open name host:/livepad.bin flag 1 data 41378
[  137.5012] open fd = -5
[  137.5018] open name host:/log.txt flag 302 data 41378
[  137.5033] open fd = 256
[  137.5211] open name host:/livepad.bin flag 1 data 41378
[  137.5226] open fd = -5
[  137.5385] open name host:/livepad.bin flag 1 data 41378
[  137.5398] open fd = -5
[  137.5422] open name host:/log.txt flag 302 data 41378
[  137.5437] open fd = 256
[  137.5591] open name host:/livepad.bin flag 1 data 41378
[  137.5607] open fd = -5
[  137.5611] open name host:/livedbg.cmd flag 1 data 41378
[  137.5623] open fd = -5
[  137.5779] open name host:/livepad.bin flag 1 data 41378
[  137.5791] open fd = -5
[  137.5965] open name host:/livepad.bin flag 1 data 41378
[  137.5979] open fd = -5
[  137.6139] open name host:/livepad.bin flag 1 data 41378
[  137.6151] open fd = -5
[  137.6313] open name host:/livepad.bin flag 1 data 41378
[  137.6326] open fd = -5
[  137.6487] open name host:/livepad.bin flag 1 data 41378
[  137.6499] open fd = -5
[  137.6666] open name host:/livepad.bin flag 1 data 41378
[  137.6677] open fd = -5
[  137.6680] open name host:/livedbg.cmd flag 1 data 41378
[  137.6690] open fd = -5
[  137.6869] open name host:/livepad.bin flag 1 data 41378
[  137.6883] open fd = -5
[  137.7045] open name host:/livepad.bin flag 1 data 41378
[  137.7058] open fd = -5
[  137.7217] open name host:/livepad.bin flag 1 data 41378
[  137.7229] open fd = -5
[  137.7384] open name host:/livepad.bin flag 1 data 41378
[  137.7395] open fd = -5
[  137.7551] open name host:/livepad.bin flag 1 data 41378
[  137.7565] open fd = -5
[  137.7734] open name host:/livepad.bin flag 1 data 41378
[  137.7746] open fd = -5
[  137.7749] open name host:/livedbg.cmd flag 1 data 41378
[  137.7758] open fd = -5
[  137.7912] open name host:/livepad.bin flag 1 data 41378
[  137.7924] open fd = -5
[  137.8097] open name host:/livepad.bin flag 1 data 41378
[  137.8112] open fd = -5
[  137.8284] open name host:/livepad.bin flag 1 data 41378
[  137.8295] open fd = -5
[  137.8468] open name host:/livepad.bin flag 1 data 41378
[  137.8482] open fd = -5
[  137.8642] open name host:/livepad.bin flag 1 data 41378
[  137.8652] open fd = -5
[  137.8815] open name host:/livepad.bin flag 1 data 41378
[  137.8829] open fd = -5
[  137.8831] open name host:/livedbg.cmd flag 1 data 41378
[  137.8841] open fd = -5
[  137.9004] open name host:/livepad.bin flag 1 data 41378
[  137.9019] open fd = -5
[  137.9184] open name host:/livepad.bin flag 1 data 41378
[  137.9199] open fd = -5
[  137.9358] open name host:/livepad.bin flag 1 data 41378
[  137.9372] open fd = -5
[  137.9529] open name host:/livepad.bin flag 1 data 41378
[  137.9542] open fd = -5
[  137.9548] open name host:/log.txt flag 302 data 41378
[  137.9563] open fd = 256
[  137.9753] open name host:/livepad.bin flag 1 data 41378
[  137.9771] open fd = -5
[  137.9944] open name host:/livepad.bin flag 1 data 41378
[  137.9956] open fd = -5
[  137.9959] open name host:/livedbg.cmd flag 1 data 41378
[  137.9968] open fd = -5
[  138.0140] open name host:/livepad.bin flag 1 data 41378
[  138.0154] open fd = -5
[  138.0323] open name host:/livepad.bin flag 1 data 41378
[  138.0340] open fd = -5
[  138.0556] open name host:/livepad.bin flag 1 data 41378
[  138.0571] open fd = -5
[  138.0756] open name host:/livepad.bin flag 1 data 41378
[  138.0771] open fd = -5
[  138.0785] open name host:/log.txt flag 302 data 41378
[  138.0805] open fd = 256
[  138.0990] open name host:/livepad.bin flag 1 data 41378
[  138.1004] open fd = -5
[  138.1176] open name host:/livepad.bin flag 1 data 41378
[  138.1191] open fd = -5
[  138.1194] open name host:/livedbg.cmd flag 1 data 41378
[  138.1205] open fd = -5
[  138.1359] open name host:/livepad.bin flag 1 data 41378
[  138.1373] open fd = -5
[  138.1547] open name host:/livepad.bin flag 1 data 41378
[  138.1560] open fd = -5
[  138.1724] open name host:/livepad.bin flag 1 data 41378
[  138.1738] open fd = -5
[  138.1917] open name host:/livepad.bin flag 1 data 41378
[  138.1930] open fd = -5
[  138.2099] open name host:/livepad.bin flag 1 data 41378
[  138.2113] open fd = -5
[  138.2302] open name host:/livepad.bin flag 1 data 41378
[  138.2317] open fd = -5
[  138.2322] open name host:/livedbg.cmd flag 1 data 41378
[  138.2332] open fd = -5
[  138.2502] open name host:/livepad.bin flag 1 data 41378
[  138.2516] open fd = -5
[  138.2699] open name host:/livepad.bin flag 1 data 41378
[  138.2712] open fd = -5
[  138.2891] open name host:/livepad.bin flag 1 data 41378
[  138.2908] open fd = -5
[  138.3075] open name host:/livepad.bin flag 1 data 41378
[  138.3089] open fd = -5
[  138.3267] open name host:/livepad.bin flag 1 data 41378
[  138.3283] open fd = -5
[  138.3443] open name host:/livepad.bin flag 1 data 41378
[  138.3457] open fd = -5
[  138.3461] open name host:/livedbg.cmd flag 1 data 41378
[  138.3472] open fd = -5
[  138.3640] open name host:/livepad.bin flag 1 data 41378
[  138.3653] open fd = -5
[  138.3824] open name host:/livepad.bin flag 1 data 41378
[  138.3837] open fd = -5
[  138.4006] FRAMEARENA frames=6720 peak=1045072 resets=7 fallbacks=0 maxFrameBytes=2731360 maxBorrowed=2028560 freeKiB=10908
[  138.4008] NATIVEVIF frames=6720 batches=6727
[  138.4010] ORDEREDFRAME frames=6720 splitFrames=5
[  138.4012] FRAMEPIPELINE starts=6720 dmaBusyStarts=48
[  138.4014] open name host:/livepad.bin flag 1 data 41378
[  138.4026] open fd = -5
[  138.4191] open name host:/livepad.bin flag 1 data 41378
[  138.4205] open fd = -5
[  138.4365] open name host:/livepad.bin flag 1 data 41378
[  138.4381] open fd = -5
[  138.4389] open name host:/log.txt flag 302 data 41378
[  138.4406] open fd = 256
[  138.4586] open name host:/livepad.bin flag 1 data 41378
[  138.4602] open fd = -5
[  138.4604] open name host:/livedbg.cmd flag 1 data 41378
[  138.4614] open fd = -5
[  138.4800] open name host:/livepad.bin flag 1 data 41378
[  138.4820] open fd = -5
[  138.4851] open name host:/log.txt flag 302 data 41378
[  138.4870] open fd = 256
[  138.5064] open name host:/livepad.bin flag 1 data 41378
[  138.5084] open fd = -5
[  138.5282] open name host:/livepad.bin flag 1 data 41378
[  138.5295] open fd = -5
[  138.5482] open name host:/livepad.bin flag 1 data 41378
[  138.5496] open fd = -5
[  138.5673] open name host:/livepad.bin flag 1 data 41378
[  138.5687] open fd = -5
[  138.5853] open name host:/livepad.bin flag 1 data 41378
[  138.5869] open fd = -5
[  138.5872] open name host:/livedbg.cmd flag 1 data 41378
[  138.5887] open fd = -5
[  138.6058] open name host:/livepad.bin flag 1 data 41378
[  138.6072] open fd = -5
[  138.6251] open name host:/livepad.bin flag 1 data 41378
[  138.6265] open fd = -5
[  138.6435] open name host:/livepad.bin flag 1 data 41378
[  138.6449] open fd = -5
[  138.6621] open name host:/livepad.bin flag 1 data 41378
[  138.6635] open fd = -5
[  138.6823] open name host:/livepad.bin flag 1 data 41378
[  138.6836] open fd = -5
[  138.7010] open name host:/livepad.bin flag 1 data 41378
[  138.7024] open fd = -5
[  138.7027] open name host:/livedbg.cmd flag 1 data 41378
[  138.7039] open fd = -5
[  138.7212] open name host:/livepad.bin flag 1 data 41378
[  138.7226] open fd = -5
[  138.7398] open name host:/livepad.bin flag 1 data 41378
[  138.7410] open fd = -5
[  138.7570] open name host:/livepad.bin flag 1 data 41378
[  138.7585] open fd = -5
[  138.7750] open name host:/livepad.bin flag 1 data 41378
[  138.7761] open fd = -5
[  138.7930] open name host:/livepad.bin flag 1 data 41378
[  138.7944] open fd = -5
[  138.8108] open name host:/livepad.bin flag 1 data 41378
[  138.8120] open fd = -5
[  138.8123] open name host:/livedbg.cmd flag 1 data 41378
[  138.8134] open fd = -5
[  138.8293] open name host:/livepad.bin flag 1 data 41378
[  138.8306] open fd = -5
[  138.8461] open name host:/livepad.bin flag 1 data 41378
[  138.8473] open fd = -5
[  138.8639] open name host:/livepad.bin flag 1 data 41378
[  138.8652] open fd = -5
[  138.8824] open name host:/livepad.bin flag 1 data 41378
[  138.8840] open fd = -5
[  138.9015] open name host:/livepad.bin flag 1 data 41378
[  138.9029] open fd = -5
[  138.9199] open name host:/livepad.bin flag 1 data 41378
[  138.9213] open fd = -5
[  138.9216] open name host:/livedbg.cmd flag 1 data 41378
[  138.9226] open fd = -5
[  138.9233] open name host:/log.txt flag 302 data 41378
[  138.9250] open fd = 256
[  138.9450] open name host:/livepad.bin flag 1 data 41378
[  138.9463] open fd = -5
[  138.9644] open name host:/livepad.bin flag 1 data 41378
[  138.9656] open fd = -5
[  138.9840] open name host:/livepad.bin flag 1 data 41378
[  138.9852] open fd = -5
[  139.0028] open name host:/livepad.bin flag 1 data 41378
[  139.0042] open fd = -5
[  139.0214] open name host:/livepad.bin flag 1 data 41378
[  139.0227] open fd = -5
[  139.0392] open name host:/livepad.bin flag 1 data 41378
[  139.0405] open fd = -5
[  139.0408] open name host:/livedbg.cmd flag 1 data 41378
[  139.0418] open fd = -5
[  139.0590] open name host:/livepad.bin flag 1 data 41378
[  139.0603] open fd = -5
[  139.0770] open name host:/livepad.bin flag 1 data 41378
[  139.0787] open fd = -5
[  139.0947] open name host:/livepad.bin flag 1 data 41378
[  139.0961] open fd = -5
[  139.1136] open name host:/livepad.bin flag 1 data 41378
[  139.1150] open fd = -5
[  139.1320] open name host:/livepad.bin flag 1 data 41378
[  139.1333] open fd = -5
[  139.1504] open name host:/livepad.bin flag 1 data 41378
[  139.1517] open fd = -5
[  139.1521] open name host:/livedbg.cmd flag 1 data 41378
[  139.1530] open fd = -5
[  139.1725] open name host:/livepad.bin flag 1 data 41378
[  139.1739] open fd = -5
[  139.1937] open name host:/livepad.bin flag 1 data 41378
[  139.1951] open fd = -5
[  139.2147] open name host:/livepad.bin flag 1 data 41378
[  139.2160] open fd = -5
[  139.2331] open name host:/livepad.bin flag 1 data 41378
[  139.2344] open fd = -5
[  139.2512] open name host:/livepad.bin flag 1 data 41378
[  139.2525] open fd = -5
[  139.2696] open name host:/livepad.bin flag 1 data 41378
[  139.2709] open fd = -5
[  139.2711] open name host:/livedbg.cmd flag 1 data 41378
[  139.2722] open fd = -5
[  139.2885] open name host:/livepad.bin flag 1 data 41378
[  139.2903] open fd = -5
[  139.3076] open name host:/livepad.bin flag 1 data 41378
[  139.3091] open fd = -5
[  139.3263] open name host:/livepad.bin flag 1 data 41378
[  139.3278] open fd = -5
[  139.3451] open name host:/livepad.bin flag 1 data 41378
[  139.3465] open fd = -5
[  139.3636] open name host:/livepad.bin flag 1 data 41378
[  139.3649] open fd = -5
[  139.3825] open name host:/livepad.bin flag 1 data 41378
[  139.3839] open fd = -5
[  139.3841] open name host:/livedbg.cmd flag 1 data 41378
[  139.3852] open fd = -5
[  139.4019] open name host:/livepad.bin flag 1 data 41378
[  139.4032] open fd = -5
[  139.4039] open name host:/log.txt flag 302 data 41378
[  139.4054] open fd = 256
[  139.4258] open name host:/livepad.bin flag 1 data 41378
[  139.4274] open fd = -5
[  139.4454] open name host:/livepad.bin flag 1 data 41378
[  139.4468] open fd = -5
[  139.4495] open name host:/log.txt flag 302 data 41378
[  139.4514] open fd = 256
[  139.4680] open name host:/livepad.bin flag 1 data 41378
[  139.4696] open fd = -5
[  139.4866] open name host:/livepad.bin flag 1 data 41378
[  139.4880] open fd = -5
[  139.5040] open name host:/livepad.bin flag 1 data 41378
[  139.5053] open fd = -5
[  139.5056] open name host:/livedbg.cmd flag 1 data 41378
[  139.5068] open fd = -5
[  139.5231] open name host:/livepad.bin flag 1 data 41378
[  139.5244] open fd = -5
[  139.5410] open name host:/livepad.bin flag 1 data 41378
[  139.5424] open fd = -5
[  139.5591] open name host:/livepad.bin flag 1 data 41378
[  139.5604] open fd = -5
[  139.5777] open name host:/livepad.bin flag 1 data 41378
[  139.5791] open fd = -5
[  139.5977] open name host:/livepad.bin flag 1 data 41378
[  139.5989] open fd = -5
[  139.6153] open name host:/livepad.bin flag 1 data 41378
[  139.6166] open fd = -5
[  139.6169] open name host:/livedbg.cmd flag 1 data 41378
[  139.6180] open fd = -5
[  139.6338] open name host:/livepad.bin flag 1 data 41378
[  139.6350] open fd = -5
[  139.6515] open name host:/livepad.bin flag 1 data 41378
[  139.6528] open fd = -5
[  139.6691] open name host:/livepad.bin flag 1 data 41378
[  139.6703] open fd = -5
[  139.6865] open name host:/livepad.bin flag 1 data 41378
[  139.6881] open fd = -5
[  139.7052] open name host:/livepad.bin flag 1 data 41378
[  139.7066] open fd = -5
[  139.7243] open name host:/livepad.bin flag 1 data 41378
[  139.7256] open fd = -5
[  139.7259] open name host:/livedbg.cmd flag 1 data 41378
[  139.7270] open fd = -5
[  139.7431] open name host:/livepad.bin flag 1 data 41378
[  139.7446] open fd = -5
[  139.7631] open name host:/livepad.bin flag 1 data 41378
[  139.7644] open fd = -5
[  139.7827] open name host:/livepad.bin flag 1 data 41378
[  139.7841] open fd = -5
[  139.8009] open name host:/livepad.bin flag 1 data 41378
[  139.8023] open fd = -5
[  139.8209] open name host:/livepad.bin flag 1 data 41378
[  139.8223] open fd = -5
[  139.8389] open name host:/livepad.bin flag 1 data 41378
[  139.8402] open fd = -5
[  139.8407] open name host:/livedbg.cmd flag 1 data 41378
[  139.8418] open fd = -5
[  139.8600] open name host:/livepad.bin flag 1 data 41378
[  139.8612] open fd = -5
[  139.8776] open name host:/livepad.bin flag 1 data 41378
[  139.8791] open fd = -5
[  139.8797] open name host:/log.txt flag 302 data 41378
[  139.8816] open fd = 256
[  139.9002] open name host:/livepad.bin flag 1 data 41378
[  139.9015] open fd = -5
[  139.9178] open name host:/livepad.bin flag 1 data 41378
[  139.9191] open fd = -5
[  139.9356] open name host:/livepad.bin flag 1 data 41378
[  139.9370] open fd = -5
[  139.9534] open name host:/livepad.bin flag 1 data 41378
[  139.9547] open fd = -5
[  139.9550] open name host:/livedbg.cmd flag 1 data 41378
[  139.9560] open fd = -5
[  139.9717] open name host:/livepad.bin flag 1 data 41378
[  139.9729] open fd = -5
[  139.9906] open name host:/livepad.bin flag 1 data 41378
[  139.9919] open fd = -5
[  140.0083] open name host:/livepad.bin flag 1 data 41378
[  140.0098] open fd = -5
[  140.0256] open name host:/livepad.bin flag 1 data 41378
[  140.0269] open fd = -5
[  140.0437] open name host:/livepad.bin flag 1 data 41378
[  140.0450] open fd = -5
[  140.0607] open name host:/livepad.bin flag 1 data 41378
[  140.0621] open fd = -5
[  140.0625] open name host:/livedbg.cmd flag 1 data 41378
[  140.0635] open fd = -5
[  140.0800] open name host:/livepad.bin flag 1 data 41378
[  140.0813] open fd = -5
[  140.0975] open name host:/livepad.bin flag 1 data 41378
[  140.0988] open fd = -5
[  140.1151] open name host:/livepad.bin flag 1 data 41378
[  140.1167] open fd = -5
[  140.1347] open name host:/livepad.bin flag 1 data 41378
[  140.1360] open fd = -5
[  140.1551] open name host:/livepad.bin flag 1 data 41378
[  140.1569] open fd = -5
[  140.1745] open name host:/livepad.bin flag 1 data 41378
[  140.1759] open fd = -5
[  140.1762] open name host:/livedbg.cmd flag 1 data 41378
[  140.1773] open fd = -5
[  140.1938] open name host:/livepad.bin flag 1 data 41378
[  140.1951] open fd = -5
[  140.2131] open name host:/livepad.bin flag 1 data 41378
[  140.2147] open fd = -5
[  140.2324] open name host:/livepad.bin flag 1 data 41378
[  140.2336] open fd = -5
[  140.2500] open name host:/livepad.bin flag 1 data 41378
[  140.2513] open fd = -5
[  140.2679] open name host:/livepad.bin flag 1 data 41378
[  140.2691] open fd = -5
[  140.2859] open name host:/livepad.bin flag 1 data 41378
[  140.2874] open fd = -5
[  140.2878] open name host:/livedbg.cmd flag 1 data 41378
[  140.2888] open fd = -5
[  140.3060] open name host:/livepad.bin flag 1 data 41378
[  140.3074] open fd = -5
[  140.3241] open name host:/livepad.bin flag 1 data 41378
[  140.3253] open fd = -5
[  140.3432] open name host:/livepad.bin flag 1 data 41378
[  140.3445] open fd = -5
[  140.3451] open name host:/log.txt flag 302 data 41378
[  140.3467] open fd = 256
[  140.3652] open name host:/livepad.bin flag 1 data 41378
[  140.3667] open fd = -5
[  140.3843] open name host:/livepad.bin flag 1 data 41378
[  140.3857] open fd = -5
[  140.3880] open name host:/log.txt flag 302 data 41378
[  140.3902] open fd = 256
[  140.4079] open name host:/livepad.bin flag 1 data 41378
[  140.4092] open fd = -5
[  140.4095] open name host:/livedbg.cmd flag 1 data 41378
[  140.4105] open fd = -5
[  140.4262] open name host:/livepad.bin flag 1 data 41378
[  140.4274] open fd = -5
[  140.4437] open name host:/livepad.bin flag 1 data 41378
[  140.4449] open fd = -5
[  140.4612] open name host:/livepad.bin flag 1 data 41378
[  140.4624] open fd = -5
[  140.4798] open name host:/livepad.bin flag 1 data 41378
[  140.4812] open fd = -5
[  140.4983] open name host:/livepad.bin flag 1 data 41378
[  140.4996] open fd = -5
[  140.5164] open name host:/livepad.bin flag 1 data 41378
[  140.5178] open fd = -5
[  140.5181] open name host:/livedbg.cmd flag 1 data 41378
[  140.5192] open fd = -5
[  140.5344] open name host:/livepad.bin flag 1 data 41378
[  140.5357] open fd = -5
[  140.5537] open name host:/livepad.bin flag 1 data 41378
[  140.5551] open fd = -5
[  140.5710] open name host:/livepad.bin flag 1 data 41378
[  140.5722] open fd = -5
[  140.5884] open name host:/livepad.bin flag 1 data 41378
[  140.5898] open fd = -5
[  140.6069] open name host:/livepad.bin flag 1 data 41378
[  140.6082] open fd = -5
[  140.6241] open name host:/livepad.bin flag 1 data 41378
[  140.6253] open fd = -5
[  140.6258] open name host:/livedbg.cmd flag 1 data 41378
[  140.6268] open fd = -5
[  140.6447] open name host:/livepad.bin flag 1 data 41378
[  140.6459] open fd = -5
[  140.6625] open name host:/livepad.bin flag 1 data 41378
[  140.6638] open fd = -5
[  140.6810] FRAMEARENA frames=6840 peak=1045072 resets=7 fallbacks=0 maxFrameBytes=2731360 maxBorrowed=2028560 freeKiB=10908
[  140.6813] NATIVEVIF frames=6840 batches=6847
[  140.6814] ORDEREDFRAME frames=6840 splitFrames=5
[  140.6816] FRAMEPIPELINE starts=6840 dmaBusyStarts=48
[  140.6817] open name host:/livepad.bin flag 1 data 41378
[  140.6830] open fd = -5
[  140.7012] open name host:/livepad.bin flag 1 data 41378
[  140.7025] open fd = -5
[  140.7190] open name host:/livepad.bin flag 1 data 41378
[  140.7204] open fd = -5
[  140.7376] open name host:/livepad.bin flag 1 data 41378
[  140.7388] open fd = -5
[  140.7392] open name host:/livedbg.cmd flag 1 data 41378
[  140.7402] open fd = -5
[  140.7565] open name host:/livepad.bin flag 1 data 41378
[  140.7577] open fd = -5
[  140.7755] open name host:/livepad.bin flag 1 data 41378
[  140.7768] open fd = -5
[  140.7935] open name host:/livepad.bin flag 1 data 41378
[  140.7947] open fd = -5
[  140.8136] open name host:/livepad.bin flag 1 data 41378
[  140.8149] open fd = -5
[  140.8154] open name host:/log.txt flag 302 data 41378
[  140.8171] open fd = 256
[  140.8354] open name host:/livepad.bin flag 1 data 41378
[  140.8370] open fd = -5
[  140.8538] open name host:/livepad.bin flag 1 data 41378
[  140.8550] open fd = -5
[  140.8553] open name host:/livedbg.cmd flag 1 data 41378
[  140.8564] open fd = -5
[  140.8729] open name host:/livepad.bin flag 1 data 41378
[  140.8743] open fd = -5
[  140.8912] open name host:/livepad.bin flag 1 data 41378
[  140.8926] open fd = -5
[  140.9116] open name host:/livepad.bin flag 1 data 41378
[  140.9129] open fd = -5
[  140.9292] open name host:/livepad.bin flag 1 data 41378
[  140.9305] open fd = -5
[  140.9319] open name host:/log.txt flag 302 data 41378
[  140.9337] open fd = 256
[  140.9506] open name host:/livepad.bin flag 1 data 41378
[  140.9520] open fd = -5
[  140.9679] open name host:/livepad.bin flag 1 data 41378
[  140.9693] open fd = -5
[  140.9696] open name host:/livedbg.cmd flag 1 data 41378
[  140.9707] open fd = -5
[  140.9869] open name host:/livepad.bin flag 1 data 41378
[  140.9884] open fd = -5
[  141.0054] open name host:/livepad.bin flag 1 data 41378
[  141.0068] open fd = -5
[  141.0236] open name host:/livepad.bin flag 1 data 41378
[  141.0250] open fd = -5
[  141.0410] open name host:/livepad.bin flag 1 data 41378
[  141.0422] open fd = -5
[  141.0582] open name host:/livepad.bin flag 1 data 41378
[  141.0595] open fd = -5
[  141.0762] open name host:/livepad.bin flag 1 data 41378
[  141.0776] open fd = -5
[  141.0779] open name host:/livedbg.cmd flag 1 data 41378
[  141.0793] open fd = -5
[  141.0950] open name host:/livepad.bin flag 1 data 41378
[  141.0963] open fd = -5
[  141.1128] open name host:/livepad.bin flag 1 data 41378
[  141.1141] open fd = -5
[  141.1313] open name host:/livepad.bin flag 1 data 41378
[  141.1326] open fd = -5
[  141.1507] open name host:/livepad.bin flag 1 data 41378
[  141.1520] open fd = -5
[  141.1697] open name host:/livepad.bin flag 1 data 41378
[  141.1710] open fd = -5
[  141.1876] open name host:/livepad.bin flag 1 data 41378
[  141.1890] open fd = -5
[  141.1895] open name host:/livedbg.cmd flag 1 data 41378
[  141.1909] open fd = -5
[  141.2083] open name host:/livepad.bin flag 1 data 41378
[  141.2096] open fd = -5
[  141.2268] open name host:/livepad.bin flag 1 data 41378
[  141.2280] open fd = -5
[  141.2467] open name host:/livepad.bin flag 1 data 41378
[  141.2484] open fd = -5
[  141.2645] open name host:/livepad.bin flag 1 data 41378
[  141.2658] open fd = -5
[  141.2830] open name host:/livepad.bin flag 1 data 41378
[  141.2843] open fd = -5
[  141.2847] open name host:/log.txt flag 302 data 41378
[  141.2866] open fd = 256
[  141.3047] open name host:/livepad.bin flag 1 data 41378
[  141.3060] open fd = -5
[  141.3064] open name host:/livedbg.cmd flag 1 data 41378
[  141.3073] open fd = -5
[  141.3238] open name host:/livepad.bin flag 1 data 41378
[  141.3253] open fd = -5
[  141.3277] open name host:/log.txt flag 302 data 41378
[  141.3294] open fd = 256
[  141.3445] open name host:/livepad.bin flag 1 data 41378
[  141.3459] open fd = -5
[  141.3620] open name host:/livepad.bin flag 1 data 41378
[  141.3633] open fd = -5
[  141.3792] open name host:/livepad.bin flag 1 data 41378
[  141.3807] open fd = -5
[  141.3969] open name host:/livepad.bin flag 1 data 41378
[  141.3982] open fd = -5
[  141.4148] open name host:/livepad.bin flag 1 data 41378
[  141.4164] open fd = -5
[  141.4167] open name host:/livedbg.cmd flag 1 data 41378
[  141.4182] open fd = -5
[  141.4348] open name host:/livepad.bin flag 1 data 41378
[  141.4361] open fd = -5
[  141.4527] open name host:/livepad.bin flag 1 data 41378
[  141.4540] open fd = -5
[  141.4708] open name host:/livepad.bin flag 1 data 41378
[  141.4721] open fd = -5
[  141.4890] open name host:/livepad.bin flag 1 data 41378
[  141.4904] open fd = -5
[  141.5073] open name host:/livepad.bin flag 1 data 41378
[  141.5088] open fd = -5
[  141.5253] open name host:/livepad.bin flag 1 data 41378
[  141.5266] open fd = -5
[  141.5270] open name host:/livedbg.cmd flag 1 data 41378
[  141.5280] open fd = -5
[  141.5444] open name host:/livepad.bin flag 1 data 41378
[  141.5457] open fd = -5
[  141.5624] open name host:/livepad.bin flag 1 data 41378
[  141.5637] open fd = -5
[  141.5803] open name host:/livepad.bin flag 1 data 41378
[  141.5818] open fd = -5
[  141.5977] open name host:/livepad.bin flag 1 data 41378
[  141.5990] open fd = -5
[  141.6157] open name host:/livepad.bin flag 1 data 41378
[  141.6177] open fd = -5
[  141.6337] open name host:/livepad.bin flag 1 data 41378
[  141.6350] open fd = -5
[  141.6353] open name host:/livedbg.cmd flag 1 data 41378
[  141.6363] open fd = -5
[  141.6527] open name host:/livepad.bin flag 1 data 41378
[  141.6540] open fd = -5
[  141.6704] open name host:/livepad.bin flag 1 data 41378
[  141.6716] open fd = -5
[  141.6888] open name host:/livepad.bin flag 1 data 41378
[  141.6902] open fd = -5
[  141.7073] open name host:/livepad.bin flag 1 data 41378
[  141.7087] open fd = -5
[  141.7251] open name host:/livepad.bin flag 1 data 41378
[  141.7263] open fd = -5
[  141.7431] open name host:/livepad.bin flag 1 data 41378
[  141.7445] open fd = -5
[  141.7448] open name host:/livedbg.cmd flag 1 data 41378
[  141.7457] open fd = -5
[  141.7460] open name host:/log.txt flag 302 data 41378
[  141.7475] open fd = 256
[  141.7663] open name host:/livepad.bin flag 1 data 41378
[  141.7677] open fd = -5
[  141.7843] open name host:/livepad.bin flag 1 data 41378
[  141.7857] open fd = -5
[  141.8023] open name host:/livepad.bin flag 1 data 41378
[  141.8036] open fd = -5
[  141.8205] open name host:/livepad.bin flag 1 data 41378
[  141.8216] open fd = -5
[  141.8384] open name host:/livepad.bin flag 1 data 41378
[  141.8398] open fd = -5
[  141.8580] open name host:/livepad.bin flag 1 data 41378
[  141.8595] open fd = -5
[  141.8599] open name host:/livedbg.cmd flag 1 data 41378
[  141.8611] open fd = -5
[  141.8783] open name host:/livepad.bin flag 1 data 41378
[  141.8799] open fd = -5
[  141.8971] open name host:/livepad.bin flag 1 data 41378
[  141.8985] open fd = -5
[  141.9166] open name host:/livepad.bin flag 1 data 41378
[  141.9179] open fd = -5
[  141.9366] open name host:/livepad.bin flag 1 data 41378
[  141.9380] open fd = -5
[  141.9551] open name host:/livepad.bin flag 1 data 41378
[  141.9565] open fd = -5
[  141.9736] open name host:/livepad.bin flag 1 data 41378
[  141.9749] open fd = -5
[  141.9753] open name host:/livedbg.cmd flag 1 data 41378
[  141.9763] open fd = -5
[  141.9925] open name host:/livepad.bin flag 1 data 41378
[  141.9938] open fd = -5
[  142.0123] open name host:/livepad.bin flag 1 data 41378
[  142.0135] open fd = -5
[  142.0300] open name host:/livepad.bin flag 1 data 41378
[  142.0315] open fd = -5
[  142.0484] open name host:/livepad.bin flag 1 data 41378
[  142.0497] open fd = -5
[  142.0656] open name host:/livepad.bin flag 1 data 41378
[  142.0670] open fd = -5
[  142.0833] open name host:/livepad.bin flag 1 data 41378
[  142.0845] open fd = -5
[  142.0848] open name host:/livedbg.cmd flag 1 data 41378
[  142.0858] open fd = -5
[  142.1024] open name host:/livepad.bin flag 1 data 41378
[  142.1037] open fd = -5
[  142.1200] open name host:/livepad.bin flag 1 data 41378
[  142.1214] open fd = -5
[  142.1442] open name host:/livepad.bin flag 1 data 41378
[  142.1456] open fd = -5
[  142.1633] open name host:/livepad.bin flag 1 data 41378
[  142.1647] open fd = -5
[  142.1828] open name host:/livepad.bin flag 1 data 41378
[  142.1841] open fd = -5
[  142.2009] open name host:/livepad.bin flag 1 data 41378
[  142.2026] open fd = -5
[  142.2029] open name host:/livedbg.cmd flag 1 data 41378
[  142.2040] open fd = -5
[  142.2201] open name host:/livepad.bin flag 1 data 41378
[  142.2214] open fd = -5
[  142.2221] open name host:/log.txt flag 302 data 41378
[  142.2238] open fd = 256
[  142.2441] open name host:/livepad.bin flag 1 data 41378
[  142.2455] open fd = -5
[  142.2618] open name host:/livepad.bin flag 1 data 41378
[  142.2632] open fd = -5
[  142.2656] open name host:/log.txt flag 302 data 41378
[  142.2672] open fd = 256
[  142.2845] open name host:/livepad.bin flag 1 data 41378
[  142.2858] open fd = -5
[  142.3025] open name host:/livepad.bin flag 1 data 41378
[  142.3037] open fd = -5
[  142.3198] open name host:/livepad.bin flag 1 data 41378
[  142.3210] open fd = -5
[  142.3212] open name host:/livedbg.cmd flag 1 data 41378
[  142.3222] open fd = -5
[  142.3385] open name host:/livepad.bin flag 1 data 41378
[  142.3399] open fd = -5
[  142.3564] open name host:/livepad.bin flag 1 data 41378
[  142.3578] open fd = -5
[  142.3736] open name host:/livepad.bin flag 1 data 41378
[  142.3751] open fd = -5
[  142.3920] open name host:/livepad.bin flag 1 data 41378
[  142.3934] open fd = -5
[  142.4107] open name host:/livepad.bin flag 1 data 41378
[  142.4122] open fd = -5
[  142.4286] open name host:/livepad.bin flag 1 data 41378
[  142.4298] open fd = -5
[  142.4301] open name host:/livedbg.cmd flag 1 data 41378
[  142.4315] open fd = -5
[  142.4483] open name host:/livepad.bin flag 1 data 41378
[  142.4496] open fd = -5
[  142.4676] open name host:/livepad.bin flag 1 data 41378
[  142.4687] open fd = -5
[  142.4864] open name host:/livepad.bin flag 1 data 41378
[  142.4877] open fd = -5
[  142.5046] open name host:/livepad.bin flag 1 data 41378
[  142.5059] open fd = -5
[  142.5228] open name host:/livepad.bin flag 1 data 41378
[  142.5242] open fd = -5
[  142.5424] open name host:/livepad.bin flag 1 data 41378
[  142.5437] open fd = -5
[  142.5441] open name host:/livedbg.cmd flag 1 data 41378
[  142.5451] open fd = -5
[  142.5618] open name host:/livepad.bin flag 1 data 41378
[  142.5630] open fd = -5
[  142.5794] open name host:/livepad.bin flag 1 data 41378
[  142.5806] open fd = -5
[  142.5975] open name host:/livepad.bin flag 1 data 41378
[  142.5988] open fd = -5
[  142.6167] open name host:/livepad.bin flag 1 data 41378
[  142.6180] open fd = -5
[  142.6346] open name host:/livepad.bin flag 1 data 41378
[  142.6357] open fd = -5
[  142.6525] open name host:/livepad.bin flag 1 data 41378
[  142.6538] open fd = -5
[  142.6542] open name host:/livedbg.cmd flag 1 data 41378
[  142.6551] open fd = -5
[  142.6710] open name host:/livepad.bin flag 1 data 41378
[  142.6724] open fd = -5
[  142.6899] open name host:/livepad.bin flag 1 data 41378
[  142.6913] open fd = -5
[  142.6919] open name host:/log.txt flag 302 data 41378
[  142.6935] open fd = 256
[  142.7130] open name host:/livepad.bin flag 1 data 41378
[  142.7144] open fd = -5
[  142.7320] open name host:/livepad.bin flag 1 data 41378
[  142.7332] open fd = -5
[  142.7499] open name host:/livepad.bin flag 1 data 41378
[  142.7511] open fd = -5
[  142.7677] open name host:/livepad.bin flag 1 data 41378
[  142.7688] open fd = -5
[  142.7693] open name host:/livedbg.cmd flag 1 data 41378
[  142.7704] open fd = -5
[  142.7869] open name host:/livepad.bin flag 1 data 41378
[  142.7881] open fd = -5
[  142.8057] open name host:/livepad.bin flag 1 data 41378
[  142.8072] open fd = -5
[  142.8243] open name host:/livepad.bin flag 1 data 41378
[  142.8256] open fd = -5
[  142.8424] open name host:/livepad.bin flag 1 data 41378
[  142.8437] open fd = -5
[  142.8597] open name host:/livepad.bin flag 1 data 41378
[  142.8614] open fd = -5
[  142.8777] open name host:/livepad.bin flag 1 data 41378
[  142.8791] open fd = -5
[  142.8795] open name host:/livedbg.cmd flag 1 data 41378
[  142.8805] open fd = -5
[  142.8973] open name host:/livepad.bin flag 1 data 41378
[  142.8987] open fd = -5
[  142.9166] open name host:/livepad.bin flag 1 data 41378
[  142.9180] open fd = -5
[  142.9347] FRAMEARENA frames=6960 peak=1045072 resets=7 fallbacks=0 maxFrameBytes=2731360 maxBorrowed=2028560 freeKiB=10908
[  142.9349] NATIVEVIF frames=6960 batches=6967
[  142.9352] ORDEREDFRAME frames=6960 splitFrames=5
[  142.9352] FRAMEPIPELINE starts=6960 dmaBusyStarts=48
[  142.9353] open name host:/livepad.bin flag 1 data 41378
[  142.9367] open fd = -5
[  142.9531] open name host:/livepad.bin flag 1 data 41378
[  142.9545] open fd = -5
[  142.9723] open name host:/livepad.bin flag 1 data 41378
[  142.9737] open fd = -5
[  142.9910] open name host:/livepad.bin flag 1 data 41378
[  142.9923] open fd = -5
[  142.9926] open name host:/livedbg.cmd flag 1 data 41378
[  142.9935] open fd = -5
[  143.0090] open name host:/livepad.bin flag 1 data 41378
[  143.0102] open fd = -5
[  143.0267] open name host:/livepad.bin flag 1 data 41378
[  143.0282] open fd = -5
[  143.0448] open name host:/livepad.bin flag 1 data 41378
[  143.0460] open fd = -5
[  143.0621] open name host:/livepad.bin flag 1 data 41378
[  143.0633] open fd = -5
[  143.0795] open name host:/livepad.bin flag 1 data 41378
[  143.0808] open fd = -5
[  143.0970] open name host:/livepad.bin flag 1 data 41378
[  143.0982] open fd = -5
[  143.0985] open name host:/livedbg.cmd flag 1 data 41378
[  143.0995] open fd = -5
[  143.1153] open name host:/livepad.bin flag 1 data 41378
[  143.1167] open fd = -5
[  143.1331] open name host:/livepad.bin flag 1 data 41378
[  143.1343] open fd = -5
[  143.1498] open name host:/livepad.bin flag 1 data 41378
[  143.1511] open fd = -5
[  143.1518] open name host:/log.txt flag 302 data 41378
[  143.1533] open fd = 256
[  143.1705] open name host:/livepad.bin flag 1 data 41378
[  143.1718] open fd = -5
[  143.1880] open name host:/livepad.bin flag 1 data 41378
[  143.1895] open fd = -5
[  143.1923] open name host:/log.txt flag 302 data 41378
[  143.1939] open fd = 256
[  143.2108] open name host:/livepad.bin flag 1 data 41378
[  143.2121] open fd = -5
[  143.2124] open name host:/livedbg.cmd flag 1 data 41378
[  143.2133] open fd = -5
[  143.2299] open name host:/livepad.bin flag 1 data 41378
[  143.2314] open fd = -5
[  143.2480] open name host:/livepad.bin flag 1 data 41378
[  143.2494] open fd = -5
[  143.2653] open name host:/livepad.bin flag 1 data 41378
[  143.2669] open fd = -5
[  143.2836] open name host:/livepad.bin flag 1 data 41378
[  143.2847] open fd = -5
[  143.3020] open name host:/livepad.bin flag 1 data 41378
[  143.3033] open fd = -5
[  143.3196] open name host:/livepad.bin flag 1 data 41378
[  143.3208] open fd = -5
[  143.3212] open name host:/livedbg.cmd flag 1 data 41378
[  143.3222] open fd = -5
[  143.3388] open name host:/livepad.bin flag 1 data 41378
[  143.3401] open fd = -5
[  143.3562] open name host:/livepad.bin flag 1 data 41378
[  143.3577] open fd = -5
[  143.3745] open name host:/livepad.bin flag 1 data 41378
[  143.3758] open fd = -5
[  143.3923] open name host:/livepad.bin flag 1 data 41378
[  143.3935] open fd = -5
[  143.4110] open name host:/livepad.bin flag 1 data 41378
[  143.4121] open fd = -5
[  143.4286] open name host:/livepad.bin flag 1 data 41378
[  143.4298] open fd = -5
[  143.4301] open name host:/livedbg.cmd flag 1 data 41378
[  143.4311] open fd = -5
[  143.4481] open name host:/livepad.bin flag 1 data 41378
[  143.4495] open fd = -5
[  143.4665] open name host:/livepad.bin flag 1 data 41378
[  143.4677] open fd = -5
[  143.4838] open name host:/livepad.bin flag 1 data 41378
[  143.4851] open fd = -5
[  143.5016] open name host:/livepad.bin flag 1 data 41378
[  143.5028] open fd = -5
[  143.5207] open name host:/livepad.bin flag 1 data 41378
[  143.5221] open fd = -5
[  143.5390] open name host:/livepad.bin flag 1 data 41378
[  143.5405] open fd = -5
[  143.5408] open name host:/livedbg.cmd flag 1 data 41378
[  143.5417] open fd = -5
[  143.5580] open name host:/livepad.bin flag 1 data 41378
[  143.5595] open fd = -5
[  143.5776] open name host:/livepad.bin flag 1 data 41378
[  143.5788] open fd = -5
[  143.5956] open name host:/livepad.bin flag 1 data 41378
[  143.5969] open fd = -5
[  143.6131] open name host:/livepad.bin flag 1 data 41378
[  143.6143] open fd = -5
[  143.6149] open name host:/log.txt flag 302 data 41378
[  143.6164] open fd = 256
[  143.6341] open name host:/livepad.bin flag 1 data 41378
[  143.6352] open fd = -5
[  143.6529] open name host:/livepad.bin flag 1 data 41378
[  143.6541] open fd = -5
[  143.6545] open name host:/livedbg.cmd flag 1 data 41378
[  143.6554] open fd = -5
[  143.6711] open name host:/livepad.bin flag 1 data 41378
[  143.6725] open fd = -5
[  143.6895] open name host:/livepad.bin flag 1 data 41378
[  143.6907] open fd = -5
[  143.7074] open name host:/livepad.bin flag 1 data 41378
[  143.7090] open fd = -5
[  143.7251] open name host:/livepad.bin flag 1 data 41378
[  143.7262] open fd = -5
[  143.7277] open name host:/log.txt flag 302 data 41378
[  143.7293] open fd = 256
[  143.7479] open name host:/livepad.bin flag 1 data 41378
[  143.7491] open fd = -5
[  143.7653] open name host:/livepad.bin flag 1 data 41378
[  143.7665] open fd = -5
[  143.7667] open name host:/livedbg.cmd flag 1 data 41378
[  143.7680] open fd = -5
[  143.7842] open name host:/livepad.bin flag 1 data 41378
[  143.7858] open fd = -5
[  143.8023] open name host:/livepad.bin flag 1 data 41378
[  143.8038] open fd = -5
[  143.8206] open name host:/livepad.bin flag 1 data 41378
[  143.8219] open fd = -5
[  143.8376] open name host:/livepad.bin flag 1 data 41378
[  143.8388] open fd = -5
[  143.8568] open name host:/livepad.bin flag 1 data 41378
[  143.8580] open fd = -5
[  143.8745] open name host:/livepad.bin flag 1 data 41378
[  143.8758] open fd = -5
[  143.8761] open name host:/livedbg.cmd flag 1 data 41378
[  143.8772] open fd = -5
[  143.8927] open name host:/livepad.bin flag 1 data 41378
[  143.8943] open fd = -5
[  143.9105] open name host:/livepad.bin flag 1 data 41378
[  143.9117] open fd = -5
[  143.9293] open name host:/livepad.bin flag 1 data 41378
[  143.9304] open fd = -5
[  143.9470] open name host:/livepad.bin flag 1 data 41378
[  143.9484] open fd = -5
[  143.9641] open name host:/livepad.bin flag 1 data 41378
[  143.9654] open fd = -5
[  143.9836] open name host:/livepad.bin flag 1 data 41378
[  143.9849] open fd = -5
[  143.9852] open name host:/livedbg.cmd flag 1 data 41378
[  143.9864] open fd = -5
[  144.0039] open name host:/livepad.bin flag 1 data 41378
[  144.0052] open fd = -5
[  144.0215] open name host:/livepad.bin flag 1 data 41378
[  144.0229] open fd = -5
[  144.0395] open name host:/livepad.bin flag 1 data 41378
[  144.0408] open fd = -5
[  144.0574] open name host:/livepad.bin flag 1 data 41378
[  144.0587] open fd = -5
[  144.0757] open name host:/livepad.bin flag 1 data 41378
[  144.0772] open fd = -5
[  144.0780] open name host:/log.txt flag 302 data 41378
[  144.0796] open fd = 256
[  144.0989] open name host:/livepad.bin flag 1 data 41378
[  144.1001] open fd = -5
[  144.1003] open name host:/livedbg.cmd flag 1 data 41378
[  144.1013] open fd = -5
[  144.1180] open name host:/livepad.bin flag 1 data 41378
[  144.1195] open fd = -5
[  144.1216] open name host:/log.txt flag 302 data 41378
[  144.1232] open fd = 256
[  144.1389] open name host:/livepad.bin flag 1 data 41378
[  144.1402] open fd = -5
[  144.1559] open name host:/livepad.bin flag 1 data 41378
[  144.1574] open fd = -5
[  144.1732] open name host:/livepad.bin flag 1 data 41378
[  144.1744] open fd = -5
[  144.1908] open name host:/livepad.bin flag 1 data 41378
[  144.1921] open fd = -5
[  144.2092] open name host:/livepad.bin flag 1 data 41378
[  144.2105] open fd = -5
[  144.2108] open name host:/livedbg.cmd flag 1 data 41378
[  144.2119] open fd = -5
[  144.2297] open name host:/livepad.bin flag 1 data 41378
[  144.2309] open fd = -5
[  144.2473] open name host:/livepad.bin flag 1 data 41378
[  144.2487] open fd = -5
[  144.2648] open name host:/livepad.bin flag 1 data 41378
[  144.2660] open fd = -5
[  144.2833] open name host:/livepad.bin flag 1 data 41378
[  144.2847] open fd = -5
[  144.3008] open name host:/livepad.bin flag 1 data 41378
[  144.3021] open fd = -5
[  144.3195] open name host:/livepad.bin flag 1 data 41378
[  144.3208] open fd = -5
[  144.3211] open name host:/livedbg.cmd flag 1 data 41378
[  144.3221] open fd = -5
[  144.3381] open name host:/livepad.bin flag 1 data 41378
[  144.3395] open fd = -5
[  144.3555] open name host:/livepad.bin flag 1 data 41378
[  144.3569] open fd = -5
[  144.3734] open name host:/livepad.bin flag 1 data 41378
[  144.3746] open fd = -5
[  144.3903] open name host:/livepad.bin flag 1 data 41378
[  144.3918] open fd = -5
[  144.4081] open name host:/livepad.bin flag 1 data 41378
[  144.4094] open fd = -5
[  144.4267] open name host:/livepad.bin flag 1 data 41378
[  144.4281] open fd = -5
[  144.4286] open name host:/livedbg.cmd flag 1 data 41378
[  144.4297] open fd = -5
[  144.4459] open name host:/livepad.bin flag 1 data 41378
[  144.4472] open fd = -5
[  144.4639] open name host:/livepad.bin flag 1 data 41378
[  144.4652] open fd = -5
[  144.4818] open name host:/livepad.bin flag 1 data 41378
[  144.4831] open fd = -5
[  144.4987] open name host:/livepad.bin flag 1 data 41378
[  144.5000] open fd = -5
[  144.5170] open name host:/livepad.bin flag 1 data 41378
[  144.5184] open fd = -5
[  144.5368] open name host:/livepad.bin flag 1 data 41378
[  144.5381] open fd = -5
[  144.5383] open name host:/livedbg.cmd flag 1 data 41378
[  144.5395] open fd = -5
[  144.5399] open name host:/log.txt flag 302 data 41378
[  144.5415] open fd = 256
[  144.5590] open name host:/livepad.bin flag 1 data 41378
[  144.5603] open fd = -5
[  144.5779] open name host:/livepad.bin flag 1 data 41378
[  144.5790] open fd = -5
[  144.5964] open name host:/livepad.bin flag 1 data 41378
[  144.5977] open fd = -5
[  144.6142] open name host:/livepad.bin flag 1 data 41378
[  144.6154] open fd = -5
[  144.6319] open name host:/livepad.bin flag 1 data 41378
[  144.6329] open fd = -5
[  144.6492] open name host:/livepad.bin flag 1 data 41378
[  144.6506] open fd = -5
[  144.6510] open name host:/livedbg.cmd flag 1 data 41378
[  144.6523] open fd = -5
[  144.6683] open name host:/livepad.bin flag 1 data 41378
[  144.6696] open fd = -5
[  144.6851] open name host:/livepad.bin flag 1 data 41378
[  144.6864] open fd = -5
[  144.7030] open name host:/livepad.bin flag 1 data 41378
[  144.7043] open fd = -5
[  144.7206] open name host:/livepad.bin flag 1 data 41378
[  144.7219] open fd = -5
[  144.7384] open name host:/livepad.bin flag 1 data 41378
[  144.7395] open fd = -5
[  144.7556] open name host:/livepad.bin flag 1 data 41378
[  144.7567] open fd = -5
[  144.7570] open name host:/livedbg.cmd flag 1 data 41378
[  144.7579] open fd = -5
[  144.7741] open name host:/livepad.bin flag 1 data 41378
[  144.7753] open fd = -5
[  144.7916] open name host:/livepad.bin flag 1 data 41378
[  144.7930] open fd = -5
[  144.8097] open name host:/livepad.bin flag 1 data 41378
[  144.8109] open fd = -5
[  144.8271] open name host:/livepad.bin flag 1 data 41378
[  144.8283] open fd = -5
[  144.8462] open name host:/livepad.bin flag 1 data 41378
[  144.8475] open fd = -5
[  144.8638] open name host:/livepad.bin flag 1 data 41378
[  144.8651] open fd = -5
[  144.8653] open name host:/livedbg.cmd flag 1 data 41378
[  144.8663] open fd = -5
[  144.8827] open name host:/livepad.bin flag 1 data 41378
[  144.8839] open fd = -5
[  144.9005] open name host:/livepad.bin flag 1 data 41378
[  144.9018] open fd = -5
[  144.9176] open name host:/livepad.bin flag 1 data 41378
[  144.9190] open fd = -5
[  144.9357] open name host:/livepad.bin flag 1 data 41378
[  144.9371] open fd = -5
[  144.9543] open name host:/livepad.bin flag 1 data 41378
[  144.9557] open fd = -5
[  144.9722] open name host:/livepad.bin flag 1 data 41378
[  144.9734] open fd = -5
[  144.9739] open name host:/livedbg.cmd flag 1 data 41378
[  144.9749] open fd = -5
[  144.9912] open name host:/livepad.bin flag 1 data 41378
[  144.9924] open fd = -5
[  144.9930] open name host:/log.txt flag 302 data 41378
[  144.9945] open fd = 256
[  145.0125] open name host:/livepad.bin flag 1 data 41378
[  145.0138] open fd = -5
[  145.0314] open name host:/livepad.bin flag 1 data 41378
[  145.0327] open fd = -5
[  145.0351] open name host:/log.txt flag 302 data 41378
[  145.0367] open fd = 256
[  145.0541] open name host:/livepad.bin flag 1 data 41378
[  145.0554] open fd = -5
[  145.0728] open name host:/livepad.bin flag 1 data 41378
[  145.0741] open fd = -5
[  145.0901] open name host:/livepad.bin flag 1 data 41378
[  145.0916] open fd = -5
[  145.0919] open name host:/livedbg.cmd flag 1 data 41378
[  145.0930] open fd = -5
[  145.1085] open name host:/livepad.bin flag 1 data 41378
[  145.1098] open fd = -5
[  145.1265] open name host:/livepad.bin flag 1 data 41378
[  145.1279] open fd = -5
[  145.1446] FRAMEARENA frames=7080 peak=1045072 resets=7 fallbacks=0 maxFrameBytes=2731360 maxBorrowed=2028560 freeKiB=10908
[  145.1448] NATIVEVIF frames=7080 batches=7087
[  145.1449] ORDEREDFRAME frames=7080 splitFrames=5
[  145.1451] FRAMEPIPELINE starts=7080 dmaBusyStarts=48
[  145.1452] open name host:/livepad.bin flag 1 data 41378
[  145.1465] open fd = -5
[  145.1624] open name host:/livepad.bin flag 1 data 41378
[  145.1637] open fd = -5
[  145.1800] open name host:/livepad.bin flag 1 data 41378
[  145.1814] open fd = -5
[  145.1984] open name host:/livepad.bin flag 1 data 41378
[  145.1998] open fd = -5
[  145.2002] open name host:/livedbg.cmd flag 1 data 41378
[  145.2012] open fd = -5
[  145.2187] open name host:/livepad.bin flag 1 data 41378
[  145.2201] open fd = -5
[  145.2380] open name host:/livepad.bin flag 1 data 41378
[  145.2394] open fd = -5
[  145.2575] open name host:/livepad.bin flag 1 data 41378
[  145.2587] open fd = -5
[  145.2751] open name host:/livepad.bin flag 1 data 41378
[  145.2764] open fd = -5
[  145.2930] open name host:/livepad.bin flag 1 data 41378
[  145.2943] open fd = -5
[  145.3103] open name host:/livepad.bin flag 1 data 41378
[  145.3118] open fd = -5
[  145.3121] open name host:/livedbg.cmd flag 1 data 41378
[  145.3130] open fd = -5
[  145.3296] open name host:/livepad.bin flag 1 data 41378
[  145.3308] open fd = -5
[  145.3480] open name host:/livepad.bin flag 1 data 41378
[  145.3495] open fd = -5
[  145.3654] open name host:/livepad.bin flag 1 data 41378
[  145.3666] open fd = -5
[  145.3832] open name host:/livepad.bin flag 1 data 41378
[  145.3845] open fd = -5
[  145.4023] open name host:/livepad.bin flag 1 data 41378
[  145.4035] open fd = -5
[  145.4200] open name host:/livepad.bin flag 1 data 41378
[  145.4214] open fd = -5
[  145.4218] open name host:/livedbg.cmd flag 1 data 41378
[  145.4228] open fd = -5
[  145.4395] open name host:/livepad.bin flag 1 data 41378
[  145.4407] open fd = -5
[  145.4583] open name host:/livepad.bin flag 1 data 41378
[  145.4596] open fd = -5
[  145.4602] open name host:/log.txt flag 302 data 41378
[  145.4618] open fd = 256
[  145.4799] open name host:/livepad.bin flag 1 data 41378
[  145.4815] open fd = -5
[  145.4981] open name host:/livepad.bin flag 1 data 41378
[  145.4995] open fd = -5
[  145.5161] open name host:/livepad.bin flag 1 data 41378
[  145.5175] open fd = -5
[  145.5347] open name host:/livepad.bin flag 1 data 41378
[  145.5359] open fd = -5
[  145.5363] open name host:/livedbg.cmd flag 1 data 41378
[  145.5375] open fd = -5
[  145.5542] open name host:/livepad.bin flag 1 data 41378
[  145.5557] open fd = -5
[  145.5714] open name host:/livepad.bin flag 1 data 41378
[  145.5726] open fd = -5
[  145.5890] open name host:/livepad.bin flag 1 data 41378
[  145.5903] open fd = -5
[  145.6063] open name host:/livepad.bin flag 1 data 41378
[  145.6079] open fd = -5
[  145.6244] open name host:/livepad.bin flag 1 data 41378
[  145.6259] open fd = -5
[  145.6416] open name host:/livepad.bin flag 1 data 41378
[  145.6428] open fd = -5
[  145.6431] open name host:/livedbg.cmd flag 1 data 41378
[  145.6441] open fd = -5
[  145.6604] open name host:/livepad.bin flag 1 data 41378
[  145.6617] open fd = -5
[  145.6779] open name host:/livepad.bin flag 1 data 41378
[  145.6791] open fd = -5
[  145.6953] open name host:/livepad.bin flag 1 data 41378
[  145.6968] open fd = -5
[  145.7134] open name host:/livepad.bin flag 1 data 41378
[  145.7148] open fd = -5
[  145.7310] open name host:/livepad.bin flag 1 data 41378
[  145.7324] open fd = -5
[  145.7487] open name host:/livepad.bin flag 1 data 41378
[  145.7500] open fd = -5
[  145.7502] open name host:/livedbg.cmd flag 1 data 41378
[  145.7512] open fd = -5
[  145.7690] open name host:/livepad.bin flag 1 data 41378
[  145.7702] open fd = -5
[  145.7860] open name host:/livepad.bin flag 1 data 41378
[  145.7874] open fd = -5
[  145.8038] open name host:/livepad.bin flag 1 data 41378
[  145.8051] open fd = -5
[  145.8219] open name host:/livepad.bin flag 1 data 41378
[  145.8232] open fd = -5
[  145.8403] open name host:/livepad.bin flag 1 data 41378
[  145.8415] open fd = -5
[  145.8568] open name host:/livepad.bin flag 1 data 41378
[  145.8579] open fd = -5
[  145.8582] open name host:/livedbg.cmd flag 1 data 41378
[  145.8592] open fd = -5
[  145.8758] open name host:/livepad.bin flag 1 data 41378
[  145.8770] open fd = -5
[  145.8940] open name host:/livepad.bin flag 1 data 41378
[  145.8953] open fd = -5
[  145.9116] open name host:/livepad.bin flag 1 data 41378
[  145.9130] open fd = -5
[  145.9135] open name host:/log.txt flag 302 data 41378
[  145.9150] open fd = 256
[  145.9323] open name host:/livepad.bin flag 1 data 41378
[  145.9333] open fd = -5
[  145.9491] open name host:/livepad.bin flag 1 data 41378
[  145.9503] open fd = -5
[  145.9526] open name host:/log.txt flag 302 data 41378
[  145.9540] open fd = 256
[  145.9699] open name host:/livepad.bin flag 1 data 41378
[  145.9712] open fd = -5
[  145.9715] open name host:/livedbg.cmd flag 1 data 41378
[  145.9724] open fd = -5
[  145.9885] open name host:/livepad.bin flag 1 data 41378
[  145.9898] open fd = -5
[  146.0075] open name host:/livepad.bin flag 1 data 41378
[  146.0089] open fd = -5
[  146.0247] open name host:/livepad.bin flag 1 data 41378
[  146.0260] open fd = -5
[  146.0434] open name host:/livepad.bin flag 1 data 41378
[  146.0446] open fd = -5
[  146.0607] open name host:/livepad.bin flag 1 data 41378
[  146.0619] open fd = -5
[  146.0787] open name host:/livepad.bin flag 1 data 41378
[  146.0801] open fd = -5
[  146.0803] open name host:/livedbg.cmd flag 1 data 41378
[  146.0813] open fd = -5
[  146.0983] open name host:/livepad.bin flag 1 data 41378
[  146.0997] open fd = -5
[  146.1161] open name host:/livepad.bin flag 1 data 41378
[  146.1174] open fd = -5
[  146.1340] open name host:/livepad.bin flag 1 data 41378
[  146.1353] open fd = -5
[  146.1516] open name host:/livepad.bin flag 1 data 41378
[  146.1530] open fd = -5
[  146.1696] open name host:/livepad.bin flag 1 data 41378
[  146.1709] open fd = -5
[  146.1877] open name host:/livepad.bin flag 1 data 41378
[  146.1890] open fd = -5
[  146.1895] open name host:/livedbg.cmd flag 1 data 41378
[  146.1909] open fd = -5
[  146.2072] open name host:/livepad.bin flag 1 data 41378
[  146.2086] open fd = -5
[  146.2270] open name host:/livepad.bin flag 1 data 41378
[  146.2283] open fd = -5
[  146.2461] open name host:/livepad.bin flag 1 data 41378
[  146.2475] open fd = -5
[  146.2644] open name host:/livepad.bin flag 1 data 41378
[  146.2656] open fd = -5
[  146.2835] open name host:/livepad.bin flag 1 data 41378
[  146.2849] open fd = -5
[  146.3013] open name host:/livepad.bin flag 1 data 41378
[  146.3026] open fd = -5
[  146.3030] open name host:/livedbg.cmd flag 1 data 41378
[  146.3041] open fd = -5
[  146.3217] open name host:/livepad.bin flag 1 data 41378
[  146.3232] open fd = -5
[  146.3397] open name host:/livepad.bin flag 1 data 41378
[  146.3412] open fd = -5
[  146.3595] open name host:/livepad.bin flag 1 data 41378
[  146.3608] open fd = -5
[  146.3778] open name host:/livepad.bin flag 1 data 41378
[  146.3791] open fd = -5
[  146.3797] open name host:/log.txt flag 302 data 41378
[  146.3813] open fd = 256
[  146.4002] open name host:/livepad.bin flag 1 data 41378
[  146.4016] open fd = -5
[  146.4202] open name host:/livepad.bin flag 1 data 41378
[  146.4215] open fd = -5
[  146.4219] open name host:/livedbg.cmd flag 1 data 41378
[  146.4228] open fd = -5
[  146.4393] open name host:/livepad.bin flag 1 data 41378
[  146.4409] open fd = -5
[  146.4567] open name host:/livepad.bin flag 1 data 41378
[  146.4579] open fd = -5
[  146.4748] open name host:/livepad.bin flag 1 data 41378
[  146.4761] open fd = -5
[  146.4916] open name host:/livepad.bin flag 1 data 41378
[  146.4928] open fd = -5
[  146.4943] open name host:/log.txt flag 302 data 41378
[  146.4959] open fd = 256
[  146.5139] open name host:/livepad.bin flag 1 data 41378
[  146.5152] open fd = -5
[  146.5316] open name host:/livepad.bin flag 1 data 41378
[  146.5328] open fd = -5
[  146.5331] open name host:/livedbg.cmd flag 1 data 41378
[  146.5343] open fd = -5
[  146.5505] open name host:/livepad.bin flag 1 data 41378
[  146.5517] open fd = -5
[  146.5686] open name host:/livepad.bin flag 1 data 41378
[  146.5701] open fd = -5
[  146.5869] open name host:/livepad.bin flag 1 data 41378
[  146.5881] open fd = -5
[  146.6049] open name host:/livepad.bin flag 1 data 41378
[  146.6061] open fd = -5
[  146.6227] open name host:/livepad.bin flag 1 data 41378
[  146.6241] open fd = -5
[  146.6408] open name host:/livepad.bin flag 1 data 41378
[  146.6422] open fd = -5
[  146.6425] open name host:/livedbg.cmd flag 1 data 41378
[  146.6435] open fd = -5
[  146.6591] open name host:/livepad.bin flag 1 data 41378
[  146.6602] open fd = -5
[  146.6772] open name host:/livepad.bin flag 1 data 41378
[  146.6786] open fd = -5
[  146.6949] open name host:/livepad.bin flag 1 data 41378
[  146.6962] open fd = -5
[  146.7127] open name host:/livepad.bin flag 1 data 41378
[  146.7140] open fd = -5
[  146.7306] open name host:/livepad.bin flag 1 data 41378
[  146.7318] open fd = -5
[  146.7483] open name host:/livepad.bin flag 1 data 41378
[  146.7497] open fd = -5
[  146.7502] open name host:/livedbg.cmd flag 1 data 41378
[  146.7511] open fd = -5
[  146.7683] open name host:/livepad.bin flag 1 data 41378
[  146.7698] open fd = -5
[  146.7866] open name host:/livepad.bin flag 1 data 41378
[  146.7879] open fd = -5
[  146.8046] open name host:/livepad.bin flag 1 data 41378
[  146.8060] open fd = -5
[  146.8224] open name host:/livepad.bin flag 1 data 41378
[  146.8236] open fd = -5
[  146.8399] open name host:/livepad.bin flag 1 data 41378
[  146.8412] open fd = -5
[  146.8420] open name host:/log.txt flag 302 data 41378
[  146.8436] open fd = 256
[  146.8615] open name host:/livepad.bin flag 1 data 41378
[  146.8628] open fd = -5
[  146.8630] open name host:/livedbg.cmd flag 1 data 41378
[  146.8640] open fd = -5
[  146.8814] open name host:/livepad.bin flag 1 data 41378
[  146.8830] open fd = -5
[  146.8854] open name host:/log.txt flag 302 data 41378
[  146.8872] open fd = 256
[  146.9039] open name host:/livepad.bin flag 1 data 41378
[  146.9053] open fd = -5
[  146.9235] open name host:/livepad.bin flag 1 data 41378
[  146.9250] open fd = -5
[  146.9415] open name host:/livepad.bin flag 1 data 41378
[  146.9430] open fd = -5
[  146.9591] open name host:/livepad.bin flag 1 data 41378
[  146.9605] open fd = -5
[  146.9787] open name host:/livepad.bin flag 1 data 41378
[  146.9800] open fd = -5
[  146.9802] open name host:/livedbg.cmd flag 1 data 41378
[  146.9812] open fd = -5
[  146.9984] open name host:/livepad.bin flag 1 data 41378
[  146.9997] open fd = -5
[  147.0165] open name host:/livepad.bin flag 1 data 41378
[  147.0178] open fd = -5
[  147.0345] open name host:/livepad.bin flag 1 data 41378
[  147.0357] open fd = -5
[  147.0527] open name host:/livepad.bin flag 1 data 41378
[  147.0540] open fd = -5
[  147.0708] open name host:/livepad.bin flag 1 data 41378
[  147.0722] open fd = -5
[  147.0903] open name host:/livepad.bin flag 1 data 41378
[  147.0917] open fd = -5
[  147.0921] open name host:/livedbg.cmd flag 1 data 41378
[  147.0934] open fd = -5
[  147.1096] open name host:/livepad.bin flag 1 data 41378
[  147.1109] open fd = -5
[  147.1278] open name host:/livepad.bin flag 1 data 41378
[  147.1291] open fd = -5
[  147.1469] open name host:/livepad.bin flag 1 data 41378
[  147.1482] open fd = -5
[  147.1644] open name host:/livepad.bin flag 1 data 41378
[  147.1655] open fd = -5
[  147.1819] open name host:/livepad.bin flag 1 data 41378
[  147.1831] open fd = -5
[  147.1999] open name host:/livepad.bin flag 1 data 41378
[  147.2012] open fd = -5
[  147.2015] open name host:/livedbg.cmd flag 1 data 41378
[  147.2026] open fd = -5
[  147.2192] open name host:/livepad.bin flag 1 data 41378
[  147.2208] open fd = -5
[  147.2394] open name host:/livepad.bin flag 1 data 41378
[  147.2408] open fd = -5
[  147.2590] open name host:/livepad.bin flag 1 data 41378
[  147.2608] open fd = -5
[  147.2791] open name host:/livepad.bin flag 1 data 41378
[  147.2805] open fd = -5
[  147.2974] open name host:/livepad.bin flag 1 data 41378
[  147.2990] open fd = -5
[  147.3163] open name host:/livepad.bin flag 1 data 41378
[  147.3177] open fd = -5
[  147.3180] open name host:/livedbg.cmd flag 1 data 41378
[  147.3190] open fd = -5
[  147.3195] open name host:/log.txt flag 302 data 41378
[  147.3210] open fd = 256
[  147.3393] open name host:/livepad.bin flag 1 data 41378
[  147.3407] open fd = -5
[  147.3573] open name host:/livepad.bin flag 1 data 41378
[  147.3588] open fd = -5
[  147.3767] FRAMEARENA frames=7200 peak=1045072 resets=7 fallbacks=0 maxFrameBytes=2731360 maxBorrowed=2028560 freeKiB=10908
[  147.3770] NATIVEVIF frames=7200 batches=7207
[  147.3772] ORDEREDFRAME frames=7200 splitFrames=5
[  147.3774] FRAMEPIPELINE starts=7200 dmaBusyStarts=48
[  147.3775] open name host:/livepad.bin flag 1 data 41378
[  147.3788] open fd = -5
[  147.3955] open name host:/livepad.bin flag 1 data 41378
[  147.3969] open fd = -5
[  147.4140] open name host:/livepad.bin flag 1 data 41378
[  147.4155] open fd = -5
[  147.4341] open name host:/livepad.bin flag 1 data 41378
[  147.4356] open fd = -5
[  147.4359] open name host:/livedbg.cmd flag 1 data 41378
[  147.4371] open fd = -5
[  147.4561] open name host:/livepad.bin flag 1 data 41378
[  147.4576] open fd = -5
[  147.4762] open name host:/livepad.bin flag 1 data 41378
[  147.4776] open fd = -5
[  147.4962] open name host:/livepad.bin flag 1 data 41378
[  147.4976] open fd = -5
[  147.5152] open name host:/livepad.bin flag 1 data 41378
[  147.5166] open fd = -5
[  147.5349] open name host:/livepad.bin flag 1 data 41378
[  147.5362] open fd = -5
[  147.5564] open name host:/livepad.bin flag 1 data 41378
[  147.5577] open fd = -5
[  147.5580] open name host:/livedbg.cmd flag 1 data 41378
[  147.5591] open fd = -5
[  147.5764] open name host:/livepad.bin flag 1 data 41378
[  147.5781] open fd = -5
[  147.5964] open name host:/livepad.bin flag 1 data 41378
[  147.5978] open fd = -5
[  147.6148] open name host:/livepad.bin flag 1 data 41378
[  147.6161] open fd = -5
[  147.6329] open name host:/livepad.bin flag 1 data 41378
[  147.6345] open fd = -5
[  147.6525] open name host:/livepad.bin flag 1 data 41378
[  147.6540] open fd = -5
[  147.6729] open name host:/livepad.bin flag 1 data 41378
[  147.6743] open fd = -5
[  147.6746] open name host:/livedbg.cmd flag 1 data 41378
[  147.6756] open fd = -5
[  147.6937] open name host:/livepad.bin flag 1 data 41378
[  147.6952] open fd = -5
[  147.7136] open name host:/livepad.bin flag 1 data 41378
[  147.7151] open fd = -5
[  147.7327] open name host:/livepad.bin flag 1 data 41378
[  147.7343] open fd = -5
[  147.7513] open name host:/livepad.bin flag 1 data 41378
[  147.7528] open fd = -5
[  147.7699] open name host:/livepad.bin flag 1 data 41378
[  147.7713] open fd = -5
[  147.7894] open name host:/livepad.bin flag 1 data 41378
[  147.7913] open fd = -5
[  147.7917] open name host:/livedbg.cmd flag 1 data 41378
[  147.7931] open fd = -5
[  147.8101] open name host:/livepad.bin flag 1 data 41378
[  147.8115] open fd = -5
[  147.8121] open name host:/log.txt flag 302 data 41378
[  147.8139] open fd = 256
[  147.8324] open name host:/livepad.bin flag 1 data 41378
[  147.8339] open fd = -5
[  147.8511] open name host:/livepad.bin flag 1 data 41378
[  147.8525] open fd = -5
[  147.8553] open name host:/log.txt flag 302 data 41378
[  147.8574] open fd = 256
[  147.8739] open name host:/livepad.bin flag 1 data 41378
[  147.8753] open fd = -5
[  147.8938] open name host:/livepad.bin flag 1 data 41378
[  147.8951] open fd = -5
[  147.9124] open name host:/livepad.bin flag 1 data 41378
[  147.9137] open fd = -5
[  147.9141] open name host:/livedbg.cmd flag 1 data 41378
[  147.9153] open fd = -5
[  147.9324] open name host:/livepad.bin flag 1 data 41378
[  147.9336] open fd = -5
[  147.9498] open name host:/livepad.bin flag 1 data 41378
[  147.9510] open fd = -5
[  147.9683] open name host:/livepad.bin flag 1 data 41378
[  147.9696] open fd = -5
[  147.9869] open name host:/livepad.bin flag 1 data 41378
[  147.9883] open fd = -5
[  148.0047] open name host:/livepad.bin flag 1 data 41378
[  148.0065] open fd = -5
[  148.0269] open name host:/livepad.bin flag 1 data 41378
[  148.0284] open fd = -5
[  148.0288] open name host:/livedbg.cmd flag 1 data 41378
[  148.0298] open fd = -5
[  148.0470] open name host:/livepad.bin flag 1 data 41378
[  148.0489] open fd = -5
[  148.0660] open name host:/livepad.bin flag 1 data 41378
[  148.0674] open fd = -5
[  148.0863] open name host:/livepad.bin flag 1 data 41378
[  148.0882] open fd = -5
[  148.1082] open name host:/livepad.bin flag 1 data 41378
[  148.1102] open fd = -5
[  148.1311] open name host:/livepad.bin flag 1 data 41378
[  148.1327] open fd = -5
[  148.1537] open name host:/livepad.bin flag 1 data 41378
[  148.1553] open fd = -5
[  148.1558] open name host:/livedbg.cmd flag 1 data 41378
[  148.1571] open fd = -5
[  148.1764] open name host:/livepad.bin flag 1 data 41378
[  148.1779] open fd = -5
[  148.1976] open name host:/livepad.bin flag 1 data 41378
[  148.1993] open fd = -5
[  148.2201] open name host:/livepad.bin flag 1 data 41378
[  148.2218] open fd = -5
[  148.2408] open name host:/livepad.bin flag 1 data 41378
[  148.2424] open fd = -5
[  148.2608] open name host:/livepad.bin flag 1 data 41378
[  148.2621] open fd = -5
[  148.2798] open name host:/livepad.bin flag 1 data 41378
[  148.2814] open fd = -5
[  148.2818] open name host:/livedbg.cmd flag 1 data 41378
[  148.2831] open fd = -5
[  148.3031] open name host:/livepad.bin flag 1 data 41378
[  148.3045] open fd = -5
[  148.3235] open name host:/livepad.bin flag 1 data 41378
[  148.3251] open fd = -5
[  148.3259] open name host:/log.txt flag 302 data 41378
[  148.3276] open fd = 256
[  148.3454] open name host:/livepad.bin flag 1 data 41378
[  148.3469] open fd = -5
[  148.3645] open name host:/livepad.bin flag 1 data 41378
[  148.3659] open fd = -5
[  148.3849] open name host:/livepad.bin flag 1 data 41378
[  148.3865] open fd = -5
[  148.4080] open name host:/livepad.bin flag 1 data 41378
[  148.4095] open fd = -5
[  148.4099] open name host:/livedbg.cmd flag 1 data 41378
[  148.4111] open fd = -5
[  148.4283] open name host:/livepad.bin flag 1 data 41378
[  148.4296] open fd = -5
[  148.4483] open name host:/livepad.bin flag 1 data 41378
[  148.4496] open fd = -5
[  148.4685] open name host:/livepad.bin flag 1 data 41378
[  148.4699] open fd = -5
[  148.4901] open name host:/livepad.bin flag 1 data 41378
[  148.4918] open fd = -5
[  148.5190] open name host:/livepad.bin flag 1 data 41378
[  148.5213] open fd = -5
[  148.5499] open name host:/livepad.bin flag 1 data 41378
[  148.5517] open fd = -5
[  148.5522] open name host:/livedbg.cmd flag 1 data 41378
[  148.5537] open fd = -5
[  148.5776] open name host:/livepad.bin flag 1 data 41378
[  148.5799] open fd = -5
[  148.6053] open name host:/livepad.bin flag 1 data 41378
[  148.6075] open fd = -5
[  148.6303] open name host:/livepad.bin flag 1 data 41378
[  148.6322] open fd = -5
[  148.6578] open name host:/livepad.bin flag 1 data 41378
[  148.6598] open fd = -5
[  148.6827] open name host:/livepad.bin flag 1 data 41378
[  148.6842] open fd = -5
[  148.7040] open name host:/livepad.bin flag 1 data 41378
[  148.7056] open fd = -5
[  148.7061] open name host:/livedbg.cmd flag 1 data 41378
[  148.7075] open fd = -5
[  148.7307] open name host:/livepad.bin flag 1 data 41378
[  148.7327] open fd = -5
[  148.7572] open name host:/livepad.bin flag 1 data 41378
[  148.7590] open fd = -5
[  148.7833] open name host:/livepad.bin flag 1 data 41378
[  148.7846] open fd = -5
[  148.8085] open name host:/livepad.bin flag 1 data 41378
[  148.8106] open fd = -5
[  148.8339] open name host:/livepad.bin flag 1 data 41378
[  148.8356] open fd = -5
[  148.8584] open name host:/livepad.bin flag 1 data 41378
[  148.8599] open fd = -5
[  148.8604] open name host:/livedbg.cmd flag 1 data 41378
[  148.8618] open fd = -5
[  148.8831] open name host:/livepad.bin flag 1 data 41378
[  148.8853] open fd = -5
[  148.9117] open name host:/livepad.bin flag 1 data 41378
[  148.9136] open fd = -5
[  148.9384] open name host:/livepad.bin flag 1 data 41378
[  148.9406] open fd = -5
[  148.9416] open name host:/log.txt flag 302 data 41378
[  148.9442] open fd = 256
[  148.9708] open name host:/livepad.bin flag 1 data 41378
[  148.9724] open fd = -5
[  148.9938] open name host:/livepad.bin flag 1 data 41378
[  148.9956] open fd = -5
[  148.9988] open name host:/log.txt flag 302 data 41378
[  149.0012] open fd = 256
[  149.0229] open name host:/livepad.bin flag 1 data 41378
[  149.0246] open fd = -5
[  149.0251] open name host:/livedbg.cmd flag 1 data 41378
[  149.0263] open fd = -5
[  149.0469] open name host:/livepad.bin flag 1 data 41378
[  149.0486] open fd = -5
[  149.0669] open name host:/livepad.bin flag 1 data 41378
[  149.0686] open fd = -5
[  149.0888] open name host:/livepad.bin flag 1 data 41378
[  149.0902] open fd = -5
[  149.1108] open name host:/livepad.bin flag 1 data 41378
[  149.1124] open fd = -5
[  149.1319] open name host:/livepad.bin flag 1 data 41378
[  149.1333] open fd = -5
[  149.1522] open name host:/livepad.bin flag 1 data 41378
[  149.1535] open fd = -5
[  149.1539] open name host:/livedbg.cmd flag 1 data 41378
[  149.1549] open fd = -5
[  149.1773] open name host:/livepad.bin flag 1 data 41378
[  149.1792] open fd = -5
[  149.2068] open name host:/livepad.bin flag 1 data 41378
[  149.2087] open fd = -5
[  149.2286] open name host:/livepad.bin flag 1 data 41378
[  149.2300] open fd = -5
[  149.2492] open name host:/livepad.bin flag 1 data 41378
[  149.2506] open fd = -5
[  149.2711] open name host:/livepad.bin flag 1 data 41378
[  149.2727] open fd = -5
[  149.2916] open name host:/livepad.bin flag 1 data 41378
[  149.2929] open fd = -5
[  149.2932] open name host:/livedbg.cmd flag 1 data 41378
[  149.2943] open fd = -5
[  149.3121] open name host:/livepad.bin flag 1 data 41378
[  149.3137] open fd = -5
[  149.3330] open name host:/livepad.bin flag 1 data 41378
[  149.3346] open fd = -5
[  149.3620] open name host:/livepad.bin flag 1 data 41378
[  149.3642] open fd = -5
[  149.3888] open name host:/livepad.bin flag 1 data 41378
[  149.3905] open fd = -5
[  149.4153] open name host:/livepad.bin flag 1 data 41378
[  149.4172] open fd = -5
[  149.4409] open name host:/livepad.bin flag 1 data 41378
[  149.4425] open fd = -5
[  149.4432] open name host:/livedbg.cmd flag 1 data 41378
[  149.4444] open fd = -5
[  149.4650] open name host:/livepad.bin flag 1 data 41378
[  149.4667] open fd = -5
[  149.4870] open name host:/livepad.bin flag 1 data 41378
[  149.4885] open fd = -5
[  149.5069] open name host:/livepad.bin flag 1 data 41378
[  149.5087] open fd = -5
[  149.5288] open name host:/livepad.bin flag 1 data 41378
[  149.5303] open fd = -5
[  149.5309] open name host:/log.txt flag 302 data 41378
[  149.5328] open fd = 256
[  149.5537] open name host:/livepad.bin flag 1 data 41378
[  149.5553] open fd = -5
[  149.5754] open name host:/livepad.bin flag 1 data 41378
[  149.5774] open fd = -5
[  149.5777] open name host:/livedbg.cmd flag 1 data 41378
[  149.5791] open fd = -5
[  149.5984] open name host:/livepad.bin flag 1 data 41378
[  149.5999] open fd = -5
[  149.6213] open name host:/livepad.bin flag 1 data 41378
[  149.6228] open fd = -5
[  149.6411] open name host:/livepad.bin flag 1 data 41378
[  149.6429] open fd = -5
[  149.6609] open name host:/livepad.bin flag 1 data 41378
[  149.6623] open fd = -5
[  149.6637] open name host:/log.txt flag 302 data 41378
[  149.6656] open fd = 256
[  149.6857] open name host:/livepad.bin flag 1 data 41378
[  149.6870] open fd = -5
[  149.7055] open name host:/livepad.bin flag 1 data 41378
[  149.7069] open fd = -5
[  149.7073] open name host:/livedbg.cmd flag 1 data 41378
[  149.7087] open fd = -5
[  149.7275] open name host:/livepad.bin flag 1 data 41378
[  149.7290] open fd = -5
[  149.7471] open name host:/livepad.bin flag 1 data 41378
[  149.7487] open fd = -5
[  149.7666] open name host:/livepad.bin flag 1 data 41378
[  149.7683] open fd = -5
[  149.7865] open name host:/livepad.bin flag 1 data 41378
[  149.7880] open fd = -5
[  149.8060] open name host:/livepad.bin flag 1 data 41378
[  149.8077] open fd = -5
[  149.8273] open name host:/livepad.bin flag 1 data 41378
[  149.8288] open fd = -5
[  149.8290] open name host:/livedbg.cmd flag 1 data 41378
[  149.8301] open fd = -5
[  149.8499] open name host:/livepad.bin flag 1 data 41378
[  149.8515] open fd = -5
[  149.8702] open name host:/livepad.bin flag 1 data 41378
[  149.8716] open fd = -5
[  149.8907] open name host:/livepad.bin flag 1 data 41378
[  149.8920] open fd = -5
[  149.9139] open name host:/livepad.bin flag 1 data 41378
[  149.9157] open fd = -5
[  149.9394] open name host:/livepad.bin flag 1 data 41378
[  149.9409] open fd = -5
[  149.9596] open name host:/livepad.bin flag 1 data 41378
[  149.9609] open fd = -5
[  149.9612] open name host:/livedbg.cmd flag 1 data 41378
[  149.9622] open fd = -5
[  149.9803] open name host:/livepad.bin flag 1 data 41378
[  149.9817] open fd = -5
[  150.0004] open name host:/livepad.bin flag 1 data 41378
[  150.0017] open fd = -5
[  150.0213] FRAMEARENA frames=7320 peak=1045072 resets=7 fallbacks=0 maxFrameBytes=2731360 maxBorrowed=2028560 freeKiB=10908
[  150.0217] NATIVEVIF frames=7320 batches=7327
[  150.0219] ORDEREDFRAME frames=7320 splitFrames=5
[  150.0221] FRAMEPIPELINE starts=7320 dmaBusyStarts=48
[  150.0222] open name host:/livepad.bin flag 1 data 41378
[  150.0241] open fd = -5
[  150.0435] open name host:/livepad.bin flag 1 data 41378
[  150.0448] open fd = -5
[  150.0624] open name host:/livepad.bin flag 1 data 41378
[  150.0637] open fd = -5
[  150.0642] open name host:/log.txt flag 302 data 41378
[  150.0658] open fd = 256
[  150.0838] open name host:/livepad.bin flag 1 data 41378
[  150.0851] open fd = -5
[  150.0854] open name host:/livedbg.cmd flag 1 data 41378
[  150.0865] open fd = -5
[  150.1050] open name host:/livepad.bin flag 1 data 41378
[  150.1065] open fd = -5
[  150.1087] open name host:/log.txt flag 302 data 41378
[  150.1109] open fd = 256
[  150.1292] open name host:/livepad.bin flag 1 data 41378
[  150.1306] open fd = -5
[  150.1481] open name host:/livepad.bin flag 1 data 41378
[  150.1494] open fd = -5
[  150.1669] open name host:/livepad.bin flag 1 data 41378
[  150.1682] open fd = -5
[  150.1843] open name host:/livepad.bin flag 1 data 41378
[  150.1856] open fd = -5
[  150.2037] open name host:/livepad.bin flag 1 data 41378
[  150.2052] open fd = -5
[  150.2055] open name host:/livedbg.cmd flag 1 data 41378
[  150.2069] open fd = -5
[  150.2235] open name host:/livepad.bin flag 1 data 41378
[  150.2252] open fd = -5
[  150.2440] open name host:/livepad.bin flag 1 data 41378
[  150.2455] open fd = -5
[  150.2619] open name host:/livepad.bin flag 1 data 41378
[  150.2633] open fd = -5
[  150.2803] open name host:/livepad.bin flag 1 data 41378
[  150.2820] open fd = -5
[  150.2990] open name host:/livepad.bin flag 1 data 41378
[  150.3004] open fd = -5
[  150.3195] open name host:/livepad.bin flag 1 data 41378
[  150.3209] open fd = -5
[  150.3211] open name host:/livedbg.cmd flag 1 data 41378
[  150.3223] open fd = -5
[  150.3394] open name host:/livepad.bin flag 1 data 41378
[  150.3411] open fd = -5
[  150.3616] open name host:/livepad.bin flag 1 data 41378
[  150.3631] open fd = -5
[  150.3839] open name host:/livepad.bin flag 1 data 41378
[  150.3851] open fd = -5
[  150.4057] open name host:/livepad.bin flag 1 data 41378
[  150.4072] open fd = -5
[  150.4266] open name host:/livepad.bin flag 1 data 41378
[  150.4280] open fd = -5
[  150.4444] open name host:/livepad.bin flag 1 data 41378
[  150.4456] open fd = -5
[  150.4459] open name host:/livedbg.cmd flag 1 data 41378
[  150.4469] open fd = -5
[  150.4647] open name host:/livepad.bin flag 1 data 41378
[  150.4661] open fd = -5
[  150.4834] open name host:/livepad.bin flag 1 data 41378
[  150.4847] open fd = -5
[  150.5013] open name host:/livepad.bin flag 1 data 41378
[  150.5025] open fd = -5
[  150.5199] open name host:/livepad.bin flag 1 data 41378
[  150.5211] open fd = -5
[  150.5388] open name host:/livepad.bin flag 1 data 41378
[  150.5401] open fd = -5
[  150.5587] open name host:/livepad.bin flag 1 data 41378
[  150.5602] open fd = -5
[  150.5605] open name host:/livedbg.cmd flag 1 data 41378
[  150.5616] open fd = -5
[  150.5619] open name host:/log.txt flag 302 data 41378
[  150.5637] open fd = 256
[  150.5816] open name host:/livepad.bin flag 1 data 41378
[  150.5831] open fd = -5
[  150.5998] open name host:/livepad.bin flag 1 data 41378
[  150.6014] open fd = -5
[  150.6204] open name host:/livepad.bin flag 1 data 41378
[  150.6216] open fd = -5
[  150.6391] open name host:/livepad.bin flag 1 data 41378
[  150.6407] open fd = -5
[  150.6601] open name host:/livepad.bin flag 1 data 41378
[  150.6613] open fd = -5
[  150.6797] open name host:/livepad.bin flag 1 data 41378
[  150.6811] open fd = -5
[  150.6815] open name host:/livedbg.cmd flag 1 data 41378
[  150.6826] open fd = -5
[  150.6998] open name host:/livepad.bin flag 1 data 41378
[  150.7014] open fd = -5
[  150.7185] open name host:/livepad.bin flag 1 data 41378
[  150.7200] open fd = -5
[  150.7414] open name host:/livepad.bin flag 1 data 41378
[  150.7429] open fd = -5
[  150.7596] open name host:/livepad.bin flag 1 data 41378
[  150.7610] open fd = -5
[  150.7786] open name host:/livepad.bin flag 1 data 41378
[  150.7800] open fd = -5
[  150.7965] open name host:/livepad.bin flag 1 data 41378
[  150.7980] open fd = -5
[  150.7983] open name host:/livedbg.cmd flag 1 data 41378
[  150.7994] open fd = -5
[  150.8168] open name host:/livepad.bin flag 1 data 41378
[  150.8182] open fd = -5
[  150.8369] open name host:/livepad.bin flag 1 data 41378
[  150.8383] open fd = -5
[  150.8550] open name host:/livepad.bin flag 1 data 41378
[  150.8568] open fd = -5
[  150.8740] open name host:/livepad.bin flag 1 data 41378
[  150.8755] open fd = -5
[  150.8926] open name host:/livepad.bin flag 1 data 41378
[  150.8943] open fd = -5
[  150.9124] open name host:/livepad.bin flag 1 data 41378
[  150.9138] open fd = -5
[  150.9141] open name host:/livedbg.cmd flag 1 data 41378
[  150.9152] open fd = -5
[  150.9323] open name host:/livepad.bin flag 1 data 41378
[  150.9336] open fd = -5
[  150.9499] open name host:/livepad.bin flag 1 data 41378
[  150.9512] open fd = -5
[  150.9687] open name host:/livepad.bin flag 1 data 41378
[  150.9702] open fd = -5
[  150.9880] open name host:/livepad.bin flag 1 data 41378
[  150.9893] open fd = -5
[  151.0068] open name host:/livepad.bin flag 1 data 41378
[  151.0085] open fd = -5
[  151.0261] open name host:/livepad.bin flag 1 data 41378
[  151.0275] open fd = -5
[  151.0279] open name host:/livedbg.cmd flag 1 data 41378
[  151.0290] open fd = -5
[  151.0453] open name host:/livepad.bin flag 1 data 41378
[  151.0467] open fd = -5
[  151.0474] open name host:/log.txt flag 302 data 41378
[  151.0491] open fd = 256
[  151.0682] open name host:/livepad.bin flag 1 data 41378
[  151.0695] open fd = -5
[  151.0888] open name host:/livepad.bin flag 1 data 41378
[  151.0903] open fd = -5
[  151.0927] open name host:/log.txt flag 302 data 41378
[  151.0944] open fd = 256
[  151.1114] open name host:/livepad.bin flag 1 data 41378
[  151.1127] open fd = -5
[  151.1289] open name host:/livepad.bin flag 1 data 41378
[  151.1301] open fd = -5
[  151.1470] open name host:/livepad.bin flag 1 data 41378
[  151.1487] open fd = -5
[  151.1489] open name host:/livedbg.cmd flag 1 data 41378
[  151.1500] open fd = -5
[  151.1659] open name host:/livepad.bin flag 1 data 41378
[  151.1675] open fd = -5
[  151.1838] open name host:/livepad.bin flag 1 data 41378
[  151.1853] open fd = -5
[  151.2023] open name host:/livepad.bin flag 1 data 41378
[  151.2036] open fd = -5
[  151.2210] open name host:/livepad.bin flag 1 data 41378
[  151.2223] open fd = -5
[  151.2388] open name host:/livepad.bin flag 1 data 41378
[  151.2403] open fd = -5
[  151.2580] open name host:/livepad.bin flag 1 data 41378
[  151.2593] open fd = -5
[  151.2597] open name host:/livedbg.cmd flag 1 data 41378
[  151.2606] open fd = -5
[  151.2780] open name host:/livepad.bin flag 1 data 41378
[  151.2793] open fd = -5
[  151.2954] open name host:/livepad.bin flag 1 data 41378
[  151.2970] open fd = -5
[  151.3136] open name host:/livepad.bin flag 1 data 41378
[  151.3149] open fd = -5
[  151.3317] open name host:/livepad.bin flag 1 data 41378
[  151.3331] open fd = -5
[  151.3513] open name host:/livepad.bin flag 1 data 41378
[  151.3527] open fd = -5
[  151.3690] open name host:/livepad.bin flag 1 data 41378
[  151.3710] open fd = -5
[  151.3713] open name host:/livedbg.cmd flag 1 data 41378
[  151.3729] open fd = -5
[  151.3911] open name host:/livepad.bin flag 1 data 41378
[  151.3927] open fd = -5
[  151.4120] open name host:/livepad.bin flag 1 data 41378
[  151.4133] open fd = -5
[  151.4312] open name host:/livepad.bin flag 1 data 41378
[  151.4326] open fd = -5
[  151.4518] open name host:/livepad.bin flag 1 data 41378
[  151.4531] open fd = -5
[  151.4720] open name host:/livepad.bin flag 1 data 41378
[  151.4732] open fd = -5
[  151.4932] open name host:/livepad.bin flag 1 data 41378
[  151.4946] open fd = -5
[  151.4949] open name host:/livedbg.cmd flag 1 data 41378
[  151.4960] open fd = -5
[  151.5137] open name host:/livepad.bin flag 1 data 41378
[  151.5150] open fd = -5
[  151.5314] open name host:/livepad.bin flag 1 data 41378
[  151.5328] open fd = -5
[  151.5333] open name host:/log.txt flag 302 data 41378
[  151.5349] open fd = 256
[  151.5520] open name host:/livepad.bin flag 1 data 41378
[  151.5532] open fd = -5
[  151.5699] open name host:/livepad.bin flag 1 data 41378
[  151.5710] open fd = -5
[  151.5881] open name host:/livepad.bin flag 1 data 41378
[  151.5894] open fd = -5
[  151.6059] open name host:/livepad.bin flag 1 data 41378
[  151.6073] open fd = -5
[  151.6077] open name host:/livedbg.cmd flag 1 data 41378
[  151.6086] open fd = -5
[  151.6268] open name host:/livepad.bin flag 1 data 41378
[  151.6281] open fd = -5
[  151.6449] open name host:/livepad.bin flag 1 data 41378
[  151.6462] open fd = -5
[  151.6653] open name host:/livepad.bin flag 1 data 41378
[  151.6668] open fd = -5
[  151.6830] open name host:/livepad.bin flag 1 data 41378
[  151.6843] open fd = -5
[  151.7014] open name host:/livepad.bin flag 1 data 41378
[  151.7028] open fd = -5
[  151.7206] open name host:/livepad.bin flag 1 data 41378
[  151.7220] open fd = -5
[  151.7224] open name host:/livedbg.cmd flag 1 data 41378
[  151.7236] open fd = -5
[  151.7410] open name host:/livepad.bin flag 1 data 41378
[  151.7424] open fd = -5
[  151.7607] open name host:/livepad.bin flag 1 data 41378
[  151.7621] open fd = -5
[  151.7794] open name host:/livepad.bin flag 1 data 41378
[  151.7808] open fd = -5
[  151.7979] open name host:/livepad.bin flag 1 data 41378
[  151.7994] open fd = -5
[  151.8192] open name host:/livepad.bin flag 1 data 41378
[  151.8209] open fd = -5
[  151.8400] open name host:/livepad.bin flag 1 data 41378
[  151.8414] open fd = -5
[  151.8417] open name host:/livedbg.cmd flag 1 data 41378
[  151.8429] open fd = -5
[  151.8607] open name host:/livepad.bin flag 1 data 41378
[  151.8620] open fd = -5
[  151.8796] open name host:/livepad.bin flag 1 data 41378
[  151.8809] open fd = -5
[  151.8984] open name host:/livepad.bin flag 1 data 41378
[  151.8997] open fd = -5
[  151.9169] open name host:/livepad.bin flag 1 data 41378
[  151.9184] open fd = -5
[  151.9352] open name host:/livepad.bin flag 1 data 41378
[  151.9364] open fd = -5
[  151.9534] open name host:/livepad.bin flag 1 data 41378
[  151.9547] open fd = -5
[  151.9551] open name host:/livedbg.cmd flag 1 data 41378
[  151.9565] open fd = -5
[  151.9735] open name host:/livepad.bin flag 1 data 41378
[  151.9751] open fd = -5
[  151.9915] open name host:/livepad.bin flag 1 data 41378
[  151.9929] open fd = -5
[  152.0125] open name host:/livepad.bin flag 1 data 41378
[  152.0138] open fd = -5
[  152.0144] open name host:/log.txt flag 302 data 41378
[  152.0160] open fd = 256
[  152.0371] open name host:/livepad.bin flag 1 data 41378
[  152.0386] open fd = -5
[  152.0567] open name host:/livepad.bin flag 1 data 41378
[  152.0582] open fd = -5
[  152.0606] open name host:/log.txt flag 302 data 41378
[  152.0624] open fd = 256
[  152.0797] open name host:/livepad.bin flag 1 data 41378
[  152.0810] open fd = -5
[  152.0813] open name host:/livedbg.cmd flag 1 data 41378
[  152.0823] open fd = -5
[  152.0993] open name host:/livepad.bin flag 1 data 41378
[  152.1005] open fd = -5
[  152.1183] open name host:/livepad.bin flag 1 data 41378
[  152.1195] open fd = -5
[  152.1360] open name host:/livepad.bin flag 1 data 41378
[  152.1372] open fd = -5
[  152.1546] open name host:/livepad.bin flag 1 data 41378
[  152.1560] open fd = -5
[  152.1724] open name host:/livepad.bin flag 1 data 41378
[  152.1738] open fd = -5
[  152.1903] open name host:/livepad.bin flag 1 data 41378
[  152.1917] open fd = -5
[  152.1921] open name host:/livedbg.cmd flag 1 data 41378
[  152.1930] open fd = -5
[  152.2123] open name host:/livepad.bin flag 1 data 41378
[  152.2135] open fd = -5
[  152.2295] open name host:/livepad.bin flag 1 data 41378
[  152.2309] open fd = -5
[  152.2489] open name host:/livepad.bin flag 1 data 41378
[  152.2503] open fd = -5
[  152.2672] open name host:/livepad.bin flag 1 data 41378
[  152.2684] open fd = -5
[  152.2871] open name host:/livepad.bin flag 1 data 41378
[  152.2884] open fd = -5
[  152.3063] open name host:/livepad.bin flag 1 data 41378
[  152.3077] open fd = -5
[  152.3080] open name host:/livedbg.cmd flag 1 data 41378
[  152.3091] open fd = -5
[  152.3248] open name host:/livepad.bin flag 1 data 41378
[  152.3260] open fd = -5
[  152.3434] open name host:/livepad.bin flag 1 data 41378
[  152.3448] open fd = -5
[  152.3620] FRAMEARENA frames=7440 peak=1045072 resets=7 fallbacks=0 maxFrameBytes=2731360 maxBorrowed=2028560 freeKiB=10908
[  152.3622] NATIVEVIF frames=7440 batches=7447
[  152.3625] ORDEREDFRAME frames=7440 splitFrames=5
[  152.3627] FRAMEPIPELINE starts=7440 dmaBusyStarts=48
[  152.3628] open name host:/livepad.bin flag 1 data 41378
[  152.3640] open fd = -5
[  152.3811] open name host:/livepad.bin flag 1 data 41378
[  152.3825] open fd = -5
[  152.4007] open name host:/livepad.bin flag 1 data 41378
[  152.4020] open fd = -5
[  152.4196] open name host:/livepad.bin flag 1 data 41378
[  152.4211] open fd = -5
[  152.4213] open name host:/livedbg.cmd flag 1 data 41378
[  152.4223] open fd = -5
[  152.4402] open name host:/livepad.bin flag 1 data 41378
[  152.4417] open fd = -5
[  152.4582] open name host:/livepad.bin flag 1 data 41378
[  152.4597] open fd = -5
[  152.4772] open name host:/livepad.bin flag 1 data 41378
[  152.4786] open fd = -5
[  152.4960] open name host:/livepad.bin flag 1 data 41378
[  152.4975] open fd = -5
[  152.4982] open name host:/log.txt flag 302 data 41378
[  152.5001] open fd = 256
[  152.5191] open name host:/livepad.bin flag 1 data 41378
[  152.5203] open fd = -5
[  152.5377] open name host:/livepad.bin flag 1 data 41378
[  152.5392] open fd = -5
[  152.5395] open name host:/livedbg.cmd flag 1 data 41378
[  152.5405] open fd = -5
[  152.5570] open name host:/livepad.bin flag 1 data 41378
[  152.5582] open fd = -5
[  152.5744] open name host:/livepad.bin flag 1 data 41378
[  152.5757] open fd = -5
[  152.5922] open name host:/livepad.bin flag 1 data 41378
[  152.5934] open fd = -5
[  152.6103] open name host:/livepad.bin flag 1 data 41378
[  152.6117] open fd = -5
[  152.6130] open name host:/log.txt flag 302 data 41378
[  152.6146] open fd = 256
[  152.6320] open name host:/livepad.bin flag 1 data 41378
[  152.6332] open fd = -5
[  152.6499] open name host:/livepad.bin flag 1 data 41378
[  152.6515] open fd = -5
[  152.6519] open name host:/livedbg.cmd flag 1 data 41378
[  152.6529] open fd = -5
[  152.6686] open name host:/livepad.bin flag 1 data 41378
[  152.6700] open fd = -5
[  152.6870] open name host:/livepad.bin flag 1 data 41378
[  152.6883] open fd = -5
[  152.7054] open name host:/livepad.bin flag 1 data 41378
[  152.7066] open fd = -5
[  152.7259] open name host:/livepad.bin flag 1 data 41378
[  152.7272] open fd = -5
[  152.7440] open name host:/livepad.bin flag 1 data 41378
[  152.7453] open fd = -5
[  152.7625] open name host:/livepad.bin flag 1 data 41378
[  152.7636] open fd = -5
[  152.7639] open name host:/livedbg.cmd flag 1 data 41378
[  152.7649] open fd = -5
[  152.7827] open name host:/livepad.bin flag 1 data 41378
[  152.7841] open fd = -5
[  152.8014] open name host:/livepad.bin flag 1 data 41378
[  152.8028] open fd = -5
[  152.8204] open name host:/livepad.bin flag 1 data 41378
[  152.8217] open fd = -5
[  152.8391] open name host:/livepad.bin flag 1 data 41378
[  152.8404] open fd = -5
[  152.8584] open name host:/livepad.bin flag 1 data 41378
[  152.8598] open fd = -5
[  152.8768] open name host:/livepad.bin flag 1 data 41378
[  152.8781] open fd = -5
[  152.8784] open name host:/livedbg.cmd flag 1 data 41378
[  152.8793] open fd = -5
[  152.8968] open name host:/livepad.bin flag 1 data 41378
[  152.8983] open fd = -5
[  152.9146] open name host:/livepad.bin flag 1 data 41378
[  152.9158] open fd = -5
[  152.9327] open name host:/livepad.bin flag 1 data 41378
[  152.9339] open fd = -5
[  152.9518] open name host:/livepad.bin flag 1 data 41378
[  152.9530] open fd = -5
[  152.9694] open name host:/livepad.bin flag 1 data 41378
[  152.9706] open fd = -5
[  152.9713] open name host:/log.txt flag 302 data 41378
[  152.9729] open fd = 256
[  152.9919] open name host:/livepad.bin flag 1 data 41378
[  152.9932] open fd = -5
[  152.9934] open name host:/livedbg.cmd flag 1 data 41378
[  152.9944] open fd = -5
[  153.0108] open name host:/livepad.bin flag 1 data 41378
[  153.0122] open fd = -5
[  153.0148] open name host:/log.txt flag 302 data 41378
[  153.0167] open fd = 256
[  153.0340] open name host:/livepad.bin flag 1 data 41378
[  153.0353] open fd = -5
[  153.0524] open name host:/livepad.bin flag 1 data 41378
[  153.0537] open fd = -5
[  153.0708] open name host:/livepad.bin flag 1 data 41378
[  153.0721] open fd = -5
[  153.0892] open name host:/livepad.bin flag 1 data 41378
[  153.0906] open fd = -5
[  153.1077] open name host:/livepad.bin flag 1 data 41378
[  153.1094] open fd = -5
[  153.1097] open name host:/livedbg.cmd flag 1 data 41378
[  153.1109] open fd = -5
[  153.1300] open name host:/livepad.bin flag 1 data 41378
[  153.1316] open fd = -5
[  153.1496] open name host:/livepad.bin flag 1 data 41378
[  153.1510] open fd = -5
[  153.1700] open name host:/livepad.bin flag 1 data 41378
[  153.1716] open fd = -5
[  153.1903] open name host:/livepad.bin flag 1 data 41378
[  153.1921] open fd = -5
[  153.2087] open name host:/livepad.bin flag 1 data 41378
[  153.2102] open fd = -5
[  153.2274] open name host:/livepad.bin flag 1 data 41378
[  153.2290] open fd = -5
[  153.2294] open name host:/livedbg.cmd flag 1 data 41378
[  153.2306] open fd = -5
[  153.2494] open name host:/livepad.bin flag 1 data 41378
[  153.2508] open fd = -5
[  153.2672] open name host:/livepad.bin flag 1 data 41378
[  153.2686] open fd = -5
[  153.2851] open name host:/livepad.bin flag 1 data 41378
[  153.2865] open fd = -5
[  153.3028] open name host:/livepad.bin flag 1 data 41378
[  153.3042] open fd = -5
[  153.3208] open name host:/livepad.bin flag 1 data 41378
[  153.3221] open fd = -5
[  153.3392] open name host:/livepad.bin flag 1 data 41378
[  153.3408] open fd = -5
[  153.3410] open name host:/livedbg.cmd flag 1 data 41378
[  153.3425] open fd = -5
[  153.3616] open name host:/livepad.bin flag 1 data 41378
[  153.3629] open fd = -5
[  153.3796] open name host:/livepad.bin flag 1 data 41378
[  153.3813] open fd = -5
[  153.3999] open name host:/livepad.bin flag 1 data 41378
[  153.4017] open fd = -5
[  153.4211] open name host:/livepad.bin flag 1 data 41378
[  153.4229] open fd = -5
[  153.4407] open name host:/livepad.bin flag 1 data 41378
[  153.4424] open fd = -5
[  153.4595] open name host:/livepad.bin flag 1 data 41378
[  153.4612] open fd = -5
[  153.4617] open name host:/livedbg.cmd flag 1 data 41378
[  153.4629] open fd = -5
[  153.4633] open name host:/log.txt flag 302 data 41378
[  153.4650] open fd = 256
[  153.4843] open name host:/livepad.bin flag 1 data 41378
[  153.4860] open fd = -5
[  153.5034] open name host:/livepad.bin flag 1 data 41378
[  153.5048] open fd = -5
[  153.5207] open name host:/livepad.bin flag 1 data 41378
[  153.5221] open fd = -5
[  153.5393] open name host:/livepad.bin flag 1 data 41378
[  153.5407] open fd = -5
[  153.5582] open name host:/livepad.bin flag 1 data 41378
[  153.5594] open fd = -5
[  153.5763] open name host:/livepad.bin flag 1 data 41378
[  153.5775] open fd = -5
[  153.5778] open name host:/livedbg.cmd flag 1 data 41378
[  153.5788] open fd = -5
[  153.5977] open name host:/livepad.bin flag 1 data 41378
[  153.5995] open fd = -5
[  153.6203] open name host:/livepad.bin flag 1 data 41378
[  153.6219] open fd = -5
[  153.6404] open name host:/livepad.bin flag 1 data 41378
[  153.6419] open fd = -5
[  153.6607] open name host:/livepad.bin flag 1 data 41378
[  153.6620] open fd = -5
[  153.6826] open name host:/livepad.bin flag 1 data 41378
[  153.6840] open fd = -5
[  153.7017] open name host:/livepad.bin flag 1 data 41378
[  153.7031] open fd = -5
[  153.7035] open name host:/livedbg.cmd flag 1 data 41378
[  153.7045] open fd = -5
[  153.7234] open name host:/livepad.bin flag 1 data 41378
[  153.7251] open fd = -5
[  153.7432] open name host:/livepad.bin flag 1 data 41378
[  153.7448] open fd = -5
[  153.7627] open name host:/livepad.bin flag 1 data 41378
[  153.7640] open fd = -5
[  153.7809] open name host:/livepad.bin flag 1 data 41378
[  153.7822] open fd = -5
[  153.7998] open name host:/livepad.bin flag 1 data 41378
[  153.8012] open fd = -5
[  153.8186] open name host:/livepad.bin flag 1 data 41378
[  153.8199] open fd = -5
[  153.8202] open name host:/livedbg.cmd flag 1 data 41378
[  153.8212] open fd = -5
[  153.8384] open name host:/livepad.bin flag 1 data 41378
[  153.8398] open fd = -5
[  153.8573] open name host:/livepad.bin flag 1 data 41378
[  153.8593] open fd = -5
[  153.8790] open name host:/livepad.bin flag 1 data 41378
[  153.8807] open fd = -5
[  153.9014] open name host:/livepad.bin flag 1 data 41378
[  153.9028] open fd = -5
[  153.9213] open name host:/livepad.bin flag 1 data 41378
[  153.9229] open fd = -5
[  153.9424] open name host:/livepad.bin flag 1 data 41378
[  153.9440] open fd = -5
[  153.9444] open name host:/livedbg.cmd flag 1 data 41378
[  153.9456] open fd = -5
[  153.9628] open name host:/livepad.bin flag 1 data 41378
[  153.9641] open fd = -5
[  153.9645] open name host:/log.txt flag 302 data 41378
[  153.9664] open fd = 256
[  153.9849] open name host:/livepad.bin flag 1 data 41378
[  153.9866] open fd = -5
[  154.0044] open name host:/livepad.bin flag 1 data 41378
[  154.0057] open fd = -5
[  154.0079] open name host:/log.txt flag 302 data 41378
[  154.0105] open fd = 256
[  154.0264] open name host:/livepad.bin flag 1 data 41378
[  154.0277] open fd = -5
[  154.0458] open name host:/livepad.bin flag 1 data 41378
[  154.0471] open fd = -5
[  154.0644] open name host:/livepad.bin flag 1 data 41378
[  154.0655] open fd = -5
[  154.0661] open name host:/livedbg.cmd flag 1 data 41378
[  154.0673] open fd = -5
[  154.0835] open name host:/livepad.bin flag 1 data 41378
[  154.0849] open fd = -5
[  154.1009] open name host:/livepad.bin flag 1 data 41378
[  154.1020] open fd = -5
[  154.1204] open name host:/livepad.bin flag 1 data 41378
[  154.1224] open fd = -5
[  154.1421] open name host:/livepad.bin flag 1 data 41378
[  154.1440] open fd = -5
[  154.1623] open name host:/livepad.bin flag 1 data 41378
[  154.1636] open fd = -5
[  154.1805] open name host:/livepad.bin flag 1 data 41378
[  154.1818] open fd = -5
[  154.1821] open name host:/livedbg.cmd flag 1 data 41378
[  154.1833] open fd = -5
[  154.2015] open name host:/livepad.bin flag 1 data 41378
[  154.2028] open fd = -5
[  154.2213] open name host:/livepad.bin flag 1 data 41378
[  154.2229] open fd = -5
[  154.2397] open name host:/livepad.bin flag 1 data 41378
[  154.2412] open fd = -5
[  154.2603] open name host:/livepad.bin flag 1 data 41378
[  154.2618] open fd = -5
[  154.2787] open name host:/livepad.bin flag 1 data 41378
[  154.2801] open fd = -5
[  154.2974] open name host:/livepad.bin flag 1 data 41378
[  154.2985] open fd = -5
[  154.2988] open name host:/livedbg.cmd flag 1 data 41378
[  154.2997] open fd = -5
[  154.3161] open name host:/livepad.bin flag 1 data 41378
[  154.3174] open fd = -5
[  154.3334] open name host:/livepad.bin flag 1 data 41378
[  154.3345] open fd = -5
[  154.3511] open name host:/livepad.bin flag 1 data 41378
[  154.3524] open fd = -5
[  154.3680] open name host:/livepad.bin flag 1 data 41378
[  154.3693] open fd = -5
[  154.3870] open name host:/livepad.bin flag 1 data 41378
[  154.3889] open fd = -5
[  154.4061] open name host:/livepad.bin flag 1 data 41378
[  154.4077] open fd = -5
[  154.4082] open name host:/livedbg.cmd flag 1 data 41378
[  154.4093] open fd = -5
[  154.4268] open name host:/livepad.bin flag 1 data 41378
[  154.4285] open fd = -5
[  154.4458] open name host:/livepad.bin flag 1 data 41378
[  154.4477] open fd = -5
[  154.4483] open name host:/log.txt flag 302 data 41378
[  154.4503] open fd = 256
[  154.4699] open name host:/livepad.bin flag 1 data 41378
[  154.4715] open fd = -5
[  154.4903] open name host:/livepad.bin flag 1 data 41378
[  154.4921] open fd = -5
[  154.5102] open name host:/livepad.bin flag 1 data 41378
[  154.5119] open fd = -5
[  154.5291] open name host:/livepad.bin flag 1 data 41378
[  154.5307] open fd = -5
[  154.5309] open name host:/livedbg.cmd flag 1 data 41378
[  154.5320] open fd = -5
[  154.5483] open name host:/livepad.bin flag 1 data 41378
[  154.5496] open fd = -5
[  154.5671] open name host:/livepad.bin flag 1 data 41378
[  154.5685] open fd = -5
[  154.5851] open name host:/livepad.bin flag 1 data 41378
[  154.5864] open fd = -5
[  154.6025] open name host:/livepad.bin flag 1 data 41378
[  154.6038] open fd = -5
[  154.6200] open name host:/livepad.bin flag 1 data 41378
[  154.6214] open fd = -5
[  154.6380] open name host:/livepad.bin flag 1 data 41378
[  154.6393] open fd = -5
[  154.6397] open name host:/livedbg.cmd flag 1 data 41378
[  154.6407] open fd = -5
[  154.6573] open name host:/livepad.bin flag 1 data 41378
[  154.6586] open fd = -5
[  154.6750] open name host:/livepad.bin flag 1 data 41378
[  154.6763] open fd = -5
[  154.6940] FRAMEARENA frames=7560 peak=1045072 resets=7 fallbacks=0 maxFrameBytes=2731360 maxBorrowed=2028560 freeKiB=10908
[  154.6942] NATIVEVIF frames=7560 batches=7567
[  154.6944] ORDEREDFRAME frames=7560 splitFrames=5
[  154.6945] FRAMEPIPELINE starts=7560 dmaBusyStarts=48
[  154.6946] open name host:/livepad.bin flag 1 data 41378
[  154.6959] open fd = -5
[  154.7133] open name host:/livepad.bin flag 1 data 41378
[  154.7148] open fd = -5
[  154.7316] open name host:/livepad.bin flag 1 data 41378
[  154.7330] open fd = -5
[  154.7514] open name host:/livepad.bin flag 1 data 41378
[  154.7529] open fd = -5
[  154.7532] open name host:/livedbg.cmd flag 1 data 41378
[  154.7543] open fd = -5
[  154.7720] open name host:/livepad.bin flag 1 data 41378
[  154.7734] open fd = -5
[  154.7906] open name host:/livepad.bin flag 1 data 41378
[  154.7922] open fd = -5
[  154.8089] open name host:/livepad.bin flag 1 data 41378
[  154.8106] open fd = -5
[  154.8288] open name host:/livepad.bin flag 1 data 41378
[  154.8305] open fd = -5
[  154.8488] open name host:/livepad.bin flag 1 data 41378
[  154.8501] open fd = -5
[  154.8663] open name host:/livepad.bin flag 1 data 41378
[  154.8679] open fd = -5
[  154.8681] open name host:/livedbg.cmd flag 1 data 41378
[  154.8693] open fd = -5
[  154.8858] open name host:/livepad.bin flag 1 data 41378
[  154.8872] open fd = -5
[  154.9044] open name host:/livepad.bin flag 1 data 41378
[  154.9058] open fd = -5
[  154.9230] open name host:/livepad.bin flag 1 data 41378
[  154.9245] open fd = -5
[  154.9251] open name host:/log.txt flag 302 data 41378
[  154.9268] open fd = 256
[  154.9438] open name host:/livepad.bin flag 1 data 41378
[  154.9451] open fd = -5
[  154.9621] open name host:/livepad.bin flag 1 data 41378
[  154.9634] open fd = -5
[  154.9656] open name host:/log.txt flag 302 data 41378
[  154.9674] open fd = 256
[  154.9836] open name host:/livepad.bin flag 1 data 41378
[  154.9849] open fd = -5
[  154.9852] open name host:/livedbg.cmd flag 1 data 41378
[  154.9862] open fd = -5
[  155.0056] open name host:/livepad.bin flag 1 data 41378
[  155.0071] open fd = -5
[  155.0240] open name host:/livepad.bin flag 1 data 41378
[  155.0255] open fd = -5
[  155.0427] open name host:/livepad.bin flag 1 data 41378
[  155.0445] open fd = -5
[  155.0620] open name host:/livepad.bin flag 1 data 41378
[  155.0637] open fd = -5
[  155.0803] open name host:/livepad.bin flag 1 data 41378
[  155.0821] open fd = -5
[  155.0988] open name host:/livepad.bin flag 1 data 41378
[  155.1005] open fd = -5
[  155.1008] open name host:/livedbg.cmd flag 1 data 41378
[  155.1020] open fd = -5
[  155.1206] open name host:/livepad.bin flag 1 data 41378
[  155.1227] open fd = -5
[  155.1398] open name host:/livepad.bin flag 1 data 41378
[  155.1413] open fd = -5
[  155.1586] open name host:/livepad.bin flag 1 data 41378
[  155.1603] open fd = -5
[  155.1767] open name host:/livepad.bin flag 1 data 41378
[  155.1782] open fd = -5
[  155.1952] open name host:/livepad.bin flag 1 data 41378
[  155.1969] open fd = -5
[  155.2127] open name host:/livepad.bin flag 1 data 41378
[  155.2141] open fd = -5
[  155.2145] open name host:/livedbg.cmd flag 1 data 41378
[  155.2156] open fd = -5
[  155.2316] open name host:/livepad.bin flag 1 data 41378
[  155.2327] open fd = -5
[  155.2484] open name host:/livepad.bin flag 1 data 41378
[  155.2498] open fd = -5
[  155.2663] open name host:/livepad.bin flag 1 data 41378
[  155.2679] open fd = -5
[  155.2849] open name host:/livepad.bin flag 1 data 41378
[  155.2861] open fd = -5
[  155.3027] open name host:/livepad.bin flag 1 data 41378
[  155.3040] open fd = -5
[  155.3202] open name host:/livepad.bin flag 1 data 41378
[  155.3217] open fd = -5
[  155.3221] open name host:/livedbg.cmd flag 1 data 41378
[  155.3232] open fd = -5
[  155.3418] open name host:/livepad.bin flag 1 data 41378
[  155.3430] open fd = -5
[  155.3604] open name host:/livepad.bin flag 1 data 41378
[  155.3618] open fd = -5
[  155.3797] open name host:/livepad.bin flag 1 data 41378
[  155.3815] open fd = -5
[  155.4003] open name host:/livepad.bin flag 1 data 41378
[  155.4021] open fd = -5
[  155.4026] open name host:/log.txt flag 302 data 41378
[  155.4045] open fd = 256
[  155.4236] open name host:/livepad.bin flag 1 data 41378
[  155.4253] open fd = -5
[  155.4428] open name host:/livepad.bin flag 1 data 41378
[  155.4444] open fd = -5
[  155.4447] open name host:/livedbg.cmd flag 1 data 41378
[  155.4460] open fd = -5
[  155.4636] open name host:/livepad.bin flag 1 data 41378
[  155.4651] open fd = -5
[  155.4827] open name host:/livepad.bin flag 1 data 41378
[  155.4843] open fd = -5
[  155.5013] open name host:/livepad.bin flag 1 data 41378
[  155.5029] open fd = -5
[  155.5194] open name host:/livepad.bin flag 1 data 41378
[  155.5211] open fd = -5
[  155.5228] open name host:/log.txt flag 302 data 41378
[  155.5245] open fd = 256
[  155.5434] open name host:/livepad.bin flag 1 data 41378
[  155.5446] open fd = -5
[  155.5610] open name host:/livepad.bin flag 1 data 41378
[  155.5621] open fd = -5
[  155.5624] open name host:/livedbg.cmd flag 1 data 41378
[  155.5634] open fd = -5
[  155.5796] open name host:/livepad.bin flag 1 data 41378
[  155.5809] open fd = -5
[  155.5970] open name host:/livepad.bin flag 1 data 41378
[  155.5981] open fd = -5
[  155.6144] open name host:/livepad.bin flag 1 data 41378
[  155.6157] open fd = -5
[  155.6321] open name host:/livepad.bin flag 1 data 41378
[  155.6332] open fd = -5
[  155.6506] open name host:/livepad.bin flag 1 data 41378
[  155.6519] open fd = -5
[  155.6696] open name host:/livepad.bin flag 1 data 41378
[  155.6707] open fd = -5
[  155.6710] open name host:/livedbg.cmd flag 1 data 41378
[  155.6720] open fd = -5
[  155.6881] open name host:/livepad.bin flag 1 data 41378
[  155.6898] open fd = -5
[  155.7075] open name host:/livepad.bin flag 1 data 41378
[  155.7090] open fd = -5
[  155.7266] open name host:/livepad.bin flag 1 data 41378
[  155.7285] open fd = -5
[  155.7496] open name host:/livepad.bin flag 1 data 41378
[  155.7514] open fd = -5
[  155.7712] open name host:/livepad.bin flag 1 data 41378
[  155.7729] open fd = -5
[  155.7943] open name host:/livepad.bin flag 1 data 41378
[  155.7959] open fd = -5
[  155.7964] open name host:/livedbg.cmd flag 1 data 41378
[  155.7975] open fd = -5
[  155.8167] open name host:/livepad.bin flag 1 data 41378
[  155.8187] open fd = -5
[  155.8375] open name host:/livepad.bin flag 1 data 41378
[  155.8393] open fd = -5
[  155.8570] open name host:/livepad.bin flag 1 data 41378
[  155.8586] open fd = -5
[  155.8754] open name host:/livepad.bin flag 1 data 41378
[  155.8768] open fd = -5
[  155.8929] open name host:/livepad.bin flag 1 data 41378
[  155.8943] open fd = -5
[  155.8948] open name host:/log.txt flag 302 data 41378
[  155.8966] open fd = 256
[  155.9146] open name host:/livepad.bin flag 1 data 41378
[  155.9159] open fd = -5
[  155.9162] open name host:/livedbg.cmd flag 1 data 41378
[  155.9173] open fd = -5
[  155.9347] open name host:/livepad.bin flag 1 data 41378
[  155.9361] open fd = -5
[  155.9387] open name host:/log.txt flag 302 data 41378
[  155.9405] open fd = 256
[  155.9563] open name host:/livepad.bin flag 1 data 41378
[  155.9577] open fd = -5
[  155.9747] open name host:/livepad.bin flag 1 data 41378
[  155.9761] open fd = -5
[  155.9933] open name host:/livepad.bin flag 1 data 41378
[  155.9945] open fd = -5
[  156.0134] open name host:/livepad.bin flag 1 data 41378
[  156.0147] open fd = -5
[  156.0325] open name host:/livepad.bin flag 1 data 41378
[  156.0337] open fd = -5
[  156.0340] open name host:/livedbg.cmd flag 1 data 41378
[  156.0351] open fd = -5
[  156.0513] open name host:/livepad.bin flag 1 data 41378
[  156.0526] open fd = -5
[  156.0709] open name host:/livepad.bin flag 1 data 41378
[  156.0722] open fd = -5
[  156.0895] open name host:/livepad.bin flag 1 data 41378
[  156.0915] open fd = -5
[  156.1099] open name host:/livepad.bin flag 1 data 41378
[  156.1115] open fd = -5
[  156.1286] open name host:/livepad.bin flag 1 data 41378
[  156.1302] open fd = -5
[  156.1464] open name host:/livepad.bin flag 1 data 41378
[  156.1478] open fd = -5
[  156.1481] open name host:/livedbg.cmd flag 1 data 41378
[  156.1495] open fd = -5
[  156.1657] open name host:/livepad.bin flag 1 data 41378
[  156.1673] open fd = -5
[  156.1842] open name host:/livepad.bin flag 1 data 41378
[  156.1856] open fd = -5
[  156.2022] open name host:/livepad.bin flag 1 data 41378
[  156.2038] open fd = -5
[  156.2203] open name host:/livepad.bin flag 1 data 41378
[  156.2219] open fd = -5
[  156.2380] open name host:/livepad.bin flag 1 data 41378
[  156.2401] open fd = -5
[  156.2577] open name host:/livepad.bin flag 1 data 41378
[  156.2594] open fd = -5
[  156.2597] open name host:/livedbg.cmd flag 1 data 41378
[  156.2611] open fd = -5
[  156.2770] open name host:/livepad.bin flag 1 data 41378
[  156.2788] open fd = -5
[  156.2955] open name host:/livepad.bin flag 1 data 41378
[  156.2974] open fd = -5
[  156.3133] open name host:/livepad.bin flag 1 data 41378
[  156.3147] open fd = -5
[  156.3311] open name host:/livepad.bin flag 1 data 41378
[  156.3323] open fd = -5
[  156.3489] open name host:/livepad.bin flag 1 data 41378
[  156.3503] open fd = -5
[  156.3684] open name host:/livepad.bin flag 1 data 41378
[  156.3696] open fd = -5
[  156.3700] open name host:/livedbg.cmd flag 1 data 41378
[  156.3712] open fd = -5
[  156.3716] open name host:/log.txt flag 302 data 41378
[  156.3732] open fd = 256
[  156.3923] open name host:/livepad.bin flag 1 data 41378
[  156.3939] open fd = -5
[  156.4157] open name host:/livepad.bin flag 1 data 41378
[  156.4178] open fd = -5
[  156.4388] open name host:/livepad.bin flag 1 data 41378
[  156.4407] open fd = -5
[  156.4615] open name host:/livepad.bin flag 1 data 41378
[  156.4635] open fd = -5
[  156.4824] open name host:/livepad.bin flag 1 data 41378
[  156.4838] open fd = -5
[  156.5007] open name host:/livepad.bin flag 1 data 41378
[  156.5024] open fd = -5
[  156.5027] open name host:/livedbg.cmd flag 1 data 41378
[  156.5038] open fd = -5
[  156.5206] open name host:/livepad.bin flag 1 data 41378
[  156.5221] open fd = -5
[  156.5386] open name host:/livepad.bin flag 1 data 41378
[  156.5404] open fd = -5
[  156.5564] open name host:/livepad.bin flag 1 data 41378
[  156.5579] open fd = -5
[  156.5751] open name host:/livepad.bin flag 1 data 41378
[  156.5764] open fd = -5
[  156.5931] open name host:/livepad.bin flag 1 data 41378
[  156.5945] open fd = -5
[  156.6114] open name host:/livepad.bin flag 1 data 41378
[  156.6126] open fd = -5
[  156.6128] open name host:/livedbg.cmd flag 1 data 41378
[  156.6139] open fd = -5
[  156.6305] open name host:/livepad.bin flag 1 data 41378
[  156.6318] open fd = -5
[  156.6476] open name host:/livepad.bin flag 1 data 41378
[  156.6490] open fd = -5
[  156.6669] open name host:/livepad.bin flag 1 data 41378
[  156.6685] open fd = -5
[  156.6867] open name host:/livepad.bin flag 1 data 41378
[  156.6881] open fd = -5
[  156.7056] open name host:/livepad.bin flag 1 data 41378
[  156.7070] open fd = -5
[  156.7248] open name host:/livepad.bin flag 1 data 41378
[  156.7261] open fd = -5
[  156.7266] open name host:/livedbg.cmd flag 1 data 41378
[  156.7275] open fd = -5
[  156.7458] open name host:/livepad.bin flag 1 data 41378
[  156.7472] open fd = -5
[  156.7651] open name host:/livepad.bin flag 1 data 41378
[  156.7663] open fd = -5
[  156.7831] open name host:/livepad.bin flag 1 data 41378
[  156.7844] open fd = -5
[  156.8025] open name host:/livepad.bin flag 1 data 41378
[  156.8038] open fd = -5
[  156.8216] open name host:/livepad.bin flag 1 data 41378
[  156.8230] open fd = -5
[  156.8402] open name host:/livepad.bin flag 1 data 41378
[  156.8417] open fd = -5
[  156.8420] open name host:/livedbg.cmd flag 1 data 41378
[  156.8430] open fd = -5
[  156.8595] open name host:/livepad.bin flag 1 data 41378
[  156.8610] open fd = -5
[  156.8616] open name host:/log.txt flag 302 data 41378
[  156.8633] open fd = 256
[  156.8826] open name host:/livepad.bin flag 1 data 41378
[  156.8842] open fd = -5
[  156.9029] open name host:/livepad.bin flag 1 data 41378
[  156.9042] open fd = -5
[  156.9066] open name host:/log.txt flag 302 data 41378
[  156.9085] open fd = 256
[  156.9265] open name host:/livepad.bin flag 1 data 41378
[  156.9285] open fd = -5
[  156.9488] open name host:/livepad.bin flag 1 data 41378
[  156.9506] open fd = -5
[  156.9698] open name host:/livepad.bin flag 1 data 41378
[  156.9713] open fd = -5
[  156.9715] open name host:/livedbg.cmd flag 1 data 41378
[  156.9728] open fd = -5
[  156.9887] open name host:/livepad.bin flag 1 data 41378
[  156.9900] open fd = -5
[  157.0064] open name host:/livepad.bin flag 1 data 41378
[  157.0078] open fd = -5
[  157.0251] FRAMEARENA frames=7680 peak=1045072 resets=7 fallbacks=0 maxFrameBytes=2731360 maxBorrowed=2028560 freeKiB=10908
[  157.0253] NATIVEVIF frames=7680 batches=7687
[  157.0255] ORDEREDFRAME frames=7680 splitFrames=5
[  157.0257] FRAMEPIPELINE starts=7680 dmaBusyStarts=48
[  157.0258] open name host:/livepad.bin flag 1 data 41378
[  157.0271] open fd = -5
[  157.0440] open name host:/livepad.bin flag 1 data 41378
[  157.0451] open fd = -5
[  157.0617] open name host:/livepad.bin flag 1 data 41378
[  157.0630] open fd = -5
[  157.0829] open name host:/livepad.bin flag 1 data 41378
[  157.0843] open fd = -5
[  157.0846] open name host:/livedbg.cmd flag 1 data 41378
[  157.0857] open fd = -5
[  157.1055] open name host:/livepad.bin flag 1 data 41378
[  157.1071] open fd = -5
[  157.1257] open name host:/livepad.bin flag 1 data 41378
[  157.1272] open fd = -5
[  157.1495] open name host:/livepad.bin flag 1 data 41378
[  157.1509] open fd = -5
[  157.1680] open name host:/livepad.bin flag 1 data 41378
[  157.1693] open fd = -5
[  157.1864] open name host:/livepad.bin flag 1 data 41378
[  157.1876] open fd = -5
[  157.2050] open name host:/livepad.bin flag 1 data 41378
[  157.2065] open fd = -5
[  157.2068] open name host:/livedbg.cmd flag 1 data 41378
[  157.2080] open fd = -5
[  157.2246] open name host:/livepad.bin flag 1 data 41378
[  157.2259] open fd = -5
[  157.2423] open name host:/livepad.bin flag 1 data 41378
[  157.2438] open fd = -5
[  157.2599] open name host:/livepad.bin flag 1 data 41378
[  157.2612] open fd = -5
[  157.2787] open name host:/livepad.bin flag 1 data 41378
[  157.2801] open fd = -5
[  157.2987] open name host:/livepad.bin flag 1 data 41378
[  157.3004] open fd = -5
[  157.3172] open name host:/livepad.bin flag 1 data 41378
[  157.3188] open fd = -5
[  157.3191] open name host:/livedbg.cmd flag 1 data 41378
[  157.3203] open fd = -5
[  157.3400] open name host:/livepad.bin flag 1 data 41378
[  157.3418] open fd = -5
[  157.3590] open name host:/livepad.bin flag 1 data 41378
[  157.3608] open fd = -5
[  157.3616] open name host:/log.txt flag 302 data 41378
[  157.3638] open fd = 256
[  157.3847] open name host:/livepad.bin flag 1 data 41378
[  157.3860] open fd = -5
[  157.4047] open name host:/livepad.bin flag 1 data 41378
[  157.4061] open fd = -5
[  157.4234] open name host:/livepad.bin flag 1 data 41378
[  157.4247] open fd = -5
[  157.4409] open name host:/livepad.bin flag 1 data 41378
[  157.4422] open fd = -5
[  157.4427] open name host:/livedbg.cmd flag 1 data 41378
[  157.4437] open fd = -5
[  157.4607] open name host:/livepad.bin flag 1 data 41378
[  157.4620] open fd = -5
[  157.4799] open name host:/livepad.bin flag 1 data 41378
[  157.4812] open fd = -5
[  157.4973] open name host:/livepad.bin flag 1 data 41378
[  157.4986] open fd = -5
[  157.5151] open name host:/livepad.bin flag 1 data 41378
[  157.5164] open fd = -5
[  157.5330] open name host:/livepad.bin flag 1 data 41378
[  157.5342] open fd = -5
[  157.5506] open name host:/livepad.bin flag 1 data 41378
[  157.5520] open fd = -5
[  157.5523] open name host:/livedbg.cmd flag 1 data 41378
[  157.5532] open fd = -5
[  157.5684] open name host:/livepad.bin flag 1 data 41378
[  157.5695] open fd = -5
[  157.5872] open name host:/livepad.bin flag 1 data 41378
[  157.5885] open fd = -5
[  157.6065] open name host:/livepad.bin flag 1 data 41378
[  157.6081] open fd = -5
[  157.6246] open name host:/livepad.bin flag 1 data 41378
[  157.6259] open fd = -5
[  157.6432] open name host:/livepad.bin flag 1 data 41378
[  157.6445] open fd = -5
[  157.6608] open name host:/livepad.bin flag 1 data 41378
[  157.6622] open fd = -5
[  157.6624] open name host:/livedbg.cmd flag 1 data 41378
[  157.6634] open fd = -5
[  157.6805] open name host:/livepad.bin flag 1 data 41378
[  157.6819] open fd = -5
[  157.6989] open name host:/livepad.bin flag 1 data 41378
[  157.7005] open fd = -5
[  157.7191] open name host:/livepad.bin flag 1 data 41378
[  157.7205] open fd = -5
[  157.7397] open name host:/livepad.bin flag 1 data 41378
[  157.7419] open fd = -5
[  157.7587] open name host:/livepad.bin flag 1 data 41378
[  157.7605] open fd = -5
[  157.7790] open name host:/livepad.bin flag 1 data 41378
[  157.7806] open fd = -5
[  157.7810] open name host:/livedbg.cmd flag 1 data 41378
[  157.7823] open fd = -5
[  157.7997] open name host:/livepad.bin flag 1 data 41378
[  157.8014] open fd = -5
[  157.8190] open name host:/livepad.bin flag 1 data 41378
[  157.8207] open fd = -5
[  157.8395] open name host:/livepad.bin flag 1 data 41378
[  157.8410] open fd = -5
[  157.8419] open name host:/log.txt flag 302 data 41378
[  157.8437] open fd = 256
[  157.8630] open name host:/livepad.bin flag 1 data 41378
[  157.8645] open fd = -5
[  157.8813] open name host:/livepad.bin flag 1 data 41378
[  157.8827] open fd = -5
[  157.8856] open name host:/log.txt flag 302 data 41378
[  157.8873] open fd = 256
[  157.9042] open name host:/livepad.bin flag 1 data 41378
[  157.9055] open fd = -5
[  157.9058] open name host:/livedbg.cmd flag 1 data 41378
[  157.9070] open fd = -5
[  157.9243] open name host:/livepad.bin flag 1 data 41378
[  157.9258] open fd = -5
[  157.9428] open name host:/livepad.bin flag 1 data 41378
[  157.9441] open fd = -5
[  157.9616] open name host:/livepad.bin flag 1 data 41378
[  157.9630] open fd = -5
[  157.9798] open name host:/livepad.bin flag 1 data 41378
[  157.9812] open fd = -5
[  157.9978] open name host:/livepad.bin flag 1 data 41378
[  157.9991] open fd = -5
[  158.0152] open name host:/livepad.bin flag 1 data 41378
[  158.0166] open fd = -5
[  158.0170] open name host:/livedbg.cmd flag 1 data 41378
[  158.0182] open fd = -5
[  158.0345] open name host:/livepad.bin flag 1 data 41378
[  158.0360] open fd = -5
[  158.0548] open name host:/livepad.bin flag 1 data 41378
[  158.0562] open fd = -5
[  158.0749] open name host:/livepad.bin flag 1 data 41378
[  158.0763] open fd = -5
[  158.0946] open name host:/livepad.bin flag 1 data 41378
[  158.0963] open fd = -5
[  158.1132] open name host:/livepad.bin flag 1 data 41378
[  158.1147] open fd = -5
[  158.1319] open name host:/livepad.bin flag 1 data 41378
[  158.1334] open fd = -5
[  158.1337] open name host:/livedbg.cmd flag 1 data 41378
[  158.1349] open fd = -5
[  158.1537] open name host:/livepad.bin flag 1 data 41378
[  158.1551] open fd = -5
[  158.1727] open name host:/livepad.bin flag 1 data 41378
[  158.1741] open fd = -5
[  158.1919] open name host:/livepad.bin flag 1 data 41378
[  158.1932] open fd = -5
[  158.2119] open name host:/livepad.bin flag 1 data 41378
[  158.2133] open fd = -5
[  158.2310] open name host:/livepad.bin flag 1 data 41378
[  158.2326] open fd = -5
[  158.2511] open name host:/livepad.bin flag 1 data 41378
[  158.2524] open fd = -5
[  158.2529] open name host:/livedbg.cmd flag 1 data 41378
[  158.2539] open fd = -5
[  158.2725] open name host:/livepad.bin flag 1 data 41378
[  158.2740] open fd = -5
[  158.2935] open name host:/livepad.bin flag 1 data 41378
[  158.2950] open fd = -5
[  158.3151] open name host:/livepad.bin flag 1 data 41378
[  158.3165] open fd = -5
[  158.3346] open name host:/livepad.bin flag 1 data 41378
[  158.3358] open fd = -5
[  158.3365] open name host:/log.txt flag 302 data 41378
[  158.3381] open fd = 256
[  158.3578] open name host:/livepad.bin flag 1 data 41378
[  158.3591] open fd = -5
[  158.3769] open name host:/livepad.bin flag 1 data 41378
[  158.3782] open fd = -5
[  158.3785] open name host:/livedbg.cmd flag 1 data 41378
[  158.3796] open fd = -5
[  158.3956] open name host:/livepad.bin flag 1 data 41378
[  158.3969] open fd = -5
[  158.4153] open name host:/livepad.bin flag 1 data 41378
[  158.4167] open fd = -5
[  158.4346] open name host:/livepad.bin flag 1 data 41378
[  158.4359] open fd = -5
[  158.4530] open name host:/livepad.bin flag 1 data 41378
[  158.4543] open fd = -5
[  158.4557] open name host:/log.txt flag 302 data 41378
[  158.4577] open fd = 256
[  158.4773] open name host:/livepad.bin flag 1 data 41378
[  158.4787] open fd = -5
[  158.5006] open name host:/livepad.bin flag 1 data 41378
[  158.5018] open fd = -5
[  158.5022] open name host:/livedbg.cmd flag 1 data 41378
[  158.5034] open fd = -5
[  158.5222] open name host:/livepad.bin flag 1 data 41378
[  158.5238] open fd = -5
[  158.5408] open name host:/livepad.bin flag 1 data 41378
[  158.5425] open fd = -5
