frame,phase,rsTotal_ms,rsHead_ms,rsEnvProbe_ms,rsPortal_ms,rsSky_ms,rsTerrain_ms,rsTerrainDraw_ms,rsBatches_ms,rsProc_ms,rsObjects_ms,rsObjSubmit_ms,rsWheels_ms,rsWheelSubmit_ms,rsAnim_ms,rsDecorate_ms,rsLightFx_ms,rsHighlight_ms,rsParticles_ms,dmPost_ms,dmHud_ms,spRender_ms,spHead_ms,spTail_ms,spCalls,spCulled,spPkgr_ms,spTex_ms,spProg_ms,spLight_ms,spBlss_ms,spObjData_ms,spGifWait_ms
120,0,14.555315,1.551303,1.550452,0.000041,0.126729,0.999593,0.995911,1.267188,1.334300,5.066593,4.923964,2.957709,1.018209,0.000064,0.000034,1.178569,0.000003,0.072781,0.000448,0.056261,9.894016,0.074758,0.102051,245,122,0.295475,0.192393,0.010427,0.080777,0.002031,0.570214,0.017137
121,0,13.089454,0.000810,0.000000,0.000041,0.126865,1.000326,0.996643,1.253150,1.358256,5.038510,4.895881,2.965366,1.011156,0.000064,0.000034,1.272841,0.000003,0.072781,0.000448,0.050581,8.510854,0.063395,0.086185,208,106,0.267378,0.214162,0.008647,0.065979,0.001678,0.458350,0.013787
122,0,14.642131,1.520043,1.519192,0.000041,0.126729,1.011224,1.007541,1.274489,1.321062,5.061954,4.919325,2.954078,1.015778,0.000064,0.000034,1.299221,0.000003,0.072781,0.000448,0.067607,9.986654,0.074758,0.125780,245,122,0.317427,0.198090,0.012651,0.080777,0.002031,0.561439,0.017137
123,0,13.021735,0.000810,0.000000,0.000041,0.126865,0.999969,0.996287,1.284698,1.317769,5.056644,4.914015,2.971608,0.987061,0.000064,0.000034,1.190040,0.000003,0.072781,0.000448,0.087752,8.492347,0.063395,0.119171,208,106,0.264696,0.171675,0.008647,0.078230,0.001678,0.462324,0.013787
124,0,14.665927,1.538276,1.537425,0.000041,0.126729,1.016754,1.013072,1.262380,1.339966,5.082720,4.940091,2.952888,0.997728,0.000064,0.000034,1.253408,0.000003,0.092258,0.000448,0.064568,9.921312,0.074758,0.096032,245,122,0.295475,0.190358,0.010427,0.080777,0.002031,0.546397,0.034359
125,0,13.087843,0.000810,0.000000,0.000041,0.145694,1.000000,0.996318,1.265079,1.324287,5.069383,4.907074,2.961151,1.012746,0.000064,0.000034,1.229289,0.000003,0.091600,0.000448,0.052361,8.508121,0.085771,0.083730,208,106,0.283691,0.169369,0.008647,0.065979,0.001678,0.479533,0.013787
126,0,14.588121,1.564840,1.563989,0.000041,0.126729,1.020738,1.017056,1.258596,1.325897,5.054355,4.879347,2.962056,0.966332,0.000064,0.000034,1.179203,0.000003,0.095157,0.000448,0.061500,9.904344,0.074758,0.089437,245,122,0.295475,0.177609,0.010427,0.080777,0.002031,0.544132,0.017137
127,0,13.166982,0.000810,0.000000,0.000041,0.126865,1.025808,1.022125,1.262990,1.337104,5.070153,4.891266,2.961344,1.001319,0.000064,0.000034,1.308577,0.000003,0.072781,0.000448,0.059041,8.480862,0.063395,0.096232,208,106,0.264696,0.177422,0.008647,0.086622,0.001678,0.457821,0.013787
128,0,14.747677,1.586032,1.585181,0.000041,0.140377,1.023065,1.019382,1.241102,1.346442,5.034695,4.892066,2.977217,0.984812,0.000064,0.000034,1.325416,0.000003,0.072781,0.000448,0.082642,9.989115,0.074758,0.104136,245,122,0.295475,0.204993,0.010427,0.080777,0.002031,0.563307,0.017137
129,0,13.360280,0.000810,0.000000,0.000041,0.145165,1.007874,1.004191,1.238424,1.332140,5.035583,4.892955,2.963450,0.985725,0.000064,0.000034,1.563504,0.000003,0.072781,0.000448,0.078603,8.527086,0.063395,0.139391,208,106,0.266612,0.199198,0.008647,0.065979,0.001678,0.463253,0.013787
130,0,14.724009,1.691969,1.691118,0.000041,0.126729,1.017955,1.014272,1.242340,1.352458,5.041968,4.897403,2.961416,0.985057,0.000064,0.000034,1.215844,0.000003,0.072781,0.000448,0.071181,9.963304,0.074758,0.122125,245,122,0.331272,0.205475,0.010427,0.080777,0.002031,0.547319,0.017137
131,0,13.098558,0.000810,0.000000,0.000041,0.146311,1.010386,1.006704,1.242354,1.356008,5.044769,4.902140,2.968163,0.982615,0.000064,0.000034,1.256426,0.000003,0.072781,0.000448,0.059906,8.533641,0.063395,0.085883,208,106,0.279880,0.177287,0.008647,0.065979,0.001678,0.482998,0.013787
132,0,14.744558,1.667626,1.666775,0.000041,0.126729,0.994849,0.991167,1.265659,1.356832,5.050663,4.908034,2.963511,0.992533,0.000064,0.000034,1.245358,0.000003,0.072781,0.000448,0.073622,9.906955,0.074758,0.112274,245,122,0.295475,0.190850,0.010427,0.080777,0.002031,0.542392,0.017137
133,0,13.252923,0.000810,0.000000,0.000041,0.126865,1.024390,1.020708,1.243551,1.358432,5.048208,4.905579,2.960765,0.982585,0.000064,0.000034,1.396328,0.000003,0.093024,0.000448,0.063110,8.461778,0.063395,0.070997,208,106,0.287065,0.181532,0.008647,0.065979,0.001678,0.438195,0.013787
134,0,15.000783,1.981605,1.980754,0.000041,0.126729,0.991692,0.988010,1.258721,1.350874,5.042701,4.900072,2.968604,0.965729,0.000064,0.000034,1.206526,0.000003,0.072781,0.000448,0.067417,9.930077,0.074758,0.116835,245,122,0.295475,0.194326,0.010427,0.080777,0.002031,0.566793,0.017137
135,0,13.037343,0.000810,0.000000,0.000041,0.126865,1.000878,0.997196,1.266656,1.355330,5.037920,4.895291,2.981361,0.992340,0.000064,0.000034,1.194194,0.000003,0.072781,0.000448,0.060737,8.453908,0.065603,0.076168,208,106,0.264696,0.162537,0.008647,0.065979,0.001678,0.460571,0.013787
136,0,14.619561,1.574693,1.573842,0.000041,0.126729,0.999095,0.995412,1.258915,1.335829,5.057271,4.914642,2.952037,1.017205,0.000064,0.000034,1.241662,0.000003,0.072781,0.000448,0.063195,9.905457,0.074758,0.103661,245,122,0.295475,0.194444,0.010427,0.098273,0.002031,0.543857,0.017137
137,0,13.052972,0.000810,0.000000,0.000041,0.126865,0.994307,0.990624,1.259694,1.352705,5.044091,4.901462,2.981133,1.022217,0.000064,0.000034,1.220035,0.000003,0.072781,0.000448,0.048716,8.505079,0.063395,0.079712,208,106,0.287065,0.180813,0.008647,0.082709,0.001678,0.438195,0.013787
138,0,14.876539,1.830861,1.830010,0.000041,0.147349,1.001119,0.997437,1.263757,1.335137,5.058628,4.915999,2.941939,0.960259,0.000064,0.000034,1.224419,0.000003,0.072781,0.000448,0.056261,9.914751,0.076803,0.096151,245,122,0.297797,0.220100,0.010427,0.100182,0.002031,0.569743,0.017137
139,0,13.001156,0.000810,0.000000,0.000041,0.126865,0.997111,0.993429,1.284190,1.317820,5.054369,4.877611,2.957197,0.986260,0.000064,0.000034,1.189463,0.000003,0.072781,0.000448,0.060737,8.444044,0.063395,0.093408,208,106,0.283081,0.174574,0.008647,0.065979,0.001678,0.452627,0.013787
140,0,14.966817,1.674591,1.673740,0.000041,0.141242,0.991218,0.987535,1.275496,1.324327,5.059703,4.917074,2.969018,1.003591,0.000064,0.000034,1.457893,0.000003,0.072781,0.000448,0.059635,9.914422,0.074758,0.094540,245,122,0.324188,0.210931,0.010427,0.115255,0.002031,0.566186,0.017137
141,0,13.123888,0.000810,0.000000,0.000041,0.126865,1.013984,1.010301,1.277995,1.318054,5.053680,4.893931,2.971927,1.007646,0.000064,0.000034,1.287242,0.000003,0.072781,0.000448,0.053073,8.464308,0.063395,0.086205,208,106,0.264696,0.166572,0.008647,0.065979,0.001678,0.466488,0.013787
142,0,14.866113,1.785706,1.784854,0.000041,0.126729,1.009823,1.006141,1.246711,1.359002,5.070879,4.928250,2.949222,0.986630,0.000064,0.000034,1.244710,0.000003,0.072781,0.000448,0.074690,9.989641,0.074758,0.094523,245,122,0.295475,0.223307,0.010427,0.080777,0.002031,0.526669,0.017137
143,0,13.129161,0.000810,0.000000,0.000041,0.126865,1.021339,1.017656,1.262770,1.348385,5.036462,4.893833,2.959930,0.985284,0.000064,0.000034,1.299269,0.000003,0.072781,0.000448,0.044291,8.530843,0.063395,0.143429,208,106,0.264696,0.166267,0.008647,0.065979,0.001678,0.456248,0.013787
144,0,14.925147,1.643348,1.642497,0.000041,0.149105,1.021698,1.018016,1.241140,1.360989,5.051988,4.886983,2.951847,0.960242,0.000064,0.000034,1.431702,0.000003,0.072781,0.000448,0.090827,9.951748,0.077440,0.145776,245,122,0.317851,0.174811,0.010427,0.080777,0.002031,0.526669,0.017137
145,0,12.972755,0.000810,0.000000,0.000041,0.140483,1.017927,1.014245,1.237244,1.348782,5.008124,4.865495,2.975810,0.998054,0.000064,0.000034,1.153117,0.000003,0.089908,0.000448,0.047953,8.454644,0.082187,0.058689,208,106,0.266612,0.185608,0.008647,0.065979,0.001678,0.460527,0.013787
146,0,14.803613,1.577372,1.576521,0.000041,0.140289,0.994687,0.991004,1.280090,1.360389,5.051768,4.909139,2.960236,0.965871,0.000064,0.000034,1.365451,0.000003,0.072781,0.000448,0.056261,9.966071,0.074758,0.120568,245,122,0.307509,0.202735,0.010427,0.094313,0.002031,0.543871,0.017137
147,0,12.992676,0.000810,0.000000,0.000041,0.145396,1.018772,1.015089,1.245599,1.353136,5.039764,4.897135,2.964203,0.980682,0.000064,0.000034,1.151666,0.000003,0.072781,0.000448,0.048716,8.489858,0.066077,0.058536,208,106,0.305990,0.183662,0.008647,0.068051,0.001678,0.491296,0.013787
148,0,14.629846,1.604994,1.604143,0.000041,0.126729,0.996867,0.993184,1.252889,1.352821,5.064345,4.921716,2.983683,0.994588,0.000064,0.000034,1.174188,0.000003,0.072781,0.000448,0.063195,9.943732,0.074758,0.102644,245,122,0.295475,0.200392,0.010427,0.080777,0.002031,0.545407,0.036475
149,0,12.995863,0.000810,0.000000,0.000041,0.142249,1.000492,0.996809,1.264730,1.350349,5.021037,4.878408,2.961897,0.965369,0.000064,0.000034,1.180969,0.000003,0.072781,0.000448,0.065755,8.457652,0.063395,0.098670,208,106,0.264696,0.188782,0.008647,0.078057,0.001678,0.438195,0.013787
150,0,14.591041,1.544634,1.543783,0.000041,0.149183,0.994388,0.990706,1.265513,1.321221,5.064731,4.906694,2.958628,1.005046,0.000064,0.000034,1.197035,0.000003,0.095157,0.000448,0.067773,9.962806,0.077060,0.119870,245,122,0.307838,0.188036,0.010427,0.080777,0.002031,0.563480,0.017137
151,0,12.980055,0.000810,0.000000,0.000041,0.126865,0.997392,0.993710,1.267029,1.317657,5.059580,4.898404,2.965481,0.980747,0.000064,0.000034,1.171909,0.000003,0.072781,0.000448,0.083842,8.478302,0.063395,0.090325,208,106,0.264696,0.187042,0.008647,0.065979,0.001678,0.487220,0.013787
152,0,15.180118,1.941420,1.940569,0.000041,0.126729,1.000085,0.996402,1.281216,1.322435,5.067830,4.923265,2.959988,0.988017,0.000064,0.000034,1.407084,0.000003,0.072781,0.000448,0.065179,10.014065,0.074758,0.136180,245,122,0.317420,0.245154,0.010427,0.099419,0.002031,0.546109,0.017137
153,0,13.015133,0.000810,0.000000,0.000041,0.126865,0.996874,0.993191,1.287069,1.327074,5.024519,4.881890,2.963620,0.968964,0.000064,0.000034,1.194356,0.000003,0.093397,0.000448,0.048716,8.404568,0.085849,0.072422,208,106,0.264696,0.181953,0.008647,0.065979,0.001678,0.457611,0.013787
154,0,14.836643,1.587806,1.586955,0.000041,0.142093,1.017473,1.013791,1.240295,1.363966,5.066661,4.924032,2.941878,0.997650,0.000064,0.000034,1.403141,0.000003,0.072781,0.000448,0.075317,10.082113,0.074758,0.107917,245,122,0.295475,0.247637,0.010427,0.080777,0.002031,0.566216,0.017137
155,0,13.007711,0.000810,0.000000,0.000041,0.142273,1.016924,1.013241,1.258667,1.326257,5.028408,4.885779,2.951850,0.994859,0.000064,0.000034,1.209191,0.000003,0.072781,0.000448,0.042087,8.478716,0.063395,0.079390,208,106,0.264696,0.171648,0.008647,0.078193,0.001678,0.457157,0.013787
156,0,14.793169,1.559987,1.559136,0.000041,0.146366,1.017829,1.014147,1.244368,1.342831,5.048733,4.883735,2.956506,0.977349,0.000064,0.000034,1.403219,0.000003,0.072781,0.000448,0.082591,9.900896,0.074758,0.106001,245,122,0.317851,0.231845,0.010427,0.080777,0.002031,0.576447,0.017137
157,0,13.089332,0.000810,0.000000,0.000041,0.144121,1.016958,1.013275,1.246602,1.347456,5.071876,4.929247,2.952864,0.992533,0.000064,0.000034,1.235314,0.000003,0.072781,0.000448,0.084015,8.543023,0.063395,0.076643,208,106,0.264696,0.181217,0.008647,0.065979,0.001678,0.458730,0.013787
158,0,14.664710,1.545410,1.544559,0.000041,0.126729,1.022607,1.018924,1.243693,1.352834,5.025892,4.883263,2.992927,0.987817,0.000064,0.000034,1.281287,0.000003,0.072781,0.000448,0.081428,9.880310,0.074758,0.070923,245,122,0.320251,0.227559,0.010427,0.094411,0.002031,0.545631,0.017137
159,0,13.043376,0.000810,0.000000,0.000041,0.126865,1.017263,1.013580,1.243601,1.351240,5.032908,4.890279,2.977292,1.003092,0.000064,0.000034,1.220066,0.000003,0.072781,0.000448,0.048716,8.537079,0.065596,0.077610,208,106,0.282820,0.198269,0.008647,0.065979,0.001678,0.475867,0.013787
160,0,14.883243,1.549598,1.548747,0.000041,0.126729,1.002675,0.998993,1.266744,1.349948,5.048204,4.905575,2.968625,0.998383,0.000064,0.000034,1.497389,0.000003,0.072781,0.000448,0.074066,9.910933,0.074758,0.094540,245,122,0.333923,0.220062,0.010427,0.096619,0.002031,0.545336,0.017137
161,0,13.031623,0.000810,0.000000,0.000041,0.126865,1.016347,1.012665,1.239217,1.354767,5.036465,4.893836,2.970459,0.999969,0.000064,0.000034,1.213362,0.000003,0.072781,0.000448,0.150499,8.448442,0.079142,0.079203,208,106,0.283278,0.188985,0.008647,0.065979,0.001678,0.456051,0.013787
162,0,14.748440,1.575623,1.574771,0.000041,0.126729,0.993523,0.989841,1.284156,1.342455,5.052016,4.909387,2.969974,0.996606,0.000064,0.000034,1.308265,0.000003,0.095150,0.000448,0.057583,9.999118,0.088416,0.138418,245,122,0.313812,0.198907,0.010427,0.080777,0.002031,0.549038,0.017137
163,0,13.029083,0.000810,0.000000,0.000041,0.126865,0.998291,0.994609,1.287672,1.340325,5.043494,4.886468,2.974284,0.996891,0.000064,0.000034,1.184011,0.000003,0.072781,0.000448,0.047123,8.446615,0.065311,0.083398,208,106,0.264696,0.180623,0.008647,0.065979,0.001678,0.438195,0.013787
164,0,14.762868,1.619015,1.618164,0.000041,0.126729,0.999661,0.995978,1.272892,1.318278,5.057831,4.915202,2.958045,0.980815,0.000064,0.000034,1.337087,0.000003,0.072781,0.000448,0.131690,9.929460,0.074758,0.092455,245,122,0.295475,0.197415,0.010427,0.080777,0.002031,0.540415,0.036974
165,0,13.037092,0.000810,0.000000,0.000041,0.126865,0.993666,0.989983,1.287099,1.331353,5.030833,4.867632,2.985060,1.009423,0.000064,0.000034,1.208076,0.000003,0.072781,0.000448,0.065382,8.498671,0.063395,0.082357,208,106,0.287072,0.171438,0.008647,0.065979,0.001678,0.466590,0.013787
166,0,14.733426,1.578539,1.577688,0.000041,0.140588,0.991638,0.987956,1.280769,1.316511,5.052555,4.891212,2.957720,1.005415,0.000064,0.000034,1.341777,0.000003,0.072781,0.000448,0.065111,9.876139,0.087270,0.091539,245,122,0.314640,0.184052,0.010427,0.080777,0.002031,0.564029,0.017137
167,0,13.174445,0.000810,0.000000,0.000041,0.126865,0.999600,0.995917,1.261875,1.317261,5.051636,4.909007,2.958828,0.983324,0.000064,0.000034,1.384240,0.000003,0.072781,0.000448,0.058075,8.505391,0.063395,0.096463,208,106,0.283325,0.171624,0.008647,0.065979,0.001678,0.457018,0.013787
168,0,15.701887,1.585493,1.584642,0.000041,0.140354,0.999227,0.995544,1.282945,1.317657,5.035543,4.892914,2.951755,0.975718,0.000064,0.000034,2.315582,0.000003,0.072781,0.000448,0.183451,10.645281,0.096486,0.168494,245,122,0.297750,0.877533,0.010427,0.096595,0.002031,0.601390,0.017137
169,0,13.303114,0.000810,0.000000,0.000041,0.144141,0.975016,0.971334,1.285071,1.331919,5.019674,4.877045,2.959520,0.965861,0.000064,0.000034,1.513631,0.000003,0.072781,0.000448,0.077081,8.535790,0.063395,0.183862,208,106,0.278039,0.178762,0.008647,0.065979,0.001678,0.460490,0.013787
170,0,14.755968,1.639872,1.639021,0.000041,0.145813,1.007073,1.003391,1.250885,1.360070,5.073351,4.910231,2.942040,0.986616,0.000064,0.000034,1.263533,0.000003,0.072781,0.000448,0.060754,9.929684,0.076959,0.073279,245,122,0.332984,0.200138,0.010427,0.080777,0.002031,0.574181,0.036584
171,0,13.031857,0.000810,0.000000,0.000041,0.145372,1.012299,1.008616,1.263736,1.334479,5.039639,4.876817,2.939392,1.004520,0.000064,0.000034,1.222799,0.000003,0.072781,0.000448,0.048716,8.472758,0.063395,0.063843,208,106,0.264696,0.160909,0.008647,0.065979,0.001678,0.438195,0.013787
172,0,14.798218,1.625448,1.624596,0.000041,0.126729,1.013241,1.009559,1.244486,1.356713,5.028649,4.856015,2.961341,0.987912,0.000064,0.000034,1.368279,0.000003,0.072781,0.000448,0.081624,9.848304,0.074758,0.091980,245,122,0.295475,0.191461,0.010427,0.080777,0.002031,0.526669,0.017137
173,0,13.273495,0.000810,0.000000,0.000041,0.149234,1.022007,1.018324,1.242608,1.357402,5.069706,4.927077,2.940348,0.981910,0.000064,0.000034,1.418050,0.000003,0.072781,0.000448,0.075073,8.528849,0.082903,0.085354,208,106,0.264696,0.181068,0.008647,0.065979,0.001678,0.474704,0.013787
174,0,14.775258,1.556946,1.556095,0.000041,0.126729,1.020498,1.016815,1.246830,1.349708,5.024306,4.881677,2.989373,0.995907,0.000064,0.000034,1.365536,0.000003,0.094784,0.000448,0.083096,9.897600,0.074758,0.090030,245,122,0.319845,0.192173,0.010427,0.080777,0.002031,0.565874,0.017137
175,0,13.283407,0.000810,0.000000,0.000041,0.126865,1.012295,1.008613,1.244649,1.351139,5.032437,4.867371,2.975311,0.999691,0.000064,0.000034,1.448134,0.000003,0.091217,0.000448,0.048208,8.524906,0.063395,0.098724,208,106,0.282891,0.198971,0.008647,0.065979,0.001678,0.438195,0.013787
176,0,14.725454,1.544373,1.543521,0.000041,0.126729,1.000827,0.997145,1.265157,1.352363,5.055328,4.912699,2.966675,0.992137,0.000064,0.000034,1.340671,0.000003,0.072781,0.000448,0.063015,9.920627,0.074758,0.078688,245,122,0.351037,0.193091,0.010427,0.080777,0.002031,0.545807,0.017137
177,0,13.313117,0.000810,0.000000,0.000041,0.126865,1.011776,1.008094,1.244042,1.351681,5.055020,4.912391,2.974677,1.025191,0.000064,0.000034,1.474915,0.000003,0.072781,0.000448,0.041189,8.527957,0.063395,0.089359,208,106,0.279531,0.197283,0.008647,0.065979,0.001678,0.477386,0.013787
178,0,14.928419,1.605265,1.604414,0.000041,0.148950,1.017253,1.013570,1.258277,1.338609,5.034071,4.877767,2.942173,0.982680,0.000064,0.000034,1.510491,0.000003,0.072781,0.000448,0.062280,9.891045,0.074758,0.111918,245,122,0.295475,0.200887,0.010427,0.080777,0.002031,0.578922,0.017137
179,0,13.060299,0.000810,0.000000,0.000041,0.162974,0.999736,0.996053,1.257735,1.335659,5.065711,4.923082,2.945964,0.989526,0.000064,0.000034,1.218380,0.000003,0.072781,0.000448,0.048615,8.502947,0.063395,0.088413,208,106,0.264696,0.166199,0.008647,0.065979,0.001678,0.474965,0.013787
180,0,15.199419,1.860447,1.859595,0.000041,0.126729,1.010495,1.006812,1.284936,1.319082,5.052965,4.892032,2.957336,0.996084,0.000064,0.000034,1.514099,0.000003,0.072781,0.000448,0.094459,10.030819,0.076867,0.127465,245,122,0.295475,0.282976,0.010427,0.103231,0.002031,0.526669,0.017137
181,0,13.113095,0.000810,0.000000,0.000041,0.145776,1.012414,1.008731,1.269657,1.329281,5.055281,4.893734,2.949531,0.990529,0.000064,0.000034,1.277015,0.000003,0.072781,0.000448,0.041256,8.499291,0.063395,0.075677,208,106,0.283607,0.195682,0.008647,0.065979,0.001678,0.438195,0.013787
182,0,14.728621,1.553748,1.552897,0.000041,0.126729,1.020854,1.017171,1.240760,1.357154,5.044715,4.879632,2.980448,0.988091,0.000064,0.000034,1.330882,0.000003,0.072781,0.000448,0.071181,9.923889,0.074758,0.100406,245,122,0.295475,0.215797,0.010427,0.101234,0.002031,0.545865,0.017137
183,0,13.064972,0.000810,0.000000,0.000041,0.126865,1.015828,1.012146,1.245175,1.358744,5.053962,4.911333,2.953515,1.001556,0.000064,0.000034,1.236742,0.000003,0.072781,0.000448,0.066637,8.595140,0.065562,0.116052,208,106,0.284244,0.198385,0.008647,0.065979,0.001678,0.486213,0.013787
184,0,14.553609,1.548933,1.548082,0.000041,0.126729,1.019606,1.015923,1.246724,1.351681,5.055783,4.913154,2.971910,0.990540,0.000064,0.000034,1.158912,0.000003,0.072781,0.000448,0.077098,9.889058,0.074758,0.086453,245,122,0.331777,0.183289,0.010427,0.080777,0.002031,0.589664,0.017137
185,0,13.376821,0.000810,0.000000,0.000041,0.126865,1.014438,1.010756,1.242669,1.357418,5.063999,4.919288,2.974976,1.023166,0.000064,0.000034,1.522315,0.000003,0.072781,0.000448,0.056261,8.576470,0.063395,0.103885,208,106,0.287150,0.193651,0.008647,0.065979,0.001678,0.438195,0.053168
186,0,14.636817,1.539046,1.538194,0.000041,0.126729,0.993598,0.989916,1.262495,1.345079,5.040239,4.897610,2.956845,1.006331,0.000064,0.000034,1.299455,0.000003,0.072781,0.000448,0.079244,9.927209,0.074758,0.098565,245,122,0.295475,0.196377,0.010427,0.080777,0.002031,0.576745,0.017137
187,0,13.309126,0.000810,0.000000,0.000041,0.126865,1.016825,1.013143,1.265866,1.337975,5.031891,4.889262,2.981157,0.997172,0.000064,0.000034,1.474406,0.000003,0.072781,0.000448,0.058804,8.535397,0.063395,0.134694,208,106,0.300578,0.181644,0.008647,0.065979,0.001678,0.451792,0.013787
188,0,14.773790,1.577043,1.576192,0.000041,0.126729,1.001699,0.998016,1.271403,1.333625,5.051110,4.894928,2.974701,1.002360,0.000064,0.000034,1.364149,0.000003,0.072781,0.000448,0.048716,10.013760,0.074758,0.104594,245,122,0.295475,0.269864,0.010427,0.080777,0.002031,0.546892,0.017137
189,0,13.144453,0.000810,0.000000,0.000041,0.126865,0.997606,0.993924,1.272454,1.334337,5.055996,4.913367,2.975399,0.976400,0.000064,0.000034,1.307654,0.000003,0.072781,0.000448,0.042884,8.518273,0.063395,0.093665,208,106,0.286611,0.199578,0.008647,0.065979,0.001678,0.470147,0.013787
190,0,14.532779,1.547007,1.546156,0.000041,0.126729,0.997915,0.994232,1.278995,1.317325,5.076636,4.934007,2.960490,0.984331,0.000064,0.000034,1.154351,0.000003,0.072781,0.000448,0.071092,9.891093,0.074758,0.087775,245,122,0.295475,0.203478,0.010427,0.080777,0.002031,0.526669,0.017137
191,0,12.978346,0.000810,0.000000,0.000041,0.126865,1.002696,0.999013,1.288089,1.328545,5.038072,4.850691,2.977817,0.982123,0.000064,0.000034,1.142120,0.000003,0.072781,0.000448,0.063005,8.443759,0.063395,0.076779,208,106,0.264696,0.179216,0.008647,0.065979,0.001678,0.491326,0.013787
192,0,14.637519,1.543491,1.542640,0.000041,0.126729,1.018846,1.015164,1.277249,1.331343,5.023563,4.880934,2.968445,0.987481,0.000064,0.000034,1.274523,0.000003,0.072781,0.000448,0.048716,9.883979,0.095086,0.082926,245,122,0.295475,0.190664,0.010427,0.080777,0.002031,0.529351,0.017137
193,0,13.057953,0.000810,0.000000,0.000041,0.140106,0.975009,0.971327,1.294061,1.331709,5.036421,4.879659,2.963626,0.988329,0.000064,0.000034,1.242879,0.000003,0.072781,0.000448,0.058211,8.465658,0.083028,0.064233,208,106,0.264696,0.166182,0.008647,0.065979,0.001678,0.438195,0.013787
194,0,14.634328,1.517721,1.516869,0.000041,0.146169,1.012258,1.008575,1.242571,1.361633,5.073778,4.931149,2.942346,1.002933,0.000064,0.000034,1.264523,0.000003,0.072781,0.000448,0.079081,9.998430,0.074758,0.104984,245,122,0.295475,0.246633,0.010427,0.080777,0.002031,0.526669,0.017137
195,0,13.026679,0.000810,0.000000,0.000041,0.166514,0.998467,0.994785,1.265015,1.328484,5.056729,4.914100,2.937375,0.998043,0.000064,0.000034,1.199955,0.000003,0.072781,0.000448,0.048716,8.479909,0.063395,0.062351,208,106,0.264696,0.176364,0.008647,0.065979,0.001678,0.456272,0.013787
196,0,14.751000,1.550303,1.549452,0.000041,0.145613,1.027018,1.023336,1.243591,1.353451,5.062856,4.920227,2.933851,0.967156,0.000064,0.000034,1.360986,0.000003,0.072781,0.000448,0.088745,9.971917,0.074758,0.103678,245,122,0.295475,0.210331,0.010427,0.080777,0.002031,0.566152,0.017137
197,0,13.151825,0.000810,0.000000,0.000041,0.144121,1.010288,1.006605,1.245043,1.351013,5.084320,4.922112,2.933529,0.983934,0.000064,0.000034,1.309370,0.000003,0.072781,0.000448,0.066671,8.563517,0.063395,0.138730,208,106,0.264696,0.170929,0.008647,0.085463,0.001678,0.457218,0.013787
198,0,14.913279,1.664897,1.664046,0.000041,0.126729,1.016873,1.013190,1.270589,1.327762,5.046078,4.903449,2.979475,1.002421,0.000064,0.000034,1.407545,0.000003,0.072781,0.000448,0.058431,10.016151,0.074758,0.110409,245,122,0.317851,0.239499,0.010427,0.080777,0.002031,0.577874,0.035597
199,0,13.111148,0.000810,0.000000,0.000041,0.126865,1.019847,1.016164,1.245917,1.344187,5.045861,4.903232,2.965691,0.981611,0.000064,0.000034,1.288639,0.000003,0.072781,0.000448,0.048716,8.498627,0.063395,0.093597,208,106,0.264696,0.176066,0.008647,0.065979,0.001678,0.481981,0.013787
200,0,14.779093,1.560025,1.559174,0.000041,0.126729,0.992425,0.988742,1.268500,1.359840,5.043433,4.900804,2.971534,0.993734,0.000064,0.000034,1.366136,0.000003,0.089922,0.000448,0.059940,9.957760,0.099416,0.118378,245,122,0.295475,0.226657,0.027639,0.080777,0.002031,0.551727,0.017137
201,0,13.035773,0.000810,0.000000,0.000041,0.126865,1.010281,1.006599,1.236223,1.356544,5.036306,4.893677,2.987115,0.994337,0.000064,0.000034,1.185845,0.000003,0.095235,0.000448,0.048716,8.458503,0.063395,0.060638,208,106,0.279738,0.172421,0.008647,0.065979,0.001678,0.438195,0.013787
202,0,14.732246,1.612098,1.611247,0.000041,0.126729,1.002896,0.999213,1.280694,1.335178,5.054599,4.911970,2.970696,1.008460,0.000064,0.000034,1.253655,0.000003,0.095150,0.000448,0.065128,9.998589,0.074758,0.101101,245,122,0.338091,0.184882,0.010427,0.080777,0.002031,0.541033,0.017137
203,0,13.067878,0.000810,0.000000,0.000041,0.126865,0.997216,0.993534,1.289971,1.340200,5.038144,4.892832,2.970618,0.996911,0.000064,0.000034,1.230723,0.000003,0.072781,0.000448,0.066898,8.492879,0.063395,0.073032,208,106,0.264696,0.169657,0.008647,0.065979,0.001678,0.481801,0.013787
204,0,14.840054,1.627699,1.626848,0.000041,0.126729,0.998488,0.994805,1.287503,1.335344,5.029422,4.862501,2.965224,0.965118,0.000064,0.000034,1.396315,0.000003,0.072781,0.000448,0.108327,9.943858,0.097134,0.125329,245,122,0.314202,0.205295,0.029049,0.080777,0.002031,0.549038,0.017137
205,0,12.980058,0.000810,0.000000,0.000041,0.126865,0.993964,0.990282,1.285231,1.329671,5.033471,4.890842,2.975332,0.997074,0.000064,0.000034,1.161384,0.000003,0.072781,0.000448,0.045987,8.479763,0.063395,0.086117,208,106,0.264696,0.183855,0.008647,0.065979,0.001678,0.438195,0.013787
206,0,14.659264,1.583944,1.583093,0.000041,0.149183,0.998264,0.994581,1.282227,1.317284,5.072388,4.909695,2.952484,0.995945,0.000064,0.000034,1.230160,0.000003,0.072781,0.000448,0.096442,9.912482,0.074758,0.080299,245,122,0.295475,0.186527,0.010427,0.080777,0.002031,0.583577,0.017137
207,0,13.003123,0.000810,0.000000,0.000041,0.126865,0.997104,0.993422,1.270233,1.311490,5.041890,4.882117,2.967631,0.991180,0.000064,0.000034,1.196716,0.000003,0.089834,0.000448,0.049615,8.474932,0.065464,0.083171,208,106,0.279782,0.183251,0.008647,0.065979,0.001678,0.483019,0.013787
208,0,14.655745,1.507924,1.507073,0.000041,0.126729,1.010278,1.006595,1.283464,1.310340,5.038520,4.895891,2.961375,0.989583,0.000064,0.000034,1.343784,0.000003,0.072781,0.000448,0.119331,9.882657,0.074758,0.113329,245,122,0.315677,0.200802,0.029283,0.080777,0.002031,0.549045,0.017137
209,0,13.051198,0.000810,0.000000,0.000041,0.145152,0.977939,0.974257,1.278476,1.323690,5.026523,4.883894,2.961290,0.999793,0.000064,0.000034,1.263987,0.000003,0.072781,0.000448,0.068078,8.468445,0.063395,0.084290,208,106,0.281243,0.196011,0.008647,0.065979,0.001678,0.452877,0.036163
210,0,14.723728,1.648315,1.647464,0.000041,0.126729,1.016798,1.013116,1.250176,1.352370,5.052436,4.889242,2.936561,0.989366,0.000064,0.000034,1.267012,0.000003,0.072781,0.000448,0.074877,9.961212,0.074758,0.097795,245,122,0.322862,0.275892,0.010427,0.080777,0.002031,0.541165,0.017137
211,0,13.040656,0.000810,0.000000,0.000041,0.142202,1.014689,1.011007,1.256107,1.336765,5.052856,4.907545,2.944183,1.001862,0.000064,0.000034,1.219713,0.000003,0.072781,0.000448,0.059872,8.509803,0.063395,0.100372,208,106,0.266720,0.188714,0.008647,0.078427,0.001678,0.453539,0.013787
212,0,14.789724,1.691979,1.691128,0.000041,0.126729,1.012872,1.009189,1.233992,1.359490,5.050951,4.908322,2.963118,0.982625,0.000064,0.000034,1.277262,0.000003,0.072781,0.000448,0.077098,9.909254,0.077040,0.104933,245,122,0.329363,0.202328,0.010427,0.080777,0.002031,0.588423,0.017137
213,0,13.103326,0.000810,0.000000,0.000041,0.148922,1.021240,1.017558,1.241845,1.357876,5.060187,4.917558,2.948534,0.978234,0.000064,0.000034,1.250580,0.000003,0.072781,0.000448,0.045817,8.540558,0.063395,0.076219,208,106,0.286753,0.179545,0.008647,0.065979,0.001678,0.507473,0.013787
214,0,14.841051,1.595049,1.594198,0.000041,0.126729,1.018548,1.014865,1.245239,1.351810,5.060031,4.917402,2.970957,1.000017,0.000064,0.000034,1.381097,0.000003,0.091041,0.000448,0.053040,9.960134,0.074758,0.092421,245,122,0.350701,0.200209,0.010427,0.101081,0.002031,0.564192,0.017137
215,0,13.125726,0.000810,0.000000,0.000041,0.126865,1.026310,1.022627,1.245185,1.359673,5.053368,4.910739,2.962660,0.980116,0.000064,0.000034,1.277523,0.000003,0.072781,0.000448,0.056244,8.544939,0.065382,0.121029,208,106,0.264696,0.178691,0.008647,0.065979,0.001678,0.438195,0.013787
216,0,14.645603,1.526998,1.526147,0.000041,0.126729,0.996457,0.992774,1.266405,1.353071,5.051944,4.909315,2.975142,0.990495,0.000064,0.000034,1.275526,0.000003,0.072781,0.000448,0.099450,9.983429,0.074758,0.128957,245,122,0.328596,0.230726,0.010427,0.097741,0.002031,0.544810,0.017137
217,0,13.047787,0.000810,0.000000,0.000041,0.126865,1.005903,1.002221,1.240848,1.364302,5.041300,4.898671,2.974121,0.991052,0.000064,0.000034,1.220306,0.000003,0.072781,0.000448,0.058495,8.461334,0.063395,0.084730,208,106,0.264696,0.166199,0.008647,0.065979,0.001678,0.477865,0.013787
218,0,14.709612,1.568702,1.567851,0.000041,0.126729,1.003655,0.999973,1.285092,1.339155,5.045454,4.902825,2.964155,0.997148,0.000064,0.000034,1.282637,0.000003,0.093482,0.000448,0.056380,9.986016,0.074758,0.103017,245,122,0.295475,0.212921,0.010427,0.080777,0.002031,0.564111,0.017137
219,0,12.970578,0.000810,0.000000,0.000041,0.126865,0.997871,0.994188,1.282973,1.336253,5.046936,4.904307,2.978624,1.001034,0.000064,0.000034,1.126916,0.000003,0.072781,0.000448,0.045190,8.436001,0.065650,0.062978,208,106,0.264696,0.160858,0.008647,0.065979,0.001678,0.457859,0.013787
220,0,14.631049,1.618127,1.617276,0.000041,0.126729,0.989526,0.985843,1.277890,1.310788,5.050663,4.908034,2.957387,0.987817,0.000064,0.000034,1.208181,0.000003,0.091210,0.000448,0.100325,9.963450,0.074758,0.084113,245,122,0.308865,0.234107,0.010427,0.080777,0.002031,0.549123,0.017137
221,0,13.098548,0.000810,0.000000,0.000041,0.126865,0.994364,0.990682,1.283875,1.336765,5.040904,4.898275,2.980398,1.007521,0.000064,0.000034,1.241716,0.000003,0.092302,0.000448,0.057549,8.556315,0.063395,0.101854,208,106,0.264696,0.220150,0.008647,0.084330,0.001678,0.438195,0.013787
222,0,15.124576,1.740543,1.739692,0.000041,0.143487,0.993052,0.989370,1.273109,1.322951,5.068515,4.925886,2.943471,0.965264,0.000064,0.000034,1.543742,0.000003,0.095157,0.000448,0.075538,10.003228,0.074758,0.103441,245,122,0.312232,0.307020,0.010427,0.080777,0.002031,0.549045,0.017137
223,0,13.132701,0.000810,0.000000,0.000041,0.126865,0.997104,0.993422,1.271155,1.314060,5.049927,4.907298,2.962026,0.984036,0.000064,0.000034,1.337423,0.000003,0.072781,0.000448,0.051276,8.544423,0.063395,0.152615,208,106,0.264696,0.215176,0.008647,0.065979,0.001678,0.438195,0.013787
224,0,14.907779,1.560018,1.559167,0.000041,0.146294,0.992374,0.988692,1.279687,1.327867,5.051741,4.909112,2.954200,0.999047,0.000064,0.000034,1.522268,0.000003,0.072781,0.000448,0.073927,10.003645,0.074758,0.152252,245,122,0.310113,0.226434,0.010427,0.105835,0.002031,0.614807,0.017137
225,0,13.365014,0.000810,0.000000,0.000041,0.160770,0.974942,0.971259,1.278161,1.327884,5.039052,4.896423,2.957540,0.999851,0.000064,0.000034,1.552524,0.000003,0.072781,0.000448,0.106038,8.502896,0.063395,0.113027,208,106,0.264696,0.183967,0.008647,0.065979,0.001678,0.455109,0.013787
226,0,14.761909,1.674557,1.673706,0.000041,0.126729,1.008491,1.004808,1.249139,1.349986,5.072920,4.930291,2.956533,1.003733,0.000064,0.000034,1.250224,0.000003,0.072781,0.000448,0.066688,9.971127,0.110633,0.103899,245,122,0.333018,0.225288,0.010427,0.080777,0.002031,0.546051,0.017137
227,0,13.078827,0.000810,0.000000,0.000041,0.145318,1.011983,1.008301,1.255924,1.337921,5.074531,4.931902,2.936303,1.000943,0.000064,0.000034,1.242706,0.000003,0.072781,0.000448,0.049530,8.513963,0.063395,0.072574,208,106,0.264696,0.198880,0.008647,0.065979,0.001678,0.457408,0.013787
228,0,14.845276,1.542636,1.541785,0.000041,0.148804,1.019274,1.015591,1.243446,1.352868,5.056705,4.914076,2.945933,0.977892,0.000064,0.000034,1.462280,0.000003,0.072781,0.000448,0.082787,9.954732,0.074758,0.136030,245,122,0.317522,0.194885,0.010427,0.080777,0.002031,0.566620,0.017137
229,0,13.193058,0.000810,0.000000,0.000041,0.146542,1.004320,1.000637,1.249223,1.349938,5.070055,4.927426,2.941756,0.979401,0.000064,0.000034,1.357083,0.000003,0.072781,0.000448,0.056244,8.505693,0.063395,0.097344,208,106,0.264696,0.173252,0.008647,0.065979,0.001678,0.438195,0.013787
230,0,14.619032,1.562958,1.562107,0.000041,0.126729,1.016073,1.012390,1.242493,1.353166,5.025753,4.870677,2.978858,0.981459,0.000064,0.000034,1.239671,0.000003,0.072781,0.000448,0.119242,9.886817,0.074758,0.085605,245,122,0.295475,0.198327,0.010427,0.080777,0.002031,0.526669,0.017137
231,0,13.321170,0.000810,0.000000,0.000041,0.126865,1.016324,1.012641,1.246545,1.358148,5.064012,4.884491,2.970479,0.987807,0.000064,0.000034,1.464657,0.000003,0.072781,0.000448,0.070655,8.559435,0.063395,0.124851,208,106,0.264696,0.192579,0.008647,0.065979,0.001678,0.513275,0.013787
232,0,14.626536,1.570428,1.569577,0.000041,0.126729,1.004879,1.001197,1.263909,1.347022,5.052077,4.909448,2.968899,0.996460,0.000064,0.000034,1.219262,0.000003,0.072781,0.000448,0.066671,9.916741,0.074758,0.115377,245,122,0.330329,0.199802,0.010427,0.094360,0.002031,0.581916,0.017137
233,0,13.030931,0.000810,0.000000,0.000041,0.126865,1.013309,1.009627,1.241465,1.347514,5.047875,4.905246,2.975674,0.995680,0.000064,0.000034,1.204088,0.000003,0.072781,0.000448,0.065965,8.424947,0.063395,0.076660,208,106,0.280670,0.163181,0.026923,0.065979,0.001678,0.465464,0.013787
234,0,14.803450,1.669369,1.668518,0.000041,0.126729,0.996948,0.993266,1.258542,1.342088,5.044963,4.886926,2.970317,0.997464,0.000064,0.000034,1.321164,0.000003,0.072781,0.000448,0.061601,9.922268,0.074758,0.100203,245,122,0.295475,0.177372,0.010427,0.080777,0.002031,0.569102,0.017137
235,0,13.035607,0.000810,0.000000,0.000041,0.126865,0.993829,0.990146,1.285434,1.327925,5.040860,4.896200,2.978302,0.980486,0.000064,0.000034,1.208252,0.000003,0.072781,0.000448,0.073395,8.438755,0.085771,0.088420,208,106,0.264696,0.167589,0.008647,0.065979,0.001678,0.451796,0.013787
236,0,14.789693,1.577345,1.576494,0.000041,0.126729,0.999393,0.995711,1.274760,1.321615,5.067932,4.888804,2.957913,0.987834,0.000064,0.000034,1.390676,0.000003,0.072781,0.000448,0.087507,9.938158,0.074758,0.136183,245,122,0.295475,0.189341,0.010427,0.080777,0.002031,0.568909,0.035434
237,0,13.107005,0.000810,0.000000,0.000041,0.126865,0.993669,0.989987,1.279541,1.332723,5.051222,4.908593,2.972995,0.987979,0.000064,0.000034,1.258294,0.000003,0.090335,0.000448,0.059533,8.541684,0.063395,0.093004,208,106,0.283576,0.230523,0.008647,0.065979,0.001678,0.438195,0.013787
238,0,14.766615,1.674571,1.673720,0.000041,0.149105,0.997826,0.994144,1.261152,1.334368,5.051412,4.908783,2.944227,0.973911,0.000064,0.000034,1.280623,0.000003,0.072781,0.000448,0.060737,9.877930,0.074758,0.064514,245,122,0.307515,0.175761,0.010427,0.082692,0.002031,0.575382,0.017137
239,0,13.107659,0.000810,0.000000,0.000041,0.126865,1.002597,0.998915,1.268155,1.318624,5.073327,4.930698,2.949707,0.965254,0.000064,0.000034,1.294244,0.000003,0.072781,0.000448,0.058838,8.556135,0.085849,0.116909,208,106,0.264696,0.189036,0.008647,0.103794,0.001678,0.456862,0.013787
240,0,14.930077,1.801073,1.800222,0.000041,0.151099,0.997091,0.993408,1.265038,1.339444,5.067573,4.924944,2.952823,1.016012,0.000064,0.000034,1.282606,0.000003,0.072781,0.000448,0.048716,9.911879,0.076674,0.064989,245,122,0.316026,0.186289,0.010427,0.103231,0.002031,0.566803,0.017137
241,0,13.080573,0.000810,0.000000,0.000041,0.163100,0.992059,0.988376,1.264164,1.335527,5.050618,4.907990,2.951226,0.996487,0.000064,0.000034,1.249739,0.000003,0.072781,0.000448,0.096391,8.522973,0.063395,0.106520,208,106,0.264696,0.173794,0.028978,0.065979,0.001678,0.450643,0.013787
242,0,14.730703,1.645850,1.644999,0.000041,0.126729,1.013936,1.010254,1.240835,1.356228,5.050378,4.889462,2.929023,0.972056,0.000064,0.000034,1.294393,0.000003,0.072781,0.000448,0.056261,9.981340,0.074758,0.108426,245,122,0.310130,0.246518,0.010427,0.080777,0.002031,0.593391,0.017137
243,0,13.083432,0.000810,0.000000,0.000041,0.146047,1.008691,1.005008,1.257060,1.326779,5.068356,4.903459,2.941915,0.989624,0.000064,0.000034,1.260444,0.000003,0.072781,0.000448,0.056261,8.497670,0.077148,0.108907,208,106,0.280433,0.177321,0.008647,0.065979,0.001678,0.438195,0.013787
244,0,14.666297,1.662411,1.661560,0.000041,0.126729,1.019375,1.015693,1.245816,1.354909,5.049652,4.884569,2.974769,1.011681,0.000064,0.000034,1.159305,0.000003,0.072781,0.000448,0.049818,9.903910,0.119093,0.059970,245,122,0.387638,0.198551,0.010427,0.080777,0.002031,0.564124,0.017137
245,0,13.128201,0.000810,0.000000,0.000041,0.126865,1.011176,1.007494,1.244032,1.356055,5.057790,4.901523,2.922960,0.975447,0.000064,0.000034,1.335181,0.000003,0.072781,0.000448,0.048716,8.477237,0.063395,0.081628,208,106,0.264696,0.166199,0.008647,0.065979,0.001678,0.452518,0.013787
246,0,16.232378,2.839562,2.838711,0.000041,0.126729,0.991862,0.988180,1.290192,1.318926,5.043243,4.886169,2.965715,0.960232,0.000064,0.000034,1.582818,0.000003,0.072781,0.000448,0.065535,9.913340,0.090817,0.125787,245,122,0.317851,0.187544,0.010427,0.080777,0.002031,0.590563,0.017137
247,0,13.066789,0.000810,0.000000,0.000041,0.126865,1.013516,1.009833,1.247782,1.357446,5.031579,4.874875,2.987305,1.004415,0.000064,0.000034,1.228156,0.000003,0.072781,0.000448,0.058041,8.491726,0.063395,0.102200,208,106,0.264696,0.172743,0.008647,0.083099,0.001678,0.438195,0.013787
248,0,15.201060,2.015567,2.014716,0.000041,0.126729,1.024190,1.020508,1.242967,1.350962,5.056407,4.913778,2.979879,0.987871,0.000064,0.000034,1.331028,0.000003,0.072781,0.000448,0.073520,9.944156,0.074758,0.092224,245,122,0.295475,0.189985,0.010427,0.080777,0.002031,0.549472,0.017137
249,0,13.057994,0.000810,0.000000,0.000041,0.126865,1.021596,1.017914,1.238651,1.361291,5.052609,4.909980,2.975142,1.005575,0.000064,0.000034,1.207699,0.000003,0.072781,0.000448,0.080455,8.499142,0.063395,0.076864,208,106,0.264696,0.174354,0.008647,0.065979,0.001678,0.479377,0.013787
250,0,15.053609,2.066962,2.066111,0.000041,0.126729,1.003126,0.999444,1.280962,1.343391,5.045027,4.902398,2.968380,0.981394,0.000064,0.000034,1.145701,0.000003,0.072781,0.000448,0.048716,9.865933,0.096334,0.058767,245,122,0.313568,0.189952,0.010427,0.080777,0.002031,0.559316,0.017137
251,0,13.180888,0.000810,0.000000,0.000041,0.126865,1.001814,0.998132,1.275136,1.328725,5.036533,4.893904,2.983900,0.996792,0.000064,0.000034,1.331404,0.000003,0.095150,0.000448,0.062042,8.508345,0.063395,0.087765,208,106,0.285790,0.199378,0.008647,0.065979,0.001678,0.438195,0.013787
252,0,14.665419,1.632890,1.632039,0.000041,0.126729,0.996816,0.993134,1.282952,1.319102,5.050693,4.885688,2.966095,0.965461,0.000064,0.000034,1.198730,0.000003,0.090861,0.000448,0.048581,9.838257,0.074758,0.064141,245,122,0.313555,0.177321,0.010427,0.080777,0.002031,0.526669,0.017137
253,0,13.141015,0.000810,0.000000,0.000041,0.126865,0.997599,0.993917,1.272434,1.338308,5.036248,4.852946,2.999234,1.011081,0.000064,0.000034,1.296187,0.000003,0.072781,0.000448,0.108531,8.587467,0.063395,0.149156,208,106,0.264696,0.176609,0.008647,0.065979,0.001678,0.474860,0.036163
254,0,14.866102,1.716254,1.715403,0.000041,0.160116,0.994673,0.990991,1.256202,1.339661,5.053426,4.910797,2.941369,0.982134,0.000064,0.000034,1.331072,0.000003,0.072781,0.000448,0.048716,9.962162,0.074758,0.134789,245,122,0.295475,0.208364,0.010427,0.096134,0.002031,0.559153,0.017137
255,0,13.038900,0.000810,0.000000,0.000041,0.126865,0.999671,0.995989,1.275469,1.310659,5.059082,4.916453,2.959819,0.967729,0.000064,0.000034,1.210819,0.000003,0.095157,0.000448,0.075538,8.471554,0.063395,0.104041,208,106,0.264696,0.195262,0.008647,0.065979,0.001678,0.499986,0.013787
256,0,14.695017,1.569797,1.568946,0.000041,0.140377,1.027340,1.023658,1.247474,1.355364,5.057685,4.915056,2.938850,0.982686,0.000064,0.000034,1.284800,0.000003,0.072781,0.000448,0.060059,9.939121,0.074758,0.089318,245,122,0.316227,0.193817,0.010427,0.080777,0.002031,0.549123,0.017137
257,0,13.065731,0.000810,0.000000,0.000041,0.156087,0.995802,0.992120,1.264387,1.336121,5.031169,4.888540,2.954793,0.994626,0.000064,0.000034,1.253231,0.000003,0.072781,0.000448,0.059143,8.482985,0.063395,0.079983,208,106,0.264696,0.176965,0.008647,0.068275,0.001678,0.464362,0.032108
258,0,14.805311,1.645064,1.644213,0.000041,0.126729,1.015439,1.011756,1.251312,1.354302,5.054813,4.912184,2.967478,0.987501,0.000064,0.000034,1.316844,0.000003,0.072781,0.000448,0.048716,10.013126,0.074758,0.131839,245,122,0.314392,0.202362,0.010427,0.101339,0.002031,0.557495,0.017137
259,0,13.088138,0.000810,0.000000,0.000041,0.145020,1.018561,1.014879,1.241299,1.355737,5.056695,4.914066,2.940013,0.985572,0.000064,0.000034,1.256673,0.000003,0.072781,0.000448,0.071181,8.523590,0.065440,0.108738,208,106,0.276730,0.176982,0.008647,0.086636,0.001678,0.438195,0.013787
260,0,14.784383,1.594859,1.594008,0.000041,0.126729,1.009155,1.005473,1.245433,1.353770,5.035668,4.893039,2.959056,0.966773,0.000064,0.000034,1.386383,0.000003,0.072781,0.000448,0.065653,9.882243,0.074758,0.103041,245,122,0.295475,0.222687,0.010427,0.080777,0.002031,0.526669,0.017137
261,0,13.175737,0.000810,0.000000,0.000041,0.126865,1.014530,1.010847,1.240448,1.357629,5.041697,4.899068,2.939962,0.963477,0.000064,0.000034,1.380466,0.000003,0.072781,0.000448,0.045817,8.540554,0.063395,0.145681,208,106,0.264696,0.190850,0.008647,0.065979,0.001678,0.472510,0.013787
262,0,14.706655,1.562961,1.562110,0.000041,0.126729,0.994392,0.990709,1.270162,1.353387,5.057746,4.915117,2.979726,1.002523,0.000064,0.000034,1.288222,0.000003,0.072781,0.000448,0.041579,9.912821,0.074758,0.087813,245,122,0.317851,0.177812,0.010427,0.080777,0.002031,0.545722,0.017137
263,0,13.312361,0.000810,0.000000,0.000041,0.126865,1.008918,1.005235,1.245382,1.359897,5.051063,4.908434,2.971544,0.978767,0.000064,0.000034,1.453037,0.000003,0.094296,0.000448,0.048716,8.566176,0.063395,0.147851,208,106,0.264696,0.184933,0.008647,0.095005,0.001678,0.438195,0.013787
264,0,14.605693,1.561327,1.560476,0.000041,0.126729,0.992950,0.989268,1.259243,1.355496,5.020084,4.877455,2.974504,1.006205,0.000064,0.000034,1.242028,0.000003,0.072781,0.000448,0.045834,9.914147,0.074758,0.097066,245,122,0.309540,0.188477,0.010427,0.080777,0.002031,0.546098,0.017137
265,0,13.259450,0.000810,0.000000,0.000041,0.126865,0.989065,0.985382,1.261237,1.360758,5.050913,4.908285,2.979519,1.005188,0.000064,0.000034,1.384094,0.000003,0.105638,0.000448,0.066671,8.592367,0.063395,0.114417,208,106,0.264696,0.217994,0.008647,0.065979,0.001678,0.451887,0.013787
266,0,15.116099,1.601685,1.600833,0.000041,0.126729,1.004886,1.001204,1.282857,1.334510,5.055905,4.913276,2.977241,1.004696,0.000064,0.000034,1.658956,0.000003,0.072781,0.000448,0.070624,10.010318,0.097127,0.132548,245,122,0.315623,0.222480,0.012566,0.080777,0.002031,0.553708,0.017137
267,0,12.987000,0.000810,0.000000,0.000041,0.126865,0.998060,0.994378,1.278134,1.336683,5.043545,4.900916,2.980967,1.009708,0.000064,0.000034,1.148604,0.000003,0.072781,0.000448,0.048716,8.500278,0.083781,0.082831,208,106,0.301985,0.164741,0.027483,0.085887,0.001678,0.438195,0.013787
268,0,14.717417,1.683824,1.682973,0.000041,0.143819,0.989702,0.986020,1.265978,1.331126,5.026666,4.884037,2.960236,0.980865,0.000064,0.000034,1.242737,0.000003,0.072781,0.000448,0.055159,9.869205,0.074758,0.075636,245,122,0.295475,0.213864,0.010427,0.080777,0.002031,0.549045,0.017137
269,0,13.086521,0.000810,0.000000,0.000041,0.126865,0.993761,0.990078,1.273142,1.341576,5.041378,4.880402,2.955922,0.982144,0.000064,0.000034,1.261698,0.000003,0.090817,0.000448,0.079878,8.471941,0.063395,0.088189,208,106,0.264696,0.166928,0.008647,0.108029,0.001678,0.452362,0.013787
270,0,14.634379,1.530473,1.529622,0.000041,0.126729,1.004903,1.001221,1.283230,1.316827,5.035536,4.877550,2.961799,1.006772,0.000064,0.000034,1.301551,0.000003,0.072781,0.000448,0.050123,9.959842,0.074758,0.102186,245,122,0.314772,0.227743,0.010427,0.080777,0.002031,0.541012,0.017137
271,0,13.085405,0.000810,0.000000,0.000041,0.126865,0.988661,0.984979,1.287198,1.321262,5.068020,4.906643,2.962019,0.984680,0.000064,0.000034,1.257239,0.000003,0.072781,0.000448,0.084049,8.480584,0.063395,0.101413,208,106,0.283580,0.175015,0.008647,0.065979,0.001678,0.474223,0.013787
272,0,15.051507,1.686523,1.685672,0.000041,0.126729,1.017327,1.013645,1.251004,1.353661,5.056407,4.913778,2.934614,0.979523,0.000064,0.000034,1.533179,0.000003,0.091512,0.000448,0.058363,10.000441,0.090244,0.127245,245,122,0.295475,0.256846,0.010427,0.080777,0.002031,0.541168,0.017137
273,0,13.151954,0.000810,0.000000,0.000041,0.149234,1.021745,1.018063,1.254791,1.334259,5.024204,4.881575,2.957367,1.000753,0.000064,0.000034,1.336212,0.000003,0.072781,0.000448,0.056244,8.550381,0.063395,0.109500,208,106,0.264696,0.183255,0.008647,0.065979,0.001678,0.460571,0.013787
274,0,14.673384,1.544359,1.543508,0.000041,0.146250,1.017120,1.013438,1.246158,1.353984,5.030962,4.875946,2.954959,1.000634,0.000064,0.000034,1.306261,0.000003,0.072781,0.000448,0.056261,9.997535,0.074758,0.107120,245,122,0.314670,0.227498,0.010427,0.092919,0.002031,0.569814,0.017137
275,0,13.116747,0.000810,0.000000,0.000041,0.147430,1.003215,0.999532,1.247423,1.363912,5.058987,4.916358,2.938494,0.980333,0.000064,0.000034,1.283145,0.000003,0.072781,0.000448,0.066671,8.558760,0.063395,0.104024,208,106,0.264696,0.195794,0.008647,0.065979,0.001678,0.472639,0.013787
276,0,14.591014,1.502998,1.502146,0.000041,0.149105,1.019935,1.016252,1.239617,1.359395,5.034180,4.891551,2.954251,0.979241,0.000064,0.000034,1.258202,0.000003,0.072781,0.000448,0.060465,9.884969,0.091010,0.081875,245,122,0.295475,0.223806,0.010427,0.080777,0.002031,0.526669,0.017137
277,0,13.216309,0.000810,0.000000,0.000041,0.126865,1.018060,1.014377,1.249264,1.353485,5.038303,4.879449,2.979306,0.982544,0.000064,0.000034,1.376885,0.000003,0.072781,0.000448,0.096381,8.508965,0.065331,0.097982,208,106,0.264696,0.177422,0.008647,0.065979,0.001678,0.475186,0.013787
278,0,14.574344,1.544081,1.543230,0.000041,0.126729,0.993720,0.990038,1.265255,1.354869,5.053565,4.910936,2.967346,0.980123,0.000064,0.000034,1.195448,0.000003,0.072781,0.000448,0.060754,9.992421,0.074758,0.111410,245,122,0.314002,0.207472,0.010427,0.080777,0.002031,0.542002,0.017137
279,0,13.030436,0.000810,0.000000,0.000041,0.126865,1.021851,1.018168,1.246789,1.359911,5.055650,4.913022,2.977695,1.023027,0.000064,0.000034,1.167535,0.000003,0.072781,0.000448,0.066654,8.538456,0.063395,0.088257,208,106,0.288174,0.176626,0.008647,0.065979,0.001678,0.457577,0.013787
280,0,14.648115,1.555844,1.554993,0.000041,0.140825,0.997006,0.993323,1.260098,1.334646,5.069017,4.926388,2.960995,1.028351,0.000064,0.000034,1.256354,0.000003,0.072781,0.000448,0.045834,9.905891,0.074758,0.085941,245,122,0.295475,0.185374,0.029341,0.080777,0.002031,0.566335,0.017137
281,0,13.068614,0.000810,0.000000,0.000041,0.126865,1.002560,0.998878,1.267646,1.333920,5.074361,4.931732,2.955902,1.008416,0.000064,0.000034,1.233219,0.000003,0.072781,0.000448,0.056261,8.522912,0.063395,0.086629,208,106,0.264696,0.173336,0.008647,0.100118,0.001678,0.456930,0.013787
282,0,14.679148,1.625549,1.624698,0.000041,0.126729,1.011444,1.007762,1.258077,1.321523,5.055562,4.912933,2.964193,1.006887,0.000064,0.000034,1.224416,0.000003,0.091105,0.000448,0.048343,9.883769,0.074758,0.061683,245,122,0.295475,0.203861,0.010427,0.080777,0.002031,0.579149,0.017137
283,0,13.037354,0.000810,0.000000,0.000041,0.142337,0.996450,0.992767,1.276150,1.314596,5.067525,4.922214,2.953796,0.995507,0.000064,0.000034,1.212358,0.000003,0.072781,0.000448,0.108324,8.486749,0.063395,0.106557,208,106,0.264696,0.185154,0.008647,0.065979,0.001678,0.452816,0.013787
284,0,14.889242,1.666487,1.665636,0.000041,0.145057,0.995310,0.991628,1.254347,1.346859,5.037947,4.881056,2.963026,1.005690,0.000064,0.000034,1.406877,0.000003,0.072781,0.000448,0.056261,9.947171,0.074758,0.071262,245,122,0.318492,0.180830,0.010427,0.092909,0.002031,0.581757,0.017137
285,0,13.087358,0.000810,0.000000,0.000041,0.126865,1.022942,1.019260,1.283461,1.312388,5.048750,4.906121,2.959751,0.998532,0.000064,0.000034,1.240207,0.000003,0.091634,0.000448,0.068654,8.534620,0.065555,0.091682,208,106,0.264696,0.199039,0.008647,0.065979,0.001678,0.438195,0.013787
286,0,14.750983,1.656843,1.655992,0.000041,0.146284,1.018392,1.014709,1.244554,1.346259,5.049791,4.907162,2.946150,0.996002,0.000064,0.000034,1.269379,0.000003,0.072781,0.000448,0.059889,10.018063,0.114353,0.108917,245,122,0.295475,0.189273,0.010427,0.080777,0.002031,0.596313,0.017137
287,0,13.069814,0.000810,0.000000,0.000041,0.126865,1.009776,1.006093,1.260695,1.331479,5.056508,4.894392,2.954719,0.984256,0.000064,0.000034,1.255632,0.000003,0.072781,0.000448,0.056753,8.530284,0.063395,0.127794,208,106,0.264696,0.173303,0.008647,0.084066,0.001678,0.476488,0.013787
288,0,14.724135,1.553460,1.552609,0.000041,0.145755,1.013407,1.009725,1.241767,1.347490,5.026978,4.872314,2.997345,0.987874,0.000064,0.000034,1.324602,0.000003,0.072781,0.000448,0.063449,9.942295,0.097212,0.106917,245,122,0.295475,0.197615,0.010427,0.080777,0.002031,0.548119,0.017137
289,0,13.162381,0.000810,0.000000,0.000041,0.145216,1.016351,1.012668,1.243018,1.357961,5.025265,4.882636,2.970022,1.003944,0.000064,0.000034,1.330407,0.000003,0.072781,0.000448,0.056244,8.532250,0.063395,0.083679,208,106,0.303090,0.200626,0.008647,0.065979,0.001678,0.458805,0.013787
290,0,14.715047,1.632311,1.631460,0.000041,0.126729,0.996592,0.992910,1.262346,1.357008,5.053006,4.910377,2.962847,0.977122,0.000064,0.000034,1.250878,0.000003,0.072781,0.000448,0.056261,9.982005,0.074758,0.108409,245,122,0.333286,0.216933,0.010427,0.080777,0.002031,0.559679,0.017137
291,0,13.268795,0.000810,0.000000,0.000041,0.146434,1.022424,1.018741,1.237966,1.343516,5.055667,4.893856,2.951867,0.980855,0.000064,0.000034,1.417158,0.000003,0.092404,0.000448,0.073266,8.518768,0.063395,0.134423,208,106,0.285272,0.199358,0.008647,0.065979,0.001678,0.438195,0.033298
292,0,14.626482,1.583133,1.582282,0.000041,0.126729,0.998305,0.994622,1.256100,1.356635,5.049245,4.906616,2.923930,0.964732,0.000064,0.000034,1.259074,0.000003,0.072781,0.000448,0.045834,9.895921,0.074758,0.084130,245,122,0.295475,0.198201,0.010427,0.080777,0.002031,0.526669,0.017137
293,0,13.180654,0.000810,0.000000,0.000041,0.126865,0.997365,0.993683,1.275089,1.353021,5.043172,4.900543,2.978743,0.987681,0.000064,0.000034,1.332258,0.000003,0.072781,0.000448,0.048716,8.505897,0.063395,0.104024,208,106,0.264696,0.183889,0.008647,0.065979,0.001678,0.438195,0.013787
294,0,14.733727,1.538751,1.537899,0.000041,0.126729,0.997864,0.994181,1.266327,1.336043,5.064216,4.921587,2.966682,0.984728,0.000064,0.000034,1.363786,0.000003,0.072781,0.000448,0.045834,9.902008,0.074758,0.120375,245,122,0.295475,0.206957,0.010427,0.080777,0.020803,0.526669,0.017137
295,0,13.020006,0.000810,0.000000,0.000041,0.126865,0.997782,0.994100,1.262594,1.355947,5.052450,4.909821,2.969133,1.000777,0.000064,0.000034,1.181095,0.000003,0.072781,0.000448,0.054108,8.519853,0.063395,0.074253,208,106,0.264696,0.194065,0.008647,0.065979,0.001678,0.438195,0.013787
296,0,14.859538,1.619826,1.618974,0.000041,0.149183,0.991133,0.987450,1.281121,1.319807,5.073140,4.930511,2.949348,1.002445,0.000064,0.000034,1.402649,0.000003,0.072781,0.000448,0.038544,9.937205,0.074758,0.104221,245,122,0.295475,0.184916,0.010427,0.080777,0.002031,0.559441,0.017137
297,0,13.089454,0.000810,0.000000,0.000041,0.126865,1.000129,0.996446,1.280412,1.315793,5.063310,4.920681,2.946913,1.002431,0.000064,0.000034,1.281891,0.000003,0.072781,0.000448,0.070340,8.522213,0.063395,0.089691,208,106,0.264696,0.190630,0.008647,0.088355,0.001678,0.438195,0.013787
298,0,14.690599,1.554247,1.553396,0.000041,0.126729,1.010417,1.006734,1.265757,1.325877,5.082008,4.939379,2.947177,0.999644,0.000064,0.000034,1.287927,0.000003,0.089912,0.000448,0.059347,9.903988,0.074758,0.098626,245,122,0.312436,0.191461,0.010427,0.080777,0.002031,0.540690,0.017137
299,0,13.321374,0.000810,0.000000,0.000041,0.140544,0.997769,0.994086,1.291012,1.316566,5.048258,4.902947,2.963169,0.999732,0.000064,0.000034,1.489916,0.000003,0.072781,0.000448,0.050310,8.490499,0.063395,0.088681,208,106,0.289341,0.186428,0.008647,0.065979,0.001678,0.458635,0.013787
300,0,15.029605,1.598585,1.597734,0.000041,0.126729,0.998844,0.995161,1.258335,1.357649,5.036862,4.894233,2.948941,0.965552,0.000064,0.000034,1.615696,0.000003,0.087416,0.000448,0.056346,9.893205,0.074758,0.088725,245,122,0.295475,0.195292,0.010427,0.080777,0.002031,0.549123,0.017137
301,0,13.032871,0.000810,0.000000,0.000041,0.126865,1.007050,1.003367,1.287004,1.316471,5.033681,4.891052,2.959886,1.004795,0.000064,0.000034,1.207208,0.000003,0.093346,0.000448,0.056515,8.482079,0.065311,0.079763,208,106,0.264696,0.173116,0.008647,0.065979,0.001678,0.458761,0.013787
302,0,14.949816,1.654144,1.653293,0.000041,0.145260,1.010946,1.007263,1.240017,1.359484,5.047000,4.904371,2.950724,0.991150,0.000064,0.000034,1.468909,0.000003,0.072781,0.000448,0.056261,9.993659,0.074758,0.105374,245,122,0.295475,0.209378,0.010427,0.080777,0.002031,0.586850,0.017137
303,0,13.102478,0.000810,0.000000,0.000041,0.126865,1.020481,1.016798,1.266283,1.353336,5.038086,4.895457,2.958438,1.008121,0.000064,0.000034,1.264848,0.000003,0.072781,0.000448,0.066806,8.540202,0.063395,0.098962,208,106,0.264696,0.171166,0.008647,0.065979,0.001678,0.521240,0.013787
304,0,14.628116,1.580912,1.580061,0.000041,0.146430,1.020850,1.017168,1.247755,1.350677,5.048170,4.905541,2.964430,0.982791,0.000064,0.000034,1.195560,0.000003,0.072781,0.000448,0.054735,9.942668,0.074758,0.112688,245,122,0.295475,0.201816,0.010427,0.080777,0.002031,0.529351,0.017137
305,0,13.224152,0.000810,0.000000,0.000041,0.142212,1.016239,1.012556,1.247613,1.348158,5.051965,4.892849,2.974504,1.012431,0.000064,0.000034,1.369320,0.000003,0.072781,0.000448,0.066654,8.591010,0.079322,0.102990,208,106,0.264696,0.216024,0.008647,0.065979,0.001678,0.458018,0.013787
306,0,14.581746,1.540015,1.539164,0.000041,0.145871,0.998013,0.994331,1.266395,1.350766,5.041148,4.898519,2.960446,1.003120,0.000064,0.000034,1.205763,0.000003,0.072781,0.000448,0.048818,10.013455,0.074758,0.110931,245,122,0.332533,0.227125,0.010427,0.113481,0.002031,0.526669,0.017137
307,0,13.002472,0.000810,0.000000,0.000041,0.145338,1.010142,1.006460,1.248230,1.349033,5.020172,4.857703,2.963671,0.982425,0.000064,0.000034,1.191745,0.000003,0.072781,0.000448,0.048716,8.439195,0.063395,0.090390,208,106,0.264696,0.188575,0.008647,0.065979,0.001678,0.451908,0.013787
308,0,14.996019,1.601125,1.600274,0.000041,0.126729,0.996891,0.993208,1.252984,1.347900,5.042152,4.884911,2.976132,1.002641,0.000064,0.000034,1.578776,0.000003,0.072781,0.000448,0.044308,10.069224,0.074758,0.249888,245,122,0.308902,0.230119,0.010427,0.080777,0.002031,0.526669,0.017137
309,0,13.153470,0.000810,0.000000,0.000041,0.126865,0.999078,0.995395,1.252862,1.362098,5.027934,4.885305,2.988946,0.986145,0.000064,0.000034,1.321547,0.000003,0.072781,0.000448,0.108344,8.601427,0.063395,0.127964,208,106,0.264696,0.216604,0.008647,0.086463,0.001678,0.452671,0.013787
310,0,14.590878,1.541802,1.540951,0.000041,0.126729,0.993490,0.989807,1.270467,1.337863,5.061273,4.918644,2.958910,0.988990,0.000064,0.000034,1.227013,0.000003,0.072781,0.000448,0.060754,9.902710,0.074758,0.078586,245,122,0.295475,0.186069,0.010427,0.080777,0.002031,0.547516,0.017137
311,0,13.049523,0.000810,0.000000,0.000041,0.126865,0.997338,0.993656,1.267212,1.362420,5.041314,4.898685,2.979414,1.010213,0.000064,0.000034,1.200819,0.000003,0.072781,0.000448,0.098918,8.513448,0.063395,0.092597,208,106,0.264696,0.201921,0.008647,0.065979,0.001678,0.469754,0.013787
312,0,15.881463,2.719415,2.718564,0.000041,0.126729,1.017463,1.013780,1.259752,1.331791,5.041392,4.879710,2.972039,0.982279,0.000064,0.000034,1.318020,0.000003,0.094313,0.000448,0.054481,9.922289,0.074758,0.107934,245,122,0.295475,0.216176,0.010427,0.096171,0.002031,0.562571,0.017137
313,0,13.182217,0.000810,0.000000,0.000041,0.126865,0.998121,0.994439,1.285214,1.317773,5.059811,4.917182,2.963894,1.006141,0.000064,0.000034,1.335822,0.000003,0.093357,0.000448,0.066908,8.589576,0.063395,0.135610,208,106,0.291429,0.196859,0.008647,0.065979,0.001678,0.470995,0.013787
314,0,14.590573,1.524051,1.523200,0.000041,0.126729,1.009800,1.006117,1.260830,1.330987,5.061215,4.918586,2.952830,1.001953,0.000064,0.000034,1.250800,0.000003,0.072781,0.000448,0.065569,9.847694,0.074758,0.079892,245,122,0.295475,0.193020,0.010427,0.080777,0.002031,0.558438,0.017137
315,0,13.184123,0.000810,0.000000,0.000041,0.140520,0.998973,0.995290,1.277351,1.317549,5.073300,4.930671,2.958852,1.005659,0.000064,0.000034,1.343438,0.000003,0.072781,0.000448,0.048716,8.452193,0.063395,0.093597,208,106,0.264696,0.180389,0.008647,0.086985,0.001678,0.456150,0.013787
316,0,14.736962,1.663327,1.662476,0.000041,0.144240,1.022786,1.019104,1.237115,1.338938,5.025862,4.883233,2.955946,0.994442,0.000064,0.000034,1.275418,0.000003,0.072781,0.000448,0.044291,9.990994,0.074758,0.108426,245,122,0.316098,0.206295,0.010427,0.103231,0.002031,0.543182,0.017137
317,0,13.132158,0.000810,0.000000,0.000041,0.126865,1.009942,1.006259,1.289046,1.315426,5.029371,4.886742,2.972734,1.010749,0.000064,0.000034,1.314633,0.000003,0.072781,0.000448,0.064823,8.540324,0.063395,0.102176,208,106,0.264696,0.185408,0.008647,0.065979,0.001678,0.438195,0.013787
318,0,14.991106,1.973202,1.972351,0.000041,0.126729,1.011244,1.007562,1.268856,1.332876,5.066145,4.904809,2.958771,0.998539,0.000064,0.000034,1.179952,0.000003,0.072781,0.000448,0.063243,9.912309,0.074758,0.073432,245,122,0.313473,0.199459,0.010427,0.080777,0.002031,0.571374,0.017137
319,0,13.155433,0.000810,0.000000,0.000041,0.126865,1.020762,1.017080,1.260213,1.354994,5.027351,4.882507,2.949795,0.975833,0.000064,0.000034,1.341312,0.000003,0.072781,0.000448,0.056244,8.518100,0.063395,0.091292,208,106,0.264696,0.188629,0.008647,0.065979,0.001678,0.456750,0.013787
320,0,14.705336,1.555495,1.554643,0.000041,0.142141,0.988068,0.984385,1.277496,1.349884,5.015411,4.872782,2.978763,0.980811,0.000064,0.000034,1.324748,0.000003,0.072781,0.000448,0.052836,9.951894,0.074758,0.107663,245,122,0.319845,0.197615,0.010427,0.080777,0.002031,0.543528,0.035980
321,0,13.115570,0.000810,0.000000,0.000041,0.144836,1.022071,1.018389,1.240889,1.358131,5.044749,4.879666,2.965824,1.007090,0.000064,0.000034,1.264930,0.000003,0.072781,0.000448,0.060737,8.605882,0.063395,0.142426,208,106,0.279938,0.172675,0.008647,0.065979,0.001678,0.474345,0.013787
322,0,14.595245,1.539154,1.538303,0.000041,0.143870,0.994334,0.990651,1.267086,1.357452,5.044610,4.901981,2.966163,0.982676,0.000064,0.000034,1.209245,0.000003,0.072781,0.000448,0.056261,9.943068,0.074758,0.082248,245,122,0.312215,0.184675,0.010427,0.080777,0.002031,0.557587,0.017137
323,0,13.144989,0.000810,0.000000,0.000041,0.147444,1.019270,1.015588,1.242018,1.353899,5.011814,4.869185,2.960225,0.985304,0.000064,0.000034,1.336178,0.000003,0.072781,0.000448,0.083920,8.485548,0.063395,0.104007,208,106,0.264696,0.186089,0.008647,0.084700,0.001678,0.455315,0.013787
324,0,14.717299,1.557024,1.556173,0.000041,0.126729,0.996436,0.992754,1.254513,1.356198,5.042501,4.899872,2.943780,0.967872,0.000064,0.000034,1.366787,0.000003,0.072781,0.000448,0.045834,9.897047,0.074758,0.090030,245,122,0.295475,0.194411,0.010427,0.080777,0.002031,0.526669,0.036007
325,0,13.004249,0.000810,0.000000,0.000041,0.126865,0.998227,0.994544,1.259566,1.353977,5.038357,4.893667,2.988536,0.981181,0.000064,0.000034,1.164581,0.000003,0.072781,0.000448,0.049293,8.503689,0.075436,0.079271,208,106,0.321353,0.187158,0.008647,0.065979,0.001678,0.438195,0.030911
326,0,14.574246,1.549398,1.548547,0.000041,0.126729,0.999312,0.995629,1.260030,1.336745,5.069960,4.927331,2.962345,0.987518,0.000064,0.000034,1.196398,0.000003,0.072781,0.000448,0.056261,9.923777,0.074758,0.072534,245,122,0.308757,0.181051,0.010427,0.080777,0.002031,0.545410,0.017137
327,0,13.020020,0.000810,0.000000,0.000041,0.126865,0.997965,0.994283,1.259366,1.360202,5.051900,4.909271,2.966156,1.003638,0.000064,0.000034,1.183424,0.000003,0.072781,0.000448,0.095171,8.493334,0.063395,0.089325,208,106,0.264696,0.165131,0.008647,0.065979,0.001678,0.471612,0.013787
328,0,14.584866,1.546797,1.545946,0.000041,0.126729,1.020081,1.016398,1.283108,1.318980,5.072550,4.929921,2.950582,1.015510,0.000064,0.000034,1.192708,0.000003,0.072781,0.000448,0.045834,9.926012,0.074758,0.080044,245,122,0.350440,0.194461,0.010427,0.080777,0.002031,0.526669,0.017137
329,0,13.297190,0.000810,0.000000,0.000041,0.126865,0.993547,0.989865,1.245826,1.342455,5.050408,4.907779,2.959500,1.006297,0.000064,0.000034,1.504449,0.000003,0.072781,0.000448,0.117584,8.465613,0.063395,0.091953,208,106,0.304009,0.185276,0.008647,0.065979,0.001678,0.438195,0.013787
330,0,14.911089,1.930274,1.929423,0.000041,0.140391,0.998213,0.994531,1.257528,1.334429,5.059957,4.917328,2.953732,1.015554,0.000064,0.000034,1.163235,0.000003,0.072781,0.000448,0.048716,9.885698,0.074758,0.076619,245,122,0.314138,0.201647,0.010427,0.099352,0.002031,0.559513,0.017137
331,0,13.158027,0.000810,0.000000,0.000041,0.149238,0.988614,0.984931,1.280131,1.321767,5.076755,4.934126,2.954732,1.000210,0.000064,0.000034,1.312649,0.000003,0.072781,0.000448,0.070977,8.526788,0.063395,0.106720,208,106,0.267378,0.169301,0.008647,0.065979,0.001678,0.451816,0.013787
332,0,14.907613,1.716203,1.715352,0.000041,0.143863,1.016856,1.013173,1.245073,1.352444,5.059794,4.917165,2.937571,0.981720,0.000064,0.000034,1.362478,0.000003,0.072781,0.000448,0.048716,10.053928,0.074758,0.104933,245,122,0.297665,0.306783,0.010427,0.080777,0.002031,0.552663,0.017137
333,0,13.129428,0.000810,0.000000,0.000041,0.126865,1.023336,1.019653,1.281460,1.311106,5.046068,4.881917,2.963901,0.987000,0.000064,0.000034,1.302551,0.000003,0.072781,0.000448,0.050836,8.521681,0.063395,0.088138,208,106,0.264696,0.233676,0.008647,0.065979,0.001678,0.494585,0.013787
334,0,15.235948,1.532844,1.531993,0.000041,0.126729,1.010891,1.007209,1.265801,1.352665,5.020867,4.862891,2.969096,0.964929,0.000064,0.000034,1.883725,0.000003,0.072781,0.000448,0.050327,9.932000,0.074758,0.073432,245,122,0.295475,0.210025,0.010427,0.080777,0.002031,0.545010,0.017137
335,0,12.984806,0.000810,0.000000,0.000041,0.126865,1.012631,1.008948,1.267754,1.347426,5.037370,4.894741,2.947798,0.970442,0.000064,0.000034,1.153948,0.000003,0.089654,0.000448,0.048716,8.489560,0.063395,0.092411,208,106,0.300286,0.188256,0.008647,0.088355,0.001678,0.438195,0.013787
336,0,14.652540,1.607683,1.606832,0.000041,0.146122,1.015913,1.012231,1.246962,1.344855,5.030392,4.868808,2.964216,0.966183,0.000064,0.000034,1.223067,0.000003,0.072781,0.000448,0.051090,9.869412,0.074758,0.071991,245,122,0.295475,0.221544,0.032803,0.080777,0.002031,0.540378,0.017137
337,0,13.143250,0.000810,0.000000,0.000041,0.145596,1.012041,1.008358,1.242533,1.350264,5.044746,4.888078,2.961256,1.001377,0.000064,0.000034,1.312673,0.000003,0.072781,0.000448,0.056244,8.534342,0.063395,0.089681,208,106,0.264696,0.169912,0.008647,0.084863,0.001678,0.495012,0.013787
338,0,14.889411,1.739621,1.738770,0.000041,0.126729,0.997301,0.993618,1.265513,1.357330,5.022525,4.879896,2.976145,0.994283,0.000064,0.000034,1.330916,0.000003,0.072781,0.000448,0.062276,9.875990,0.074758,0.089556,245,122,0.314467,0.189273,0.010427,0.080777,0.002031,0.586178,0.017137
339,0,13.124173,0.000810,0.000000,0.000041,0.145060,1.015289,1.011607,1.245924,1.350399,5.026699,4.864512,2.954336,0.983222,0.000064,0.000034,1.312324,0.000003,0.072781,0.000448,0.083215,8.514506,0.063395,0.101973,208,106,0.283308,0.245667,0.008647,0.065979,0.001678,0.438195,0.013787
340,0,14.704780,1.627838,1.626987,0.000041,0.126729,0.996741,0.993059,1.258792,1.350969,5.055691,4.913062,2.964515,1.007019,0.000064,0.000034,1.250173,0.000003,0.072781,0.000448,0.143897,9.974091,0.076986,0.096032,245,122,0.333171,0.259101,0.010427,0.080777,0.002031,0.529351,0.017137
341,0,13.273956,0.000810,0.000000,0.000041,0.126865,0.995660,0.991977,1.268192,1.349762,5.054616,4.911987,2.979984,0.985257,0.000064,0.000034,1.409912,0.000003,0.087606,0.000448,0.069197,8.660936,0.063395,0.229136,208,106,0.302239,0.176168,0.008647,0.065979,0.001678,0.456448,0.013787
342,0,14.639838,1.573320,1.572469,0.000041,0.126729,0.996918,0.993235,1.265018,1.338576,5.073449,4.930820,2.955604,1.002062,0.000064,0.000034,1.236894,0.000003,0.072781,0.000448,0.053141,9.911889,0.074758,0.094540,245,122,0.317929,0.183204,0.010427,0.080777,0.002031,0.549123,0.017137
343,0,13.091210,0.000810,0.000000,0.000041,0.126865,0.994181,0.990499,1.263604,1.345937,5.060198,4.917569,2.967360,1.008074,0.000064,0.000034,1.258925,0.000003,0.072781,0.000448,0.057939,8.563795,0.063395,0.112383,208,106,0.286201,0.215773,0.008647,0.065979,0.001678,0.438195,0.013787
344,0,14.671716,1.549601,1.548750,0.000041,0.126729,1.013533,1.009850,1.281094,1.317339,5.069916,4.927287,2.952430,1.010898,0.000064,0.000034,1.287743,0.000003,0.072781,0.000448,0.062266,9.998613,0.076986,0.129276,245,122,0.295475,0.228912,0.010427,0.080777,0.002031,0.549018,0.017137
345,0,12.971395,0.000810,0.000000,0.000041,0.126865,0.998172,0.994490,1.284448,1.314358,5.072964,4.930335,2.951019,0.999325,0.000064,0.000034,1.149428,0.000003,0.072781,0.000448,0.049310,8.458306,0.063395,0.070438,208,106,0.264696,0.166199,0.008647,0.065979,0.001678,0.441793,0.013787
346,0,14.852837,1.526520,1.525669,0.000041,0.126729,1.008650,1.004968,1.264208,1.333099,5.049601,4.906972,2.963047,1.008514,0.000064,0.000034,1.507653,0.000003,0.072781,0.000448,0.047156,9.936686,0.074758,0.113919,245,122,0.295475,0.196360,0.010427,0.080777,0.002031,0.526669,0.039456
347,0,13.089637,0.000810,0.000000,0.000041,0.140544,0.996033,0.992350,1.280518,1.313541,5.066125,4.923496,2.966254,0.997135,0.000064,0.000034,1.234948,0.000003,0.090315,0.000448,0.069960,8.511875,0.082099,0.089783,208,106,0.336965,0.187069,0.008647,0.065979,0.001678,0.457272,0.013787
348,0,14.678494,1.615543,1.614692,0.000041,0.126729,1.016371,1.012689,1.259667,1.348256,5.044332,4.901703,2.952955,0.965227,0.000064,0.000034,1.241309,0.000003,0.072781,0.000448,0.038985,9.903320,0.074758,0.084164,245,122,0.295475,0.184730,0.010427,0.080777,0.002031,0.575823,0.017137
349,0,12.960948,0.000810,0.000000,0.000041,0.126865,1.021362,1.017680,1.271884,1.315555,5.041701,4.878730,2.959229,1.003174,0.000064,0.000034,1.150211,0.000003,0.072781,0.000448,0.061869,8.446150,0.063395,0.070777,208,106,0.264696,0.165249,0.008647,0.065979,0.001678,0.506626,0.013787
350,0,14.803616,1.580851,1.580000,0.000041,0.144748,1.019029,1.015347,1.240872,1.346636,5.014004,4.857825,2.977882,0.975640,0.000064,0.000034,1.406264,0.000003,0.072781,0.000448,0.077081,10.080014,0.076745,0.164408,245,122,0.295475,0.276767,0.010427,0.080777,0.002031,0.541117,0.017137
351,0,13.052816,0.000810,0.000000,0.000041,0.126865,1.050571,1.046889,1.244551,1.355248,5.044156,4.901527,2.944790,0.991299,0.000064,0.000034,1.212494,0.000003,0.072781,0.000448,0.053023,8.558950,0.085120,0.077779,208,106,0.264696,0.171709,0.008647,0.065979,0.001678,0.460571,0.013787
352,0,14.699436,1.656528,1.655677,0.000041,0.126729,1.018270,1.014587,1.246056,1.353109,5.031626,4.874363,2.967312,0.965084,0.000064,0.000034,1.226474,0.000003,0.072781,0.000448,0.056261,9.906386,0.074758,0.086877,245,122,0.319421,0.226071,0.010427,0.080777,0.002031,0.548998,0.017137
353,0,13.113410,0.000810,0.000000,0.000041,0.140540,1.019830,1.016147,1.250899,1.356835,5.046302,4.903673,2.965610,1.010905,0.000064,0.000034,1.259254,0.000003,0.072781,0.000448,0.053124,8.570095,0.082882,0.100532,208,106,0.305145,0.171336,0.008647,0.078057,0.001678,0.474514,0.013787
354,0,14.584415,1.569960,1.569109,0.000041,0.140371,0.993096,0.989414,1.273424,1.350125,5.050056,4.907427,2.953776,0.978319,0.000064,0.000034,1.180278,0.000003,0.072781,0.000448,0.066654,9.885322,0.074758,0.101925,245,122,0.307515,0.204356,0.010427,0.080777,0.002031,0.567583,0.017137
355,0,13.049489,0.000810,0.000000,0.000041,0.145684,1.013373,1.009691,1.250288,1.344794,5.027212,4.884583,2.953708,0.967187,0.000064,0.000034,1.240289,0.000003,0.072781,0.000448,0.056244,8.479774,0.085765,0.082594,208,106,0.276798,0.182949,0.008647,0.065979,0.001678,0.457014,0.013787
356,0,14.742455,1.603024,1.602173,0.000041,0.126729,1.004605,1.000922,1.258135,1.353434,5.066722,4.924093,2.975423,1.014842,0.000064,0.000034,1.281053,0.000003,0.072781,0.000448,0.050683,9.960124,0.074758,0.111142,245,122,0.320041,0.227793,0.010427,0.080777,0.002031,0.529351,0.017137
357,0,13.177226,0.000810,0.000000,0.000041,0.126865,0.997399,0.993717,1.267158,1.356428,5.042542,4.899913,2.970086,0.999535,0.000064,0.000034,1.342607,0.000003,0.072781,0.000448,0.070763,8.512248,0.065664,0.093580,208,106,0.264696,0.176303,0.008647,0.088087,0.001678,0.438195,0.013787
358,0,14.731974,1.563331,1.562480,0.000041,0.126729,0.997735,0.994052,1.265245,1.334822,5.060971,4.918342,2.955699,1.013373,0.000064,0.000034,1.354112,0.000003,0.072781,0.000448,0.058217,9.962779,0.074758,0.096693,245,122,0.314073,0.228811,0.010427,0.080777,0.002031,0.546061,0.017137
359,0,13.330485,0.000810,0.000000,0.000041,0.126865,0.997392,0.993710,1.266771,1.355645,5.038452,4.895823,2.982717,1.012400,0.000064,0.000034,1.488502,0.000003,0.072781,0.000448,0.079098,8.565182,0.063395,0.104007,208,106,0.264696,0.195546,0.008647,0.088348,0.001678,0.474169,0.013787
480,1,18.838545,2.286414,2.285563,0.000041,0.587324,0.997979,0.994297,1.325880,1.395233,5.407254,5.261044,2.965091,0.995568,0.000064,0.000034,3.795298,0.000003,0.077521,0.000448,0.052599,13.188663,0.107117,1.010844,294,137,0.377594,0.788890,0.013309,0.429972,0.002577,0.802239,0.020745
481,1,16.775723,0.000810,0.000000,0.000041,0.830987,1.018833,1.015150,1.320211,1.393219,5.399126,5.252916,2.976464,0.992676,0.000064,0.000034,3.758002,0.000003,0.077521,0.000448,0.073775,11.355947,0.074171,0.819895,246,121,0.335676,0.970469,0.010596,0.310140,0.002038,0.688928,0.015978
482,1,19.350552,3.237467,2.938215,0.000041,0.509345,0.998556,0.994873,1.328549,1.412184,5.357619,5.211409,2.978682,0.996090,0.000064,0.000034,3.450094,0.000003,0.077508,0.000448,0.072181,12.904751,0.090396,0.867645,294,137,0.333811,0.646281,0.013309,0.431746,0.002577,0.805654,0.020745
483,1,17.078369,0.301775,0.000000,0.000041,0.808272,1.027703,1.024021,1.318682,1.398451,5.379818,5.233609,2.974667,0.996474,0.000064,0.000034,3.790944,0.000003,0.077508,0.000448,0.091034,11.353292,0.074171,0.911414,246,121,0.323208,0.816203,0.010596,0.306613,0.002038,0.647719,0.015978
484,1,19.001472,2.650431,2.367889,0.000041,0.502150,1.014421,1.010739,1.308912,1.418725,5.401849,5.218547,2.957130,0.998881,0.000064,0.000034,3.669783,0.000003,0.077521,0.000448,0.061686,12.688277,0.088481,0.645620,294,137,0.375139,0.611040,0.013309,0.392660,0.002577,0.827538,0.020745
485,1,17.693759,0.282403,0.000000,0.000041,0.879591,1.010237,1.006554,1.328386,1.395142,5.368195,5.197561,2.982724,1.015571,0.000064,0.000034,4.369012,0.000003,0.077521,0.000448,0.061856,12.064195,0.078332,1.430125,246,121,0.334551,1.064145,0.010596,0.329071,0.002038,0.630575,0.015978
486,1,19.025909,2.622762,2.317735,0.000041,0.565653,1.011271,1.007589,1.321255,1.385247,5.352431,5.193973,2.978329,0.990963,0.000064,0.000034,3.710904,0.000003,0.077508,0.000448,0.063365,12.969442,0.122755,0.947401,294,137,0.353048,0.660614,0.013309,0.410563,0.002577,0.813368,0.020745
487,1,20.776357,0.000810,0.000000,0.000041,0.770701,0.995965,0.992282,1.342889,1.419440,5.355503,5.209293,2.987745,0.975450,0.000064,0.000034,7.805969,0.000003,0.096785,0.000448,0.073792,15.594652,0.074171,3.132962,246,121,0.313053,2.851949,0.010596,0.287764,0.002038,0.650587,0.015978
488,1,22.315033,2.376499,2.375648,0.000041,4.271739,0.994073,0.990390,1.346174,1.375587,5.400323,5.254113,2.985619,1.032210,0.000064,0.000034,3.486949,0.000003,0.077521,0.000448,0.061618,16.410817,0.106696,0.727566,294,137,0.348955,4.316250,0.013309,0.396651,0.002577,0.786906,0.020745
489,1,21.226173,0.000810,0.000000,0.000041,4.652632,1.010898,1.007216,1.336897,1.399163,5.386210,5.240000,2.961273,0.984795,0.000064,0.000034,4.400218,0.000003,0.077521,0.000448,0.056498,15.635759,0.074171,3.534451,246,121,0.322832,2.537330,0.010596,0.287764,0.002038,0.632490,0.015978
490,1,20.425425,2.657196,2.355737,0.000041,0.584900,0.997965,0.994283,1.327962,1.393334,5.366960,5.220751,2.984033,1.005147,0.000064,0.000034,5.035017,0.000003,0.077508,0.000448,0.062873,14.266337,0.088481,1.826925,294,137,0.349338,1.046973,0.013309,0.393968,0.002577,0.844822,0.020745
491,1,17.307353,0.296224,0.000000,0.000041,0.907559,1.018341,1.014659,1.332753,1.392256,5.410173,5.263963,2.940358,0.972097,0.000064,0.000034,3.931630,0.000003,0.077508,0.000448,0.048716,11.362539,0.076185,0.838620,246,121,0.300832,0.943773,0.010596,0.304901,0.002038,0.686008,0.015978
492,1,19.005317,2.643511,2.360955,0.000041,0.504917,1.019741,1.016059,1.307142,1.405813,5.399031,5.235894,2.946811,0.987613,0.000064,0.000034,3.700280,0.000003,0.077521,0.000448,0.056651,13.110307,0.088481,0.998311,294,137,0.355567,0.756419,0.013309,0.392290,0.002577,0.824643,0.020745
493,1,16.574639,0.000810,0.000000,0.000041,0.716895,0.999230,0.995548,1.335195,1.400194,5.368591,5.222382,2.990489,1.031230,0.000064,0.000034,3.685164,0.000003,0.077521,0.000448,0.084184,11.134369,0.074171,0.708191,246,121,0.322015,0.804081,0.010596,0.306013,0.002038,0.685282,0.015978
494,1,19.815704,3.280670,2.998128,0.000041,0.594659,1.015208,1.011525,1.348470,1.394318,5.354818,5.208608,2.973629,0.998878,0.000064,0.000034,3.757375,0.000003,0.096008,0.000448,0.080251,12.901347,0.109717,0.733802,294,137,0.372701,0.793515,0.013309,0.376346,0.002577,0.816572,0.020745
495,1,17.047028,0.318464,0.000000,0.000041,0.784668,0.998271,0.994588,1.341529,1.396467,5.379473,5.214379,2.984344,1.023600,0.000064,0.000034,3.765754,0.000003,0.077508,0.000448,0.052972,11.386495,0.076308,0.844235,246,121,0.325124,0.915510,0.010596,0.323714,0.002038,0.668382,0.015978
496,1,18.752696,2.382680,2.081635,0.000041,0.522546,0.996691,0.993008,1.322584,1.422414,5.380269,5.234060,2.964281,0.995890,0.000064,0.000034,3.683160,0.000003,0.077521,0.000448,0.061941,12.763099,0.107446,0.705227,294,137,0.365645,0.675232,0.013309,0.391246,0.002577,0.805413,0.020745
497,1,16.688636,0.000810,0.000000,0.000041,0.930427,0.996596,0.992913,1.345306,1.377031,5.378265,5.232056,2.992455,1.013435,0.000064,0.000034,3.589674,0.000003,0.077521,0.000448,0.062364,11.484372,0.113268,0.888407,246,121,0.300832,0.984090,0.010596,0.301415,0.002038,0.670417,0.015978
498,1,18.720774,2.266829,1.968977,0.000041,0.542586,1.012319,1.008636,1.331451,1.391334,5.398926,5.252716,2.954912,0.979075,0.000064,0.000034,3.744361,0.000003,0.077508,0.000448,0.069858,12.913764,0.090396,0.843519,294,137,0.333811,0.697171,0.013309,0.393768,0.002577,0.786906,0.020745
499,1,16.708957,0.303962,0.000000,0.000041,0.690260,1.013672,1.009989,1.330709,1.395640,5.382921,5.236711,2.964152,0.995161,0.000064,0.000034,3.549584,0.000003,0.077508,0.000448,0.052955,11.095456,0.076087,0.701107,246,121,0.300832,0.796950,0.010596,0.309655,0.002038,0.630575,0.015978
500,1,19.774651,3.411207,3.110602,0.000041,0.483548,0.991530,0.987847,1.351525,1.400567,5.377669,5.212236,2.986806,1.023821,0.000064,0.000034,3.693729,0.000003,0.077521,0.000448,0.064891,12.858398,0.088481,0.850389,294,137,0.349219,0.651476,0.013309,0.392307,0.002577,0.786906,0.020745
501,1,16.647095,0.282501,0.000000,0.000041,0.785346,1.012889,1.009206,1.309662,1.406843,5.382524,5.236315,2.963220,1.013872,0.000064,0.000034,3.426039,0.000003,0.077521,0.000448,0.091203,11.061913,0.074171,0.633152,246,121,0.316128,0.854482,0.010596,0.287764,0.002038,0.649906,0.015978
502,1,18.960775,2.576921,2.294478,0.000041,0.584249,1.014201,1.010518,1.305067,1.415175,5.389452,5.243242,2.952735,0.997986,0.000064,0.000034,3.644918,0.000003,0.077508,0.000448,0.061822,13.007467,0.088481,0.848670,294,137,0.350627,0.716685,0.013309,0.407030,0.002577,0.786906,0.037879
503,1,17.162686,0.282532,0.000000,0.000041,0.873742,1.019853,1.016171,1.325412,1.394497,5.374905,5.209856,2.968519,1.012427,0.000064,0.000034,3.845167,0.000003,0.077508,0.000448,0.081540,11.387492,0.074171,0.850986,246,121,0.300832,0.891398,0.010596,0.287764,0.002038,0.650892,0.015978
504,1,19.084408,2.253347,2.252496,0.000041,0.647888,0.977281,0.973599,1.338986,1.411438,5.346880,5.200670,2.994185,0.975030,0.000064,0.000034,4.036333,0.000003,0.077521,0.000448,0.070655,13.006205,0.088481,0.947523,294,137,0.347439,0.697391,0.013309,0.374196,0.002577,0.803969,0.020745
505,1,17.206021,0.000810,0.000000,0.000041,0.777157,0.986491,0.982808,1.342896,1.418440,5.342333,5.196123,2.988369,0.976861,0.000064,0.000034,4.249607,0.000003,0.099369,0.000448,0.051921,11.457106,0.076348,0.955536,246,121,0.319139,0.941857,0.010596,0.322801,0.002038,0.652150,0.018802
506,1,18.706801,2.275733,2.274882,0.000041,0.518273,1.006178,1.002496,1.331960,1.394748,5.383240,5.237030,3.002106,1.015479,0.000064,0.000034,3.716505,0.000003,0.077508,0.000448,0.095788,12.996958,0.088481,0.872630,294,137,0.333811,0.661750,0.013309,0.392629,0.002577,0.823140,0.020745
507,1,17.456733,0.000810,0.000000,0.000041,0.961538,0.995622,0.991940,1.352183,1.372369,5.377387,5.212199,2.985969,1.033607,0.000064,0.000034,4.332798,0.000003,0.077508,0.000448,0.097538,11.685323,0.074171,1.063687,246,121,0.318451,1.043647,0.010596,0.326341,0.002038,0.665354,0.015978
508,1,18.992923,2.643419,2.341844,0.000041,0.478556,1.017860,1.014177,1.343106,1.388960,5.369680,5.223470,2.967228,0.979075,0.000064,0.000034,3.706045,0.000003,0.077521,0.000448,0.070367,12.869510,0.088481,0.807855,294,137,0.333811,0.719801,0.013309,0.425530,0.002577,0.814260,0.039632
509,1,17.135342,0.300469,0.000000,0.000041,0.785702,1.023875,1.020192,1.299242,1.424004,5.380096,5.233887,2.971429,1.013282,0.000064,0.000034,3.872453,0.000003,0.077521,0.000448,0.061839,11.503479,0.074171,0.892565,246,121,0.300832,0.985914,0.010596,0.329332,0.002038,0.653029,0.015978
510,1,18.789174,2.626556,2.344001,0.000041,0.517398,1.013879,1.010196,1.307929,1.406915,5.384237,5.238027,2.951572,0.992276,0.000064,0.000034,3.502631,0.000003,0.077508,0.000448,0.113173,12.806010,0.102217,0.767656,294,137,0.395138,0.665646,0.032203,0.374196,0.002577,0.870216,0.020745
511,1,16.482903,0.000810,0.000000,0.000041,0.819441,0.989516,0.985833,1.346337,1.392212,5.354591,5.208381,2.995039,1.014374,0.000064,0.000034,3.506900,0.000003,0.077508,0.000448,0.048428,11.173618,0.074171,0.703796,246,121,0.300832,0.836778,0.010596,0.287764,0.002038,0.690857,0.015978
512,1,19.233195,2.649068,2.344072,0.000041,0.601661,1.006541,1.002858,1.327745,1.389455,5.378079,5.208049,2.963871,1.025296,0.000064,0.000034,3.838704,0.000003,0.077521,0.000448,0.064334,13.393717,0.112851,1.265750,294,137,0.374220,0.781565,0.013309,0.374196,0.002577,0.800510,0.020745
513,1,17.536723,0.303565,0.000000,0.000041,1.424557,1.019633,1.015951,1.332089,1.394148,5.372565,5.226356,2.970530,1.016151,0.000064,0.000034,3.641564,0.000003,0.077521,0.000448,0.040612,11.835385,0.094781,0.913740,246,121,0.323286,1.263299,0.010596,0.310140,0.002038,0.645125,0.015978
514,1,18.848497,2.632423,2.327420,0.000041,0.500970,0.993306,0.989624,1.336487,1.393918,5.356252,5.172007,2.982791,1.012160,0.000064,0.000034,3.574293,0.000003,0.077508,0.000448,0.051819,12.848514,0.106693,0.746986,294,137,0.333811,0.701508,0.013309,0.374196,0.002577,0.831211,0.034376
515,1,16.492872,0.000810,0.000000,0.000041,0.810432,1.021525,1.017843,1.322798,1.387600,5.402289,5.235267,2.949124,0.977549,0.000064,0.000034,3.520237,0.000003,0.077508,0.000448,0.064117,11.220001,0.074171,0.835537,246,121,0.319499,0.881280,0.010596,0.287764,0.002038,0.651917,0.015978
516,1,18.946275,2.761885,2.461256,0.000041,0.587338,0.996229,0.992547,1.325629,1.415565,5.395165,5.248956,2.960130,0.970357,0.000064,0.000034,3.426263,0.000003,0.077521,0.000448,0.070367,12.997806,0.088481,0.901421,294,137,0.336134,0.710893,0.013309,0.374196,0.002577,0.863380,0.020745
517,1,16.639543,0.300083,0.000000,0.000041,0.925340,1.014811,0.997443,1.320736,1.388370,5.395135,5.248925,2.956068,0.975755,0.000064,0.000034,3.260929,0.000003,0.077521,0.000448,0.072316,11.172845,0.074171,0.741764,246,121,0.318180,0.964355,0.010596,0.306654,0.002038,0.643531,0.015978
518,1,19.977593,3.636661,3.333215,0.000041,0.516785,0.979909,0.976227,1.338955,1.402561,5.350179,5.203969,2.993035,0.970269,0.000064,0.000034,3.681451,0.000003,0.077508,0.000448,0.073781,12.939830,0.088481,0.982364,294,137,0.335938,0.630639,0.025350,0.392473,0.002577,0.786906,0.020745
519,1,16.747552,0.282501,0.000000,0.000041,0.929301,1.021501,1.017819,1.326650,1.385200,5.378883,5.213531,2.972795,1.018311,0.000064,0.000034,3.372664,0.000003,0.077508,0.000448,0.134874,11.282444,0.074171,0.818593,246,121,0.300832,0.900570,0.012821,0.318953,0.002038,0.652880,0.015978
520,1,19.067329,2.578973,2.296529,0.000041,0.532166,1.013228,1.009545,1.309296,1.399658,5.401133,5.252957,2.952393,1.015198,0.000064,0.000034,3.802412,0.000003,0.077521,0.000448,0.075385,13.058105,0.090675,0.931193,294,137,0.354034,0.688266,0.013309,0.396651,0.002577,0.822727,0.020745
521,1,17.287906,0.282532,0.000000,0.000041,0.820177,1.013441,1.009759,1.302419,1.417111,5.383738,5.237528,2.963996,1.005924,0.000064,0.000034,4.007304,0.000003,0.096639,0.000448,0.060330,11.353502,0.074171,0.818515,246,121,0.300832,0.901740,0.010596,0.290446,0.002038,0.689531,0.015978
522,1,18.890825,2.261369,2.260518,0.000041,0.580773,0.997908,0.994225,1.339135,1.398688,5.355394,5.209184,2.984633,0.972087,0.000064,0.000034,3.894867,0.000003,0.077508,0.000448,0.066484,13.143483,0.110857,1.033919,294,137,0.333811,0.698832,0.013309,0.405036,0.002577,0.807858,0.034414
523,1,16.848233,0.000810,0.000000,0.000041,0.792447,0.995304,0.991621,1.309140,1.414466,5.341526,5.195316,2.978231,0.979075,0.000064,0.000034,3.938253,0.000003,0.077508,0.000448,0.057431,11.377679,0.074171,0.909444,246,121,0.300832,0.955207,0.010596,0.306464,0.002038,0.630575,0.015978
524,1,19.602532,3.030073,2.728804,0.000041,0.562653,1.012048,1.008365,1.325921,1.398051,5.394660,5.231252,2.957204,1.004679,0.000064,0.000034,3.843852,0.000003,0.077521,0.000448,0.089908,13.273237,0.088481,1.072751,294,137,0.373040,0.761085,0.013309,0.374196,0.002577,0.829454,0.020745
525,1,16.957089,0.300469,0.000000,0.000041,0.990153,0.987895,0.984212,1.331587,1.414920,5.393110,5.246901,2.962362,0.997630,0.000064,0.000034,3.476067,0.000003,0.099976,0.000448,0.059567,11.399112,0.074171,0.713528,246,121,0.341536,1.014723,0.010596,0.287764,0.002038,0.630575,0.015978
526,1,19.210114,2.631697,2.331031,0.000041,0.594669,0.997864,0.994181,1.320530,1.394891,5.389208,5.242998,2.984253,1.016005,0.000064,0.000034,3.803162,0.000003,0.093292,0.000448,0.055261,13.278914,0.088481,1.123196,294,137,0.368920,0.718699,0.013309,0.392877,0.002577,0.822364,0.020745
527,1,17.327311,0.298838,0.000000,0.000041,1.467356,0.993554,0.989872,1.323842,1.411062,5.383993,5.220469,2.959635,0.973826,0.000064,0.000034,3.410973,0.000003,0.077508,0.000448,0.064399,11.931413,0.074171,1.035055,246,121,0.320021,1.332499,0.012512,0.334941,0.002038,0.630575,0.015978
528,1,18.901937,2.627235,2.344791,0.000041,0.494019,1.006510,1.002828,1.306342,1.407372,5.381188,5.234979,2.960466,1.007670,0.000064,0.000034,3.623352,0.000003,0.094903,0.000448,0.066806,12.892317,0.088481,0.825663,294,137,0.365641,0.683655,0.013309,0.374196,0.002577,0.804013,0.020745
529,1,17.452101,0.282532,0.000000,0.000041,0.862257,1.013648,1.009966,1.322774,1.398112,5.398048,5.251838,2.964698,1.004612,0.000064,0.000034,4.131961,0.000003,0.077521,0.000448,0.048716,11.658129,0.074171,0.969672,246,121,0.319994,1.012611,0.010596,0.304905,0.002038,0.670668,0.015978
530,1,18.901625,2.598711,2.299550,0.000041,0.490502,1.010925,1.007243,1.310442,1.416073,5.393348,5.224684,2.971120,0.993818,0.000064,0.000034,3.632446,0.000003,0.077508,0.000448,0.059940,12.897803,0.088481,0.845323,294,137,0.392344,0.673709,0.013309,0.396573,0.002577,0.809360,0.020745
531,1,16.945550,0.000810,0.000000,0.000041,0.687147,0.999244,0.995561,1.344082,1.416924,5.351712,5.183685,2.989892,0.993374,0.000064,0.000034,4.077681,0.000003,0.077508,0.000448,0.086694,11.150123,0.105584,0.745599,246,121,0.321391,0.832381,0.010596,0.327203,0.002038,0.630575,0.015978
532,1,18.693146,2.272288,2.271437,0.000041,0.518948,0.993425,0.989743,1.325039,1.393829,5.383206,5.236996,2.989641,0.993269,0.000064,0.000034,3.702850,0.000003,0.113369,0.000448,0.063246,13.066762,0.088481,0.944628,294,137,0.352766,0.749474,0.013309,0.394233,0.002577,0.828132,0.020745
533,1,16.642351,0.000810,0.000000,0.000041,0.810920,0.997345,0.993663,1.324354,1.393741,5.387495,5.218909,2.979363,0.998010,0.000064,0.000034,3.670251,0.000003,0.077521,0.000448,0.083574,11.349854,0.076426,0.868395,246,121,0.300832,0.898326,0.010596,0.287764,0.002038,0.630575,0.015978
534,1,19.949816,3.140384,2.838420,0.000041,0.715325,0.997464,0.993781,1.330600,1.411892,5.365831,5.219621,2.967102,0.990590,0.000064,0.000034,3.943159,0.000003,0.077508,0.000448,0.063365,13.334229,0.088481,1.126227,294,137,0.347480,0.837050,0.013309,0.391364,0.002577,0.859816,0.020745
535,1,16.596402,0.301510,0.000000,0.000041,0.828498,1.011146,1.007463,1.320624,1.396600,5.383552,5.237342,2.964223,0.999630,0.000064,0.000034,3.312191,0.000003,0.077508,0.000448,0.078539,11.249142,0.074171,0.808848,246,121,0.319953,0.836721,0.010596,0.287764,0.002038,0.672984,0.015978
536,1,19.203315,2.966787,2.661936,0.000041,0.563432,0.996948,0.993266,1.334720,1.398346,5.375949,5.229740,2.982961,1.001960,0.000064,0.000034,3.506100,0.000003,0.077521,0.000448,0.052921,13.155501,0.088481,0.879771,294,137,0.354407,0.798557,0.013309,0.395064,0.002577,0.818271,0.020745
537,1,17.023068,0.282403,0.000000,0.000041,0.709629,1.014123,1.010440,1.308597,1.408424,5.373939,5.227729,2.967434,0.997938,0.000064,0.000034,3.880449,0.000003,0.077521,0.000448,0.082472,11.171919,0.074171,0.960629,246,121,0.300832,0.658437,0.010596,0.301958,0.002038,0.664927,0.015978
538,1,19.073090,2.810289,2.527717,0.000041,0.542565,1.025211,1.021528,1.327047,1.415626,5.382952,5.223087,2.959937,1.013329,0.000064,0.000034,3.531406,0.000003,0.077508,0.000448,0.068298,12.811564,0.107442,0.765157,294,137,0.336494,0.689301,0.013309,0.374196,0.002577,0.800524,0.039541
539,1,16.901520,0.304905,0.000000,0.000041,0.893680,1.002248,0.998566,1.332357,1.409092,5.385434,5.216770,2.971914,1.041012,0.000064,0.000034,3.523834,0.000003,0.077508,0.000448,0.210578,11.308431,0.096215,0.685293,246,121,0.300832,0.928246,0.010596,0.287764,0.002038,0.665473,0.015978
540,1,18.581818,2.243622,2.242771,0.000041,0.514821,0.999959,0.996277,1.339267,1.423319,5.357157,5.210948,2.988224,0.988074,0.000064,0.000034,3.637377,0.000003,0.077521,0.000448,0.058889,12.910862,0.088481,0.775113,294,137,0.335727,0.692288,0.013309,0.374196,0.002577,0.806173,0.020745
541,1,16.493191,0.000810,0.000000,0.000041,0.737501,0.979987,0.976305,1.348677,1.394494,5.351410,5.205200,2.981666,0.990546,0.000064,0.000034,3.620575,0.000003,0.077521,0.000448,0.073792,11.311527,0.074171,0.864760,246,121,0.335731,0.946608,0.010596,0.287764,0.002038,0.675327,0.015978
542,1,19.227247,3.010366,2.706940,0.000041,0.623986,1.004998,1.001316,1.335395,1.415280,5.364156,5.217946,2.984087,1.000210,0.000064,0.000034,3.410923,0.000003,0.077508,0.000448,0.081031,13.036055,0.088481,0.904426,294,137,0.356188,0.746521,0.013309,0.411079,0.002577,0.800557,0.020745
543,1,16.634650,0.302714,0.000000,0.000041,0.754991,0.993693,0.990011,1.341797,1.383436,5.380029,5.233819,2.994436,1.007104,0.000064,0.000034,3.405497,0.000003,0.077508,0.000448,0.064670,11.091170,0.074171,0.702562,246,121,0.300832,0.813924,0.032973,0.301395,0.002038,0.644999,0.015978
544,1,19.070241,2.581255,2.276337,0.000041,0.625895,1.002055,0.998372,1.316837,1.389845,5.377886,5.217475,2.993120,1.018663,0.000064,0.000034,3.689073,0.000003,0.093726,0.000448,0.082184,13.093024,0.088481,0.857978,294,137,0.347168,0.809055,0.013309,0.387716,0.002577,0.811964,0.020745
545,1,16.838477,0.305328,0.000000,0.000041,0.880887,1.022000,1.018317,1.327104,1.392137,5.400119,5.231533,2.945207,0.974952,0.000064,0.000034,3.487623,0.000003,0.077521,0.000448,0.083503,11.210480,0.074171,0.724060,246,121,0.300832,0.923913,0.010596,0.327338,0.002038,0.659393,0.015978
546,1,19.558312,3.159593,2.877021,0.000041,0.573066,0.990397,0.986715,1.320594,1.391571,5.397790,5.237623,2.990879,1.018595,0.000064,0.000034,3.656365,0.000003,0.077508,0.000448,0.059330,12.925863,0.088481,0.817807,294,137,0.402449,0.716902,0.013309,0.393304,0.002577,0.807366,0.020745
547,1,17.547224,0.282450,0.000000,0.000041,0.862335,1.014798,1.011115,1.323541,1.387794,5.375766,5.229557,2.969628,1.022179,0.000064,0.000034,4.252855,0.000003,0.077508,0.000448,0.055311,11.646959,0.074171,0.974243,246,121,0.300832,1.072900,0.010596,0.310957,0.002038,0.724470,0.015978
548,1,18.841573,2.623705,2.318644,0.000041,0.573825,1.017303,1.013621,1.325636,1.389055,5.392266,5.246056,2.958310,1.024105,0.000064,0.000034,3.463772,0.000003,0.097151,0.000448,0.048716,12.980299,0.110416,0.800283,294,137,0.333811,0.741442,0.013309,0.387845,0.002577,0.809282,0.020745
549,1,16.550083,0.000810,0.000000,0.000041,0.707899,0.991543,0.987861,1.346358,1.388462,5.359840,5.213630,2.985162,0.984704,0.000064,0.000034,3.691939,0.000003,0.077521,0.000448,0.061720,11.169878,0.074171,0.682302,246,121,0.300832,0.910641,0.010596,0.287764,0.002038,0.645403,0.015978
550,1,18.820896,2.427087,2.125949,0.000041,0.495490,0.996073,0.992391,1.334469,1.408627,5.372199,5.225989,2.961829,0.985742,0.000064,0.000034,3.747064,0.000003,0.077508,0.000448,0.067281,13.028039,0.103116,0.982646,294,137,0.352173,0.679192,0.013309,0.389492,0.002577,0.847999,0.020745
551,1,17.159095,0.298319,0.000000,0.000041,0.786197,1.006178,1.002496,1.342994,1.418830,5.356340,5.210130,2.988780,0.990150,0.000064,0.000034,3.883399,0.000003,0.077508,0.000448,0.061822,11.457197,0.074171,0.932939,246,121,0.300832,0.910567,0.010596,0.287764,0.002038,0.633257,0.015978
552,1,18.473697,2.234172,2.233320,0.000041,0.500214,1.017008,1.013326,1.326826,1.395148,5.377662,5.231452,2.964172,0.988576,0.000064,0.000034,3.580424,0.000003,0.077521,0.000448,0.087585,12.701013,0.088481,0.698212,294,137,0.366147,0.690596,0.013309,0.374196,0.002577,0.823673,0.020745
553,1,16.988261,0.301131,0.000000,0.000041,0.849714,1.005714,1.002031,1.331760,1.394002,5.386566,5.240356,2.960693,0.993564,0.000064,0.000034,3.662113,0.000003,0.096018,0.000448,0.065687,11.320940,0.074171,0.743985,246,121,0.322289,0.954556,0.010596,0.287764,0.002038,0.706319,0.015978
554,1,18.829932,2.560310,2.277717,0.000041,0.516405,1.011519,1.007836,1.313809,1.411886,5.389943,5.243734,2.968750,0.992747,0.000064,0.000034,3.579254,0.000003,0.077508,0.000448,0.068858,12.941969,0.088481,0.787632,294,137,0.333811,0.811723,0.013309,0.396573,0.002577,0.808306,0.020745
555,1,17.324551,0.282511,0.000000,0.000041,0.827532,1.013750,1.010067,1.302917,1.401567,5.392229,5.246019,2.955936,0.998210,0.000064,0.000034,4.049452,0.000003,0.098107,0.000448,0.056973,11.518667,0.074171,0.936947,246,121,0.300832,0.981815,0.010596,0.321726,0.002038,0.700073,0.015978
556,1,18.962172,2.589715,2.588864,0.000041,0.537374,1.011871,1.008189,1.309174,1.399346,5.406175,5.259966,2.964088,1.013404,0.000064,0.000034,3.666358,0.000003,0.077521,0.000448,0.052412,12.751875,0.090715,0.758558,294,137,0.378642,0.690952,0.013309,0.410428,0.002577,0.808923,0.020745
557,1,16.543372,0.000810,0.000000,0.000041,0.824510,0.976566,0.972883,1.348311,1.410170,5.341234,5.195024,2.978095,0.978170,0.000064,0.000034,3.585605,0.000003,0.077521,0.000448,0.049649,11.301029,0.074171,0.899353,246,121,0.315063,0.931251,0.010596,0.310140,0.002038,0.658000,0.036553
558,1,18.536594,2.271172,2.270321,0.000041,0.533118,0.976780,0.973097,1.338877,1.407040,5.362000,5.215790,2.978885,0.975223,0.000064,0.000034,3.590664,0.000003,0.077508,0.000448,0.075372,12.792952,0.088481,0.813772,294,137,0.358388,0.675171,0.013309,0.374196,0.002577,0.815809,0.020745
559,1,16.986074,0.000810,0.000000,0.000041,0.749356,0.999854,0.996172,1.313588,1.395837,5.382389,5.236179,2.997803,1.014903,0.000064,0.000034,4.068380,0.000003,0.077508,0.000448,0.089023,11.510993,0.074171,0.930020,246,121,0.336544,0.996450,0.010596,0.325412,0.002038,0.669881,0.015978
560,1,18.866469,2.682037,2.381751,0.000041,0.518287,0.986932,0.983249,1.327952,1.384701,5.374084,5.227875,2.998579,0.998183,0.000064,0.000034,3.515825,0.000003,0.077521,0.000448,0.052938,12.733158,0.088481,0.726963,294,137,0.356188,0.610396,0.013309,0.393080,0.002577,0.850074,0.020745
561,1,16.696608,0.301819,0.000000,0.000041,0.851596,1.003723,1.000041,1.323473,1.400408,5.369656,5.223446,2.970995,0.999671,0.000064,0.000034,3.396868,0.000003,0.077521,0.000448,0.047445,11.160770,0.074171,0.694817,246,121,0.364003,0.914866,0.010596,0.308360,0.002038,0.630575,0.015978
562,1,19.301805,3.127831,2.842607,0.000041,0.556454,0.995884,0.992201,1.327806,1.415849,5.375176,5.195855,2.958449,0.994283,0.000064,0.000034,3.466298,0.000003,0.077508,0.000448,0.087918,12.988715,0.088481,0.845055,294,137,0.351908,0.705994,0.013309,0.396651,0.002577,0.805630,0.020745
563,1,16.725274,0.282403,0.000000,0.000041,0.813287,1.015757,1.012075,1.307641,1.410048,5.394172,5.187924,2.949402,0.998328,0.000064,0.000034,3.474508,0.000003,0.077508,0.000448,0.058923,11.093336,0.091309,0.725162,246,121,0.354970,0.809875,0.010596,0.310218,0.002038,0.633257,0.015978
564,1,18.942006,2.642107,2.359534,0.000041,0.709266,1.022224,1.018541,1.330899,1.393924,5.383199,5.236989,2.965559,0.995978,0.000064,0.000034,3.416758,0.000003,0.077521,0.000448,0.052039,13.105337,0.088481,0.940111,294,137,0.333811,0.795108,0.013309,0.393555,0.002577,0.820808,0.037859
565,1,16.872877,0.282450,0.000000,0.000041,0.889930,1.018907,1.015225,1.324880,1.383413,5.391174,5.200141,2.966475,1.024024,0.000064,0.000034,3.537577,0.000003,0.077521,0.000448,0.056769,11.297350,0.076365,0.723155,246,121,0.333815,0.876970,0.010596,0.331794,0.002038,0.630575,0.015978
566,1,18.691037,2.338074,2.337223,0.000041,0.508714,0.976783,0.973100,1.343360,1.402564,5.351990,5.205780,2.991343,0.974714,0.000064,0.000034,3.700151,0.000003,0.077508,0.000448,0.062378,12.937354,0.088481,0.804315,294,137,0.347453,0.792840,0.013309,0.395786,0.014709,0.831401,0.034451
567,1,16.751407,0.000810,0.000000,0.000041,0.827881,1.002058,0.998376,1.328213,1.401981,5.356184,5.195628,2.992683,0.994568,0.000064,0.000034,3.763540,0.000003,0.077508,0.000448,0.105394,11.257473,0.074171,0.822710,246,121,0.320146,0.920044,0.010596,0.287764,0.002038,0.653853,0.015978
568,1,19.016174,2.544800,2.245053,0.000041,0.517426,0.997698,0.994015,1.347436,1.390137,5.370843,5.224633,2.985484,1.015208,0.000064,0.000034,3.784281,0.000003,0.077521,0.000448,0.052565,13.205960,0.088481,1.069719,294,137,0.349582,0.697876,0.013309,0.411133,0.002577,0.786906,0.020745
569,1,17.128459,0.300720,0.000000,0.000041,0.927402,0.999373,0.995690,1.330061,1.405318,5.363298,5.217088,2.971503,0.983900,0.000064,0.000034,3.752713,0.000003,0.077521,0.000448,0.065280,11.474738,0.074171,0.892195,246,121,0.354740,0.877099,0.010596,0.287764,0.002038,0.669074,0.015978
570,1,18.876787,2.668165,2.363247,0.000041,0.593835,1.010189,1.006507,1.316155,1.392076,5.387465,5.241255,2.973684,1.016317,0.000064,0.000034,3.457160,0.000003,0.077508,0.000448,0.050039,12.900954,0.088481,0.899757,294,137,0.333811,0.629815,0.013309,0.411021,0.002577,0.836083,0.041809
571,1,16.782142,0.285085,0.000000,0.000041,0.834408,1.012221,1.008538,1.324941,1.398126,5.383911,5.237701,2.952837,0.993910,0.000064,0.000034,3.512556,0.000003,0.077508,0.000448,0.052955,11.148627,0.076308,0.640052,246,121,0.300832,0.945753,0.010596,0.287764,0.002038,0.630575,0.015978
572,1,19.048699,2.892483,2.609911,0.000041,0.490485,1.011804,1.008121,1.329580,1.385179,5.378340,5.211877,2.965129,1.010902,0.000064,0.000034,3.517629,0.000003,0.077521,0.000448,0.077657,13.025286,0.088481,0.969981,294,137,0.355133,0.693848,0.013309,0.374196,0.002577,0.861701,0.020745
573,1,16.966912,0.282450,0.000000,0.000041,0.780073,1.021946,1.018263,1.299920,1.404409,5.409146,5.243093,2.953118,0.999742,0.000064,0.000034,3.737779,0.000003,0.077521,0.000448,0.057787,11.205560,0.074171,0.740217,246,121,0.318885,0.830136,0.010596,0.287764,0.002038,0.669403,0.015978
574,1,18.729977,2.396325,2.395474,0.000041,0.483731,1.001282,0.976620,1.346385,1.397678,5.357100,5.210890,2.996884,0.975983,0.000064,0.000034,3.672536,0.000003,0.077508,0.000448,0.065145,12.832540,0.088481,0.824517,294,137,0.333811,0.717916,0.013309,0.392490,0.002577,0.839328,0.020745
575,1,16.436554,0.000810,0.000000,0.000041,0.866438,0.995948,0.992265,1.323764,1.403188,5.355448,5.209239,2.974108,0.994781,0.000064,0.000034,3.438792,0.000003,0.077508,0.000448,0.053650,11.177036,0.074171,0.797679,246,121,0.319912,0.875912,0.010596,0.325850,0.002038,0.644257,0.015978
576,1,19.345768,3.051334,2.725250,0.000041,0.523312,0.994988,0.991306,1.327779,1.397885,5.380161,5.211575,2.979207,1.016113,0.000064,0.000034,3.613030,0.000003,0.077521,0.000448,0.097968,13.029982,0.088481,0.993273,294,137,0.348860,0.678321,0.013309,0.387831,0.002577,0.809275,0.020745
577,1,16.708045,0.304884,0.000000,0.000041,0.838148,0.987549,0.983866,1.348507,1.386583,5.369826,5.223616,2.989309,0.989834,0.000064,0.000034,3.387743,0.000003,0.094947,0.000448,0.084625,11.218248,0.074171,0.694309,246,121,0.343543,0.903795,0.010596,0.299805,0.002038,0.682885,0.029653
578,1,18.885430,2.629974,2.325521,0.000041,0.541392,1.000224,0.996541,1.335934,1.393660,5.349921,5.203712,2.991957,0.993724,0.000064,0.000034,3.541857,0.000003,0.099962,0.000448,0.040917,12.856462,0.088481,0.793979,294,137,0.376017,0.664897,0.013309,0.406260,0.002577,0.786906,0.020745
579,1,16.923747,0.301856,0.000000,0.000041,0.893443,1.004473,1.000790,1.316128,1.394952,5.371328,5.225118,2.995283,1.017632,0.000064,0.000034,3.568227,0.000003,0.077508,0.000448,0.062361,11.299554,0.074171,0.777835,246,121,0.314362,0.898380,0.010596,0.330804,0.002038,0.649329,0.033125
580,1,18.886159,2.643846,2.342200,0.000041,0.500919,1.020993,1.017310,1.343703,1.395053,5.384338,5.238129,2.969540,0.991981,0.000064,0.000034,3.549696,0.000003,0.077521,0.000448,0.067959,13.031219,0.088481,0.927982,294,137,0.374976,0.674211,0.013309,0.392164,0.002577,0.823656,0.020745
581,1,17.271861,0.282450,0.000000,0.000041,0.855747,1.009691,1.006009,1.311049,1.416189,5.403954,5.238241,2.942061,0.989231,0.000064,0.000034,3.972649,0.000003,0.077521,0.000448,0.061110,11.425290,0.074171,0.863993,246,121,0.320279,0.989003,0.010596,0.307048,0.002038,0.648699,0.015978
582,1,18.969845,2.240546,2.239695,0.000041,0.506961,0.997433,0.993751,1.343896,1.379055,5.396393,5.229424,2.962189,0.995670,0.000064,0.000034,4.065314,0.000003,0.077508,0.000448,0.067078,13.274967,0.088481,1.127418,294,137,0.333811,0.833238,0.013309,0.374196,0.002577,0.841471,0.020745
583,1,16.553463,0.000810,0.000000,0.000041,0.740753,1.004232,1.000549,1.334981,1.407216,5.359083,5.212874,2.990007,0.996148,0.000064,0.000034,3.638323,0.000003,0.077508,0.000448,0.060618,11.136298,0.074171,0.696337,246,121,0.300832,0.872138,0.010596,0.306522,0.002038,0.633257,0.015978
584,1,19.968452,2.877960,2.551697,0.000041,0.529171,1.020827,1.017144,1.307010,1.414537,5.384976,5.238766,2.967872,1.009959,0.000064,0.000034,4.388028,0.000003,0.077521,0.000448,0.078267,13.485209,0.088481,1.239661,294,137,0.333811,0.780853,0.013309,0.374196,0.002577,0.885969,0.020745
585,1,16.911641,0.304237,0.000000,0.000041,0.736382,0.999817,0.996134,1.339623,1.390327,5.376160,5.217909,2.975783,1.011325,0.000064,0.000034,3.711243,0.000003,0.077521,0.000448,0.063348,11.112108,0.074171,0.776733,246,121,0.319706,0.727434,0.010596,0.287764,0.002038,0.630575,0.032477
586,1,18.963671,2.737783,2.436778,0.000041,0.515242,0.980554,0.976871,1.342875,1.417257,5.355143,5.208934,2.989607,0.976040,0.000064,0.000034,3.547153,0.000003,0.077508,0.000448,0.073792,12.921834,0.088481,0.860158,294,137,0.333811,0.718475,0.013309,0.415860,0.014760,0.807512,0.020745
587,1,16.296933,0.000810,0.000000,0.000041,0.755069,1.020125,1.016442,1.325779,1.396742,5.399475,5.232659,2.947252,0.975549,0.000064,0.000034,3.373623,0.000003,0.077508,0.000448,0.059974,11.030318,0.074171,0.650119,246,121,0.314148,0.848765,0.010596,0.287764,0.002038,0.647661,0.015978
588,1,19.925412,3.539680,3.241889,0.000041,0.657111,1.020159,1.016476,1.306532,1.414215,5.377943,5.231734,2.976485,1.015228,0.000064,0.000034,3.555216,0.000003,0.077521,0.000448,0.084812,12.967539,0.110935,0.739858,294,137,0.356181,0.754595,0.013309,0.374196,0.002577,0.808682,0.020745
589,1,17.248406,0.304026,0.000000,0.000041,1.031172,0.998345,0.994663,1.348080,1.374142,5.374386,5.214545,3.003130,1.021013,0.000064,0.000034,3.737054,0.000003,0.077521,0.000448,0.077233,11.792155,0.074171,0.981822,246,121,0.300832,1.200768,0.010596,0.287764,0.002038,0.630575,0.015978
590,1,19.097961,2.571533,2.289042,0.000041,0.479021,1.014903,1.011220,1.305396,1.405145,5.385824,5.239614,2.965939,1.015550,0.000064,0.000034,3.892144,0.000003,0.077508,0.000448,0.057414,13.458001,0.100522,1.170346,294,137,0.333811,0.848928,0.013309,0.415402,0.002577,0.804450,0.020745
591,1,16.636288,0.000810,0.000000,0.000041,0.796187,0.995721,0.992038,1.351973,1.413998,5.371847,5.211917,2.965007,0.993147,0.000064,0.000034,3.662689,0.000003,0.077508,0.000448,0.053548,11.362240,0.074171,0.753913,246,121,0.322401,1.005378,0.010596,0.287764,0.002038,0.707482,0.015978
592,1,20.040185,3.143979,2.861372,0.000041,0.702287,1.010790,1.007107,1.344618,1.374729,5.372328,5.226118,2.969835,0.993130,0.000064,0.000034,4.043549,0.000003,0.077521,0.000448,0.073778,13.288845,0.088481,1.052131,294,137,0.333811,0.833089,0.013309,0.428609,0.002577,0.847297,0.020745
593,1,17.023159,0.323435,0.000000,0.000041,0.697367,0.993815,0.990133,1.347043,1.391937,5.378716,5.232507,2.974809,0.997535,0.000064,0.000034,3.837965,0.000003,0.077521,0.000448,0.056396,11.105665,0.074171,0.772342,246,121,0.319600,0.746843,0.010596,0.287764,0.002038,0.711724,0.015978
594,1,18.790646,2.311801,2.310950,0.000041,0.576894,1.002258,0.998576,1.328254,1.402876,5.371958,5.225749,2.980421,0.992733,0.000064,0.000034,3.738125,0.000003,0.077508,0.000448,0.058584,13.205014,0.088481,1.068787,294,137,0.374891,0.719682,0.013309,0.393575,0.002577,0.847182,0.020745
595,1,16.711239,0.000810,0.000000,0.000041,0.789361,0.997789,0.994107,1.328447,1.393205,5.387560,5.221785,2.971910,1.016992,0.000064,0.000034,3.764099,0.000003,0.077508,0.000448,0.075792,11.059282,0.074171,0.686568,246,121,0.342044,0.862393,0.010596,0.301487,0.020657,0.633257,0.015978
596,1,19.120355,3.176931,2.874552,0.000041,0.513160,1.003201,0.999519,1.352214,1.406735,5.365455,5.219245,2.990611,0.975447,0.000064,0.000034,3.214956,0.000003,0.096544,0.000448,0.064755,12.717845,0.088481,0.706485,294,137,0.397586,0.606164,0.013309,0.374196,0.002577,0.841553,0.020745
597,1,16.838477,0.304779,0.000000,0.000041,1.075131,0.996263,0.992581,1.332072,1.376940,5.402710,5.256500,2.993554,1.037411,0.000064,0.000034,3.278958,0.000003,0.077521,0.000448,0.079539,11.475488,0.074171,0.768229,246,121,0.300832,1.081380,0.010596,0.287764,0.002038,0.668606,0.015978
598,1,18.772678,2.695258,2.394016,0.000041,0.511336,1.023780,1.020098,1.320696,1.395860,5.407817,5.259026,2.952287,0.976264,0.000064,0.000034,3.387587,0.000003,0.077508,0.000448,0.066179,12.672523,0.088481,0.671773,294,137,0.355587,0.672811,0.013309,0.407342,0.002577,0.824588,0.020745
599,1,16.797462,0.282450,0.000000,0.000041,0.887132,1.017870,1.014187,1.303853,1.419118,5.388641,5.242432,2.968421,1.013336,0.000064,0.000034,3.451918,0.000003,0.077508,0.000448,0.060594,11.245541,0.086544,0.777045,246,121,0.321421,0.865373,0.029104,0.287764,0.002038,0.687544,0.015978
600,1,18.772756,2.512221,2.229614,0.000041,0.486905,0.996179,0.992496,1.318169,1.399540,5.372389,5.226179,2.992391,0.993171,0.000064,0.000034,3.616892,0.000003,0.077521,0.000448,0.101776,12.882022,0.088481,0.831404,294,137,0.345852,0.648220,0.013309,0.388329,0.002577,0.826423,0.020745
601,1,17.273953,0.304969,0.000000,0.000041,0.947439,1.014452,1.010769,1.323676,1.407749,5.385220,5.202152,2.960161,1.000749,0.000064,0.000034,3.836863,0.000003,0.092875,0.000448,0.054379,11.283190,0.074171,0.746155,246,121,0.300832,0.918945,0.010596,0.303118,0.002038,0.683224,0.015978
602,1,19.011007,2.255147,1.943461,0.000041,0.509416,0.998223,0.994541,1.339718,1.411947,5.360504,5.214294,2.977790,0.984765,0.000064,0.000034,4.080204,0.000003,0.077508,0.000448,0.056278,13.161265,0.088481,1.021840,294,137,0.365075,0.697489,0.013309,0.374196,0.002577,0.831729,0.020745
603,1,16.357605,0.000810,0.000000,0.000041,0.685625,0.995368,0.991686,1.348938,1.394897,5.358093,5.211884,2.985138,1.006168,0.000064,0.000034,3.510678,0.000003,0.077508,0.000448,0.044461,11.032884,0.074171,0.647763,246,121,0.319661,0.823775,0.010596,0.310140,0.002038,0.671848,0.015978
604,1,19.042877,2.786557,2.481744,0.000041,0.504086,0.978390,0.974708,1.343170,1.409251,5.348687,5.202477,2.988854,0.975135,0.000064,0.000034,3.605811,0.000003,0.077521,0.000448,0.081743,12.894704,0.088481,0.915470,294,137,0.333811,0.685184,0.013309,0.391340,0.002577,0.789588,0.020745
605,1,17.468269,0.295881,0.000000,0.000041,0.780545,0.991733,0.988051,1.353733,1.391405,5.362162,5.215953,2.993357,1.012065,0.000064,0.000034,4.221381,0.000003,0.077521,0.000448,0.070329,11.555725,0.074171,1.018768,246,121,0.323286,0.920939,0.010596,0.304894,0.002038,0.710910,0.015978
606,1,19.092997,2.695980,2.395291,0.000041,0.526645,1.001272,0.997589,1.318437,1.394063,5.375841,5.229631,2.986291,1.007304,0.000064,0.000034,3.716410,0.000003,0.077508,0.000448,0.069282,12.977034,0.090396,0.843472,294,137,0.336134,0.695641,0.031965,0.376879,0.002577,0.844835,0.020745
607,1,16.810893,0.301181,0.000000,0.000041,0.836639,1.013709,1.010027,1.305962,1.408678,5.386542,5.240333,2.973575,1.022142,0.000064,0.000034,3.506548,0.000003,0.077508,0.000448,0.052955,11.145409,0.074171,0.715814,246,121,0.319563,0.848155,0.010596,0.287764,0.002038,0.649387,0.015978
608,1,19.205909,2.719401,2.434163,0.000041,0.542592,1.018168,1.014486,1.323052,1.389194,5.382412,5.236203,2.972534,1.016903,0.000064,0.000034,3.780484,0.000003,0.077521,0.000448,0.073758,13.303134,0.106571,1.216356,294,137,0.367625,0.783173,0.013309,0.374196,0.002577,0.822683,0.020745
609,1,16.953244,0.282566,0.000000,0.000041,0.886034,1.016897,1.013214,1.327647,1.379591,5.391381,5.245171,2.964861,1.026008,0.000064,0.000034,3.626197,0.000003,0.077521,0.000448,0.057210,11.363749,0.074171,0.793430,246,121,0.319678,0.882304,0.010596,0.338569,0.002038,0.664646,0.015978
610,1,19.174042,2.701138,2.397909,0.000041,0.535295,1.007009,1.003326,1.332418,1.385932,5.377699,5.213440,2.961399,1.025475,0.000064,0.000034,3.795095,0.000003,0.077508,0.000448,0.066535,13.238559,0.088481,1.105611,294,137,0.352156,0.754374,0.013309,0.393389,0.002577,0.805223,0.020745
611,1,17.257721,0.325144,0.000000,0.000041,0.895610,0.998857,0.995175,1.335392,1.409081,5.353678,5.207469,2.992360,0.991764,0.000064,0.000034,3.849406,0.000003,0.097643,0.000448,0.053633,11.665724,0.074171,0.954536,246,121,0.314473,1.143477,0.010596,0.287764,0.002038,0.654965,0.015978
612,1,19.246630,2.860423,2.859572,0.000041,0.803433,0.994456,0.990774,1.348107,1.408186,5.368371,5.222161,2.986715,0.999963,0.000064,0.000034,3.398868,0.000003,0.077521,0.000448,0.056447,13.110192,0.088481,0.877475,294,137,0.348874,0.823944,0.013309,0.396573,0.002577,0.828545,0.020745
613,1,16.419766,0.000810,0.000000,0.000041,0.701257,1.007019,1.003337,1.308536,1.410441,5.380293,5.219635,2.958388,1.004449,0.000064,0.000034,3.574951,0.000003,0.077521,0.000448,0.048716,11.237254,0.074171,0.815206,246,121,0.312873,0.812110,0.010596,0.287764,0.002038,0.675405,0.015978
614,1,18.932468,2.883460,2.582252,0.000041,0.480096,1.023607,1.019925,1.320875,1.389784,5.411675,5.265466,2.949076,0.975288,0.000064,0.000034,3.395837,0.000003,0.077508,0.000448,0.063365,12.789761,0.088481,0.793189,294,137,0.351976,0.598748,0.013309,0.374196,0.002577,0.831651,0.020745
615,1,17.700389,0.296302,0.000000,0.000041,0.844777,1.018107,1.014425,1.310286,1.407633,5.376794,5.230584,2.964939,1.009555,0.000064,0.000034,4.403493,0.000003,0.077508,0.000448,0.065586,11.716400,0.074171,1.167952,246,121,0.300832,0.883762,0.010596,0.322408,0.002038,0.661747,0.015978
616,1,19.072649,2.657138,2.374502,0.000041,0.532159,1.017392,1.013709,1.306583,1.403493,5.398699,5.238902,2.950172,0.994036,0.000064,0.000034,3.728943,0.000003,0.077521,0.000448,0.061534,13.089552,0.088481,0.960724,294,137,0.361352,0.740763,0.013309,0.374196,0.002577,0.874837,0.020745
617,1,17.593591,0.296485,0.000000,0.000041,0.800741,1.001461,0.997779,1.317698,1.419162,5.399139,5.216922,2.957163,0.976047,0.000064,0.000034,4.323669,0.000003,0.077521,0.000448,0.076148,11.470513,0.074171,0.925937,246,121,0.336894,0.921268,0.010596,0.309536,0.002038,0.672123,0.015978
618,1,20.437375,3.557024,3.556173,0.000041,0.667270,1.011519,1.007836,1.343041,1.375797,5.391764,5.226634,2.972087,1.011583,0.000064,0.000034,4.040816,0.000003,0.077508,0.000448,0.048716,13.330821,0.088481,1.098331,294,137,0.333811,0.918454,0.013309,0.374196,0.002577,0.823008,0.034719
619,1,17.048265,0.000810,0.000000,0.000041,0.716899,0.993249,0.989566,1.350901,1.393216,5.376614,5.230404,2.987684,1.020555,0.000064,0.000034,4.150835,0.000003,0.077508,0.000448,0.045987,11.636058,0.074171,1.024838,246,121,0.323201,1.012200,0.010596,0.287764,0.002038,0.648878,0.015978
620,1,18.976657,2.288540,2.287689,0.000041,0.553314,1.017826,1.014143,1.322469,1.398736,5.385701,5.239492,2.958269,0.994130,0.000064,0.000034,3.973731,0.000003,0.077521,0.000448,0.049547,13.421095,0.088481,0.734992,294,137,0.333811,1.343777,0.013309,0.374196,0.002577,0.840115,0.020745
621,1,16.718421,0.000810,0.000000,0.000041,0.838148,1.013892,1.010210,1.306034,1.425066,5.392860,5.246650,2.948269,0.991869,0.000064,0.000034,3.715271,0.000003,0.077521,0.000448,0.064755,11.518321,0.074171,0.989882,246,121,0.314128,0.912950,0.010596,0.294749,0.002038,0.700968,0.015978
622,1,19.253387,3.047421,2.751058,0.000041,0.768595,0.995124,0.991442,1.327223,1.415110,5.356086,5.209876,2.992110,0.995243,0.000064,0.000034,3.273661,0.000003,0.077508,0.000448,0.051429,12.991401,0.088481,0.784532,294,137,0.373213,0.771450,0.013309,0.430318,0.002577,0.809102,0.020745
623,1,16.587670,0.298041,0.000000,0.000041,0.702979,1.009328,1.005646,1.326697,1.404504,5.389611,5.243401,2.961426,1.005239,0.000064,0.000034,3.417026,0.000003,0.077508,0.000448,0.135539,11.130263,0.074171,0.662994,246,121,0.317023,0.758447,0.010596,0.289710,0.002038,0.663951,0.015978
624,1,18.731042,2.317464,2.015144,0.000041,0.542586,1.018199,1.014516,1.324860,1.399997,5.355977,5.209768,2.973840,0.993968,0.000064,0.000034,3.720049,0.000003,0.077521,0.000448,0.063348,12.909824,0.088481,0.803168,294,137,0.376912,0.737230,0.013309,0.456679,0.002577,0.817251,0.020745
625,1,16.918796,0.305132,0.000000,0.000041,0.655372,0.991906,0.988224,1.336721,1.409281,5.363200,5.216990,2.983554,1.015845,0.000064,0.000034,3.780256,0.000003,0.092824,0.000448,0.069807,11.302700,0.074171,0.828712,246,121,0.300832,0.797109,0.010596,0.344632,0.002038,0.648726,0.015978
626,1,19.075623,2.662940,2.366265,0.000041,0.528703,0.999630,0.995948,1.324524,1.418101,5.371575,5.213084,2.999986,1.019172,0.000064,0.000034,3.692105,0.000003,0.077508,0.000448,0.071198,12.889848,0.088481,0.784315,294,137,0.352437,0.692763,0.013309,0.374196,0.002577,0.883006,0.020745
627,1,16.575243,0.000810,0.000000,0.000041,0.711246,0.995816,0.992133,1.346303,1.376926,5.362929,5.216719,2.987227,1.027608,0.000064,0.000034,3.715929,0.000003,0.077508,0.000448,0.109266,11.336846,0.074171,0.908729,246,121,0.300832,0.910841,0.010596,0.308339,0.002038,0.652334,0.015978
628,1,19.189311,2.793169,2.510491,0.000041,0.632643,0.979173,0.975491,1.342356,1.413022,5.342940,5.196730,2.991282,0.979075,0.000064,0.000034,3.616655,0.000003,0.077521,0.000448,0.089769,13.179515,0.088481,1.062893,294,137,0.351240,0.737145,0.013309,0.374196,0.002577,0.843892,0.020745
629,1,16.574792,0.298418,0.000000,0.000041,0.773444,0.998688,0.995005,1.339627,1.373867,5.372223,5.226013,2.985684,1.017019,0.000064,0.000034,3.354770,0.000003,0.077521,0.000448,0.083025,11.039480,0.074171,0.674330,246,121,0.300832,0.806617,0.010596,0.325063,0.002038,0.672231,0.015978
630,1,18.840925,2.612162,2.309187,0.000041,0.494269,1.006178,1.002496,1.348609,1.373983,5.390337,5.244127,2.977668,1.023492,0.000064,0.000034,3.559662,0.000003,0.077508,0.000448,0.075012,12.854001,0.108856,0.798506,294,137,0.333811,0.629066,0.013309,0.393107,0.002577,0.805196,0.020745
631,1,17.215027,0.300507,0.000000,0.000041,0.826898,1.022024,1.018341,1.345442,1.390201,5.382884,5.236674,2.970968,0.979075,0.000064,0.000034,3.898048,0.000003,0.077508,0.000448,0.075894,11.378998,0.074171,0.831438,246,121,0.300832,0.947337,0.010596,0.300191,0.002038,0.667324,0.015978
632,1,18.157210,1.984528,1.983676,0.000041,0.479675,0.995907,0.992225,1.351417,1.389937,5.377713,5.211216,2.984239,1.029015,0.000064,0.000034,3.515723,0.000003,0.077521,0.000448,0.078166,12.534119,0.088481,0.597209,294,137,0.333811,0.606296,0.013309,0.410082,0.002577,0.856028,0.020745
633,1,16.979140,0.302999,0.000000,0.000041,0.860040,1.006524,1.002842,1.298394,1.422909,5.371348,5.225138,2.973606,1.015144,0.000064,0.000034,3.648343,0.000003,0.094428,0.000448,0.054786,11.492815,0.074171,0.913513,246,121,0.316227,0.877502,0.010596,0.287764,0.002038,0.644609,0.015978
634,1,18.978933,2.700887,2.395677,0.000041,0.552989,1.019135,1.015452,1.305606,1.416745,5.400384,5.254174,2.965237,1.013004,0.000064,0.000034,3.519148,0.000003,0.098253,0.000448,0.063466,12.964322,0.088481,0.712718,294,137,0.352305,0.761319,0.013309,0.415849,0.002577,0.848348,0.020745
635,1,17.144229,0.282698,0.000000,0.000041,0.917623,1.004147,1.000465,1.336667,1.398471,5.388638,5.207679,2.985989,1.023265,0.000064,0.000034,3.751940,0.000003,0.077508,0.000448,0.063365,11.426581,0.074171,0.866133,246,121,0.323286,0.903944,0.010596,0.287764,0.002038,0.707248,0.015978
636,1,18.363559,2.116069,2.115217,0.000041,0.552999,0.995806,0.992123,1.344306,1.375763,5.375549,5.197242,2.988363,1.007043,0.000064,0.000034,3.536635,0.000003,0.077521,0.000448,0.070231,12.692820,0.107022,0.745419,294,137,0.375088,0.629740,0.013309,0.374196,0.002577,0.786906,0.020745
637,1,16.358551,0.000810,0.000000,0.000041,0.838392,1.023844,1.020162,1.329569,1.399991,5.385379,5.239170,3.000854,1.029653,0.000064,0.000034,3.301639,0.000003,0.077521,0.000448,0.048716,11.135732,0.074171,0.618561,246,121,0.325311,0.893663,0.010596,0.307173,0.002038,0.686822,0.015978
638,1,18.925388,2.601251,2.296126,0.000041,0.532179,0.997725,0.994042,1.342706,1.373274,5.399336,5.231588,2.976515,1.014842,0.000064,0.000034,3.624346,0.000003,0.077508,0.000448,0.069960,13.086266,0.088481,1.012665,294,137,0.333811,0.667826,0.013309,0.425361,0.002577,0.825802,0.020745
639,1,17.526476,0.307766,0.000000,0.000041,0.722460,1.021159,1.017476,1.343231,1.371484,5.369120,5.222911,2.977234,1.019409,0.000064,0.000034,4.335965,0.000003,0.077508,0.000448,0.055227,11.546566,0.126078,1.027184,246,121,0.300832,0.907545,0.010596,0.287764,0.002038,0.672123,0.015978
640,1,18.873956,2.717370,2.413730,0.000041,0.496701,1.014601,1.010919,1.305372,1.411696,5.374925,5.228716,2.967502,0.985043,0.000064,0.000034,3.507718,0.000003,0.077521,0.000448,0.070367,12.727153,0.088481,0.741323,294,137,0.333811,0.675724,0.013309,0.388319,0.002577,0.786906,0.020745
641,1,18.001163,0.301449,0.000000,0.000041,0.822316,1.006873,1.003191,1.304406,1.414103,5.378818,5.232608,2.982096,1.021508,0.000064,0.000034,4.683892,0.000003,0.106659,0.000448,0.075029,11.575304,0.074171,0.949293,246,121,0.300832,1.009640,0.010596,0.287764,0.002038,0.644240,0.015978
642,1,18.910733,2.674774,2.351423,0.000041,0.521756,1.023200,1.019518,1.305054,1.414018,5.388350,5.242140,2.947276,1.008043,0.000064,0.000034,3.558248,0.000003,0.077508,0.000448,0.081078,13.081075,0.090590,0.990821,294,137,0.336494,0.703562,0.013309,0.374196,0.002577,0.842367,0.020745
643,1,17.001994,0.307685,0.000000,0.000041,0.835351,0.993422,0.989739,1.327562,1.417423,5.370761,5.207292,2.980245,1.011556,0.000064,0.000034,3.691488,0.000003,0.077508,0.000448,0.048716,11.307712,0.074171,0.773990,246,121,0.300832,0.911313,0.010596,0.310218,0.002038,0.644243,0.015978
644,1,18.098284,2.306712,2.305861,0.000041,0.554081,0.997796,0.994113,1.339491,1.403551,5.352054,5.205844,2.986413,0.993622,0.000064,0.000034,3.080115,0.000003,0.077521,0.000448,0.073910,12.551741,0.088481,0.570736,294,137,0.333811,0.627404,0.013309,0.408993,0.002577,0.846507,0.020745
645,1,17.079892,0.000810,0.000000,0.000041,0.966865,0.996867,0.993184,1.323656,1.388017,5.419800,5.232045,2.963921,0.990156,0.000064,0.000034,3.941884,0.000003,0.077521,0.000448,0.061720,11.479509,0.074171,1.071238,246,121,0.317010,0.885868,0.010596,0.307387,0.002038,0.644182,0.015978
646,1,18.563656,2.317471,2.316620,0.000041,0.502089,1.005917,1.002235,1.310116,1.391042,5.370894,5.224684,2.984107,0.979075,0.000064,0.000034,3.603963,0.000003,0.077508,0.000448,0.058923,12.651954,0.088481,0.735633,294,137,0.367415,0.636285,0.013309,0.407834,0.002577,0.786906,0.020745
647,1,16.435855,0.000810,0.000000,0.000041,0.727319,1.019711,1.016029,1.297143,1.412052,5.380324,5.234114,2.965905,1.012288,0.000064,0.000034,3.554535,0.000003,0.077508,0.000448,0.070384,11.217526,0.074171,0.705122,246,121,0.334449,0.886251,0.010596,0.287764,0.002038,0.655504,0.015978
648,1,18.744544,2.277171,1.980910,0.000041,0.567247,1.019358,1.015676,1.306308,1.417531,5.390791,5.242493,2.955183,0.997708,0.000064,0.000034,3.732883,0.000003,0.077521,0.000448,0.083778,13.089627,0.088481,0.928348,294,137,0.373094,0.734344,0.013309,0.374196,0.002577,0.859524,0.020745
649,1,16.603139,0.305084,0.000000,0.000041,0.731506,1.019446,1.015764,1.323225,1.411889,5.372531,5.202237,2.976691,1.014530,0.000064,0.000034,3.384694,0.000003,0.077521,0.000448,0.065721,11.107886,0.074171,0.701362,246,121,0.314582,0.758843,0.010596,0.322032,0.002038,0.633257,0.015978
650,1,18.859531,2.675120,2.378947,0.000041,0.488959,1.011637,1.007955,1.296973,1.418823,5.389703,5.216871,2.962511,1.012892,0.000064,0.000034,3.537747,0.000003,0.077508,0.000448,0.052955,12.844577,0.088481,0.768256,294,137,0.348043,0.624739,0.013309,0.388889,0.002577,0.800513,0.020745
651,1,16.852329,0.302992,0.000000,0.000041,0.830265,1.019904,1.016222,1.305681,1.414107,5.388482,5.242272,2.944044,0.995531,0.000064,0.000034,3.568797,0.000003,0.077508,0.000448,0.090308,11.302839,0.074171,0.765238,246,121,0.300832,0.931176,0.010596,0.303385,0.002038,0.651588,0.015978
652,1,19.255354,2.706346,2.420909,0.000041,0.505700,0.997884,0.994202,1.342967,1.393222,5.379503,5.233293,2.995660,0.994534,0.000064,0.000034,3.856001,0.000003,0.077521,0.000448,0.073758,13.277944,0.088481,1.238200,294,137,0.371033,0.722192,0.013309,0.418538,0.002577,0.838206,0.020745
653,1,16.564589,0.000810,0.000000,0.000041,0.852281,1.010756,1.007073,1.342156,1.391168,5.380948,5.234738,2.977047,0.989760,0.000064,0.000034,3.531352,0.000003,0.077521,0.000448,0.052717,11.340417,0.074171,0.889777,246,121,0.322432,0.925829,0.010596,0.302114,0.002038,0.643439,0.015978
654,1,19.536635,3.157132,2.874454,0.000041,0.518924,0.997403,0.993720,1.349637,1.392032,5.341302,5.195092,3.001146,1.001451,0.000064,0.000034,3.701002,0.000003,0.077508,0.000448,0.073758,13.142053,0.088481,1.030348,294,137,0.333811,0.738247,0.013309,0.374196,0.002577,0.825477,0.020745
655,1,16.934150,0.298391,0.000000,0.000041,0.743944,1.013611,1.009928,1.338637,1.373644,5.397230,5.251021,2.966763,0.989726,0.000064,0.000034,3.723874,0.000003,0.077508,0.000448,0.076691,11.284349,0.092478,0.869859,246,121,0.323208,0.891361,0.010596,0.287764,0.002038,0.630575,0.015978
656,1,18.341373,1.997491,1.996640,0.000041,0.539273,1.007145,1.003462,1.326979,1.390713,5.379042,5.219099,2.968211,1.018721,0.000064,0.000034,3.654449,0.000003,0.077521,0.000448,0.074351,12.966844,0.107344,0.785187,294,137,0.348528,0.770474,0.013309,0.374196,0.002577,0.827057,0.039300
657,1,16.460219,0.000810,0.000000,0.000041,0.803677,1.016195,1.012512,1.302802,1.416114,5.393755,5.220042,2.944882,0.989349,0.000064,0.000034,3.503913,0.000003,0.077521,0.000448,0.078746,11.142029,0.074171,0.740797,246,121,0.351074,0.864227,0.010596,0.287764,0.002038,0.673258,0.015978
658,1,19.117279,2.834524,2.534637,0.000041,0.529036,1.005246,1.001563,1.312229,1.400916,5.394006,5.247796,2.952752,0.998932,0.000064,0.000034,3.592367,0.000003,0.095656,0.000448,0.086880,13.094530,0.088481,0.926883,294,137,0.333811,0.763336,0.013309,0.392670,0.002577,0.805335,0.020745
659,1,16.691878,0.300873,0.000000,0.000041,0.718601,1.013906,1.010223,1.316559,1.416290,5.374030,5.227821,2.967919,0.990858,0.000064,0.000034,3.505642,0.000003,0.077508,0.000448,0.079793,11.140801,0.093051,0.686381,246,121,0.314480,0.860809,0.010596,0.304894,0.002038,0.645691,0.015978
660,1,19.018321,2.770582,2.450009,0.000041,0.518283,1.007877,1.004194,1.309458,1.420030,5.382206,5.213660,2.959052,0.999363,0.000064,0.000034,3.551117,0.000003,0.099165,0.000448,0.062534,12.986610,0.109361,0.795037,294,137,0.333811,0.792094,0.013309,0.415948,0.002577,0.877435,0.020745
661,1,16.916884,0.282715,0.000000,0.000041,0.897702,0.997097,0.993415,1.326002,1.421254,5.370334,5.224124,2.989109,1.018819,0.000064,0.000034,3.554599,0.000003,0.077521,0.000448,0.083303,11.448720,0.074171,0.878655,246,121,0.336816,0.946737,0.010596,0.287764,0.002038,0.649909,0.015978
662,1,18.477220,2.118079,2.117228,0.000041,0.539174,0.995538,0.991855,1.330783,1.392032,5.404083,5.255900,2.988376,1.006456,0.000064,0.000034,3.631097,0.000003,0.077508,0.000448,0.064907,12.803491,0.088481,0.811459,294,137,0.333811,0.669759,0.032935,0.388767,0.024946,0.832570,0.020745
663,1,16.555742,0.000810,0.000000,0.000041,0.770935,1.012126,1.008443,1.356642,1.391700,5.374474,5.228265,2.969401,0.999254,0.000064,0.000034,3.601596,0.000003,0.077508,0.000448,0.077454,11.292101,0.074171,0.778568,246,121,0.332567,0.931769,0.010596,0.309048,0.002038,0.630575,0.015978
664,1,19.407847,3.020589,2.737912,0.000041,0.686930,0.998644,0.994961,1.351668,1.397413,5.352512,5.172248,2.960076,1.003510,0.000064,0.000034,3.561944,0.000003,0.077521,0.000448,0.079251,13.142449,0.088481,1.004846,294,137,0.356266,0.786641,0.013309,0.387878,0.002577,0.805040,0.020745
665,1,16.858714,0.305084,0.000000,0.000041,0.785583,1.005334,1.001651,1.344530,1.376804,5.368317,5.222107,2.975627,1.014431,0.000064,0.000034,3.619364,0.000003,0.077521,0.000448,0.056396,11.189175,0.074171,0.775401,246,121,0.300832,0.805057,0.010596,0.306624,0.002038,0.648800,0.015978
666,1,18.934401,2.838298,2.530490,0.000041,0.552995,1.017164,1.013482,1.320214,1.393039,5.400530,5.254320,2.956512,0.975969,0.000064,0.000034,3.377591,0.000003,0.077508,0.000448,0.058906,12.778792,0.088481,0.717902,294,137,0.333811,0.683509,0.013309,0.403137,0.002577,0.804016,0.034468
667,1,16.967004,0.305020,0.000000,0.000041,0.839474,1.019877,1.016195,1.309530,1.405080,5.385434,5.239224,2.959629,0.978831,0.000064,0.000034,3.664903,0.000003,0.077508,0.000448,0.119052,11.157688,0.076474,0.676758,246,121,0.300832,0.843408,0.010596,0.349331,0.002038,0.653029,0.052470
668,1,19.054864,2.695957,2.381497,0.000041,0.505171,1.016964,1.013282,1.310703,1.404873,5.403612,5.238722,2.951952,1.015184,0.000064,0.000034,3.669342,0.000003,0.095740,0.000448,0.065959,13.145959,0.088481,0.752638,294,137,0.376248,0.929667,0.013309,0.394860,0.002577,0.811669,0.020745
669,1,16.952243,0.282745,0.000000,0.000041,0.914178,0.996246,0.992564,1.330875,1.408963,5.383558,5.237349,2.994673,1.014618,0.000064,0.000034,3.562934,0.000003,0.077521,0.000448,0.048716,11.372928,0.074171,0.882829,246,121,0.335541,0.873335,0.010596,0.287764,0.002038,0.703657,0.015978
670,1,19.088704,2.548252,2.262882,0.000041,0.825711,1.002031,0.998349,1.345757,1.408837,5.359511,5.213301,2.994683,1.000668,0.000064,0.000034,3.525865,0.000003,0.077508,0.000448,0.053836,13.367547,0.088481,0.999851,294,137,0.352885,0.944021,0.013309,0.394735,0.014882,0.805396,0.020745
671,1,16.982168,0.000810,0.000000,0.000041,0.990790,0.997874,0.994191,1.326358,1.391876,5.399692,5.253482,2.986630,1.022074,0.000064,0.000034,3.789446,0.000003,0.098141,0.000448,0.079217,11.536431,0.074171,0.833825,246,121,0.336087,1.077179,0.010596,0.287764,0.002038,0.633257,0.015978
672,1,18.876641,2.296634,2.295783,0.000041,0.568970,1.002207,0.998525,1.340105,1.401523,5.382460,5.222053,2.972724,0.997281,0.000064,0.000034,3.833947,0.000003,0.077521,0.000448,0.053175,12.896962,0.088481,0.804874,294,137,0.333811,0.675195,0.013309,0.386383,0.002577,0.869642,0.020745
673,1,16.366465,0.000810,0.000000,0.000041,0.786329,1.015171,1.011488,1.314141,1.413279,5.384488,5.238278,2.968723,1.014947,0.000064,0.000034,3.405453,0.000003,0.077521,0.000448,0.052938,11.192634,0.074171,0.710083,246,121,0.318919,0.933339,0.010596,0.287764,0.002038,0.663985,0.038432
674,1,19.508175,3.285841,2.987756,0.000041,0.570095,1.002648,0.998966,1.325578,1.413561,5.351122,5.204912,2.986549,0.992750,0.000064,0.000034,3.494724,0.000003,0.077508,0.000448,0.084201,12.909793,0.088481,0.807437,294,137,0.347175,0.675015,0.013309,0.393982,0.002577,0.819061,0.020745
675,1,16.409939,0.300781,0.000000,0.000041,0.725664,1.016330,1.012648,1.306244,1.413835,5.354258,5.208049,2.969866,1.027320,0.000064,0.000034,3.244904,0.000003,0.077508,0.000448,0.069366,11.057220,0.074171,0.628445,246,121,0.320709,0.753950,0.010596,0.301697,0.002038,0.666534,0.015978
676,1,19.187402,2.623050,2.321791,0.000041,0.553318,1.018629,1.014947,1.305440,1.417948,5.367489,5.221280,2.953413,0.982727,0.000064,0.000034,3.870043,0.000003,0.077521,0.000448,0.068824,13.320214,0.090742,0.989970,294,137,0.333811,0.854302,0.013309,0.411916,0.002577,0.857686,0.034383
677,1,16.830268,0.325005,0.000000,0.000041,0.842322,1.015856,1.012173,1.310649,1.411964,5.405680,5.238261,2.944956,0.976271,0.000064,0.000034,3.495765,0.000003,0.077521,0.000448,0.058906,11.253174,0.074171,0.677049,246,121,0.300832,0.948497,0.010596,0.306885,0.002038,0.665243,0.015978
678,1,19.025903,2.720513,2.437727,0.000041,0.771745,1.020220,1.016537,1.326206,1.411702,5.361650,5.215441,2.956116,1.002835,0.000064,0.000034,3.379693,0.000003,0.077508,0.000448,0.057448,13.158983,0.088481,0.831621,294,137,0.350623,0.901015,0.013309,0.376499,0.002577,0.837036,0.020745
679,1,17.050483,0.285390,0.000000,0.000041,0.842010,0.995083,0.991401,1.322669,1.400818,5.388289,5.227888,2.985860,0.999291,0.000064,0.000034,3.752306,0.000003,0.077508,0.000448,0.052955,11.492815,0.074171,0.969560,246,121,0.323201,0.967773,0.010596,0.287764,0.002038,0.652330,0.015978
680,1,18.991492,2.350447,2.349596,0.000041,0.499498,1.014123,1.010440,1.340803,1.395908,5.391649,5.245439,2.966546,0.979760,0.000064,0.000034,3.954447,0.000003,0.077521,0.000448,0.065053,12.820496,0.088481,0.794189,294,137,0.371928,0.659078,0.013309,0.434991,0.002577,0.823195,0.020745
681,1,16.398770,0.000810,0.000000,0.000041,0.806956,0.996911,0.993228,1.321367,1.422791,5.371240,5.225030,2.964901,0.985752,0.000064,0.000034,3.435723,0.000003,0.077521,0.000448,0.065789,11.125692,0.096625,0.683485,246,121,0.303023,0.914005,0.010596,0.287764,0.002038,0.645894,0.015978
682,1,19.116289,2.464650,2.161282,0.000041,0.553012,1.010752,1.007070,1.320041,1.400509,5.381070,5.218028,2.954203,0.975762,0.000064,0.000034,3.953993,0.000003,0.077508,0.000448,0.068773,13.107700,0.088481,0.979262,294,137,0.333811,0.770240,0.013309,0.457197,0.002577,0.805800,0.032976
683,1,16.958862,0.305105,0.000000,0.000041,0.876512,1.016408,1.012726,1.337040,1.392354,5.377825,5.231615,2.973392,0.996209,0.000064,0.000034,3.602169,0.000003,0.077508,0.000448,0.052955,11.233615,0.074171,0.814036,246,121,0.300832,0.846378,0.010596,0.327365,0.002038,0.630575,0.015978
684,1,18.980086,2.545186,2.244385,0.000041,0.544183,1.021505,1.017822,1.326328,1.410553,5.373976,5.225725,2.970439,1.012722,0.000064,0.000034,3.709846,0.000003,0.077521,0.000448,0.081662,13.240428,0.088481,1.079705,294,137,0.333811,0.691776,0.013309,0.394016,0.002577,0.854112,0.020745
685,1,17.352044,0.298499,0.000000,0.000041,0.807892,1.011990,1.008308,1.305562,1.417365,5.372196,5.225986,2.958618,0.984555,0.000064,0.000034,4.101851,0.000003,0.077521,0.000448,0.056719,11.599226,0.074171,1.122959,246,121,0.323286,0.915229,0.010596,0.309777,0.002038,0.650001,0.015978
686,1,18.908769,2.671624,2.355648,0.000041,0.512417,0.994771,0.991089,1.330661,1.419322,5.374695,5.211385,2.969313,1.004571,0.000064,0.000034,3.557909,0.000003,0.077508,0.000448,0.078145,12.810635,0.088481,0.778982,294,137,0.367411,0.646705,0.013309,0.396651,0.002577,0.801120,0.020745
687,1,17.097378,0.282647,0.000000,0.000041,0.974986,0.998450,0.994768,1.329868,1.395782,5.375753,5.210938,2.982914,1.008620,0.000064,0.000034,3.678921,0.000003,0.077508,0.000448,0.072418,11.474481,0.074171,0.861365,246,121,0.300832,0.994866,0.010596,0.287764,0.002038,0.630575,0.015978
688,1,18.457581,2.144602,2.143751,0.000041,0.500170,1.023922,1.020240,1.338216,1.374535,5.388675,5.220089,2.973731,0.990865,0.000064,0.000034,3.635657,0.000003,0.077521,0.000448,0.053650,12.771027,0.088481,0.730557,294,137,0.389842,0.688029,0.013309,0.374196,0.002577,0.871931,0.020745
689,1,16.421404,0.000810,0.000000,0.000041,0.730950,1.011837,1.008155,1.340352,1.391622,5.372840,5.226630,2.961819,0.988105,0.000064,0.000034,3.533101,0.000003,0.077521,0.000448,0.049462,11.314894,0.074171,0.745355,246,121,0.323208,1.038239,0.010596,0.287764,0.002038,0.653924,0.015978
690,1,18.878743,2.598229,2.299483,0.000041,0.567396,1.022085,0.995948,1.341224,1.371792,5.374600,5.206014,2.984283,1.038415,0.000064,0.000034,3.541077,0.000003,0.077508,0.000448,0.075419,12.932156,0.088481,0.860633,294,137,0.333811,0.707781,0.013309,0.414066,0.002577,0.828430,0.020745
691,1,16.681010,0.300371,0.000000,0.000041,0.733273,1.020630,1.016947,1.324748,1.390483,5.395657,5.230242,2.950748,1.012848,0.000064,0.000034,3.467631,0.000003,0.096920,0.000448,0.064789,11.160265,0.076426,0.744320,246,121,0.300832,0.834893,0.010596,0.294142,0.002038,0.652123,0.034007
692,1,18.928965,2.567471,2.266503,0.000041,0.500895,1.014164,1.010481,1.331190,1.419217,5.387017,5.222883,2.954814,1.022488,0.000064,0.000034,3.676127,0.000003,0.077521,0.000448,0.063348,12.910122,0.088481,0.845761,294,137,0.333811,0.647397,0.013309,0.374196,0.002577,0.809275,0.020745
693,1,16.786608,0.305088,0.000000,0.000041,0.808424,1.012255,1.008572,1.324249,1.412143,5.364159,5.217950,2.974684,0.994541,0.000064,0.000034,3.507534,0.000003,0.077521,0.000448,0.063348,11.220720,0.074171,0.759318,246,121,0.333930,0.866587,0.010596,0.343699,0.002038,0.671753,0.015978
694,1,20.415025,3.050886,2.745724,0.000041,0.666826,1.021223,1.017541,1.315633,1.388228,5.382633,5.236423,2.959717,0.994371,0.000064,0.000034,4.551822,0.000003,0.077508,0.000448,0.056481,13.698615,0.088481,0.987376,294,137,0.333811,1.266869,0.013309,0.374196,0.002577,0.826348,0.036329
695,1,16.796695,0.318539,0.000000,0.000041,0.822825,0.998986,0.995304,1.315108,1.403822,5.360040,5.213830,2.994300,0.994402,0.000064,0.000034,3.505018,0.000003,0.077508,0.000448,0.070621,11.330970,0.074171,0.871870,246,121,0.337236,0.843007,0.010596,0.325385,0.002038,0.644860,0.015978
696,1,18.838793,2.612698,2.329929,0.000041,0.487050,0.993788,0.990106,1.325121,1.422326,5.353994,5.207784,2.981788,0.970364,0.000064,0.000034,3.583954,0.000003,0.077525,0.000448,0.063348,12.782983,0.088481,0.779521,294,137,0.370904,0.688690,0.013309,0.374196,0.002577,0.804996,0.020745
697,1,16.869063,0.282728,0.000000,0.000041,0.775001,0.996246,0.992564,1.327169,1.407725,5.360572,5.214362,2.992754,0.999671,0.000064,0.000034,3.629500,0.000003,0.096819,0.000448,0.070943,11.166111,0.074171,0.625271,246,121,0.340129,0.937280,0.010596,0.301327,0.002038,0.652951,0.015978
698,1,18.700409,2.267965,2.267114,0.000041,0.489736,1.022298,1.018616,1.345215,1.373260,5.365963,5.219754,2.980448,1.019460,0.000064,0.000034,3.777462,0.000003,0.077511,0.000448,0.064568,12.871999,0.088481,0.809601,294,137,0.333811,0.756510,0.013309,0.374196,0.002577,0.828749,0.020745
699,1,16.539697,0.000810,0.000000,0.000041,0.775594,1.013028,1.009345,1.345591,1.390649,5.377285,5.231076,2.961056,0.990980,0.000064,0.000034,3.597622,0.000003,0.077511,0.000448,0.066908,11.275241,0.074171,0.818064,246,121,0.300832,0.921777,0.010596,0.290446,0.002038,0.686395,0.015978
700,1,19.133755,2.695933,2.394307,0.000041,0.678002,0.994347,0.990665,1.325877,1.400703,5.360650,5.214440,2.988068,0.997091,0.000064,0.000034,3.612101,0.000003,0.077525,0.000448,0.103143,12.968974,0.088481,0.944597,294,137,0.348043,0.667616,0.013309,0.415941,0.002577,0.849155,0.020745
701,1,16.935184,0.305088,0.000000,0.000041,0.894586,1.012719,1.009037,1.342095,1.394782,5.348992,5.190399,2.977095,0.989875,0.000064,0.000034,3.581753,0.000003,0.077525,0.000448,0.063432,11.297567,0.076399,0.715875,246,121,0.300832,1.045749,0.010596,0.325073,0.002038,0.630575,0.015978
702,1,18.725427,2.398414,2.397563,0.000041,0.517212,1.005934,1.002252,1.305773,1.419718,5.381853,5.235643,2.944068,0.989851,0.000064,0.000034,3.674394,0.000003,0.077511,0.000448,0.051632,12.793094,0.088481,0.710954,294,137,0.333811,0.704763,0.035685,0.374196,0.002577,0.809282,0.034376
703,1,17.239614,0.301605,0.000000,0.000041,0.949924,1.021946,1.018263,1.309614,1.408274,5.414188,5.267978,2.950823,0.999756,0.000064,0.000034,3.805179,0.000003,0.077511,0.000448,0.045885,11.612718,0.074171,1.031965,246,121,0.300832,0.972053,0.010596,0.301361,0.002038,0.664720,0.015978
704,1,18.930461,2.673377,2.358497,0.000041,0.625902,1.021898,1.018216,1.304986,1.418833,5.389872,5.219174,2.976122,1.001343,0.000064,0.000034,3.441396,0.000003,0.077525,0.000448,0.070363,13.068563,0.088481,0.948602,294,137,0.391710,0.724504,0.013309,0.394016,0.002577,0.802731,0.043115
705,1,17.047570,0.282728,0.000000,0.000041,0.782586,0.994781,0.991099,1.327386,1.406148,5.357096,5.210887,2.991069,0.995341,0.000064,0.000034,3.827701,0.000003,0.077525,0.000448,0.057736,11.253835,0.074171,0.776811,246,121,0.318342,0.915622,0.010596,0.325270,0.002038,0.666402,0.015978
706,1,18.497759,2.303477,2.302626,0.000041,0.482381,0.997128,0.993446,1.350589,1.371067,5.402595,5.234175,2.988834,1.036960,0.000064,0.000034,3.523627,0.000003,0.077511,0.000448,0.064009,12.677324,0.088481,0.724765,294,137,0.333811,0.654436,0.013309,0.387743,0.002577,0.804545,0.020745
707,1,16.481740,0.000810,0.000000,0.000041,0.870416,1.021613,1.017931,1.320299,1.393151,5.357944,5.197384,2.972127,0.976742,0.000064,0.000034,3.467319,0.000003,0.077511,0.000448,0.058499,11.208082,0.076474,0.760111,246,121,0.300832,0.935744,0.010596,0.287764,0.002038,0.644819,0.015978
708,1,18.935710,2.550127,2.267358,0.000041,0.667599,0.999322,0.995639,1.351095,1.371660,5.405277,5.238736,2.979777,1.023014,0.000064,0.000034,3.532779,0.000003,0.077525,0.000448,0.048716,13.045600,0.088481,0.909522,294,137,0.358870,0.799710,0.013309,0.374196,0.002577,0.807281,0.020745
709,1,16.832865,0.301100,0.000000,0.000041,0.751980,1.011522,1.007840,1.346578,1.376292,5.388143,5.241933,2.974325,1.038496,0.000064,0.000034,3.604852,0.000003,0.077525,0.000448,0.062229,11.265086,0.074171,0.762526,246,121,0.300832,0.916090,0.010596,0.306068,0.002038,0.651204,0.015978
710,1,18.548743,2.333089,2.332238,0.000041,0.511329,1.019653,1.015971,1.302694,1.418084,5.401893,5.255683,2.952667,0.998060,0.000064,0.000034,3.531274,0.000003,0.077511,0.000448,0.071981,12.886997,0.088481,0.799984,294,137,0.333811,0.692176,0.013309,0.374196,0.002577,0.808275,0.020745
711,1,16.616092,0.000810,0.000000,0.000041,0.836073,1.007670,1.003988,1.333181,1.395298,5.389045,5.242835,2.968129,0.989309,0.000064,0.000034,3.607825,0.000003,0.077511,0.000448,0.068926,11.332479,0.074171,0.839552,246,121,0.320489,0.890964,0.010596,0.306766,0.002038,0.703671,0.015978
712,1,18.895593,2.591871,2.291185,0.000041,0.491269,1.019904,1.016222,1.322228,1.419352,5.373111,5.226902,2.972005,1.001190,0.000064,0.000034,3.627777,0.000003,0.077525,0.000448,0.048225,13.137631,0.088481,1.019925,294,137,0.351050,0.654192,0.013309,0.405962,0.002577,0.829658,0.020745
713,1,16.842153,0.311883,0.000000,0.000041,0.767080,0.995782,0.992099,1.320279,1.409824,5.375861,5.229652,2.992184,1.018545,0.000064,0.000034,3.591187,0.000003,0.077525,0.000448,0.086358,11.238173,0.074171,0.811941,246,121,0.331106,0.787940,0.010596,0.287764,0.002038,0.630575,0.015978
714,1,19.054230,2.949168,2.666480,0.000041,0.592743,0.976796,0.973114,1.333934,1.414249,5.350135,5.203925,2.974813,0.973789,0.000064,0.000034,3.384332,0.000003,0.077511,0.000448,0.060822,12.892002,0.105611,0.826884,294,137,0.352824,0.697354,0.013309,0.424893,0.002577,0.823646,0.020745
715,1,16.452277,0.000810,0.000000,0.000041,0.706475,1.022020,1.018338,1.341715,1.368947,5.388940,5.224742,2.974796,1.010593,0.000064,0.000034,3.570513,0.000003,0.077511,0.000448,0.048716,11.116611,0.074171,0.747847,246,121,0.300832,0.829739,0.010596,0.325229,0.002038,0.651567,0.015978
716,1,19.053992,2.463338,2.180569,0.000041,0.674510,0.998288,0.994605,1.311852,1.393792,5.394155,5.247945,2.986142,1.013936,0.000064,0.000034,3.753842,0.000003,0.077525,0.000448,0.080716,13.146844,0.088481,0.981018,294,137,0.357283,0.785570,0.013309,0.408505,0.002577,0.830349,0.020745
717,1,16.959727,0.305105,0.000000,0.000041,0.866326,1.013767,1.010084,1.332855,1.402557,5.386010,5.239800,2.982842,1.005049,0.000064,0.000034,3.592190,0.000003,0.077525,0.000448,0.069350,11.470133,0.074171,0.928552,246,121,0.300832,0.972165,0.010596,0.287764,0.002038,0.630575,0.015978
718,1,18.776174,2.354180,2.353329,0.000041,0.605058,1.019925,1.016242,1.302138,1.409946,5.409787,5.223958,2.936249,0.985352,0.000064,0.000034,3.660831,0.000003,0.077511,0.000448,0.068027,12.849002,0.088481,0.769708,294,137,0.333811,0.787916,0.013309,0.374196,0.002577,0.852966,0.020745
719,1,16.939107,0.000810,0.000000,0.000041,0.816349,1.002804,0.999122,1.306603,1.401801,5.393887,5.247677,2.938022,1.001960,0.000064,0.000034,4.000770,0.000003,0.077511,0.000448,0.077877,11.310259,0.074171,0.809886,246,121,0.300832,0.882521,0.010596,0.287764,0.002038,0.643829,0.015978
840,2,4.659905,0.959564,0.958713,0.000041,0.121630,1.351593,1.348165,0.522274,1.112766,0.491289,0.379381,0.003550,0.000000,0.000064,0.000034,0.054338,0.000003,0.042352,0.000448,0.061330,4.158797,0.056634,0.001719,186,147,0.118707,0.029917,0.003306,0.023315,0.000631,0.166165,0.006443
841,2,3.690382,0.000810,0.000000,0.000041,0.121596,1.326728,1.323300,0.537462,1.113976,0.489020,0.377112,0.003550,0.000000,0.000064,0.000034,0.054338,0.000003,0.042352,0.000448,0.053514,3.404310,0.045271,0.001234,149,121,0.091092,0.022532,0.002374,0.015842,0.000448,0.117364,0.004896
842,2,4.645365,0.955973,0.955122,0.000041,0.121630,1.342027,1.338599,0.522566,1.117405,0.484975,0.373067,0.003550,0.000000,0.000064,0.000034,0.054338,0.000003,0.042352,0.000448,0.047953,4.164883,0.058679,0.001719,186,147,0.098829,0.029917,0.003306,0.025367,0.000631,0.175758,0.006443
843,2,3.681332,0.000810,0.000000,0.000041,0.121596,1.335758,1.332330,0.531596,1.105764,0.485019,0.359504,0.003550,0.000000,0.000064,0.000034,0.054338,0.000003,0.042352,0.000448,0.047580,3.381653,0.064151,0.001234,149,121,0.091092,0.022532,0.002374,0.015842,0.000448,0.117364,0.004896
844,2,4.878655,1.146735,1.145884,0.000041,0.139777,1.335015,1.331587,0.522024,1.125468,0.492025,0.359504,0.003550,0.000000,0.000064,0.000034,0.071160,0.000003,0.042352,0.000448,0.048716,4.211544,0.056634,0.001719,186,147,0.098829,0.029917,0.003306,0.023315,0.000631,0.163483,0.006443
845,2,3.705139,0.000810,0.000000,0.000041,0.121596,1.338776,1.335347,0.523261,1.126119,0.493788,0.381880,0.003550,0.000000,0.000064,0.000034,0.054338,0.000003,0.042352,0.000448,0.061951,3.419067,0.067647,0.001234,149,121,0.091092,0.022532,0.002374,0.015842,0.000448,0.117364,0.004896
846,2,5.212731,1.498115,1.497264,0.000041,0.121630,1.356150,1.352722,0.516269,1.130151,0.489627,0.377719,0.003550,0.000000,0.000064,0.000034,0.054338,0.000003,0.042352,0.000448,0.065080,4.213810,0.056634,0.001719,186,147,0.098829,0.029917,0.003306,0.036994,0.000631,0.182207,0.006443
847,2,3.733765,0.000810,0.000000,0.000041,0.140069,1.332906,1.329478,0.521613,1.132148,0.484809,0.372901,0.003550,0.000000,0.000064,0.000034,0.074958,0.000003,0.042352,0.000448,0.058753,3.447693,0.045271,0.001234,149,121,0.104489,0.022532,0.002374,0.015842,0.000448,0.117364,0.004896
848,2,4.635159,0.936011,0.935160,0.000041,0.121630,1.332343,1.328915,0.547774,1.109823,0.486789,0.359504,0.003550,0.000000,0.000064,0.000034,0.054338,0.000003,0.042352,0.000448,0.073561,4.179735,0.056634,0.001719,186,147,0.098829,0.029917,0.003306,0.067522,0.000631,0.178867,0.006443
849,2,3.728563,0.000810,0.000000,0.000041,0.138733,1.325280,1.321852,0.523261,1.151137,0.488553,0.359504,0.003550,0.000000,0.000064,0.000034,0.054338,0.000003,0.042352,0.000448,0.052785,3.425351,0.063992,0.001234,149,121,0.091092,0.022532,0.002374,0.015842,0.000448,0.117364,0.004896
850,2,4.651411,0.937039,0.936188,0.000041,0.141547,1.303040,1.299611,0.521498,1.139503,0.490407,0.378499,0.003550,0.000000,0.000064,0.000034,0.071927,0.000003,0.042352,0.000448,0.052378,4.168159,0.056634,0.001719,186,147,0.112481,0.029917,0.003306,0.023315,0.000631,0.163483,0.006443
851,2,3.703932,0.000810,0.000000,0.000041,0.121596,1.335788,1.332360,0.523261,1.127903,0.493788,0.359504,0.003550,0.000000,0.000064,0.000034,0.054338,0.000003,0.042348,0.000448,0.054091,3.395487,0.057678,0.001234,149,121,0.126811,0.022532,0.002374,0.015842,0.000448,0.139818,0.004896
852,2,4.658549,0.957282,0.956431,0.000041,0.121630,1.336151,1.332723,0.514513,1.141381,0.486806,0.359504,0.003550,0.000000,0.000064,0.000034,0.054338,0.000003,0.042348,0.000448,0.051344,4.142354,0.056634,0.001719,186,147,0.098829,0.029917,0.003306,0.023315,0.000631,0.180637,0.006443
853,2,3.717383,0.000810,0.000000,0.000041,0.121596,1.353831,1.350403,0.516466,1.107107,0.516788,0.404880,0.003550,0.000000,0.000064,0.000034,0.054338,0.000003,0.042348,0.000448,0.051141,3.415734,0.045271,0.001234,149,121,0.091092,0.022532,0.002374,0.015842,0.000448,0.117364,0.004896
854,2,4.702220,1.022085,1.021233,0.000041,0.121630,1.344883,1.341454,0.523261,1.097578,0.491998,0.380090,0.003550,0.000000,0.000064,0.000034,0.054338,0.000003,0.042348,0.000448,0.046800,4.144243,0.056634,0.001719,186,147,0.098829,0.029917,0.003306,0.023315,0.000631,0.163483,0.006443
855,2,3.712019,0.000810,0.000000,0.000041,0.121596,1.332774,1.329346,0.540765,1.105367,0.493588,0.381680,0.003550,0.000000,0.000064,0.000034,0.070672,0.000003,0.042348,0.000448,0.056193,3.409617,0.045271,0.001234,149,121,0.091092,0.022532,0.002374,0.015842,0.000448,0.119507,0.004896
856,2,4.656840,0.947527,0.946676,0.000041,0.121630,1.355160,1.351732,0.521559,1.121358,0.488820,0.376912,0.003550,0.000000,0.000064,0.000034,0.054338,0.000003,0.042348,0.000448,0.048716,4.187144,0.076925,0.001719,186,147,0.098829,0.029917,0.003306,0.023315,0.000631,0.184157,0.006443
857,2,3.684753,0.000810,0.000000,0.000041,0.121596,1.319278,1.315850,0.536984,1.111518,0.493781,0.381873,0.003550,0.000000,0.000064,0.000034,0.054338,0.000003,0.042348,0.000448,0.050225,3.398685,0.045271,0.001234,149,121,0.091092,0.022532,0.002374,0.015842,0.000448,0.139733,0.004896
858,2,4.556508,0.869208,0.868357,0.000041,0.121630,1.344730,1.341302,0.523190,1.098182,0.498783,0.373135,0.003550,0.000000,0.000064,0.000034,0.054338,0.000003,0.042348,0.000448,0.050056,4.146213,0.056634,0.001719,186,147,0.114224,0.029917,0.003306,0.023315,0.000631,0.163483,0.006443
859,2,3.696940,0.000810,0.000000,0.000041,0.138760,1.329061,1.325633,0.518707,1.122064,0.486752,0.359504,0.003550,0.000000,0.000064,0.000034,0.054338,0.000003,0.042348,0.000448,0.046970,3.395532,0.047187,0.001234,149,121,0.109351,0.022532,0.002374,0.015842,0.000448,0.117364,0.004896
860,2,4.692783,0.987450,0.986599,0.000041,0.121630,1.352058,1.348629,0.519182,1.107825,0.503852,0.376621,0.003550,0.000000,0.000064,0.000034,0.054338,0.000003,0.042348,0.000448,0.051954,4.169040,0.056634,0.001719,186,147,0.098829,0.029917,0.003306,0.023315,0.000631,0.163483,0.006443
861,2,3.713515,0.000810,0.000000,0.000041,0.121596,1.345208,1.341780,0.520114,1.133053,0.491947,0.380039,0.003550,0.000000,0.000064,0.000034,0.054338,0.000003,0.042348,0.000448,0.063375,3.425456,0.045271,0.001234,149,121,0.091092,0.022532,0.002374,0.015842,0.000448,0.142141,0.004896
862,2,4.653975,0.945563,0.944712,0.000041,0.121630,1.326521,1.323093,0.538632,1.115631,0.505212,0.374240,0.003550,0.000000,0.000064,0.000034,0.054338,0.000003,0.042348,0.000448,0.079119,4.177202,0.056634,0.001719,186,147,0.098829,0.029917,0.003306,0.023315,0.000631,0.180634,0.006443
863,2,3.752299,0.000810,0.000000,0.000041,0.143965,1.341336,1.337908,0.524807,1.132833,0.489661,0.377753,0.003550,0.000000,0.000064,0.000034,0.072439,0.000003,0.042348,0.000448,0.068010,3.447550,0.045271,0.001234,149,121,0.109341,0.044986,0.002374,0.015842,0.000448,0.117364,0.004896
864,2,4.663866,0.966963,0.966112,0.000041,0.141140,1.308302,1.304874,0.543593,1.113176,0.489905,0.359504,0.003550,0.000000,0.000064,0.000034,0.054338,0.000003,0.042348,0.000448,0.054328,4.179559,0.056634,0.001719,186,147,0.101512,0.029917,0.003306,0.023315,0.000631,0.188199,0.006443
865,2,3.740031,0.000810,0.000000,0.000041,0.143684,1.335063,1.331635,0.519097,1.146803,0.493788,0.381880,0.003550,0.000000,0.000064,0.000034,0.054338,0.000003,0.042348,0.000448,0.043800,3.453963,0.045271,0.001234,149,121,0.108212,0.022532,0.017751,0.015842,0.000448,0.139452,0.004896
866,2,4.727132,1.009169,1.008318,0.000041,0.121630,1.334941,1.331512,0.519019,1.147471,0.494117,0.362186,0.003550,0.000000,0.000064,0.000034,0.054338,0.000003,0.042348,0.000448,0.088728,4.155592,0.058550,0.001719,186,147,0.098829,0.029917,0.003306,0.023315,0.000631,0.182085,0.006443
867,2,3.711612,0.000810,0.000000,0.000041,0.121596,1.335934,1.332506,0.520209,1.140377,0.491899,0.379991,0.003550,0.000000,0.000064,0.000034,0.054338,0.000003,0.042348,0.000448,0.054989,3.406348,0.045271,0.001234,149,121,0.091092,0.022532,0.002374,0.015842,0.000448,0.117364,0.004896
868,2,4.606500,0.883077,0.882226,0.000041,0.143999,1.327277,1.323849,0.520508,1.140530,0.471412,0.359504,0.003550,0.000000,0.000064,0.000034,0.073249,0.000003,0.042348,0.000448,0.048869,4.157125,0.056634,0.001719,186,147,0.098829,0.029917,0.003306,0.023315,0.000631,0.163483,0.006443
869,2,3.707526,0.000810,0.000000,0.000041,0.121596,1.343950,1.340522,0.523332,1.106981,0.510071,0.398163,0.003550,0.000000,0.000064,0.000034,0.054338,0.000003,0.042348,0.000448,0.048530,3.399011,0.045271,0.001234,149,121,0.111579,0.022532,0.002374,0.015842,0.000448,0.117364,0.004896
870,2,4.642351,0.935411,0.934560,0.000041,0.121630,1.331336,1.327908,0.520009,1.139428,0.493751,0.381843,0.003550,0.000000,0.000064,0.000034,0.054338,0.000003,0.042348,0.000448,0.082489,4.166701,0.056634,0.001719,186,147,0.098829,0.029917,0.003306,0.023315,0.000631,0.185832,0.006443
871,2,3.707455,0.000810,0.000000,0.000041,0.121596,1.328061,1.324632,0.538703,1.108344,0.488678,0.376770,0.003550,0.000000,0.000064,0.000034,0.074816,0.000003,0.042348,0.000448,0.055583,3.383840,0.045271,0.001234,149,121,0.091092,0.022532,0.002374,0.015842,0.000448,0.117364,0.004896
872,2,4.622674,0.928460,0.927609,0.000041,0.121630,1.346283,1.342855,0.524543,1.115923,0.485050,0.373142,0.003550,0.000000,0.000064,0.000034,0.054338,0.000003,0.042348,0.000448,0.048716,4.154422,0.056634,0.001719,186,147,0.098829,0.029917,0.003306,0.023315,0.000631,0.176931,0.006443
873,2,3.708086,0.000810,0.000000,0.000041,0.121596,1.324917,1.321489,0.545709,1.111820,0.502452,0.378313,0.003550,0.000000,0.000064,0.000034,0.054338,0.000003,0.042345,0.000448,0.047869,3.409790,0.045271,0.001234,149,121,0.091092,0.022532,0.002374,0.015842,0.000448,0.117364,0.004896
874,2,4.650411,0.945248,0.944397,0.000041,0.121630,1.352356,1.348928,0.516256,1.120351,0.493788,0.381880,0.003550,0.000000,0.000064,0.000034,0.054338,0.000003,0.042345,0.000448,0.061025,4.179955,0.056634,0.001719,186,147,0.116862,0.029917,0.003306,0.023315,0.000631,0.163483,0.006443
875,2,3.681946,0.000810,0.000000,0.000041,0.135325,1.328918,1.325490,0.515208,1.115811,0.485084,0.373176,0.003550,0.000000,0.000064,0.000034,0.054345,0.000003,0.042345,0.000448,0.060228,3.395874,0.045271,0.001234,149,121,0.113468,0.036282,0.002374,0.015842,0.000448,0.117364,0.004896
876,2,4.928528,1.220218,1.219367,0.000041,0.121630,1.330360,1.326931,0.517473,1.147807,0.490251,0.359504,0.003550,0.000000,0.000064,0.000034,0.054345,0.000003,0.042345,0.000448,0.054735,4.187924,0.056634,0.001719,186,147,0.121206,0.029917,0.003306,0.036841,0.000631,0.163483,0.006443
877,2,3.707696,0.000810,0.000000,0.000041,0.121596,1.352359,1.348931,0.518829,1.124780,0.488532,0.359504,0.003550,0.000000,0.000064,0.000034,0.054345,0.000003,0.042345,0.000448,0.596595,3.404504,0.064948,0.001234,149,121,0.109036,0.022532,0.002374,0.015842,0.000448,0.117364,0.004896
878,2,4.666999,0.966509,0.965658,0.000041,0.121630,1.344326,1.340898,0.514893,1.114607,0.504245,0.392337,0.003550,0.000000,0.000064,0.000034,0.054345,0.000003,0.042345,0.000448,0.060825,4.202844,0.056634,0.001719,186,147,0.098829,0.029917,0.003306,0.023315,0.000631,0.163483,0.006443
879,2,3.736620,0.000810,0.000000,0.000041,0.139791,1.334605,1.331177,0.518009,1.133467,0.490373,0.359504,0.003550,0.000000,0.000064,0.000034,0.073120,0.000003,0.042345,0.000448,0.055888,3.412811,0.045271,0.001234,149,121,0.091092,0.022532,0.002374,0.015842,0.000448,0.139818,0.004896
880,2,4.587714,0.895362,0.894511,0.000041,0.121630,1.330600,1.327172,0.540243,1.108449,0.490641,0.378733,0.003550,0.000000,0.000064,0.000034,0.054345,0.000003,0.042345,0.000448,0.048615,4.165066,0.056634,0.001719,186,147,0.098829,0.029917,0.003306,0.023315,0.000631,0.181932,0.006443
881,2,3.726695,0.000810,0.000000,0.000041,0.141222,1.331729,1.328301,0.516290,1.146206,0.471412,0.359504,0.021786,0.000000,0.000064,0.000034,0.054345,0.000003,0.042345,0.000448,0.050056,3.422387,0.045271,0.001234,149,121,0.091092,0.022532,0.002374,0.015842,0.000448,0.117364,0.004896
882,2,4.555637,0.845049,0.844198,0.000041,0.135318,1.333435,1.330007,0.519989,1.127268,0.493788,0.359504,0.003550,0.000000,0.000064,0.000034,0.054345,0.000003,0.042345,0.000448,0.069960,4.145298,0.056634,0.001719,186,147,0.098829,0.029917,0.003306,0.023315,0.000631,0.185937,0.006443
883,2,3.709266,0.000810,0.000000,0.000041,0.121596,1.329559,1.326131,0.518026,1.147617,0.490868,0.378961,0.003550,0.000000,0.000064,0.000034,0.054345,0.000003,0.042345,0.000448,0.038696,3.423194,0.045271,0.001234,149,121,0.091092,0.022532,0.002374,0.015842,0.000448,0.117364,0.004896
884,2,4.655924,0.930016,0.929165,0.000041,0.135142,1.325402,1.321974,0.523261,1.150184,0.491130,0.379222,0.003550,0.000000,0.000064,0.000034,0.054345,0.000003,0.042345,0.000448,0.056583,4.184207,0.056634,0.001719,186,147,0.115953,0.029917,0.003306,0.042999,0.000631,0.163483,0.006443
885,2,3.696428,0.000810,0.000000,0.000041,0.121596,1.350132,1.346703,0.514503,1.102878,0.505720,0.393812,0.003550,0.000000,0.000064,0.000034,0.054345,0.000003,0.042345,0.000448,0.048716,3.410356,0.045271,0.001234,149,121,0.091092,0.022532,0.002374,0.015842,0.000448,0.138048,0.004896
886,2,4.637790,0.924903,0.924052,0.000041,0.121630,1.336575,1.333147,0.518992,1.144307,0.490594,0.359504,0.003550,0.000000,0.000064,0.000034,0.054345,0.000003,0.042345,0.000448,0.055718,4.149082,0.056634,0.001719,186,147,0.098829,0.029917,0.003306,0.023315,0.000631,0.163483,0.006443
887,2,3.711388,0.000810,0.000000,0.000041,0.121596,1.329471,1.326043,0.541022,1.108456,0.509243,0.397335,0.003550,0.000000,0.000064,0.000034,0.054345,0.000003,0.042345,0.000448,0.051649,3.425317,0.045271,0.001234,149,121,0.091092,0.022532,0.002374,0.015842,0.000448,0.117364,0.004896
888,2,4.675320,0.970096,0.969245,0.000041,0.121630,1.355153,1.351725,0.517273,1.116940,0.493439,0.381531,0.003550,0.000000,0.000064,0.000034,0.054345,0.000003,0.042345,0.000448,0.056447,4.178816,0.056634,0.001719,186,147,0.098829,0.029917,0.003306,0.023315,0.000631,0.163483,0.006443
889,2,3.689114,0.000810,0.000000,0.000041,0.121596,1.331526,1.328098,0.541365,1.099230,0.493798,0.381890,0.003550,0.000000,0.000064,0.000034,0.054345,0.000003,0.042345,0.000448,0.051225,3.403042,0.045271,0.001234,149,121,0.122392,0.022532,0.002374,0.015842,0.000448,0.139818,0.004896
890,2,4.657823,0.933089,0.932237,0.000041,0.121630,1.353326,1.349898,0.519368,1.127926,0.501695,0.389787,0.003550,0.000000,0.000064,0.000034,0.054345,0.000003,0.042345,0.000448,0.360189,4.200195,0.056634,0.001719,186,147,0.098829,0.029917,0.003306,0.042406,0.000631,0.163483,0.006443
891,2,3.713148,0.000810,0.000000,0.000041,0.140706,1.336551,1.333123,0.516293,1.127574,0.490424,0.359504,0.003550,0.000000,0.000064,0.000034,0.054345,0.000003,0.042345,0.000448,0.049564,3.385688,0.045271,0.001234,149,121,0.091092,0.022532,0.002374,0.015842,0.000448,0.117364,0.004896
892,2,4.692864,0.983971,0.983120,0.000041,0.121630,1.343862,1.340434,0.516283,1.113624,0.512705,0.400798,0.003550,0.000000,0.000064,0.000034,0.054345,0.000003,0.042345,0.000448,0.067196,4.196086,0.056634,0.001719,186,147,0.098829,0.029917,0.003306,0.023315,0.000631,0.163483,0.006443
893,2,3.702786,0.000810,0.000000,0.000041,0.121596,1.350817,1.334205,0.521508,1.113478,0.493788,0.359504,0.003550,0.000000,0.000064,0.000034,0.054345,0.000003,0.042345,0.000448,0.072879,3.381154,0.065894,0.001234,149,121,0.091092,0.022532,0.002374,0.015842,0.000448,0.117364,0.004896
894,2,4.793165,1.057977,1.057126,0.000041,0.141371,1.336992,1.333564,0.520128,1.106547,0.510783,0.398875,0.003550,0.000000,0.000064,0.000034,0.072923,0.000003,0.042345,0.000448,0.048716,4.241628,0.056634,0.001719,186,147,0.121199,0.029917,0.003306,0.023315,0.000631,0.185937,0.006443
895,2,3.723490,0.000810,0.000000,0.000041,0.140523,1.329888,1.326460,0.521986,1.124752,0.491092,0.379184,0.003550,0.000000,0.000064,0.000034,0.067993,0.000003,0.042345,0.000448,0.061601,3.437419,0.045271,0.001234,149,121,0.107944,0.022532,0.002374,0.015842,0.000448,0.117364,0.004896
896,2,4.596761,0.897200,0.896349,0.000041,0.121630,1.332255,1.328827,0.543267,1.112013,0.489607,0.359504,0.003550,0.000000,0.000064,0.000034,0.054345,0.000003,0.042345,0.000448,0.075589,4.135993,0.056634,0.001719,186,147,0.098829,0.052372,0.003306,0.023315,0.000631,0.166165,0.006443
897,2,3.716471,0.000810,0.000000,0.000041,0.136956,1.316989,1.313561,0.523261,1.150852,0.471412,0.359504,0.018951,0.000000,0.000064,0.000034,0.054345,0.000003,0.042345,0.000448,0.056600,3.414998,0.045271,0.001234,149,121,0.091092,0.022532,0.002374,0.015842,0.000448,0.117364,0.004896
898,2,4.656586,0.926178,0.925327,0.000041,0.166189,1.307543,1.304114,0.518979,1.126851,0.490818,0.359504,0.003550,0.000000,0.000064,0.000034,0.073585,0.000003,0.042345,0.000448,0.152442,4.146386,0.056634,0.001719,186,147,0.098829,0.029917,0.003306,0.023315,0.000631,0.163483,0.006443
899,2,3.710795,0.000810,0.000000,0.000041,0.121596,1.330329,1.326901,0.518728,1.126238,0.512305,0.400397,0.003550,0.000000,0.000064,0.000034,0.054345,0.000003,0.042345,0.000448,0.060703,3.424723,0.045271,0.001234,149,121,0.091092,0.022532,0.002374,0.015842,0.000448,0.117364,0.004896
900,2,4.898946,1.198449,1.197598,0.000041,0.121630,1.327508,1.324080,0.519762,1.141171,0.489638,0.377730,0.003550,0.000000,0.000064,0.000034,0.054345,0.000003,0.042345,0.000448,0.062619,4.177171,0.056634,0.001719,186,147,0.135288,0.029917,0.003306,0.023315,0.000631,0.163483,0.006443
901,2,3.701877,0.000810,0.000000,0.000041,0.121596,1.346147,1.342719,0.516232,1.102878,0.513424,0.401516,0.003550,0.000000,0.000064,0.000034,0.054345,0.000003,0.042345,0.000448,0.052243,3.415805,0.047512,0.001234,149,121,0.091092,0.022532,0.002374,0.015842,0.000448,0.117364,0.004896
902,2,4.762414,1.060364,1.059513,0.000041,0.121630,1.341868,1.338440,0.523261,1.124939,0.489563,0.377655,0.003550,0.000000,0.000064,0.000034,0.054345,0.000003,0.042345,0.000448,0.045732,4.158179,0.056634,0.001719,186,147,0.098829,0.029917,0.003306,0.023315,0.000631,0.163483,0.006443
903,2,3.715261,0.000810,0.000000,0.000041,0.121596,1.334096,1.330668,0.535977,1.105757,0.493781,0.381873,0.003550,0.000000,0.000064,0.000034,0.076799,0.000003,0.042345,0.000448,0.047767,3.426507,0.045271,0.001234,149,121,0.091092,0.022532,0.002374,0.015842,0.000448,0.137173,0.004896
904,2,4.606845,0.897173,0.896322,0.000041,0.121630,1.347222,1.343794,0.525140,1.125926,0.488966,0.377058,0.003550,0.000000,0.000064,0.000034,0.054345,0.000003,0.042345,0.000448,0.060194,4.191586,0.056634,0.001719,186,147,0.098829,0.029917,0.003306,0.023315,0.000631,0.181546,0.006443
905,2,3.697778,0.000810,0.000000,0.000041,0.121596,1.325429,1.322001,0.545709,1.110012,0.493432,0.381524,0.003550,0.000000,0.000064,0.000034,0.054345,0.000003,0.042345,0.000448,0.059940,3.389336,0.045271,0.001234,149,121,0.091092,0.022532,0.002374,0.015842,0.000448,0.117364,0.004896
906,2,4.620232,0.932017,0.931166,0.000041,0.121630,1.345574,1.342146,0.520179,1.115007,0.485036,0.373128,0.003550,0.000000,0.000064,0.000034,0.054345,0.000003,0.042345,0.000448,0.049140,4.166114,0.056634,0.001719,186,147,0.098829,0.043542,0.003306,0.038764,0.000631,0.163483,0.006443
907,2,3.704590,0.000810,0.000000,0.000041,0.135478,1.330892,1.327464,0.519341,1.132199,0.485080,0.373172,0.003550,0.000000,0.000064,0.000034,0.054345,0.000003,0.042345,0.000448,0.908088,3.418518,0.045271,0.001234,149,121,0.132277,0.022532,0.002374,0.015842,0.000448,0.117364,0.004896
908,2,4.638631,0.938483,0.937632,0.000041,0.121630,1.354824,1.351396,0.521657,1.108320,0.492927,0.381019,0.003550,0.000000,0.000064,0.000034,0.054345,0.000003,0.042345,0.000448,0.061517,4.190243,0.056634,0.001719,186,147,0.098829,0.029917,0.003306,0.023315,0.000631,0.179325,0.006443
909,2,3.721592,0.000810,0.000000,0.000041,0.137665,1.327216,1.323788,0.522298,1.125085,0.490590,0.378682,0.003550,0.000000,0.000064,0.000034,0.054345,0.000003,0.059482,0.000448,0.054752,3.435520,0.045271,0.001234,149,121,0.091092,0.022532,0.002374,0.015842,0.000448,0.117364,0.004896
910,2,4.669057,0.956204,0.955353,0.000041,0.121630,1.323137,1.319709,0.536947,1.117048,0.513302,0.378940,0.003550,0.000000,0.000064,0.000034,0.054345,0.000003,0.042345,0.000448,0.076586,4.150859,0.056634,0.001719,186,147,0.112217,0.029917,0.003306,0.023315,0.000631,0.163483,0.006443
911,2,3.728153,0.000810,0.000000,0.000041,0.135220,1.329702,1.326274,0.526984,1.124444,0.489987,0.378079,0.003550,0.000000,0.000064,0.000034,0.074561,0.000003,0.042345,0.000448,0.048716,3.442081,0.045271,0.001234,149,121,0.123328,0.022532,0.002374,0.015842,0.000448,0.117364,0.004896
912,2,4.758046,1.042982,1.042131,0.000041,0.139764,1.307648,1.304220,0.549923,1.107988,0.490184,0.359504,0.003550,0.000000,0.000064,0.000034,0.073113,0.000003,0.042345,0.000448,0.046597,4.153670,0.056634,0.001719,186,147,0.098829,0.029917,0.003306,0.023315,0.000631,0.163483,0.006443
913,2,3.710181,0.000810,0.000000,0.000041,0.138119,1.323751,1.320323,0.521495,1.134233,0.471412,0.359504,0.003550,0.000000,0.000064,0.000034,0.073917,0.000003,0.042345,0.000448,0.045037,3.402401,0.065881,0.001234,149,121,0.091092,0.022532,0.002374,0.015842,0.000448,0.117364,0.004896
914,2,4.561235,0.869968,0.869117,0.000041,0.142707,1.321462,1.318034,0.521498,1.119720,0.485090,0.373183,0.003550,0.000000,0.000064,0.000034,0.054345,0.000003,0.042345,0.000448,0.077335,4.152690,0.070312,0.001719,186,147,0.098829,0.029917,0.003306,0.023315,0.000631,0.163483,0.006443
915,2,3.713162,0.000810,0.000000,0.000041,0.121596,1.334283,1.330855,0.535926,1.107025,0.512733,0.400825,0.003550,0.000000,0.000064,0.000034,0.054345,0.000003,0.042345,0.000448,0.061720,3.427090,0.045271,0.001234,149,121,0.091092,0.022532,0.002374,0.015842,0.000448,0.117364,0.004896
916,2,4.637794,0.940121,0.939270,0.000041,0.121630,1.331699,1.328271,0.517965,1.135329,0.490262,0.378354,0.003550,0.000000,0.000064,0.000034,0.054345,0.000003,0.042345,0.000448,0.052039,4.132233,0.058763,0.001719,186,147,0.098829,0.029917,0.003306,0.023315,0.000631,0.185859,0.006443
917,2,3.693977,0.000810,0.000000,0.000041,0.121596,1.328606,1.325178,0.523261,1.106561,0.512353,0.400445,0.003550,0.000000,0.000064,0.000034,0.054345,0.000003,0.042345,0.000448,0.068434,3.407905,0.045271,0.001234,149,121,0.091092,0.022532,0.002374,0.015842,0.000448,0.137600,0.004896
918,2,4.634623,0.920631,0.919779,0.000041,0.121630,1.355554,1.352125,0.520237,1.130703,0.485080,0.359504,0.003550,0.000000,0.000064,0.000034,0.054345,0.000003,0.042345,0.000448,0.069350,4.160946,0.056634,0.001719,186,147,0.098829,0.029917,0.003306,0.023315,0.000631,0.184082,0.006443
919,2,3.712277,0.000810,0.000000,0.000041,0.121596,1.327081,1.323652,0.548397,1.108710,0.491143,0.379235,0.003550,0.000000,0.000064,0.000034,0.054345,0.000003,0.056095,0.000448,0.048937,3.423523,0.047187,0.001234,149,121,0.091092,0.022532,0.002374,0.015842,0.000448,0.117364,0.004896
920,2,4.694678,0.989190,0.988339,0.000041,0.121630,1.346469,1.343041,0.522363,1.127455,0.486782,0.374875,0.003550,0.000000,0.000064,0.000034,0.054345,0.000003,0.042345,0.000448,0.048716,4.181186,0.056634,0.001719,186,147,0.098829,0.029917,0.003306,0.023315,0.000631,0.163483,0.006443
921,2,3.698276,0.000810,0.000000,0.000041,0.121596,1.330173,1.326745,0.543057,1.111209,0.490641,0.378733,0.003550,0.000000,0.000064,0.000034,0.054345,0.000003,0.042345,0.000448,0.050242,3.392487,0.045271,0.001234,149,121,0.091092,0.022532,0.002374,0.015842,0.000448,0.117364,0.004896
922,2,4.681827,0.966648,0.965797,0.000041,0.121630,1.349453,1.346025,0.521484,1.131524,0.490299,0.378391,0.003550,0.000000,0.000064,0.000034,0.054345,0.000003,0.042345,0.000448,0.074266,4.189029,0.056634,0.001719,186,147,0.098829,0.029917,0.003306,0.023315,0.000631,0.163483,0.006443
923,2,3.695404,0.000810,0.000000,0.000041,0.121596,1.340803,1.337375,0.520026,1.121270,0.490109,0.378201,0.003550,0.000000,0.000064,0.000034,0.054345,0.000003,0.042345,0.000448,0.048513,3.409332,0.045271,0.001234,149,121,0.106140,0.022532,0.002374,0.015842,0.000448,0.117364,0.004896
924,2,4.665961,0.949324,0.948473,0.000041,0.121630,1.356327,1.352898,0.519135,1.105950,0.512807,0.400899,0.003550,0.000000,0.000064,0.000034,0.054345,0.000003,0.042345,0.000448,0.067468,4.213420,0.056634,0.001719,186,147,0.098829,0.029917,0.003306,0.023315,0.000631,0.202993,0.006443
925,2,3.732883,0.000810,0.000000,0.000041,0.143965,1.335683,1.332255,0.519514,1.124851,0.484894,0.359504,0.003550,0.000000,0.000064,0.000034,0.054345,0.000003,0.064721,0.000448,0.053480,3.433329,0.045271,0.001234,149,121,0.091092,0.022532,0.002374,0.015842,0.000448,0.117364,0.004896
926,2,4.620449,0.914446,0.913595,0.000041,0.121630,1.329607,1.326179,0.533793,1.109189,0.488542,0.376634,0.003550,0.000000,0.000064,0.000034,0.076799,0.000003,0.042345,0.000448,0.086541,4.205343,0.056634,0.001719,186,147,0.114081,0.029917,0.003306,0.023315,0.000631,0.163483,0.006443
927,2,3.739848,0.000810,0.000000,0.000041,0.140140,1.334184,1.330756,0.520786,1.133911,0.490119,0.359504,0.003550,0.000000,0.000064,0.000034,0.073452,0.000003,0.042345,0.000448,0.052667,3.415961,0.059896,0.001234,149,121,0.127194,0.022532,0.002374,0.015842,0.000448,0.117364,0.004896
928,2,4.679643,0.970083,0.969231,0.000041,0.140466,1.312904,1.309475,0.539598,1.105526,0.490821,0.378913,0.003550,0.000000,0.000064,0.000034,0.054345,0.000003,0.061801,0.000448,0.062873,4.147973,0.059316,0.001719,186,147,0.098829,0.029917,0.003306,0.023315,0.000631,0.163483,0.006443
929,2,3.706353,0.000810,0.000000,0.000041,0.121596,1.328498,1.325070,0.514560,1.150119,0.489980,0.359504,0.003550,0.000000,0.000064,0.000034,0.054345,0.000003,0.042345,0.000448,0.053752,3.401713,0.045271,0.001234,149,121,0.130025,0.022532,0.002374,0.015842,0.000448,0.117364,0.004896
930,2,4.679111,0.944512,0.943661,0.000041,0.159468,1.316342,1.312914,0.520464,1.150726,0.486810,0.374902,0.003550,0.000000,0.000064,0.000034,0.054345,0.000003,0.042345,0.000448,0.127757,4.191416,0.056634,0.001719,186,147,0.098829,0.029917,0.003306,0.023315,0.000631,0.182865,0.006443
931,2,3.708944,0.000810,0.000000,0.000041,0.121596,1.333540,1.330112,0.537306,1.108897,0.506005,0.394097,0.003550,0.000000,0.000064,0.000034,0.054345,0.000003,0.042345,0.000448,0.048716,3.422872,0.045271,0.001234,149,121,0.091092,0.022532,0.002374,0.015842,0.000448,0.117364,0.004896
932,2,4.785973,1.084676,1.083825,0.000041,0.121630,1.346510,1.343082,0.519484,1.123135,0.489749,0.377842,0.003550,0.000000,0.000064,0.000034,0.054345,0.000003,0.042345,0.000448,0.060364,4.161686,0.056634,0.001719,186,147,0.098829,0.029917,0.003306,0.023315,0.000631,0.184825,0.006443
933,2,3.684282,0.000810,0.000000,0.000041,0.121596,1.348690,1.345262,0.519721,1.093764,0.498912,0.387004,0.003550,0.000000,0.000064,0.000034,0.054345,0.000003,0.042345,0.000448,0.053107,3.366896,0.045271,0.001234,149,121,0.104546,0.022532,0.002374,0.015842,0.000448,0.117364,0.004896
934,2,4.664714,0.964888,0.964037,0.000041,0.121630,1.349365,1.345937,0.514482,1.119771,0.493788,0.381880,0.003550,0.000000,0.000064,0.000034,0.054345,0.000003,0.042345,0.000448,0.073724,4.160668,0.056634,0.001719,186,147,0.098829,0.029917,0.003306,0.039208,0.000631,0.175751,0.006443
935,2,3.707920,0.000810,0.000000,0.000041,0.121596,1.331116,1.327688,0.536913,1.109182,0.485060,0.373152,0.003550,0.000000,0.000064,0.000034,0.054345,0.000003,0.064799,0.000448,0.051073,3.399394,0.045271,0.001234,149,121,0.105248,0.022532,0.002374,0.015842,0.000448,0.117364,0.004896
936,2,4.646596,0.934401,0.933550,0.000041,0.121630,1.355899,1.352471,0.518338,1.124291,0.491248,0.379340,0.003550,0.000000,0.000064,0.000034,0.054345,0.000003,0.042345,0.000448,0.071910,4.187375,0.056634,0.001719,186,147,0.113600,0.029917,0.003306,0.023315,0.000631,0.163483,0.006443
937,2,3.689975,0.000810,0.000000,0.000041,0.121596,1.334524,1.331095,0.536255,1.109195,0.486806,0.374898,0.003550,0.000000,0.000064,0.000034,0.054345,0.000003,0.042345,0.000448,0.046495,3.403904,0.045271,0.001234,149,121,0.091092,0.022532,0.002374,0.015842,0.000448,0.117364,0.004896
938,2,4.677009,0.966512,0.965661,0.000041,0.121630,1.352983,1.349555,0.521471,1.125122,0.488502,0.376594,0.003550,0.000000,0.000064,0.000034,0.054345,0.000003,0.042345,0.000448,0.051090,4.165660,0.056634,0.001719,186,147,0.098829,0.029917,0.003306,0.023315,0.000631,0.178972,0.006443
939,2,3.711917,0.000810,0.000000,0.000041,0.135000,1.331445,1.328016,0.519029,1.134037,0.490807,0.359504,0.003550,0.000000,0.000064,0.000034,0.054345,0.000003,0.042345,0.000448,0.072706,3.406450,0.045271,0.001234,149,121,0.091092,0.040677,0.002374,0.015842,0.000448,0.117364,0.004896
940,2,4.699036,0.995138,0.994286,0.000041,0.121630,1.348507,1.345079,0.519277,1.103716,0.509979,0.379167,0.003550,0.000000,0.000064,0.000034,0.054345,0.000003,0.042345,0.000448,0.076918,4.191240,0.056634,0.001719,186,147,0.098829,0.029917,0.003306,0.023315,0.000631,0.182349,0.006443
941,2,3.737484,0.000810,0.000000,0.000041,0.138119,1.331370,1.327942,0.521484,1.136129,0.490075,0.359504,0.003550,0.000000,0.000064,0.000034,0.054345,0.000003,0.061052,0.000448,0.044681,3.414042,0.045271,0.001234,149,121,0.091092,0.022532,0.002374,0.015842,0.000448,0.117364,0.004896
942,2,4.696136,0.964898,0.964047,0.000041,0.121630,1.328868,1.308299,0.539442,1.105401,0.516235,0.381958,0.003550,0.000000,0.000064,0.000034,0.054345,0.000003,0.061218,0.000448,0.047767,4.189182,0.056634,0.001719,186,147,0.117520,0.029917,0.003306,0.023315,0.000631,0.163483,0.006443
943,2,3.732120,0.000810,0.000000,0.000041,0.142626,1.336107,1.332679,0.521505,1.124630,0.485077,0.373169,0.003550,0.000000,0.000064,0.000034,0.074921,0.000003,0.042345,0.000448,0.051751,3.443366,0.063209,0.001234,149,121,0.110084,0.044986,0.002374,0.015842,0.000448,0.117364,0.004896
944,2,4.735535,1.015984,1.015133,0.000041,0.135237,1.312181,1.308753,0.550632,1.110816,0.491479,0.359504,0.003550,0.000000,0.000064,0.000034,0.072761,0.000003,0.042345,0.000448,0.048106,4.180712,0.056634,0.001719,186,147,0.098829,0.029917,0.003306,0.023315,0.000631,0.163483,0.006443
945,2,3.699738,0.000810,0.000000,0.000041,0.121596,1.327006,1.323578,0.523261,1.141581,0.484704,0.372796,0.003550,0.000000,0.000064,0.000034,0.054335,0.000003,0.042345,0.000448,0.049445,3.413676,0.045271,0.001234,149,121,0.091092,0.022532,0.002374,0.015842,0.000448,0.117364,0.004896
946,2,4.649970,0.914398,0.913547,0.000041,0.168338,1.313951,1.310523,0.519402,1.122386,0.491082,0.359504,0.003550,0.000000,0.000064,0.000034,0.073968,0.000003,0.042345,0.000448,0.064280,4.168613,0.058550,0.001719,186,147,0.098829,0.029917,0.003306,0.023315,0.000631,0.177138,0.006443
947,2,3.704451,0.000810,0.000000,0.000041,0.121596,1.345439,1.342010,0.520074,1.118181,0.497572,0.385664,0.003550,0.000000,0.000064,0.000034,0.054335,0.000003,0.042345,0.000448,0.049886,3.405307,0.045271,0.001234,149,121,0.091092,0.022532,0.002374,0.015842,0.000448,0.136237,0.004896
948,2,4.894531,1.201006,1.200155,0.000041,0.135274,1.333201,1.329773,0.519670,1.119534,0.485067,0.373159,0.003550,0.000000,0.000064,0.000034,0.054335,0.000003,0.042345,0.000448,0.068129,4.150028,0.056634,0.001719,186,147,0.098829,0.029917,0.003306,0.023315,0.000631,0.163483,0.006443
949,2,3.675663,0.000810,0.000000,0.000041,0.121596,1.341919,1.338491,0.516246,1.080299,0.514014,0.402106,0.003550,0.000000,0.000064,0.000034,0.054335,0.000003,0.042345,0.000448,0.183536,3.387597,0.045271,0.001234,149,121,0.091092,0.022532,0.002374,0.015842,0.000448,0.117364,0.004896
950,2,4.766018,1.056949,1.056098,0.000041,0.121630,1.337728,1.334300,0.523261,1.135718,0.489953,0.378045,0.003550,0.000000,0.000064,0.000034,0.054335,0.000003,0.042345,0.000448,0.052480,4.166870,0.056634,0.001719,186,147,0.098829,0.029917,0.003306,0.023315,0.000631,0.182366,0.006443
951,2,3.689941,0.000810,0.000000,0.000041,0.121596,1.331577,1.328149,0.532450,1.111877,0.490852,0.378944,0.003550,0.000000,0.000064,0.000034,0.054335,0.000003,0.042345,0.000448,0.271023,3.401198,0.045271,0.001234,149,121,0.091092,0.022532,0.002374,0.015842,0.000448,0.131816,0.004896
952,2,4.685679,0.968350,0.967499,0.000041,0.121630,1.349535,1.346107,0.525943,1.128326,0.491116,0.379208,0.003550,0.000000,0.000064,0.000034,0.054335,0.000003,0.042345,0.000448,0.045766,4.201138,0.056634,0.001719,186,147,0.098829,0.029917,0.003306,0.023315,0.000631,0.183523,0.006443
953,2,3.685900,0.000810,0.000000,0.000041,0.121596,1.329149,1.325721,0.534946,1.104831,0.493788,0.381880,0.003550,0.000000,0.000064,0.000034,0.054335,0.000003,0.042345,0.000448,0.058346,3.399838,0.045271,0.001234,149,121,0.113468,0.022532,0.002374,0.015842,0.000448,0.130876,0.004896
954,2,4.736443,1.039385,1.038534,0.000041,0.121630,1.341197,1.337769,0.520542,1.119124,0.493788,0.381880,0.003550,0.000000,0.000064,0.000034,0.054335,0.000003,0.042345,0.000448,0.049377,4.163123,0.056634,0.001719,186,147,0.098829,0.029917,0.003306,0.023315,0.000631,0.163483,0.006443
955,2,3.691928,0.000810,0.000000,0.000041,0.121596,1.346748,1.343319,0.519701,1.117218,0.485077,0.359504,0.003550,0.000000,0.000064,0.000034,0.054335,0.000003,0.042345,0.000448,0.050157,3.392202,0.045271,0.001234,149,121,0.110246,0.022532,0.002374,0.015842,0.000448,0.136180,0.004896
956,2,4.718641,1.001088,1.000237,0.000041,0.121630,1.349592,1.346164,0.523261,1.111711,0.510579,0.380059,0.003550,0.000000,0.000064,0.000034,0.054335,0.000003,0.042345,0.000448,0.058285,4.200117,0.056634,0.001719,186,147,0.098829,0.047919,0.003306,0.023315,0.000631,0.163483,0.006443
957,2,3.736572,0.000810,0.000000,0.000041,0.137753,1.334161,1.330733,0.523261,1.133477,0.490913,0.379005,0.003550,0.000000,0.000064,0.000034,0.054335,0.000003,0.057763,0.000448,0.055464,3.435093,0.045271,0.001234,149,121,0.113546,0.022532,0.002374,0.015842,0.000448,0.137238,0.004896
958,2,4.735653,1.008277,1.007426,0.000041,0.144006,1.313266,1.309838,0.528564,1.109287,0.489339,0.359504,0.003550,0.000000,0.000064,0.000034,0.076789,0.000003,0.062025,0.000448,0.048767,4.142802,0.056634,0.001719,186,147,0.098829,0.029917,0.003306,0.055695,0.000631,0.163483,0.006443
959,2,3.731496,0.000810,0.000000,0.000041,0.139825,1.326267,1.322839,0.525943,1.145959,0.471412,0.359504,0.003550,0.000000,0.000064,0.000034,0.074836,0.000003,0.042345,0.000448,0.057685,3.445435,0.067725,0.001234,149,121,0.091092,0.022532,0.002374,0.015842,0.000448,0.117364,0.004896
960,2,4.592523,0.877899,0.877048,0.000041,0.140696,1.332021,1.328593,0.523295,1.129296,0.488536,0.376628,0.003550,0.000000,0.000064,0.000034,0.054335,0.000003,0.042345,0.000448,0.060879,4.170817,0.056634,0.001719,186,147,0.098829,0.029917,0.003306,0.023315,0.000631,0.163483,0.006443
961,2,3.714138,0.000810,0.000000,0.000041,0.121596,1.326738,1.323310,0.518629,1.155853,0.489733,0.377825,0.003550,0.000000,0.000064,0.000034,0.054335,0.000003,0.042345,0.000448,0.056786,3.407461,0.045271,0.001234,149,121,0.131344,0.022532,0.002374,0.015842,0.000448,0.117364,0.004896
962,2,4.685615,0.991686,0.990835,0.000041,0.121630,1.328902,1.325473,0.521457,1.136085,0.485077,0.359504,0.003550,0.000000,0.000064,0.000034,0.054335,0.000003,0.042345,0.000448,0.048716,4.137444,0.056634,0.001719,186,147,0.098829,0.029917,0.003306,0.023315,0.000631,0.180566,0.006443
963,2,3.701514,0.000810,0.000000,0.000041,0.121596,1.347134,1.343706,0.516273,1.107398,0.507524,0.395616,0.003550,0.000000,0.000064,0.000034,0.054335,0.000003,0.042345,0.000448,0.050971,3.415453,0.045271,0.001234,149,121,0.091092,0.022532,0.002374,0.015842,0.000448,0.117364,0.004896
964,2,4.702365,0.997623,0.996772,0.000041,0.121630,1.343119,1.339691,0.522695,1.130195,0.486325,0.374417,0.003550,0.000000,0.000064,0.000034,0.054335,0.000003,0.042345,0.000448,0.049886,4.166175,0.056634,0.001719,186,147,0.098829,0.032118,0.003306,0.025587,0.000631,0.210090,0.006443
965,2,3.691216,0.000810,0.000000,0.000041,0.121596,1.331567,1.328139,0.542199,1.085002,0.509264,0.381873,0.003550,0.000000,0.000064,0.000034,0.054335,0.000003,0.042345,0.000448,0.064111,3.389672,0.045271,0.001234,149,121,0.091092,0.022532,0.002374,0.015842,0.000448,0.117364,0.004896
966,2,4.685323,0.991343,0.990492,0.000041,0.121630,1.343048,1.339620,0.515116,1.127689,0.485718,0.373810,0.003550,0.000000,0.000064,0.000034,0.054335,0.000003,0.042345,0.000448,0.053802,4.157983,0.056634,0.003984,186,147,0.101020,0.029917,0.003306,0.023315,0.000631,0.175524,0.006443
967,2,3.691203,0.000810,0.000000,0.000041,0.121596,1.332509,1.329081,0.543352,1.100650,0.491506,0.379598,0.003550,0.000000,0.000064,0.000034,0.054335,0.000003,0.042345,0.000448,0.050988,3.381592,0.045271,0.001234,149,121,0.091092,0.022532,0.002374,0.015842,0.000448,0.117364,0.004896
968,2,4.740940,1.030884,1.030033,0.000041,0.121630,1.353038,1.349609,0.525835,1.123762,0.485012,0.373105,0.003550,0.000000,0.000064,0.000034,0.054335,0.000003,0.042345,0.000448,0.072445,4.150848,0.056634,0.001719,186,147,0.121097,0.031833,0.003306,0.023315,0.000631,0.175815,0.006443
969,2,4.038035,0.282657,0.000000,0.000041,0.176466,1.326331,1.322903,0.521284,1.108314,0.501834,0.373074,0.003550,0.000000,0.000064,0.000034,0.074704,0.000003,0.042345,0.000448,0.061127,3.432905,0.045271,0.001234,149,121,0.091092,0.022532,0.002374,0.015842,0.000448,0.120046,0.004896
970,2,5.070011,1.383121,1.058997,0.000041,0.121630,1.340498,1.337070,0.514838,1.124980,0.484165,0.372257,0.003550,0.000000,0.000064,0.000034,0.054335,0.000003,0.042345,0.000448,0.054142,4.179470,0.056634,0.001719,186,147,0.113420,0.029917,0.003306,0.023315,0.000631,0.163483,0.006443
971,2,4.043284,0.322984,0.000000,0.000041,0.158481,1.331838,1.328410,0.529355,1.108049,0.491798,0.379890,0.003550,0.000000,0.000064,0.000034,0.054335,0.000003,0.042345,0.000448,0.060635,3.435048,0.047533,0.001234,149,121,0.091092,0.022532,0.002374,0.015842,0.000448,0.117364,0.004896
972,2,4.599603,0.887132,0.886281,0.000041,0.121630,1.323497,1.320068,0.541853,1.115329,0.509382,0.397475,0.003550,0.000000,0.000064,0.000034,0.054335,0.000003,0.042345,0.000448,0.246029,4.202257,0.056634,0.001719,186,147,0.098829,0.029917,0.003306,0.023315,0.000631,0.163483,0.006443
973,2,3.742120,0.000810,0.000000,0.000041,0.143965,1.337609,1.334181,0.519274,1.131531,0.489773,0.377865,0.003550,0.000000,0.000064,0.000034,0.054335,0.000003,0.060723,0.000448,0.058397,3.437680,0.064297,0.001234,149,121,0.128801,0.022532,0.002374,0.015842,0.000448,0.136230,0.004896
974,2,4.703403,0.987434,0.986582,0.000041,0.139662,1.306983,1.303555,0.529392,1.116458,0.486620,0.374712,0.003550,0.000000,0.000064,0.000034,0.054335,0.000003,0.078420,0.000448,0.063059,4.184658,0.079010,0.001719,186,147,0.098829,0.029917,0.003306,0.023315,0.000631,0.192627,0.006443
975,2,3.731042,0.000810,0.000000,0.000041,0.142209,1.329556,1.326128,0.522220,1.124976,0.490970,0.379062,0.003550,0.000000,0.000064,0.000034,0.073856,0.000003,0.042345,0.000448,0.054023,3.420227,0.045271,0.001234,149,121,0.091092,0.022532,0.002374,0.015842,0.000448,0.117364,0.004896
976,2,4.656345,0.939731,0.938880,0.000041,0.139838,1.313249,1.309821,0.520053,1.130219,0.493625,0.359341,0.003550,0.000000,0.000064,0.000034,0.054342,0.000003,0.061188,0.000448,0.044189,4.136312,0.056634,0.001719,186,147,0.098829,0.029917,0.003306,0.023315,0.000631,0.186442,0.006443
977,2,3.702274,0.000810,0.000000,0.000041,0.121596,1.330655,1.327226,0.519813,1.136600,0.492015,0.380107,0.003550,0.000000,0.000064,0.000034,0.054342,0.000003,0.042345,0.000448,0.064433,3.416206,0.045271,0.001234,149,121,0.106957,0.022532,0.002374,0.015842,0.000448,0.144701,0.004896
978,2,4.676507,0.960724,0.959873,0.000041,0.135142,1.328976,1.325548,0.518704,1.147244,0.484931,0.373023,0.003550,0.000000,0.000064,0.000034,0.054342,0.000003,0.042345,0.000448,0.042392,4.170756,0.056634,0.001719,186,147,0.098829,0.047950,0.003306,0.023315,0.000631,0.185601,0.006443
979,2,3.711324,0.000810,0.000000,0.000041,0.121596,1.349575,1.346147,0.522400,1.109083,0.507073,0.374339,0.003550,0.000000,0.000064,0.000034,0.054342,0.000003,0.042345,0.000448,0.061941,3.404429,0.060269,0.001234,149,121,0.091092,0.022532,0.002374,0.015842,0.000448,0.117364,0.004896
980,2,4.674143,0.980136,0.979285,0.000041,0.121630,1.345913,1.342485,0.519491,1.116235,0.489953,0.378045,0.003550,0.000000,0.000064,0.000034,0.054342,0.000003,0.042345,0.000448,0.057244,4.150882,0.056634,0.001719,186,147,0.098829,0.029917,0.003306,0.023315,0.000631,0.163483,0.006443
981,2,3.685126,0.000810,0.000000,0.000041,0.121596,1.328491,1.325063,0.540127,1.086097,0.507219,0.395311,0.003550,0.000000,0.000064,0.000034,0.054342,0.000003,0.042345,0.000448,0.050174,3.378418,0.045271,0.001234,149,121,0.091092,0.022532,0.002374,0.015842,0.000448,0.117364,0.004896
982,2,4.648305,0.949287,0.948435,0.000041,0.121630,1.354841,1.351413,0.514832,1.115082,0.491848,0.379940,0.003550,0.000000,0.000064,0.000034,0.054342,0.000003,0.042345,0.000448,0.048750,4.145176,0.056634,0.001719,186,147,0.098829,0.029917,0.003306,0.023315,0.000631,0.163483,0.006443
983,2,3.684296,0.000810,0.000000,0.000041,0.121596,1.325022,1.321594,0.539595,1.106140,0.490346,0.378438,0.003550,0.000000,0.000064,0.000034,0.054342,0.000003,0.042345,0.000448,0.057939,3.395545,0.045271,0.001234,149,121,0.091092,0.022532,0.002374,0.015842,0.000448,0.117364,0.004896
984,2,4.663534,0.960185,0.959334,0.000041,0.121630,1.351922,1.348494,0.517059,1.118327,0.493625,0.381717,0.003550,0.000000,0.000064,0.000034,0.054342,0.000003,0.042345,0.000448,0.057685,4.176900,0.056634,0.001719,186,147,0.112590,0.029917,0.003306,0.023315,0.000631,0.163483,0.006443
985,2,3.716183,0.000810,0.000000,0.000041,0.144050,1.335843,1.332414,0.519199,1.130564,0.484931,0.359341,0.003550,0.000000,0.000064,0.000034,0.054342,0.000003,0.042345,0.000448,0.055532,3.416433,0.045271,0.001234,149,121,0.091092,0.022532,0.002374,0.015842,0.000448,0.178009,0.004896
986,2,4.710873,1.003120,1.002268,0.000041,0.121630,1.350793,1.347365,0.514303,1.116452,0.503791,0.359341,0.003550,0.000000,0.000064,0.000034,0.054342,0.000003,0.042345,0.000448,0.048716,4.123376,0.056634,0.001719,186,147,0.114068,0.029917,0.003306,0.023315,0.000631,0.163483,0.006443
987,2,3.697856,0.000810,0.000000,0.000041,0.121596,1.343896,1.340468,0.519480,1.122026,0.489261,0.359341,0.003550,0.000000,0.000064,0.000034,0.054342,0.000003,0.042345,0.000448,0.071560,3.375566,0.045271,0.001234,149,121,0.091092,0.022532,0.002374,0.015842,0.000448,0.117364,0.004896
988,2,4.752367,1.024248,1.023397,0.000041,0.121630,1.352339,1.329614,0.519046,1.105740,0.510410,0.376726,0.003550,0.000000,0.000064,0.000034,0.054342,0.000003,0.060513,0.000448,0.048716,4.179918,0.058848,0.001719,186,147,0.098829,0.029917,0.003306,0.023315,0.000631,0.203142,0.006443
989,2,3.728702,0.000810,0.000000,0.000041,0.138462,1.334229,1.330800,0.513919,1.131453,0.490078,0.359341,0.003550,0.000000,0.000064,0.000034,0.054342,0.000003,0.061310,0.000448,0.051378,3.404839,0.047234,0.001234,149,121,0.091092,0.022532,0.002374,0.015842,0.000448,0.117364,0.004896
990,2,4.656857,0.975321,0.974470,0.000041,0.137027,1.309811,1.306383,0.533898,1.109429,0.490584,0.359341,0.003550,0.000000,0.000064,0.000034,0.054342,0.000003,0.042345,0.000448,0.057356,4.155229,0.056634,0.001719,186,147,0.098829,0.029917,0.003306,0.023315,0.000631,0.196415,0.006443
991,2,3.736579,0.000810,0.000000,0.000041,0.141266,1.330773,1.327345,0.519124,1.154076,0.471249,0.359341,0.003550,0.000000,0.000064,0.000034,0.072835,0.000003,0.042345,0.000448,0.057736,3.450511,0.045271,0.001234,149,121,0.091092,0.022532,0.002374,0.015842,0.000448,0.117364,0.004896
992,2,4.795902,1.109012,1.108161,0.000041,0.121630,1.308797,1.305369,0.539795,1.125827,0.490055,0.359341,0.003550,0.000000,0.000064,0.000034,0.054342,0.000003,0.042345,0.000448,0.053938,4.122297,0.056634,0.001719,186,147,0.098829,0.029917,0.003306,0.023315,0.000631,0.163483,0.006443
993,2,3.704468,0.000810,0.000000,0.000041,0.121596,1.326765,1.323337,0.518870,1.126750,0.508891,0.359341,0.003550,0.000000,0.000064,0.000034,0.054342,0.000003,0.042345,0.000448,0.064348,3.380758,0.045271,0.001234,149,121,0.112684,0.022532,0.002374,0.015842,0.000448,0.117364,0.004896
994,2,4.704634,0.996270,0.995419,0.000041,0.121630,1.334561,1.331133,0.519168,1.142710,0.489509,0.359341,0.003550,0.000000,0.000064,0.000034,0.054342,0.000003,0.042345,0.000448,0.049818,4.142988,0.056634,0.001719,186,147,0.098829,0.029917,0.003306,0.023315,0.000631,0.163483,0.006443
995,2,3.704210,0.000810,0.000000,0.000041,0.121596,1.345801,1.342373,0.514045,1.109853,0.511319,0.397495,0.003550,0.000000,0.000064,0.000034,0.054342,0.000003,0.042345,0.000448,0.058821,3.416226,0.045271,0.001234,149,121,0.091092,0.022532,0.002374,0.015842,0.000448,0.117364,0.004896
996,2,4.694950,0.997660,0.996809,0.000041,0.121630,1.345123,1.341695,0.515649,1.129286,0.484816,0.359341,0.003550,0.000000,0.000064,0.000034,0.054342,0.000003,0.042345,0.000448,0.059414,4.135810,0.056634,0.001719,186,147,0.098829,0.029917,0.003306,0.023315,0.000631,0.190687,0.006443
997,2,3.709561,0.000810,0.000000,0.000041,0.121596,1.335405,1.331977,0.541802,1.109395,0.484361,0.372453,0.003550,0.000000,0.000064,0.000034,0.069746,0.000003,0.042345,0.000448,0.056329,3.408088,0.045271,0.001234,149,121,0.091092,0.022532,0.002374,0.015842,0.000448,0.117364,0.004896
998,2,4.722761,1.003852,1.003001,0.000041,0.121630,1.354780,1.351352,0.519118,1.132423,0.490173,0.378265,0.003550,0.000000,0.000064,0.000034,0.054342,0.000003,0.042345,0.000448,0.052022,4.175527,0.056634,0.001719,186,147,0.098829,0.029917,0.003306,0.023315,0.000631,0.163483,0.006443
999,2,3.686659,0.000810,0.000000,0.000041,0.121596,1.324185,1.320757,0.538761,1.112169,0.488352,0.376444,0.003550,0.000000,0.000064,0.000034,0.054342,0.000003,0.042345,0.000448,0.062483,3.400591,0.045271,0.001234,149,121,0.091092,0.022532,0.002374,0.015842,0.000448,0.134467,0.004896
1000,2,4.663398,0.964817,0.963966,0.000041,0.121630,1.346819,1.343391,0.525218,1.112783,0.491347,0.379439,0.003550,0.000000,0.000064,0.000034,0.054342,0.000003,0.042345,0.000448,0.042240,4.175527,0.056634,0.001719,186,147,0.098829,0.029917,0.003306,0.023315,0.000631,0.163483,0.006443
1001,2,3.709296,0.000810,0.000000,0.000041,0.142622,1.330353,1.326925,0.517097,1.124003,0.493625,0.359341,0.003550,0.000000,0.000064,0.000034,0.054342,0.000003,0.042345,0.000448,0.055854,3.400852,0.045271,0.001234,149,121,0.091092,0.040612,0.002374,0.018165,0.000448,0.131890,0.004896
1002,2,4.589579,0.880751,0.879900,0.000041,0.121630,1.346161,1.342733,0.514645,1.112349,0.513258,0.401350,0.003550,0.000000,0.000064,0.000034,0.054342,0.000003,0.042345,0.000448,0.067654,4.195177,0.056634,0.001719,186,147,0.098829,0.029917,0.003306,0.023315,0.000631,0.163483,0.006443
1003,2,3.703250,0.000810,0.000000,0.000041,0.121596,1.357059,1.353631,0.517395,1.120728,0.484877,0.359341,0.003550,0.000000,0.000064,0.000034,0.054342,0.000003,0.042345,0.000448,0.075205,3.403554,0.045271,0.001234,149,121,0.091092,0.022532,0.002374,0.015842,0.000448,0.117364,0.004896
1004,2,5.137488,1.428240,1.427389,0.000041,0.121630,1.354187,1.350759,0.515544,1.108395,0.508708,0.377875,0.003550,0.000000,0.000064,0.000034,0.054342,0.000003,0.042345,0.000448,0.050496,4.188582,0.056634,0.001719,186,147,0.117364,0.029917,0.003306,0.023315,0.000631,0.201263,0.006443
1005,2,3.720947,0.000810,0.000000,0.000041,0.135546,1.333842,1.330414,0.522624,1.118741,0.490567,0.378659,0.003550,0.000000,0.000064,0.000034,0.054342,0.000003,0.060377,0.000448,0.058380,3.416846,0.045271,0.001234,149,121,0.109633,0.022532,0.002374,0.015842,0.000448,0.117364,0.004896
1006,2,4.576992,0.883213,0.882362,0.000041,0.121630,1.337850,1.334422,0.534424,1.107632,0.491458,0.379551,0.003550,0.000000,0.000064,0.000034,0.054342,0.000003,0.042345,0.000448,0.048716,4.166724,0.056634,0.001719,186,147,0.098829,0.029917,0.003306,0.023315,0.000631,0.163483,0.006443
1007,2,3.724121,0.000810,0.000000,0.000041,0.140177,1.327226,1.323798,0.525306,1.137967,0.471249,0.359341,0.003550,0.000000,0.000064,0.000034,0.074941,0.000003,0.042345,0.000448,0.395277,3.415538,0.045271,0.001234,149,121,0.091092,0.022532,0.002374,0.015842,0.000448,0.117364,0.004896
1008,2,4.599443,0.893633,0.892782,0.000041,0.121630,1.343516,1.340088,0.518660,1.134559,0.486660,0.374752,0.003550,0.000000,0.000064,0.000034,0.054342,0.000003,0.042345,0.000448,0.059323,4.157274,0.056634,0.001719,186,147,0.098829,0.029917,0.003306,0.023315,0.000631,0.163483,0.006443
1009,2,3.704753,0.000810,0.000000,0.000041,0.121596,1.325148,1.321720,0.521213,1.126743,0.508457,0.376007,0.003550,0.000000,0.000064,0.000034,0.054342,0.000003,0.042345,0.000448,0.049479,3.398142,0.045271,0.001234,149,121,0.106252,0.022532,0.002374,0.015842,0.000448,0.117364,0.004896
1010,2,4.746053,1.039286,1.038435,0.000041,0.121630,1.324558,1.321130,0.537062,1.132538,0.490194,0.359341,0.003550,0.000000,0.000064,0.000034,0.054342,0.000003,0.042345,0.000448,0.057346,4.118859,0.056634,0.001719,186,147,0.098829,0.029917,0.003306,0.023315,0.000631,0.182580,0.006443
1011,2,3.704007,0.000810,0.000000,0.000041,0.121596,1.356218,1.352790,0.516880,1.102878,0.504839,0.392931,0.003550,0.000000,0.000064,0.000034,0.054342,0.000003,0.042345,0.000448,0.060838,3.417938,0.067647,0.001234,149,121,0.091092,0.022532,0.002374,0.015842,0.000448,0.117364,0.004896
1012,2,4.674299,0.980991,0.980140,0.000041,0.121630,1.329451,1.326023,0.514486,1.142069,0.484887,0.372979,0.003550,0.000000,0.000064,0.000034,0.054342,0.000003,0.042345,0.000448,0.048801,4.147831,0.079010,0.001719,186,147,0.098829,0.029917,0.003306,0.023315,0.000631,0.163483,0.006443
1013,2,3.698269,0.000810,0.000000,0.000041,0.121596,1.332347,1.328918,0.529978,1.104943,0.485355,0.373447,0.003550,0.000000,0.000064,0.000034,0.076796,0.000003,0.042345,0.000448,0.057821,3.389747,0.062480,0.001234,149,121,0.091092,0.022532,0.002374,0.015842,0.000448,0.117364,0.004896
1014,2,4.620219,0.926734,0.925883,0.000041,0.121630,1.340607,1.337179,0.522078,1.124546,0.483839,0.371931,0.003550,0.000000,0.000064,0.000034,0.054342,0.000003,0.042345,0.000448,0.048716,4.153751,0.056634,0.001719,186,147,0.098829,0.029917,0.003306,0.023315,0.000631,0.163483,0.006443
1015,2,3.682129,0.000810,0.000000,0.000041,0.121596,1.331638,1.328210,0.536686,1.097093,0.493520,0.381612,0.003550,0.000000,0.000064,0.000034,0.054342,0.000003,0.042345,0.000448,0.082642,3.396061,0.045271,0.001234,149,121,0.091092,0.041941,0.002374,0.015842,0.000448,0.117364,0.004896
1016,2,4.710320,0.991879,0.991028,0.000041,0.121630,1.347470,1.344042,0.526347,1.131911,0.490299,0.378391,0.003550,0.000000,0.000064,0.000034,0.054342,0.000003,0.042345,0.000448,0.053650,4.195431,0.056634,0.001719,186,147,0.098829,0.029917,0.003306,0.023315,0.000631,0.185852,0.006443
1017,2,3.712948,0.000810,0.000000,0.000041,0.144050,1.327006,1.323578,0.522617,1.126444,0.491235,0.379327,0.003550,0.000000,0.000064,0.000034,0.054342,0.000003,0.042345,0.000448,0.045885,3.426880,0.045271,0.001234,149,121,0.091092,0.022532,0.002374,0.015842,0.000448,0.117364,0.004896
1018,2,4.662889,0.959554,0.958703,0.000041,0.121630,1.348843,1.345415,0.519284,1.109266,0.503526,0.391619,0.003550,0.000000,0.000064,0.000034,0.054342,0.000003,0.042345,0.000448,0.047902,4.183445,0.056634,0.001719,186,147,0.098829,0.029917,0.003306,0.023315,0.000631,0.183896,0.006443
1019,2,3.694170,0.000810,0.000000,0.000041,0.121596,1.338362,1.334934,0.522624,1.124830,0.485162,0.373254,0.003550,0.000000,0.000064,0.000034,0.054342,0.000003,0.042345,0.000448,0.068661,3.408101,0.045271,0.001234,149,121,0.091092,0.022532,0.002374,0.015842,0.000448,0.117364,0.004896
1020,2,4.782345,1.067952,1.067101,0.000041,0.142225,1.328444,1.325016,0.520454,1.106669,0.502136,0.390228,0.003550,0.000000,0.000064,0.000034,0.068020,0.000003,0.042345,0.000448,0.057702,4.211653,0.056634,0.001719,186,147,0.112345,0.029917,0.003306,0.023315,0.000631,0.180518,0.006443
1021,2,3.722761,0.000810,0.000000,0.000041,0.139659,1.329359,1.325931,0.514428,1.127075,0.491896,0.379988,0.003550,0.000000,0.000064,0.000034,0.054342,0.000003,0.061093,0.000448,0.052073,3.417945,0.045271,0.001234,149,121,0.091092,0.036177,0.002374,0.015842,0.000448,0.124356,0.004896
1022,2,4.615563,0.928460,0.927609,0.000041,0.121630,1.322774,1.319346,0.536319,1.115156,0.490438,0.378530,0.003550,0.000000,0.000064,0.000034,0.054342,0.000003,0.042345,0.000448,0.039832,4.150787,0.056634,0.001719,186,147,0.098829,0.029917,0.003306,0.023315,0.000631,0.163483,0.020101
1023,2,3.742235,0.000810,0.000000,0.000041,0.142178,1.334588,1.331160,0.525252,1.149180,0.471249,0.359341,0.021742,0.000000,0.000064,0.000034,0.054342,0.000003,0.042345,0.000448,0.052684,3.431281,0.045271,0.001234,149,121,0.091092,0.022532,0.002374,0.038296,0.000448,0.117364,0.004896
1024,2,4.695204,0.986603,0.985752,0.000041,0.141232,1.312107,1.308679,0.518334,1.132551,0.488356,0.359341,0.003550,0.000000,0.000064,0.000034,0.069577,0.000003,0.042345,0.000448,0.046987,4.132843,0.056634,0.001719,186,147,0.098829,0.029917,0.003306,0.023315,0.000631,0.166165,0.006443
1025,2,3.697330,0.000810,0.000000,0.000041,0.121596,1.325890,1.322462,0.518500,1.136122,0.493625,0.381717,0.003550,0.000000,0.000064,0.000034,0.054342,0.000003,0.042345,0.000448,0.057227,3.411262,0.045271,0.001234,149,121,0.109500,0.022532,0.002374,0.015842,0.000448,0.117364,0.004896
1026,2,4.706557,0.997755,0.996904,0.000041,0.121630,1.332024,1.328596,0.520823,1.148624,0.484914,0.373006,0.003550,0.000000,0.000064,0.000034,0.054342,0.000003,0.042345,0.000448,0.051208,4.169725,0.056634,0.001719,186,147,0.119405,0.029917,0.003306,0.023315,0.000631,0.163483,0.006443
1027,2,3.701789,0.000810,0.000000,0.000041,0.121596,1.344425,1.340997,0.519586,1.106737,0.507850,0.395942,0.003550,0.000000,0.000064,0.000034,0.054342,0.000003,0.042345,0.000448,0.060279,3.415721,0.045271,0.001234,149,121,0.091092,0.022532,0.002374,0.015842,0.000448,0.171733,0.004896
1028,2,4.687561,0.987735,0.986884,0.000041,0.121630,1.348484,1.345055,0.519718,1.120324,0.488885,0.376977,0.003550,0.000000,0.000064,0.000034,0.054342,0.000003,0.042345,0.000448,0.051429,4.157040,0.056634,0.001719,186,147,0.098829,0.029917,0.003306,0.023315,0.000631,0.182953,0.020094
1029,2,3.710592,0.000810,0.000000,0.000041,0.121596,1.326650,1.323222,0.539846,1.110558,0.510345,0.375983,0.003550,0.000000,0.000064,0.000034,0.054342,0.000003,0.042345,0.000448,0.053955,3.402069,0.045271,0.001234,149,121,0.091092,0.022532,0.002374,0.015842,0.000448,0.117364,0.004896
1030,2,4.569251,0.870473,0.869622,0.000041,0.121630,1.338135,1.334707,0.519155,1.132534,0.486538,0.359341,0.003550,0.000000,0.000064,0.000034,0.054342,0.000003,0.042345,0.000448,0.067095,4.142805,0.056634,0.001719,186,147,0.138662,0.029917,0.003306,0.023315,0.000631,0.163483,0.006443
1031,2,3.669352,0.000810,0.000000,0.000041,0.121596,1.327064,1.323636,0.532149,1.096198,0.490750,0.378842,0.003550,0.000000,0.000064,0.000034,0.054342,0.000003,0.042345,0.000448,0.052039,3.380602,0.045271,0.001234,149,121,0.105876,0.022532,0.002374,0.015842,0.000448,0.117364,0.004896
1032,2,4.858300,1.142473,1.141622,0.000041,0.139099,1.326257,1.322829,0.520006,1.127780,0.488227,0.359341,0.003550,0.000000,0.000064,0.000034,0.054342,0.000003,0.056017,0.000448,0.048716,4.175534,0.074846,0.001719,186,147,0.098829,0.029917,0.003306,0.023315,0.000631,0.185021,0.006443
1033,2,3.714820,0.000810,0.000000,0.000041,0.144050,1.330275,1.326847,0.514608,1.134067,0.490224,0.378316,0.003550,0.000000,0.000064,0.000034,0.054342,0.000003,0.042345,0.000448,0.131276,3.428752,0.066454,0.001234,149,121,0.113546,0.022532,0.002374,0.015842,0.000448,0.117364,0.004896
1034,2,4.668928,0.976193,0.975342,0.000041,0.121630,1.338253,1.334825,0.520769,1.112637,0.498661,0.386753,0.003550,0.000000,0.000064,0.000034,0.054342,0.000003,0.042345,0.000448,0.075877,4.177141,0.056634,0.001719,186,147,0.098829,0.029917,0.003306,0.036967,0.000631,0.185028,0.006443
1035,2,3.700690,0.000810,0.000000,0.000041,0.121596,1.341448,1.338019,0.522624,1.123827,0.489600,0.359341,0.003550,0.000000,0.000064,0.000034,0.054342,0.000003,0.042345,0.000448,0.071927,3.396271,0.045271,0.001234,149,121,0.091092,0.022532,0.002374,0.015842,0.000448,0.117364,0.004896
1036,2,4.712277,1.011692,1.010841,0.000041,0.121630,1.344818,1.321710,0.517253,1.106116,0.509983,0.398075,0.003550,0.000000,0.000064,0.000034,0.054342,0.000003,0.042345,0.000448,0.061076,4.177412,0.056634,0.001719,186,147,0.115835,0.029917,0.003306,0.023315,0.000631,0.163483,0.006443
1037,2,3.716916,0.000810,0.000000,0.000041,0.142158,1.331536,1.328108,0.518561,1.113576,0.488332,0.376424,0.003550,0.000000,0.000064,0.000034,0.075497,0.000003,0.042345,0.000448,0.054532,3.409692,0.045271,0.001234,149,121,0.091092,0.022532,0.002374,0.015842,0.000448,0.117364,0.004896
1038,2,4.762692,1.029860,1.029009,0.000041,0.135244,1.316610,1.313182,0.547472,1.108490,0.488274,0.376367,0.003550,0.000000,0.000064,0.000034,0.090298,0.000003,0.042345,0.000448,0.056600,4.216319,0.073781,0.001719,186,147,0.115855,0.029917,0.003306,0.023315,0.000631,0.163483,0.006443
1039,2,3.726956,0.000810,0.000000,0.000041,0.139882,1.325263,1.321835,0.517327,1.152856,0.471249,0.359341,0.003550,0.000000,0.000064,0.000034,0.073124,0.000003,0.042345,0.000448,0.051293,3.422106,0.047353,0.001234,149,121,0.091092,0.022532,0.002374,0.015842,0.000448,0.117364,0.004896
1040,2,4.709290,0.994480,0.993629,0.000041,0.140167,1.310428,1.307000,0.543467,1.129554,0.490407,0.378499,0.003550,0.000000,0.000064,0.000034,0.054342,0.000003,0.042345,0.000448,0.057126,4.152937,0.056634,0.001719,186,147,0.098829,0.029917,0.003306,0.023315,0.000631,0.182373,0.006443
1041,2,3.693793,0.000810,0.000000,0.000041,0.121596,1.323822,1.320394,0.520806,1.136359,0.489614,0.377706,0.003550,0.000000,0.000064,0.000034,0.054342,0.000003,0.042345,0.000448,0.042681,3.407725,0.045271,0.001234,149,121,0.091092,0.022532,0.002374,0.015842,0.000448,0.137922,0.004896
1042,2,4.662567,0.966648,0.965797,0.000041,0.121630,1.328108,1.324680,0.519450,1.137570,0.488376,0.359341,0.003550,0.000000,0.000064,0.000034,0.054342,0.000003,0.042345,0.000448,0.051853,4.135556,0.056634,0.001719,186,147,0.098829,0.029917,0.003306,0.023315,0.000631,0.183089,0.006443
1043,2,3.708059,0.000810,0.000000,0.000041,0.121596,1.341695,1.338267,0.520311,1.107669,0.515191,0.403283,0.003550,0.000000,0.000064,0.000034,0.054342,0.000003,0.042345,0.000448,0.107090,3.421990,0.045271,0.001234,149,121,0.112535,0.044857,0.002374,0.015842,0.000448,0.129622,0.004896
1044,2,4.690969,1.004422,1.003571,0.000041,0.121630,1.347900,1.344472,0.517392,1.115000,0.483839,0.371931,0.003550,0.000000,0.000064,0.000034,0.054342,0.000003,0.042345,0.000448,0.054277,4.144497,0.056634,0.001719,186,147,0.098829,0.029917,0.003306,0.023315,0.000631,0.199181,0.006443
1045,2,3.712016,0.000810,0.000000,0.000041,0.121596,1.336226,1.332798,0.542216,1.108266,0.502116,0.390208,0.003550,0.000000,0.000064,0.000034,0.054342,0.000003,0.042345,0.000448,0.056176,3.403493,0.045271,0.001234,149,121,0.091092,0.022532,0.002374,0.015842,0.000448,0.117364,0.004896
1046,2,4.641897,0.945546,0.944695,0.000041,0.121630,1.354526,1.351098,0.513004,1.112779,0.493625,0.381717,0.003550,0.000000,0.000064,0.000034,0.054342,0.000003,0.042345,0.000448,0.051429,4.159956,0.056634,0.001719,186,147,0.098829,0.029917,0.003306,0.023315,0.000631,0.163483,0.006443
1047,2,3.682739,0.000810,0.000000,0.000041,0.121596,1.330285,1.326857,0.535177,1.109087,0.484999,0.373091,0.003550,0.000000,0.000064,0.000034,0.054342,0.000003,0.042345,0.000448,0.047309,3.396671,0.045271,0.001234,149,121,0.093360,0.022532,0.002374,0.031304,0.000448,0.117364,0.004896
1048,2,4.700677,1.001489,1.000637,0.000041,0.121630,1.354682,1.351254,0.520369,1.108327,0.493395,0.381487,0.003550,0.000000,0.000064,0.000034,0.054342,0.000003,0.042345,0.000448,0.052056,4.173709,0.056634,0.001719,186,147,0.098829,0.029917,0.003306,0.023315,0.000631,0.185628,0.006443
1049,2,3.707621,0.000810,0.000000,0.000041,0.143266,1.329037,1.325609,0.518629,1.121467,0.493625,0.381717,0.003550,0.000000,0.000064,0.000034,0.054342,0.000003,0.042345,0.000448,0.101959,3.421553,0.045271,0.001234,149,121,0.110006,0.022532,0.002374,0.015842,0.000448,0.117364,0.023278
1050,2,4.697459,0.997935,0.997084,0.000041,0.121630,1.345690,1.342261,0.522624,1.101427,0.507368,0.395460,0.003550,0.000000,0.000064,0.000034,0.054342,0.000003,0.042345,0.000448,0.051124,4.162628,0.056634,0.001719,186,147,0.098829,0.029917,0.003306,0.023315,0.000631,0.163483,0.006443
1051,2,3.699253,0.000810,0.000000,0.000041,0.121596,1.339508,1.336080,0.519131,1.127035,0.490387,0.378479,0.003550,0.000000,0.000064,0.000034,0.054342,0.000003,0.042345,0.000448,0.065389,3.413184,0.045271,0.001234,149,121,0.091092,0.022532,0.002374,0.015842,0.000448,0.117364,0.004896
1052,2,4.737949,1.001373,1.000522,0.000041,0.138611,1.307638,1.304209,0.546360,1.111003,0.513000,0.401093,0.003550,0.000000,0.000064,0.000034,0.054342,0.000003,0.061523,0.000448,0.056346,4.216064,0.056634,0.001719,186,147,0.098829,0.029917,0.003306,0.023315,0.000631,0.182251,0.006443
1053,2,3.722158,0.000810,0.000000,0.000041,0.134627,1.327525,1.324097,0.520854,1.123837,0.493625,0.381717,0.003550,0.000000,0.000064,0.000034,0.074436,0.000003,0.042345,0.000448,0.073876,3.436089,0.047411,0.001234,149,121,0.091092,0.022532,0.002374,0.015842,0.000448,0.152391,0.004896
1054,2,4.746297,1.036106,1.035255,0.000041,0.139638,1.314531,1.311103,0.538489,1.105933,0.493259,0.381351,0.003550,0.000000,0.000064,0.000034,0.071896,0.000003,0.042345,0.000448,0.079241,4.207987,0.079010,0.001719,186,147,0.120839,0.029917,0.003306,0.023315,0.000631,0.184299,0.006443
1055,2,3.725471,0.000810,0.000000,0.000041,0.140537,1.327732,1.324304,0.521400,1.149299,0.484907,0.372999,0.003550,0.000000,0.000064,0.000034,0.054342,0.000003,0.042345,0.000448,0.054938,3.420932,0.045271,0.001234,149,121,0.091092,0.022532,0.002374,0.015842,0.000448,0.154538,0.004896
1056,2,4.701558,0.979523,0.978672,0.000041,0.148404,1.311398,1.307970,0.521732,1.150319,0.489397,0.359341,0.003550,0.000000,0.000064,0.000034,0.054342,0.000003,0.042345,0.000448,0.054074,4.160224,0.056634,0.001719,186,147,0.120517,0.045790,0.003306,0.023315,0.000631,0.163483,0.006443
1057,2,3.692098,0.000810,0.000000,0.000041,0.121596,1.325066,1.321638,0.522624,1.107049,0.514167,0.380008,0.003550,0.000000,0.000064,0.000034,0.054342,0.000003,0.042345,0.000448,0.069400,3.370161,0.045271,0.001234,149,121,0.091092,0.022532,0.002374,0.038218,0.000448,0.117364,0.004896
1058,2,4.700938,0.992374,0.991523,0.000041,0.121630,1.334829,1.331401,0.518487,1.142249,0.490584,0.378676,0.003550,0.000000,0.000064,0.000034,0.054342,0.000003,0.042345,0.000448,0.049394,4.162455,0.056634,0.001719,186,147,0.098829,0.029917,0.003306,0.023315,0.000631,0.163483,0.006443
1059,2,3.707784,0.000810,0.000000,0.000041,0.121596,1.342787,1.339359,0.523031,1.106561,0.512214,0.400306,0.003550,0.000000,0.000064,0.000034,0.054342,0.000003,0.042345,0.000448,0.056464,3.398933,0.045271,0.001234,149,121,0.091092,0.022532,0.002374,0.015842,0.000448,0.117364,0.004896
1060,2,5.174574,1.465532,1.464681,0.000041,0.144084,1.317190,1.313761,0.517992,1.135366,0.493625,0.381717,0.003550,0.000000,0.000064,0.000034,0.054342,0.000003,0.042345,0.000448,0.066501,4.159631,0.075755,0.001719,186,147,0.098829,0.043698,0.003306,0.023315,0.000631,0.163483,0.006443
1061,2,3.713101,0.000810,0.000000,0.000041,0.121596,1.331736,1.328308,0.536370,1.113963,0.490634,0.378727,0.003550,0.000000,0.000064,0.000034,0.054342,0.000003,0.059550,0.000448,0.048750,3.409827,0.045271,0.001234,149,121,0.113546,0.022532,0.002374,0.015842,0.000448,0.117364,0.004896
1062,2,4.684940,0.977081,0.976230,0.000041,0.121630,1.349196,1.345768,0.522624,1.124125,0.489499,0.377591,0.003550,0.000000,0.000064,0.000034,0.054342,0.000003,0.042345,0.000448,0.050310,4.188015,0.076046,0.001719,186,147,0.098829,0.029917,0.003306,0.023315,0.000631,0.163483,0.006443
1063,2,3.690121,0.000810,0.000000,0.000041,0.121596,1.329641,1.326213,0.537069,1.106595,0.493625,0.381717,0.003550,0.000000,0.000064,0.000034,0.054342,0.000003,0.042345,0.000448,0.057278,3.399455,0.045271,0.001234,149,121,0.091092,0.022532,0.002374,0.015842,0.000448,0.117364,0.004896
1064,2,4.745175,1.039568,1.038717,0.000041,0.121630,1.343889,1.340461,0.524414,1.124190,0.490699,0.378791,0.003550,0.000000,0.000064,0.000034,0.054342,0.000003,0.042345,0.000448,0.045631,4.187124,0.056634,0.001719,186,147,0.098829,0.029917,0.003306,0.023315,0.000631,0.203037,0.006443
1065,2,3.707994,0.000810,0.000000,0.000041,0.121596,1.340454,1.337026,0.522597,1.128374,0.493378,0.381470,0.003550,0.000000,0.000064,0.000034,0.054342,0.000003,0.042345,0.000448,0.108327,3.419742,0.045271,0.001234,149,121,0.105116,0.022532,0.002374,0.015842,0.000448,0.139689,0.027245
1066,2,4.689368,0.989210,0.988359,0.000041,0.121630,1.349955,1.346527,0.519633,1.106740,0.501414,0.359341,0.003550,0.000000,0.000064,0.000034,0.054342,0.000003,0.042345,0.000448,0.047614,4.160363,0.056634,0.001719,186,147,0.118391,0.029917,0.003306,0.023315,0.000631,0.163483,0.006443
1067,2,3.696689,0.000810,0.000000,0.000041,0.121596,1.340040,1.336612,0.518819,1.129706,0.484931,0.373023,0.003550,0.000000,0.000064,0.000034,0.054342,0.000003,0.042345,0.000448,0.076796,3.410621,0.045271,0.001234,149,121,0.091092,0.022532,0.002374,0.015842,0.000448,0.117364,0.004896
1068,2,4.672373,0.961446,0.960595,0.000041,0.121630,1.331909,1.328481,0.540151,1.109107,0.507345,0.395437,0.003550,0.000000,0.000064,0.000034,0.054342,0.000003,0.042345,0.000448,0.062368,4.186401,0.074280,0.001719,186,147,0.098829,0.029917,0.003306,0.023315,0.000631,0.178796,0.006443
1069,2,3.731032,0.000810,0.000000,0.000041,0.139089,1.327871,1.324443,0.521739,1.133114,0.490482,0.378574,0.003550,0.000000,0.000064,0.000034,0.071482,0.000003,0.042345,0.000448,0.052836,3.423472,0.045271,0.001234,149,121,0.104736,0.022532,0.002374,0.015842,0.000448,0.117364,0.004896
1070,2,4.655355,0.969404,0.968553,0.000041,0.140259,1.302684,1.299255,0.535065,1.116458,0.490699,0.378791,0.003550,0.000000,0.000064,0.000034,0.054342,0.000003,0.042345,0.000448,0.072235,4.166762,0.056634,0.001719,186,147,0.098829,0.029917,0.003306,0.023315,0.000631,0.163483,0.006443
1071,2,3.715651,0.000810,0.000000,0.000041,0.139384,1.334479,1.331051,0.519755,1.130622,0.489814,0.359341,0.003550,0.000000,0.000064,0.000034,0.054342,0.000003,0.042345,0.000448,0.057804,3.411018,0.045271,0.001234,149,121,0.123016,0.022532,0.002374,0.015842,0.000448,0.117364,0.004896
1072,2,4.680125,0.943763,0.942912,0.000041,0.165795,1.312137,1.308709,0.516578,1.156274,0.471249,0.359341,0.003550,0.000000,0.000064,0.000034,0.067885,0.000003,0.042345,0.000448,0.054311,4.161825,0.056634,0.001719,186,147,0.098829,0.029917,0.003306,0.023315,0.000631,0.163483,0.006443
1073,2,3.685537,0.000810,0.000000,0.000041,0.121596,1.327660,1.324232,0.518945,1.102783,0.512956,0.378672,0.003550,0.000000,0.000064,0.000034,0.054342,0.000003,0.042345,0.000448,0.053379,3.377092,0.045271,0.001234,149,121,0.091092,0.022532,0.002374,0.015842,0.000448,0.117364,0.004896
1074,2,4.711528,1.008311,1.007460,0.000041,0.121630,1.348006,1.344577,0.522529,1.125359,0.484907,0.372999,0.003550,0.000000,0.000064,0.000034,0.054342,0.000003,0.042345,0.000448,0.065399,4.161377,0.056634,0.001719,186,147,0.098829,0.042074,0.003306,0.023315,0.000631,0.163483,0.025275
1075,2,3.692301,0.000810,0.000000,0.000041,0.121596,1.324453,1.321025,0.533230,1.106625,0.504801,0.359341,0.003550,0.000000,0.000064,0.000034,0.054342,0.000003,0.042345,0.000448,0.049920,3.372681,0.045271,0.001234,149,121,0.091092,0.022532,0.002374,0.015842,0.000448,0.117364,0.004896
1076,2,4.585103,0.881415,0.880564,0.000041,0.121630,1.330719,1.327291,0.517388,1.143077,0.490089,0.359341,0.003550,0.000000,0.000064,0.000034,0.054342,0.000003,0.042345,0.000448,0.048716,4.143192,0.056634,0.001719,186,147,0.112454,0.029917,0.003306,0.023315,0.000631,0.163483,0.006443
1077,2,3.686486,0.000810,0.000000,0.000041,0.121596,1.325009,1.321581,0.536764,1.109867,0.491655,0.379747,0.003550,0.000000,0.000064,0.000034,0.054342,0.000003,0.042345,0.000448,0.074202,3.400418,0.045271,0.001234,149,121,0.091092,0.022532,0.002374,0.015842,0.000448,0.138513,0.004896
1078,2,4.795468,1.100321,1.099470,0.000041,0.121630,1.347812,1.344384,0.519663,1.120378,0.484877,0.372969,0.003550,0.000000,0.000064,0.000034,0.054342,0.000003,0.042345,0.000448,0.058024,4.156674,0.056634,0.001719,186,147,0.098829,0.029917,0.003306,0.023315,0.000631,0.163483,0.006443
1079,2,3.689358,0.000810,0.000000,0.000041,0.121596,1.327053,1.323625,0.539819,1.108212,0.491082,0.379174,0.003550,0.000000,0.000064,0.000034,0.054342,0.000003,0.042345,0.000448,0.078030,3.403290,0.045271,0.001234,149,121,0.091092,0.034573,0.002374,0.015842,0.000448,0.117364,0.004896
1200,3,6.208408,0.973782,0.972931,0.000041,0.553012,1.336087,1.332659,0.535807,1.147519,0.576904,0.461416,0.003550,0.000000,0.000064,0.000034,1.038645,0.000003,0.042552,0.000448,0.048716,5.345093,0.070357,0.340820,235,192,0.104808,0.229458,0.003645,0.081540,0.000685,0.189592,0.006958
1201,3,5.449677,0.000810,0.000000,0.000041,0.704169,1.348260,1.344832,0.534821,1.142110,0.574341,0.458852,0.003550,0.000000,0.000064,0.000034,1.098514,0.000003,0.042552,0.000448,0.063338,4.703735,0.056047,0.342560,187,155,0.115482,0.430905,0.002713,0.074660,0.000502,0.143473,0.005412
1202,3,6.139486,0.975501,0.974650,0.000041,0.537760,1.326674,1.323246,0.535594,1.163588,0.574795,0.439039,0.003550,0.000000,0.000064,0.000034,0.978923,0.000003,0.042552,0.000448,0.063399,5.230767,0.070357,0.227987,235,192,0.104808,0.264367,0.003645,0.081540,0.000685,0.189592,0.006958
1203,3,5.354482,0.000810,0.000000,0.000041,0.663096,1.343747,1.340318,0.545580,1.117852,0.599352,0.483863,0.003550,0.000000,0.000064,0.000034,1.037394,0.000003,0.042552,0.000448,0.071866,4.574707,0.056047,0.327488,187,155,0.097070,0.350023,0.002713,0.056298,0.000502,0.143473,0.005412
1204,3,6.312473,0.980652,0.979801,0.000041,0.667575,1.344527,1.341098,0.538784,1.143819,0.568210,0.452721,0.003550,0.000000,0.000064,0.000034,1.022254,0.000003,0.042552,0.000448,0.047885,5.408356,0.070357,0.288588,235,192,0.104808,0.359100,0.003645,0.081540,0.000685,0.189592,0.006958
1205,3,5.498525,0.000810,0.000000,0.000041,0.785153,1.313385,1.309957,0.555993,1.124396,0.619876,0.504388,0.003550,0.000000,0.000064,0.000034,1.052260,0.000003,0.042552,0.000448,0.058601,4.772434,0.056047,0.337111,187,155,0.141893,0.487851,0.002713,0.056298,0.000502,0.165927,0.005412
1206,3,6.132151,0.981432,0.980581,0.000041,0.498454,1.334045,1.330617,0.538784,1.143812,0.573741,0.458252,0.003550,0.000000,0.000064,0.000034,1.015232,0.000003,0.042552,0.000448,0.051802,5.260952,0.070357,0.260976,235,192,0.104808,0.228882,0.003645,0.081540,0.000685,0.189592,0.006958
1207,3,5.371382,0.000810,0.000000,0.000041,0.713454,1.316715,1.313287,0.554209,1.126950,0.591156,0.475667,0.003550,0.000000,0.000064,0.000034,1.021437,0.000003,0.042552,0.000448,0.055023,4.608395,0.056047,0.285750,187,155,0.097070,0.419922,0.002713,0.056298,0.000502,0.143473,0.005412
1208,3,6.112901,0.980418,0.979567,0.000041,0.499240,1.355092,1.351664,0.535587,1.118374,0.595629,0.480140,0.003550,0.000000,0.000064,0.000034,0.981910,0.000003,0.042552,0.000448,0.051124,5.227119,0.070357,0.252170,235,192,0.104808,0.206041,0.003645,0.103041,0.000685,0.208388,0.006958
1209,3,5.508620,0.000810,0.000000,0.000041,0.775513,1.314806,1.311378,0.534729,1.165154,0.578413,0.462925,0.003550,0.000000,0.000064,0.000034,1.092543,0.000003,0.042552,0.000448,0.060160,4.746646,0.056047,0.424032,187,155,0.097070,0.417623,0.002713,0.056298,0.000502,0.143473,0.005412
1210,3,6.183526,1.000319,0.999468,0.000041,0.542596,1.345588,1.342160,0.530460,1.125746,0.595852,0.461494,0.003550,0.000000,0.000064,0.000034,0.996314,0.000003,0.042552,0.000448,0.065087,5.259040,0.070357,0.311801,235,192,0.117744,0.186310,0.003645,0.081540,0.000685,0.189592,0.006958
1211,3,5.319244,0.000810,0.000000,0.000041,0.635325,1.334527,1.331099,0.535970,1.167386,0.571526,0.456038,0.003550,0.000000,0.000064,0.000034,1.027049,0.000003,0.042552,0.000448,0.052344,4.550195,0.056047,0.289961,187,155,0.119446,0.296231,0.002713,0.075612,0.000502,0.143473,0.005412
1212,3,6.051222,0.951138,0.950287,0.000041,0.516541,1.328654,1.325226,0.558617,1.125854,0.573863,0.458374,0.003550,0.000000,0.000064,0.000034,0.949904,0.000003,0.042552,0.000448,0.048716,5.147759,0.070357,0.188727,235,192,0.104808,0.212080,0.003645,0.081540,0.000685,0.189592,0.006958
1213,3,5.733629,0.000810,0.000000,0.000041,1.048594,1.329078,1.325650,0.530063,1.147512,0.591092,0.475603,0.003550,0.000000,0.000064,0.000034,1.039829,0.000003,0.042552,0.000448,0.041646,4.970893,0.056047,0.294864,187,155,0.097070,0.762193,0.002713,0.056298,0.000502,0.143473,0.005412
1214,3,6.207533,0.994466,0.993615,0.000041,0.503340,1.313076,1.309648,0.543281,1.132660,0.591929,0.476440,0.003550,0.000000,0.000064,0.000034,1.082130,0.000003,0.042552,0.000448,0.045105,5.270542,0.070357,0.235338,235,192,0.104808,0.324999,0.003645,0.081540,0.000685,0.189592,0.006958
1215,3,5.502072,0.000810,0.000000,0.000041,0.796804,1.355055,1.351627,0.531803,1.138089,0.576904,0.439039,0.003550,0.000000,0.000064,0.000034,1.055956,0.000003,0.042552,0.000448,0.067346,4.732473,0.074917,0.351376,187,155,0.098985,0.446425,0.002713,0.068424,0.000502,0.143473,0.005412
1216,3,6.318441,1.199382,1.198530,0.000041,0.518287,1.337731,1.334303,0.553840,1.118181,0.569892,0.454403,0.003550,0.000000,0.000064,0.000034,0.974477,0.000003,0.042552,0.000448,0.051785,5.208998,0.070357,0.252435,235,192,0.104808,0.234677,0.003645,0.096910,0.000685,0.221303,0.006958
1217,3,5.400977,0.000810,0.000000,0.000041,0.775923,1.352414,1.348985,0.535282,1.146284,0.579586,0.441722,0.003550,0.000000,0.000064,0.000034,0.964027,0.000003,0.042552,0.000448,0.053175,4.633789,0.056047,0.249447,187,155,0.097070,0.459147,0.002713,0.056298,0.000502,0.143473,0.005412
1218,3,6.132077,1.033990,1.033139,0.000041,0.512054,1.327718,1.324290,0.546451,1.139828,0.573778,0.458289,0.003550,0.000000,0.000064,0.000034,0.951606,0.000003,0.042552,0.000448,0.050852,5.162377,0.070357,0.215369,235,192,0.104808,0.219727,0.003645,0.081540,0.000685,0.208232,0.006958
1219,3,5.729316,0.000810,0.000000,0.000041,1.077667,1.348270,1.344842,0.535153,1.148292,0.568173,0.452684,0.003550,0.000000,0.000064,0.000034,1.004300,0.000003,0.042552,0.000448,0.054718,5.003272,0.056047,0.450439,187,155,0.097070,0.608561,0.002713,0.071686,0.000502,0.143473,0.005412
1220,3,6.206977,1.018144,1.017293,0.000041,0.549527,1.357625,1.354197,0.535634,1.148197,0.573276,0.457787,0.003550,0.000000,0.000064,0.000034,0.977922,0.000003,0.042552,0.000448,0.048513,5.278466,0.070357,0.276849,235,192,0.104808,0.245314,0.003645,0.081540,0.000685,0.189592,0.006958
1221,3,5.460687,0.000810,0.000000,0.000041,0.723551,1.328040,1.305718,0.554274,1.125661,0.616465,0.478607,0.003550,0.000000,0.000064,0.000034,1.065233,0.000003,0.042552,0.000448,0.045241,4.679894,0.056047,0.371806,187,155,0.097070,0.388529,0.002713,0.056298,0.000502,0.143473,0.005412
1222,3,7.340915,1.943905,1.943054,0.000041,0.784278,1.333615,1.330187,0.557163,1.126614,0.602075,0.439039,0.003550,0.000000,0.000064,0.000034,0.946615,0.000003,0.042552,0.000448,0.071625,5.474447,0.070357,0.332414,235,192,0.104808,0.391351,0.003645,0.081540,0.000685,0.189592,0.006958
1223,3,5.489800,0.000810,0.000000,0.000041,0.796807,1.311035,1.307607,0.560208,1.134996,0.576898,0.461409,0.003550,0.000000,0.000064,0.000034,1.062395,0.000003,0.042552,0.000448,0.065094,4.746606,0.058167,0.359019,187,155,0.097070,0.473636,0.002713,0.056298,0.000502,0.143473,0.005412
1224,3,6.205051,1.064067,1.063215,0.000041,0.531664,1.352641,1.349213,0.531898,1.142727,0.573937,0.439039,0.003550,0.000000,0.000064,0.000034,0.961466,0.000003,0.042552,0.000448,0.072225,5.255656,0.070357,0.223704,235,192,0.104808,0.230255,0.003645,0.094472,0.000685,0.210897,0.006958
1225,3,5.482812,0.000810,0.000000,0.000041,0.848901,1.330733,1.327304,0.550049,1.097697,0.579586,0.464098,0.003550,0.000000,0.000064,0.000034,1.028385,0.000003,0.042552,0.000448,0.065145,4.739671,0.056047,0.371914,187,155,0.119446,0.455746,0.002713,0.056298,0.000502,0.162469,0.005412
1226,3,7.043450,1.613437,1.612586,0.000041,0.718903,1.351871,1.348443,0.536740,1.131833,0.573754,0.458266,0.003550,0.000000,0.000064,0.000034,1.070262,0.000003,0.042552,0.000448,0.063534,5.529795,0.070357,0.433095,235,192,0.104808,0.333896,0.003645,0.102112,0.000685,0.189592,0.006958
1227,3,5.582723,0.000810,0.000000,0.000041,0.900970,1.340291,1.336863,0.533152,1.146406,0.576904,0.461416,0.003550,0.000000,0.000064,0.000034,1.037537,0.000003,0.042552,0.000448,0.055498,4.803280,0.056047,0.362796,187,155,0.113814,0.509226,0.002713,0.078674,0.000502,0.143473,0.005412
1228,3,6.126784,0.969866,0.969014,0.000041,0.559950,1.332438,1.329010,0.547180,1.123725,0.568119,0.439039,0.003550,0.000000,0.000064,0.000034,0.978855,0.000003,0.042552,0.000448,0.068746,5.181742,0.070357,0.268005,235,192,0.104808,0.211897,0.003645,0.095194,0.000685,0.189592,0.006958
1229,3,5.323873,0.000810,0.000000,0.000041,0.694366,1.347263,1.343835,0.535963,1.146949,0.568705,0.453217,0.003550,0.000000,0.000064,0.000034,0.983164,0.000003,0.042552,0.000448,0.051124,4.555905,0.056047,0.260759,187,155,0.097070,0.385657,0.002713,0.056298,0.000502,0.143473,0.024784
1230,3,6.312754,0.966980,0.966129,0.000041,0.693963,1.309998,1.306569,0.572937,1.124766,0.574371,0.458883,0.003550,0.000000,0.000064,0.000034,1.023088,0.000003,0.042552,0.000448,0.047394,5.427568,0.070357,0.305427,235,192,0.127262,0.369727,0.003645,0.096937,0.000685,0.207767,0.006958
1231,3,5.413327,0.000810,0.000000,0.000041,0.766900,1.348246,1.344818,0.535251,1.145026,0.572981,0.457492,0.003550,0.000000,0.000064,0.000034,0.997460,0.000003,0.042552,0.000448,0.040849,4.651377,0.056047,0.295546,187,155,0.115913,0.438982,0.002713,0.056298,0.000502,0.161926,0.005412
1232,3,6.134121,1.001963,1.001112,0.000041,0.497443,1.334317,1.330889,0.538784,1.156128,0.576904,0.461416,0.003550,0.000000,0.000064,0.000034,0.981930,0.000003,0.042552,0.000448,0.049649,5.127716,0.070357,0.212819,235,192,0.104808,0.232632,0.003645,0.081540,0.000685,0.189592,0.006958
1233,3,5.433872,0.000810,0.000000,0.000041,0.789849,1.349606,1.346178,0.538242,1.148610,0.576484,0.460995,0.003550,0.000000,0.000064,0.000034,0.983619,0.000003,0.042552,0.000448,0.064111,4.688782,0.056047,0.333116,187,155,0.097070,0.408491,0.002713,0.078132,0.000502,0.143473,0.005412
1234,3,6.118907,0.968024,0.967173,0.000041,0.573822,1.342882,1.339454,0.535166,1.135786,0.571615,0.456126,0.003550,0.000000,0.000064,0.000034,0.944960,0.000003,0.042552,0.000448,0.053582,5.230140,0.070357,0.274506,235,192,0.104808,0.224959,0.003645,0.081540,0.000685,0.189592,0.020650
1235,3,5.395871,0.000810,0.000000,0.000041,0.795007,1.335303,1.331875,0.536082,1.127265,0.608025,0.492537,0.003550,0.000000,0.000064,0.000034,0.929576,0.000003,0.059703,0.000448,0.046292,4.651028,0.073198,0.269331,187,155,0.097070,0.442525,0.002713,0.056298,0.000502,0.143473,0.005412
1236,3,6.185326,1.044430,1.043579,0.000041,0.508640,1.348321,1.344893,0.530470,1.146379,0.568146,0.452657,0.003550,0.000000,0.000064,0.000034,0.977502,0.000003,0.057339,0.000448,0.051175,5.253286,0.070357,0.229180,235,192,0.104808,0.211097,0.003645,0.081540,0.000685,0.189592,0.006958
1237,3,5.442559,0.000810,0.000000,0.000041,0.754523,1.318783,1.315355,0.559743,1.123715,0.604075,0.488586,0.003550,0.000000,0.000064,0.000034,1.034258,0.000003,0.042552,0.000448,0.054972,4.696493,0.056047,0.315982,187,155,0.097070,0.428463,0.002713,0.056298,0.000502,0.143473,0.005412
1238,3,6.162242,1.058824,1.057973,0.000041,0.473128,1.347802,1.344374,0.537004,1.144897,0.576904,0.461416,0.003550,0.000000,0.000064,0.000034,0.977030,0.000003,0.042552,0.000448,0.048903,5.178043,0.070357,0.223280,235,192,0.104808,0.201728,0.003645,0.081540,0.000685,0.210188,0.006958
1239,3,5.405318,0.000810,0.000000,0.000041,0.779426,1.312297,1.308868,0.557444,1.138397,0.574171,0.458683,0.003550,0.000000,0.000064,0.000034,0.996121,0.000003,0.042552,0.000448,0.048852,4.643226,0.056047,0.266368,187,155,0.119524,0.442444,0.002713,0.056298,0.000502,0.143473,0.005412
1240,3,6.292453,1.057166,1.056315,0.000041,0.623959,1.333588,1.330160,0.535282,1.138099,0.590359,0.474870,0.003550,0.000000,0.000064,0.000034,0.947734,0.000003,0.062168,0.000448,0.050683,5.326138,0.089230,0.342536,235,192,0.123362,0.200111,0.003645,0.081540,0.000685,0.212046,0.006958
1241,3,5.327799,0.000810,0.000000,0.000041,0.640578,1.338793,1.335364,0.534444,1.169993,0.576321,0.460832,0.003550,0.000000,0.000064,0.000034,1.020209,0.000003,0.042552,0.000448,0.063907,4.539062,0.056047,0.285702,187,155,0.097070,0.302436,0.002713,0.056298,0.000502,0.143473,0.005412
1242,3,6.170183,1.023227,1.022376,0.000041,0.578033,1.319278,1.315850,0.538784,1.131039,0.611932,0.476902,0.003550,0.000000,0.000064,0.000034,0.921238,0.000003,0.042552,0.000448,0.064985,5.221578,0.070357,0.238898,235,192,0.104808,0.218302,0.003645,0.081540,0.000685,0.189592,0.006958
1243,3,5.580546,0.000810,0.000000,0.000041,0.807234,1.351118,1.347690,0.536926,1.148563,0.573066,0.457577,0.003550,0.000000,0.000064,0.000034,1.116177,0.000003,0.042552,0.000448,0.057685,4.812575,0.056047,0.411319,187,155,0.097070,0.462602,0.002713,0.056298,0.000502,0.165927,0.005412
1244,3,6.195760,1.013696,1.012845,0.000041,0.570357,1.309231,1.305803,0.552521,1.126621,0.605347,0.489858,0.003550,0.000000,0.000064,0.000034,0.949304,0.000003,0.064585,0.000448,0.047767,5.229384,0.070357,0.266252,235,192,0.104808,0.216404,0.003645,0.081540,0.000685,0.207991,0.006958
1245,3,5.510895,0.000810,0.000000,0.000041,0.691071,1.342631,1.339203,0.535190,1.142131,0.572571,0.457082,0.003550,0.000000,0.000064,0.000034,1.179840,0.000003,0.042552,0.000448,0.083876,4.746765,0.056047,0.434113,187,155,0.097070,0.401113,0.002713,0.056298,0.000502,0.143473,0.005412
1246,3,6.157457,1.025859,1.025007,0.000041,0.521729,1.306417,1.302989,0.559557,1.137448,0.576898,0.439039,0.003550,0.000000,0.000064,0.000034,0.982900,0.000003,0.042552,0.000448,0.048818,5.187130,0.070357,0.218363,235,192,0.104808,0.224209,0.003645,0.103916,0.000685,0.223680,0.006958
1247,3,5.468920,0.000810,0.000000,0.000041,0.742957,1.356177,1.352749,0.536136,1.133694,0.571916,0.456428,0.003550,0.000000,0.000064,0.000034,1.080577,0.000003,0.042552,0.000448,0.106452,4.742876,0.056047,0.351190,187,155,0.111474,0.441081,0.002713,0.056298,0.000502,0.143473,0.005412
1248,3,6.170447,0.987647,0.986796,0.000041,0.549113,1.336460,1.333032,0.534821,1.163530,0.572537,0.439039,0.003550,0.000000,0.000064,0.000034,0.979689,0.000003,0.042552,0.000448,0.055922,5.235063,0.070357,0.292141,235,192,0.104808,0.209249,0.003645,0.081540,0.000685,0.212046,0.006958
1249,3,5.390191,0.000810,0.000000,0.000041,0.755008,1.352241,1.348813,0.536862,1.140079,0.572608,0.457119,0.003550,0.000000,0.000064,0.000034,0.985931,0.000003,0.042552,0.000448,0.053463,4.642242,0.074422,0.311839,187,155,0.097070,0.394894,0.002713,0.056298,0.000502,0.146155,0.005412
1250,3,6.155602,0.996321,0.995470,0.000041,0.530955,1.348185,1.344757,0.535204,1.124630,0.576904,0.461416,0.003550,0.000000,0.000064,0.000034,0.996752,0.000003,0.042552,0.000448,0.061279,5.230289,0.085771,0.260583,235,192,0.104808,0.224457,0.003645,0.100335,0.000685,0.211968,0.006958
1251,3,5.328803,0.000810,0.000000,0.000041,0.663242,1.344540,1.341112,0.530368,1.119052,0.598141,0.482652,0.003550,0.000000,0.000064,0.000034,1.025998,0.000003,0.042552,0.000448,0.069183,4.580390,0.056047,0.321062,187,155,0.097070,0.330560,0.002713,0.068342,0.000502,0.143473,0.005412
1252,3,6.230574,1.063249,1.062398,0.000041,0.538612,1.348579,1.345150,0.538761,1.146417,0.568186,0.452698,0.003550,0.000000,0.000064,0.000034,0.980119,0.000003,0.042552,0.000448,0.049208,5.261312,0.082655,0.259766,235,192,0.104808,0.214450,0.003645,0.081540,0.000685,0.211945,0.006958
1253,3,5.440657,0.000810,0.000000,0.000041,0.745694,1.314172,1.310744,0.552338,1.128594,0.611928,0.496440,0.003550,0.000000,0.000064,0.000034,1.040470,0.000003,0.042552,0.000448,0.061127,4.694014,0.056047,0.354204,187,155,0.116465,0.400401,0.002713,0.056298,0.000502,0.143473,0.005412
1254,3,6.101095,1.029351,1.028500,0.000041,0.469652,1.347816,1.344387,0.538784,1.141883,0.573771,0.458282,0.003550,0.000000,0.000064,0.000034,0.953186,0.000003,0.042552,0.000448,0.051022,5.205085,0.070357,0.206021,235,192,0.124051,0.209920,0.003645,0.081540,0.000685,0.189592,0.006958
1255,3,5.515242,0.000810,0.000000,0.000041,0.828525,1.319390,1.315962,0.577504,1.127469,0.571859,0.454210,0.003550,0.000000,0.000064,0.000034,1.043033,0.000003,0.042552,0.000448,0.057278,4.787038,0.071218,0.352603,187,155,0.097070,0.484283,0.002713,0.056298,0.000502,0.143473,0.005412
1256,3,6.281047,1.031050,1.030199,0.000041,0.627299,1.323951,1.320523,0.540263,1.125695,0.616475,0.500987,0.003550,0.000000,0.000064,0.000034,0.951172,0.000003,0.061042,0.000448,0.046394,5.336884,0.070357,0.301965,235,192,0.104808,0.251465,0.003645,0.081540,0.000685,0.244446,0.006958
1257,3,5.549469,0.000810,0.000000,0.000041,0.808787,1.308075,1.304647,0.551999,1.142629,0.572561,0.457072,0.003550,0.000000,0.000064,0.000034,1.117957,0.000003,0.042552,0.000448,0.050513,4.803925,0.056047,0.431803,187,155,0.097070,0.449331,0.002713,0.056298,0.000502,0.145955,0.005412
1258,3,6.142602,1.039768,1.038917,0.000041,0.490509,1.334028,1.330600,0.557804,1.125671,0.583544,0.439039,0.003550,0.000000,0.000064,0.000034,0.964627,0.000003,0.042552,0.000448,0.069892,5.170668,0.070357,0.221351,235,192,0.104808,0.194143,0.003645,0.081540,0.000685,0.189592,0.006958
1259,3,5.378557,0.000810,0.000000,0.000041,0.743812,1.347270,1.343842,0.534359,1.122694,0.576826,0.461338,0.003550,0.000000,0.000064,0.000034,1.006134,0.000003,0.042552,0.000448,0.053040,4.638838,0.056047,0.306251,187,155,0.097070,0.382935,0.002713,0.071679,0.000502,0.202538,0.005412
1260,3,6.136773,1.016103,1.015252,0.000041,0.481906,1.330397,1.326969,0.548550,1.126689,0.574226,0.439039,0.003550,0.000000,0.000064,0.000034,0.994988,0.000003,0.059814,0.000448,0.049072,5.155233,0.070357,0.226891,235,192,0.104808,0.211287,0.003645,0.081540,0.000685,0.189592,0.006958
1261,3,5.385512,0.000810,0.000000,0.000041,0.757629,1.342933,1.339505,0.535648,1.147098,0.571587,0.456099,0.003550,0.000000,0.000064,0.000034,0.983154,0.000003,0.042552,0.000448,0.052209,4.659468,0.056047,0.276777,187,155,0.097070,0.433967,0.002713,0.070655,0.000502,0.160533,0.005412
1262,3,6.474613,1.349202,1.348351,0.000041,0.523383,1.323717,1.320289,0.545478,1.126485,0.599352,0.483863,0.003550,0.000000,0.000064,0.000034,0.960344,0.000003,0.042552,0.000448,0.049462,5.201484,0.070357,0.251272,235,192,0.104808,0.174544,0.003645,0.081540,0.000685,0.218662,0.006958
1263,3,5.408878,0.000810,0.000000,0.000041,0.804511,1.347829,1.344401,0.530521,1.143568,0.576904,0.439039,0.003550,0.000000,0.000064,0.000034,0.958082,0.000003,0.042552,0.000448,0.048716,4.640852,0.056047,0.373844,187,155,0.097070,0.352841,0.002713,0.056298,0.000502,0.143473,0.005412
1264,3,6.288171,0.980740,0.979889,0.000041,0.643263,1.351579,1.348151,0.538778,1.151286,0.568146,0.452657,0.003550,0.000000,0.000064,0.000034,1.007728,0.000003,0.042552,0.000448,0.063432,5.385295,0.073039,0.291707,235,192,0.104808,0.317322,0.003645,0.081540,0.000685,0.209520,0.006958
1265,3,5.888852,0.000810,0.000000,0.000041,1.109287,1.339542,1.336114,0.530918,1.150794,0.578196,0.462708,0.003550,0.000000,0.000064,0.000034,1.132653,0.000003,0.042552,0.000448,0.056786,5.125037,0.056047,0.540209,187,155,0.097070,0.670034,0.002713,0.058570,0.000502,0.158393,0.005412
1266,3,6.417135,0.968472,0.967621,0.000041,0.789195,1.340627,1.337199,0.538300,1.129669,0.574185,0.439039,0.003550,0.000000,0.000064,0.000034,1.030036,0.000003,0.042552,0.000448,0.061140,5.540243,0.070357,0.374529,235,192,0.104808,0.378655,0.003645,0.081540,0.000685,0.189592,0.006958
1267,3,5.524126,0.000810,0.000000,0.000041,0.831184,1.331373,1.327945,0.535265,1.146586,0.593818,0.478329,0.003550,0.000000,0.000064,0.000034,1.038439,0.000003,0.042552,0.000448,0.058719,4.743222,0.056047,0.427772,187,155,0.097070,0.434296,0.002713,0.056298,0.000502,0.143473,0.005412
1268,3,6.108792,0.974786,0.973935,0.000041,0.513957,1.353607,1.350179,0.535868,1.131714,0.568865,0.453376,0.003550,0.000000,0.000064,0.000034,0.983344,0.000003,0.042552,0.000448,0.072781,5.243483,0.070357,0.280446,235,192,0.104808,0.189684,0.015923,0.081540,0.000685,0.211968,0.022885
1269,3,5.351342,0.000810,0.000000,0.000041,0.677670,1.331119,1.327691,0.545498,1.125682,0.599352,0.461409,0.003550,0.000000,0.000064,0.000034,1.005005,0.000003,0.062107,0.000448,0.048716,4.521440,0.056047,0.279473,187,155,0.097070,0.369795,0.002713,0.056298,0.000502,0.162543,0.034502
1270,3,6.062812,0.972015,0.971164,0.000041,0.479997,1.358904,1.355476,0.535468,1.142188,0.568183,0.452694,0.003550,0.000000,0.000064,0.000034,0.959405,0.000003,0.042552,0.000448,0.052819,5.200148,0.070357,0.194475,235,192,0.104808,0.216468,0.003645,0.081540,0.000685,0.208486,0.006958
1271,3,5.503028,0.000810,0.000000,0.000041,0.763068,1.311432,1.308004,0.561232,1.141239,0.575124,0.459635,0.003550,0.000000,0.000064,0.000034,1.103472,0.000003,0.042552,0.000448,0.059804,4.776937,0.056047,0.406077,187,155,0.097070,0.447510,0.002713,0.056298,0.000502,0.143473,0.005412
1272,3,6.299950,1.017565,1.016713,0.000041,0.528690,1.341875,1.338447,0.534309,1.134037,0.589708,0.456190,0.003550,0.000000,0.000064,0.000034,1.086565,0.000003,0.063104,0.000448,0.054108,5.358422,0.070357,0.251916,235,192,0.104808,0.328284,0.003645,0.081540,0.000685,0.207492,0.006958
1273,3,5.549639,0.000810,0.000000,0.000041,0.734317,1.329658,1.326230,0.537591,1.160102,0.576002,0.460514,0.003550,0.000000,0.000064,0.000034,1.164507,0.000003,0.042552,0.000448,0.062483,4.789283,0.078030,0.493245,187,155,0.097070,0.376055,0.002713,0.056298,0.000502,0.143473,0.005412
1274,3,6.032545,0.981984,0.981133,0.000041,0.484124,1.328990,1.325562,0.557092,1.126251,0.590590,0.475101,0.003550,0.000000,0.000064,0.000034,0.916863,0.000003,0.042552,0.000448,0.069604,5.135437,0.070357,0.180929,235,192,0.104808,0.178494,0.003645,0.083537,0.000685,0.205824,0.006958
1275,3,5.370161,0.000810,0.000000,0.000041,0.694346,1.334313,1.330885,0.535312,1.156481,0.576904,0.461416,0.003550,0.000000,0.000064,0.000034,1.025343,0.000003,0.042552,0.000448,0.057821,4.644006,0.056047,0.316437,187,155,0.158027,0.348721,0.002713,0.075202,0.000502,0.165738,0.005412
1276,3,6.417118,0.974928,0.974077,0.000041,0.505432,1.332316,1.328888,0.543935,1.130927,0.573239,0.457750,0.003550,0.000000,0.000064,0.000034,1.309689,0.000003,0.042552,0.000448,0.048716,5.534729,0.070357,0.215210,235,192,0.127184,0.551195,0.003645,0.081540,0.000685,0.189592,0.006958
1277,3,5.367343,0.000810,0.000000,0.000041,0.738539,1.354777,1.351349,0.533481,1.147271,0.576904,0.461416,0.003550,0.000000,0.000064,0.000034,0.955170,0.000003,0.056291,0.000448,0.059838,4.627448,0.078501,0.292002,187,155,0.097070,0.388529,0.002713,0.056298,0.000502,0.185571,0.005412
1278,3,6.097334,0.957092,0.956241,0.000041,0.523699,1.311740,1.308312,0.533525,1.146623,0.592356,0.476868,0.003550,0.000000,0.000064,0.000034,0.966244,0.000003,0.061954,0.000448,0.050700,5.214033,0.070357,0.251502,235,192,0.124641,0.217234,0.003645,0.081540,0.000685,0.204997,0.006958
1279,3,5.321499,0.000810,0.000000,0.000041,0.670966,1.352075,1.348646,0.535750,1.147186,0.574483,0.458995,0.003550,0.000000,0.000064,0.000034,0.993578,0.000003,0.042552,0.000448,0.048716,4.595344,0.056047,0.312463,187,155,0.097070,0.343153,0.002713,0.058275,0.000502,0.179172,0.005412
1280,3,6.075090,0.959873,0.959022,0.000041,0.476603,1.336639,1.333211,0.537140,1.152835,0.576904,0.461416,0.003550,0.000000,0.000064,0.000034,0.988444,0.000003,0.042552,0.000448,0.048716,5.134610,0.092241,0.215834,235,192,0.104808,0.199382,0.003645,0.081540,0.000685,0.189592,0.006958
1281,3,5.426415,0.000810,0.000000,0.000041,0.767273,1.347338,1.343909,0.538784,1.128628,0.589335,0.473846,0.003550,0.000000,0.000064,0.000034,1.007595,0.000003,0.042552,0.000448,0.057804,4.700307,0.056047,0.327759,187,155,0.097070,0.416267,0.002713,0.056298,0.000502,0.165849,0.005412
1282,3,6.072228,0.998105,0.997253,0.000041,0.490495,1.321360,1.317932,0.538784,1.150601,0.569895,0.439039,0.003550,0.000000,0.000064,0.000034,0.956336,0.000003,0.042552,0.000448,0.049428,5.148536,0.070357,0.214328,235,192,0.104808,0.202332,0.003645,0.081540,0.000685,0.211968,0.006958
1283,3,5.454834,0.000810,0.000000,0.000041,0.723897,1.337555,1.334127,0.538008,1.127475,0.594740,0.479251,0.003550,0.000000,0.000064,0.000034,1.085697,0.000003,0.042552,0.000448,0.058397,4.694444,0.056047,0.301649,187,155,0.097070,0.447764,0.002713,0.077898,0.000502,0.143473,0.005412
1284,3,6.249993,1.050151,1.049299,0.000041,0.557397,1.354848,1.351420,0.533532,1.156250,0.572618,0.457130,0.003550,0.000000,0.000064,0.000034,0.978546,0.000003,0.042552,0.000448,0.047919,5.251662,0.070357,0.273600,235,192,0.127262,0.218716,0.003645,0.081540,0.000685,0.189592,0.006958
1285,3,5.473239,0.000810,0.000000,0.000041,0.858812,1.309998,1.306569,0.557922,1.144843,0.587124,0.471636,0.003550,0.000000,0.000064,0.000034,0.967078,0.000003,0.042552,0.000448,0.053379,4.730004,0.056047,0.396884,187,155,0.097070,0.399696,0.002713,0.056298,0.000502,0.143473,0.005412
1286,3,6.118262,1.022959,1.022108,0.000041,0.496891,1.346402,1.342973,0.530046,1.131931,0.576474,0.460985,0.003550,0.000000,0.000064,0.000034,0.966909,0.000003,0.042552,0.000448,0.054684,5.213874,0.070357,0.224738,235,192,0.123610,0.235162,0.003645,0.081540,0.000685,0.189592,0.006958
1287,3,5.444953,0.000810,0.000000,0.000041,0.873488,1.329207,1.325779,0.555932,1.097826,0.576898,0.461409,0.003550,0.000000,0.000064,0.000034,0.964142,0.000003,0.042552,0.000448,0.051208,4.696381,0.056047,0.348612,187,155,0.097070,0.432492,0.002713,0.056298,0.000502,0.165843,0.005412
1288,3,6.123498,0.991157,0.990306,0.000041,0.528680,1.336602,1.333174,0.538784,1.129174,0.590664,0.475176,0.003550,0.000000,0.000064,0.000034,0.961785,0.000003,0.042552,0.000448,0.048716,5.201874,0.070357,0.256002,235,192,0.104808,0.203545,0.003645,0.081540,0.000685,0.192274,0.006958
1289,3,5.485948,0.000810,0.000000,0.000041,0.891639,1.335063,1.331635,0.534634,1.134878,0.578386,0.462897,0.003550,0.000000,0.000064,0.000034,0.963888,0.000003,0.042552,0.000448,0.063059,4.759830,0.056047,0.307085,187,155,0.097070,0.504422,0.002713,0.056298,0.000502,0.167331,0.005412
1290,3,6.163191,1.010976,1.010125,0.000041,0.587321,1.330685,1.327257,0.538784,1.120934,0.607710,0.492221,0.003550,0.000000,0.000064,0.000034,0.920129,0.000003,0.042552,0.000448,0.068492,5.264476,0.092733,0.275116,235,192,0.104808,0.200212,0.003645,0.081540,0.000685,0.189592,0.006958
1291,3,5.329780,0.000810,0.000000,0.000041,0.734314,1.328064,1.324636,0.550978,1.139574,0.573503,0.458015,0.003550,0.000000,0.000064,0.000034,0.955885,0.000003,0.042552,0.000448,0.057532,4.562453,0.068153,0.234816,187,155,0.097070,0.401642,0.002713,0.056298,0.000502,0.143473,0.005412
1292,3,6.166368,1.016395,1.015544,0.000041,0.539402,1.314311,1.310883,0.548313,1.123176,0.590542,0.475054,0.003550,0.000000,0.000064,0.000034,0.968669,0.000003,0.061462,0.000448,0.051022,5.183204,0.070357,0.268399,235,192,0.104808,0.211636,0.003645,0.081540,0.000685,0.189592,0.006958
1293,3,5.373745,0.000810,0.000000,0.000041,0.773071,1.341831,1.338403,0.538784,1.141615,0.571303,0.455814,0.003550,0.000000,0.000064,0.000034,0.959679,0.000003,0.042552,0.000448,0.046088,4.608029,0.056047,0.278534,187,155,0.097070,0.418006,0.002713,0.056298,0.000502,0.143473,0.005412
1294,3,6.079624,0.966841,0.965990,0.000041,0.502455,1.314192,1.310764,0.538778,1.136814,0.590566,0.475077,0.003550,0.000000,0.000064,0.000034,0.966190,0.000003,0.059689,0.000448,0.051666,5.145721,0.070357,0.235335,235,192,0.126139,0.202484,0.003645,0.096276,0.000685,0.189592,0.006958
1295,3,5.413469,0.000810,0.000000,0.000041,0.786401,1.352058,1.348629,0.536513,1.146996,0.574148,0.458659,0.003550,0.000000,0.000064,0.000034,0.969893,0.000003,0.042552,0.000448,0.058092,4.668084,0.056047,0.312466,187,155,0.097070,0.411109,0.002713,0.056298,0.000502,0.163578,0.005412
1296,3,6.328200,1.019043,1.018192,0.000041,0.479940,1.330122,1.326694,0.533657,1.142595,0.571665,0.439039,0.003550,0.000000,0.000064,0.000034,1.204525,0.000003,0.042552,0.000448,0.053057,5.386671,0.070357,0.225857,235,192,0.104808,0.432875,0.003645,0.081540,0.000685,0.189592,0.006958
1297,3,5.336812,0.000810,0.000000,0.000041,0.699558,1.353088,1.349660,0.538066,1.126214,0.593323,0.477834,0.003550,0.000000,0.000064,0.000034,0.979102,0.000003,0.042552,0.000448,0.048716,4.567905,0.056047,0.256127,187,155,0.097070,0.397814,0.002713,0.056298,0.000502,0.143473,0.005412
1298,3,6.084452,0.997416,0.996565,0.000041,0.522424,1.344838,1.341410,0.531748,1.126973,0.576904,0.461416,0.003550,0.000000,0.000064,0.000034,0.937497,0.000003,0.042552,0.000448,0.051480,5.165632,0.070357,0.210659,235,192,0.104808,0.241689,0.003645,0.081540,0.000685,0.227308,0.006958
1299,3,5.433953,0.000810,0.000000,0.000041,0.783051,1.323771,1.320343,0.537157,1.127035,0.598714,0.483226,0.003550,0.000000,0.000064,0.000034,1.016764,0.000003,0.042552,0.000448,0.056447,4.633789,0.056047,0.327267,187,155,0.097070,0.407467,0.002713,0.056298,0.000502,0.143473,0.005412
1300,3,6.216244,1.022105,1.021254,0.000041,0.571991,1.348253,1.344825,0.534966,1.137936,0.568193,0.452705,0.003550,0.000000,0.000064,0.000034,0.986148,0.000003,0.042552,0.000448,0.053633,5.304026,0.070357,0.268361,235,192,0.123366,0.222171,0.003645,0.093838,0.000685,0.212046,0.006958
1301,3,5.394640,0.000810,0.000000,0.000041,0.677555,1.329881,1.326453,0.536580,1.126160,0.573225,0.439039,0.003550,0.000000,0.000064,0.000034,1.103777,0.000003,0.042552,0.000448,0.054888,4.594313,0.056047,0.345764,187,155,0.119446,0.370653,0.002713,0.056298,0.000502,0.143473,0.005412
1302,3,6.078840,1.008518,1.007667,0.000041,0.490495,1.344886,1.341458,0.535146,1.123474,0.568037,0.452549,0.003550,0.000000,0.000064,0.000034,0.961633,0.000003,0.042552,0.000448,0.052446,5.200897,0.070357,0.206614,235,192,0.118317,0.236972,0.003645,0.081540,0.000685,0.189592,0.006958
1303,3,5.548177,0.000810,0.000000,0.000041,0.747755,1.313097,1.309669,0.554942,1.149346,0.573507,0.439039,0.003550,0.000000,0.000064,0.000034,1.162069,0.000003,0.042552,0.000448,0.048326,4.767968,0.056047,0.445492,187,155,0.097070,0.399804,0.002713,0.056298,0.000502,0.161848,0.005412
1304,3,6.128286,1.005412,1.004561,0.000041,0.503910,1.351986,1.348558,0.538784,1.127496,0.588860,0.454420,0.003550,0.000000,0.000064,0.000034,0.965186,0.000003,0.042552,0.000448,0.054989,5.203935,0.070357,0.218974,235,192,0.104808,0.200026,0.003645,0.081540,0.000685,0.189592,0.006958
1305,3,5.399011,0.000810,0.000000,0.000041,0.783274,1.312741,1.309313,0.551205,1.143107,0.575677,0.460188,0.003550,0.000000,0.000064,0.000034,0.985545,0.000003,0.042552,0.000448,0.052073,4.654704,0.078156,0.283159,187,155,0.097070,0.409841,0.002713,0.070780,0.000502,0.143473,0.005412
1306,3,6.146247,0.994300,0.993449,0.000041,0.556797,1.350362,1.346934,0.537557,1.124329,0.605075,0.476006,0.003550,0.000000,0.000064,0.000034,0.931176,0.000003,0.042552,0.000448,0.060248,5.234331,0.070357,0.258108,235,192,0.104808,0.202450,0.003645,0.081540,0.000685,0.189592,0.006958
1307,3,5.464261,0.000810,0.000000,0.000041,0.756527,1.343448,1.340020,0.530843,1.151937,0.568197,0.452708,0.003550,0.000000,0.000064,0.000034,1.065847,0.000003,0.042552,0.000448,0.050344,4.697439,0.056047,0.326467,187,155,0.097070,0.438833,0.002713,0.056298,0.000502,0.180362,0.005412
1308,3,6.256870,1.006378,1.005527,0.000041,0.512902,1.312086,1.308658,0.549727,1.127102,0.590956,0.475467,0.003550,0.000000,0.000064,0.000034,1.111067,0.000003,0.042552,0.000448,0.057634,5.296390,0.070357,0.372728,235,192,0.104808,0.247986,0.003645,0.081540,0.000685,0.189592,0.006958
1309,3,5.329892,0.000810,0.000000,0.000041,0.674639,1.347565,1.344137,0.530358,1.137912,0.569919,0.454430,0.003550,0.000000,0.000064,0.000034,1.002394,0.000003,0.062195,0.000448,0.048716,4.584924,0.056047,0.335978,187,155,0.097070,0.309709,0.002713,0.056298,0.000502,0.161465,0.005412
1310,3,6.656348,0.965946,0.965095,0.000041,0.942752,1.329424,1.325996,0.545593,1.124817,0.599352,0.483863,0.003550,0.000000,0.000064,0.000034,1.101813,0.000003,0.042552,0.000448,0.054769,5.745761,0.070357,0.476576,235,192,0.104808,0.524696,0.003645,0.081540,0.000685,0.189592,0.006958
1311,3,5.748410,0.000810,0.000000,0.000041,0.862000,1.348541,1.345113,0.535489,1.149794,0.571615,0.439039,0.003550,0.000000,0.000064,0.000034,1.233510,0.000003,0.042552,0.000448,0.059177,4.944672,0.056047,0.534668,187,155,0.097070,0.506307,0.002713,0.056298,0.000502,0.158986,0.005412
1312,3,6.117930,0.991085,0.990234,0.000041,0.507843,1.326460,1.323032,0.531080,1.147502,0.573408,0.439039,0.003550,0.000000,0.000064,0.000034,0.993900,0.000003,0.042552,0.000448,0.054938,5.182651,0.070357,0.225281,235,192,0.104808,0.224809,0.003645,0.081540,0.000685,0.189592,0.006958
1313,3,5.545471,0.000810,0.000000,0.000041,0.860833,1.334086,1.330658,0.530067,1.146047,0.594876,0.479387,0.003550,0.000000,0.000064,0.000034,1.032101,0.000003,0.042552,0.000448,0.051039,4.789981,0.056047,0.414018,187,155,0.119446,0.446771,0.002713,0.056298,0.000502,0.161526,0.005412
1314,3,6.103838,1.039775,1.038923,0.000041,0.495602,1.346734,1.343306,0.538784,1.129588,0.572835,0.457347,0.003550,0.000000,0.000064,0.000034,0.933868,0.000003,0.042552,0.000448,0.049072,5.144891,0.070357,0.205780,235,192,0.104808,0.203891,0.003645,0.081540,0.000685,0.210273,0.006958
1315,3,5.399529,0.000810,0.000000,0.000041,0.774200,1.331696,1.328267,0.533549,1.124644,0.616306,0.500817,0.003550,0.000000,0.000064,0.000034,0.971673,0.000003,0.042552,0.000448,0.050734,4.654565,0.056047,0.270440,187,155,0.097070,0.443831,0.002713,0.056298,0.000502,0.165843,0.005412
1316,3,6.223843,1.105326,1.104475,0.000041,0.476610,1.343099,1.339671,0.538150,1.140822,0.571652,0.456163,0.003550,0.000000,0.000064,0.000034,1.001533,0.000003,0.042552,0.000448,0.056346,5.212724,0.072425,0.227756,235,192,0.104808,0.203817,0.003645,0.081540,0.000685,0.211334,0.006958
1317,3,5.287608,0.000810,0.000000,0.000041,0.726030,1.312849,1.309421,0.548686,1.129344,0.600942,0.485453,0.003550,0.000000,0.000064,0.000034,0.922295,0.000003,0.042552,0.000448,0.064840,4.561554,0.056047,0.242649,187,155,0.097070,0.393456,0.002713,0.056298,0.000502,0.145440,0.005412
1318,3,6.189752,1.008497,1.007646,0.000041,0.521725,1.350661,1.347232,0.535875,1.148532,0.568041,0.452552,0.003550,0.000000,0.000064,0.000034,1.009769,0.000003,0.042552,0.000448,0.055922,5.288089,0.070357,0.262682,235,192,0.104808,0.238400,0.003645,0.081540,0.000685,0.189592,0.006958
1319,3,5.504364,0.000810,0.000000,0.000041,0.873176,1.333730,1.330302,0.550568,1.126112,0.569889,0.454400,0.003550,0.000000,0.000064,0.000034,1.003428,0.000003,0.042552,0.000448,0.068943,4.717885,0.056047,0.323435,187,155,0.097070,0.475759,0.002713,0.056298,0.000502,0.160411,0.005412
1320,3,6.131446,1.022312,1.021461,0.000041,0.500210,1.348158,1.344730,0.530857,1.126448,0.590071,0.452738,0.003550,0.000000,0.000064,0.000034,0.966739,0.000003,0.042552,0.000448,0.051853,5.203817,0.073039,0.216838,235,192,0.104808,0.208113,0.003645,0.081540,0.000685,0.189592,0.006958
1321,3,5.353817,0.000810,0.000000,0.000041,0.757399,1.305864,1.302436,0.538784,1.168918,0.574795,0.459307,0.003550,0.000000,0.000064,0.000034,0.960595,0.000003,0.042552,0.000448,0.050700,4.614095,0.056047,0.277941,187,155,0.097070,0.368846,0.002713,0.075395,0.000502,0.165849,0.005412
1322,3,6.260115,1.069027,1.068176,0.000041,0.587714,1.330577,1.327148,0.534743,1.142995,0.590868,0.454315,0.003550,0.000000,0.000064,0.000034,0.957540,0.000003,0.042552,0.000448,0.055176,5.239980,0.070357,0.302243,235,192,0.104808,0.217489,0.003645,0.081540,0.000685,0.189592,0.006958
1323,3,5.350803,0.000810,0.000000,0.000041,0.719489,1.350664,1.347236,0.530867,1.135417,0.576904,0.461416,0.003550,0.000000,0.000064,0.000034,0.990000,0.000003,0.042552,0.000448,0.048699,4.567796,0.056047,0.252540,187,155,0.097070,0.420519,0.002713,0.056298,0.000502,0.165927,0.005412
1324,3,6.119880,1.010000,1.009148,0.000041,0.500153,1.310906,1.307478,0.543823,1.133030,0.587273,0.471785,0.003550,0.000000,0.000064,0.000034,0.965980,0.000003,0.064616,0.000448,0.051090,5.168003,0.070357,0.223904,235,192,0.104808,0.209215,0.003645,0.103916,0.000685,0.189592,0.006958
1325,3,5.453457,0.000810,0.000000,0.000041,0.729902,1.354411,1.350983,0.531816,1.150245,0.572608,0.457119,0.003550,0.000000,0.000064,0.000034,1.067013,0.000003,0.042552,0.000448,0.052446,4.704949,0.056047,0.374807,187,155,0.128621,0.387956,0.002713,0.076992,0.000502,0.143473,0.005412
1326,3,6.161903,1.010817,1.009966,0.000041,0.533305,1.312459,1.309031,0.546180,1.149031,0.572873,0.457384,0.003550,0.000000,0.000064,0.000034,0.990587,0.000003,0.042552,0.000448,0.051412,5.197076,0.070357,0.232554,235,192,0.126940,0.222917,0.003645,0.081540,0.000685,0.208116,0.006958
1327,3,5.380673,0.000810,0.000000,0.000041,0.753672,1.354211,1.350783,0.533529,1.147146,0.576904,0.439039,0.003550,0.000000,0.000064,0.000034,0.967750,0.000003,0.042552,0.000448,0.048716,4.613220,0.056047,0.277490,187,155,0.097070,0.417301,0.002713,0.056298,0.000502,0.143473,0.005412
1328,3,6.151662,1.022363,1.021512,0.000041,0.486647,1.343669,1.340240,0.534339,1.158715,0.579041,0.441176,0.003550,0.000000,0.000064,0.000034,0.980238,0.000003,0.042552,0.000448,0.055973,5.155555,0.070357,0.223362,235,192,0.104808,0.210588,0.003645,0.081540,0.000685,0.192274,0.006958
1329,3,5.414273,0.000810,0.000000,0.000041,0.751034,1.350267,1.346839,0.535634,1.140401,0.591298,0.441722,0.003550,0.000000,0.000064,0.000034,0.978200,0.000003,0.062527,0.000448,0.050310,4.611779,0.078040,0.294885,187,155,0.097070,0.418037,0.002713,0.075524,0.000502,0.143473,0.005412
1330,3,6.101603,1.018894,1.018043,0.000041,0.500922,1.353038,1.349609,0.538784,1.122158,0.568203,0.452715,0.003550,0.000000,0.000064,0.000034,0.952952,0.000003,0.042552,0.000448,0.051276,5.166548,0.070357,0.204488,235,192,0.104808,0.221439,0.003645,0.081540,0.000685,0.189592,0.006958
1331,3,5.302887,0.000810,0.000000,0.000041,0.693414,1.340149,1.336721,0.538784,1.128289,0.597456,0.463803,0.003550,0.000000,0.000064,0.000034,0.957333,0.000003,0.042552,0.000448,0.064284,4.522895,0.056047,0.239241,187,155,0.097070,0.381795,0.002713,0.056298,0.000502,0.143473,0.005412
1332,3,6.191989,1.067240,1.066389,0.000041,0.482079,1.351969,1.348541,0.537031,1.139459,0.571703,0.456214,0.003550,0.000000,0.000064,0.000034,0.995856,0.000003,0.042552,0.000448,0.055600,5.246195,0.070357,0.212819,235,192,0.104808,0.238458,0.003645,0.081540,0.000685,0.189592,0.006958
1333,3,5.330800,0.000810,0.000000,0.000041,0.726030,1.308312,1.304884,0.543772,1.125654,0.612617,0.497128,0.003550,0.000000,0.000064,0.000034,0.951555,0.000003,0.057949,0.000448,0.073690,4.570340,0.078501,0.277622,187,155,0.097070,0.387017,0.002713,0.056298,0.000502,0.143473,0.005412
1334,3,6.208866,1.039778,1.038927,0.000041,0.563392,1.349603,1.346174,0.534814,1.142815,0.573381,0.457893,0.003550,0.000000,0.000064,0.000034,0.958432,0.000003,0.042552,0.000448,0.047411,5.286757,0.070357,0.275516,235,192,0.104808,0.226725,0.003645,0.081540,0.000685,0.189592,0.006958
1335,3,5.461168,0.000810,0.000000,0.000041,0.840091,1.315881,1.312453,0.572323,1.122589,0.573161,0.457672,0.003550,0.000000,0.000064,0.000034,0.989661,0.000003,0.042552,0.000448,0.048716,4.697839,0.056047,0.332977,187,155,0.097070,0.426575,0.002713,0.056298,0.000502,0.143473,0.005412
1336,3,6.173791,1.032793,1.031942,0.000041,0.532169,1.349752,1.346324,0.528473,1.131297,0.587382,0.471893,0.003550,0.000000,0.000064,0.000034,0.965274,0.000003,0.042552,0.000448,0.075050,5.260139,0.070357,0.224264,235,192,0.126763,0.237444,0.003645,0.081540,0.000685,0.189592,0.006958
1337,3,5.537170,0.000810,0.000000,0.000041,0.827905,1.336717,1.333289,0.530816,1.145884,0.579586,0.464098,0.003550,0.000000,0.000064,0.000034,1.068800,0.000003,0.042552,0.000448,0.062703,4.791568,0.056047,0.398380,187,155,0.097070,0.434652,0.002713,0.058536,0.000502,0.155643,0.005412
1338,3,6.131141,1.027595,1.026744,0.000041,0.500899,1.332058,1.328630,0.556010,1.128971,0.590332,0.456265,0.021986,0.000000,0.000064,0.000034,0.930189,0.000003,0.042552,0.000448,0.064006,5.159610,0.086694,0.198459,235,192,0.146406,0.203230,0.003645,0.103994,0.000685,0.206740,0.006958
1339,3,5.412913,0.000810,0.000000,0.000041,0.774143,1.347432,1.344004,0.530965,1.144450,0.575595,0.460107,0.003550,0.000000,0.000064,0.000034,0.992866,0.000003,0.042552,0.000448,0.047123,4.645660,0.056047,0.274665,187,155,0.097070,0.443631,0.002713,0.056298,0.000502,0.157050,0.005412
1340,3,6.123033,1.023478,1.022627,0.000041,0.492411,1.316820,1.313392,0.548435,1.123020,0.590522,0.475033,0.003550,0.000000,0.000064,0.000034,0.962392,0.000003,0.061856,0.000448,0.050988,5.134800,0.070357,0.205692,235,192,0.122786,0.213182,0.003645,0.081540,0.000685,0.189592,0.006958
1341,3,5.436696,0.000810,0.000000,0.000041,0.775570,1.343909,1.340481,0.538784,1.142147,0.573334,0.457845,0.003550,0.000000,0.000064,0.000034,1.015489,0.000003,0.042552,0.000448,0.048343,4.671014,0.056047,0.299004,187,155,0.097070,0.438534,0.002713,0.078674,0.000502,0.158017,0.005412
1342,3,6.178653,0.968421,0.967570,0.000041,0.598267,1.308214,1.304786,0.556912,1.128781,0.576864,0.439039,0.003550,0.000000,0.000064,0.000034,0.994544,0.000003,0.042552,0.000448,0.051565,5.280833,0.070357,0.295976,235,192,0.104808,0.254303,0.003645,0.081540,0.000685,0.189592,0.006958
1343,3,5.399848,0.000810,0.000000,0.000041,0.752947,1.350433,1.347005,0.538645,1.148509,0.572784,0.457296,0.003550,0.000000,0.000064,0.000034,0.989068,0.000003,0.042552,0.000448,0.055617,4.637054,0.056047,0.283610,187,155,0.097070,0.439992,0.002713,0.056298,0.000502,0.143473,0.005412
1344,3,6.644219,1.367432,1.366581,0.000041,0.735636,1.331970,1.328542,0.555122,1.098572,0.592360,0.461409,0.003550,0.000000,0.000064,0.000034,0.916477,0.000003,0.042552,0.000448,0.048716,5.348738,0.070357,0.278388,235,192,0.104808,0.365295,0.003645,0.081540,0.000685,0.211962,0.006958
1345,3,5.349233,0.000810,0.000000,0.000041,0.682068,1.349341,1.345913,0.538035,1.125505,0.593862,0.475691,0.003550,0.000000,0.000064,0.000034,1.012960,0.000003,0.042552,0.000448,0.052717,4.601301,0.056047,0.292664,187,155,0.097070,0.370124,0.002713,0.056298,0.000502,0.162153,0.005412
1346,3,6.001512,0.958140,0.957289,0.000041,0.459259,1.332428,1.329000,0.536743,1.142385,0.576904,0.461416,0.003550,0.000000,0.000064,0.000034,0.949002,0.000003,0.042552,0.000448,0.038510,5.142961,0.070357,0.177870,235,192,0.104808,0.189395,0.003645,0.081540,0.000685,0.189592,0.006958
1347,3,5.459266,0.000810,0.000000,0.000041,0.783735,1.327009,1.323581,0.535817,1.127248,0.612946,0.475081,0.003550,0.000000,0.000064,0.000034,1.025048,0.000003,0.042552,0.000448,0.053955,4.690596,0.056047,0.318834,187,155,0.136325,0.443641,0.002713,0.056298,0.000502,0.143473,0.005412
1348,3,6.154707,1.022373,1.021522,0.000041,0.528700,1.343926,1.340498,0.533546,1.137611,0.567613,0.452125,0.003550,0.000000,0.000064,0.000034,0.974287,0.000003,0.042552,0.000448,0.061523,5.235145,0.070357,0.252424,235,192,0.125078,0.221870,0.003645,0.081540,0.000685,0.189592,0.006958
1349,3,5.781921,0.000810,0.000000,0.000041,1.027683,1.354896,1.351468,0.534841,1.123298,0.582913,0.467424,0.003550,0.000000,0.000064,0.000034,1.110830,0.000003,0.042552,0.000448,0.076769,5.037991,0.056047,0.486905,187,155,0.130636,0.620171,0.002713,0.056298,0.000502,0.162272,0.005412
1350,3,6.333442,1.043033,1.042182,0.000041,0.563422,1.338826,1.335398,0.538784,1.154985,0.573168,0.457679,0.003550,0.000000,0.000064,0.000034,1.074571,0.000003,0.042552,0.000448,0.061517,5.382423,0.070357,0.346486,235,192,0.118296,0.253343,0.003645,0.081540,0.000685,0.212046,0.006958
1351,3,5.362779,0.000810,0.000000,0.000041,0.727098,1.310038,1.306610,0.554264,1.145467,0.573886,0.458398,0.003550,0.000000,0.000064,0.000034,1.004564,0.000003,0.042552,0.000448,0.046275,4.581448,0.056047,0.290487,187,155,0.097070,0.378811,0.002713,0.056298,0.000502,0.178762,0.005412
1352,3,6.578749,1.366150,1.365299,0.000041,0.615492,1.346954,1.343526,0.534688,1.131517,0.576904,0.461416,0.003550,0.000000,0.000064,0.000034,0.960392,0.000003,0.042552,0.000448,0.048106,5.303199,0.070357,0.288995,235,192,0.104808,0.261088,0.003645,0.081540,0.000685,0.189592,0.006958
1353,3,5.527449,0.000810,0.000000,0.000041,0.827874,1.330590,1.327162,0.530396,1.149821,0.578220,0.462731,0.003550,0.000000,0.000064,0.000034,1.063087,0.000003,0.042552,0.000448,0.082913,4.781294,0.056047,0.351610,187,155,0.097070,0.489933,0.002713,0.058214,0.000502,0.155545,0.005412
1354,3,6.723728,1.465281,1.464430,0.000041,0.561506,1.353136,1.349708,0.534631,1.132745,0.579586,0.464098,0.003550,0.000000,0.000064,0.000034,1.027822,0.000003,0.064921,0.000448,0.061618,5.305796,0.070357,0.309594,235,192,0.104808,0.238003,0.003645,0.081540,0.000685,0.189592,0.006958
1355,3,5.430790,0.000810,0.000000,0.000041,0.714355,1.358368,1.354940,0.536940,1.135654,0.572150,0.456662,0.003550,0.000000,0.000064,0.000034,1.065860,0.000003,0.042552,0.000448,0.060855,4.672967,0.056047,0.387505,187,155,0.097070,0.338921,0.002713,0.056298,0.000502,0.143473,0.005412
1356,3,6.214803,1.004096,1.003245,0.000041,0.575378,1.308943,1.305515,0.559831,1.144531,0.574846,0.459357,0.003550,0.000000,0.000064,0.000034,1.000526,0.000003,0.042552,0.000448,0.054294,5.272614,0.082486,0.326477,235,192,0.104808,0.214044,0.003645,0.103916,0.000685,0.189592,0.006958
1357,3,5.508467,0.000810,0.000000,0.000041,0.834741,1.346985,1.343557,0.530429,1.150828,0.569933,0.454444,0.003550,0.000000,0.000064,0.000034,1.028090,0.000003,0.042552,0.000448,0.071645,4.760006,0.056047,0.297716,187,155,0.097070,0.517575,0.002713,0.056298,0.000502,0.143473,0.005412
1358,3,6.100644,0.991370,0.990519,0.000041,0.484901,1.318790,1.315362,0.536835,1.141429,0.593201,0.477712,0.003550,0.000000,0.000064,0.000034,0.987467,0.000003,0.042552,0.000448,0.058380,5.183662,0.070357,0.223687,235,192,0.104808,0.225911,0.003645,0.081540,0.000685,0.189592,0.006958
1359,3,5.354109,0.000810,0.000000,0.000041,0.711789,1.357164,1.353736,0.535865,1.133277,0.569773,0.454285,0.003550,0.000000,0.000064,0.000034,0.998779,0.000003,0.042552,0.000448,0.053192,4.605879,0.056047,0.290578,187,155,0.112315,0.385230,0.002713,0.056298,0.000502,0.143473,0.005412
1360,3,6.225610,1.001478,1.000627,0.000041,0.579871,1.353994,1.350566,0.535258,1.142307,0.571557,0.456068,0.003550,0.000000,0.000064,0.000034,0.994493,0.000003,0.042552,0.000448,0.044478,5.292745,0.070357,0.263323,235,192,0.104808,0.283739,0.003645,0.081540,0.000685,0.189592,0.006958
1361,3,5.368076,0.000810,0.000000,0.000041,0.723796,1.347894,1.344465,0.535241,1.121372,0.586355,0.470866,0.003550,0.000000,0.000064,0.000034,1.005958,0.000003,0.042552,0.000448,0.082343,4.616974,0.056047,0.295359,187,155,0.097070,0.400964,0.002713,0.056298,0.000502,0.165843,0.005412
1362,3,6.024960,0.954366,0.953515,0.000041,0.459323,1.326898,1.323469,0.535699,1.139723,0.576904,0.461416,0.003550,0.000000,0.000064,0.000034,0.971022,0.000003,0.056925,0.000448,0.047343,5.124810,0.070357,0.230455,235,192,0.104808,0.188816,0.003645,0.081540,0.000685,0.189592,0.006958
1363,3,5.668840,0.000810,0.000000,0.000041,0.824558,1.343523,1.340095,0.531799,1.151282,0.589403,0.454488,0.003550,0.000000,0.000064,0.000034,1.180813,0.000003,0.042552,0.000448,0.059635,4.881778,0.056047,0.506470,187,155,0.097070,0.465203,0.002713,0.078674,0.000502,0.163154,0.005412
1364,3,6.624217,1.403636,1.402785,0.000041,0.602654,1.337565,1.334137,0.531172,1.149584,0.575117,0.459629,0.003550,0.000000,0.000064,0.000034,0.977837,0.000003,0.042552,0.000448,0.048021,5.332940,0.070357,0.287825,235,192,0.119571,0.251078,0.003645,0.081540,0.000685,0.235847,0.006958
1365,3,5.419142,0.000810,0.000000,0.000041,0.775496,1.311327,1.307899,0.558322,1.144952,0.575148,0.439039,0.003550,0.000000,0.000064,0.000034,1.006436,0.000003,0.042552,0.000448,0.055413,4.635169,0.056047,0.293579,187,155,0.097070,0.424964,0.002713,0.075599,0.000502,0.157101,0.005412
1366,3,6.068061,0.987671,0.986820,0.000041,0.490509,1.339447,1.336019,0.537971,1.116614,0.595215,0.479726,0.003550,0.000000,0.000064,0.000034,0.953983,0.000003,0.042552,0.000448,0.084049,5.198103,0.070357,0.212514,235,192,0.104808,0.226756,0.003645,0.081540,0.000685,0.189592,0.006958
1367,3,5.375190,0.000810,0.000000,0.000041,0.727332,1.315399,1.311971,0.535417,1.152079,0.572866,0.457377,0.003550,0.000000,0.000064,0.000034,1.024634,0.000003,0.042552,0.000448,0.065094,4.649034,0.074076,0.348378,187,155,0.115414,0.333038,0.002713,0.081916,0.000502,0.161943,0.005412
1368,3,6.177202,0.991153,0.990302,0.000041,0.549527,1.361637,1.358209,0.531874,1.127394,0.593272,0.477783,0.003550,0.000000,0.000064,0.000034,0.975694,0.000003,0.042552,0.000448,0.069597,5.283708,0.070357,0.294623,235,192,0.104808,0.189124,0.003645,0.081540,0.000685,0.222914,0.006958
1369,3,5.479628,0.000810,0.000000,0.000041,0.822825,1.343648,1.340220,0.530585,1.147064,0.573056,0.457567,0.003550,0.000000,0.000064,0.000034,1.014988,0.000003,0.042552,0.000448,0.052667,4.711812,0.056047,0.352665,187,155,0.109127,0.407993,0.002713,0.056298,0.000502,0.143473,0.005412
1370,3,6.294501,1.079125,1.078274,0.000041,0.496928,1.303463,1.300035,0.557566,1.126631,0.605896,0.476891,0.003550,0.000000,0.000064,0.000034,1.078240,0.000003,0.042552,0.000448,0.055464,5.274519,0.070357,0.207462,235,192,0.104808,0.327742,0.003645,0.081540,0.000685,0.189592,0.006958
1371,3,5.500261,0.000810,0.000000,0.000041,0.824219,1.336148,1.332720,0.535248,1.141402,0.571665,0.456177,0.003550,0.000000,0.000064,0.000034,1.044118,0.000003,0.042552,0.000448,0.050802,4.755429,0.056047,0.340797,187,155,0.119446,0.480472,0.002713,0.075138,0.000502,0.143473,0.005412
1372,3,6.122609,0.987044,0.986192,0.000041,0.516130,1.310021,1.306593,0.550086,1.127309,0.587908,0.453142,0.003550,0.000000,0.000064,0.000034,0.975084,0.000003,0.064928,0.000448,0.054769,5.169362,0.070357,0.234656,235,192,0.104808,0.234602,0.003645,0.081540,0.000685,0.212046,0.006958
1373,3,5.511970,0.000810,0.000000,0.000041,0.775326,1.353248,1.349820,0.529938,1.151293,0.573012,0.457523,0.003550,0.000000,0.000064,0.000034,1.081692,0.000003,0.042552,0.000448,0.062429,4.746233,0.056047,0.385556,187,155,0.097070,0.403449,0.002713,0.056298,0.000502,0.143473,0.005412
1374,3,6.121555,1.010715,1.009864,0.000041,0.490495,1.321428,1.318000,0.530073,1.168908,0.573266,0.457777,0.003550,0.000000,0.000064,0.000034,0.980018,0.000003,0.042552,0.000448,0.050937,5.211833,0.070357,0.215905,235,192,0.104808,0.200857,0.003645,0.081540,0.000685,0.209730,0.006958
1375,3,5.377323,0.000810,0.000000,0.000041,0.771288,1.349019,1.345591,0.530799,1.141686,0.576904,0.461416,0.003550,0.000000,0.000064,0.000034,0.960164,0.000003,0.042552,0.000448,0.048716,4.631911,0.056047,0.280151,187,155,0.097070,0.416860,0.002713,0.056298,0.000502,0.162028,0.005412
1376,3,6.163964,1.022373,1.021522,0.000041,0.528687,1.357883,1.354455,0.538778,1.126153,0.573351,0.457862,0.003550,0.000000,0.000064,0.000034,0.970089,0.000003,0.042552,0.000448,0.048716,5.207370,0.070357,0.225040,235,192,0.104808,0.231917,0.003645,0.103909,0.000685,0.221992,0.006958
1377,3,5.373898,0.000810,0.000000,0.000041,0.763448,1.351017,1.347588,0.535275,1.124525,0.593265,0.477776,0.003550,0.000000,0.000064,0.000034,0.958906,0.000003,0.042552,0.000448,0.067518,4.596405,0.056047,0.302802,187,155,0.097070,0.390544,0.002713,0.056298,0.000502,0.161641,0.005412
1378,3,6.065196,1.001865,1.001014,0.000041,0.500909,1.336894,1.333466,0.536190,1.121758,0.573364,0.457876,0.003550,0.000000,0.000064,0.000034,0.933078,0.000003,0.057037,0.000448,0.049801,5.153737,0.070357,0.213392,235,192,0.118540,0.212002,0.003645,0.101322,0.000685,0.208428,0.006958
1379,3,5.454739,0.000810,0.000000,0.000041,0.779453,1.312673,1.309245,0.549110,1.124088,0.610945,0.495456,0.003550,0.000000,0.000064,0.000034,1.031009,0.000003,0.042552,0.000448,0.058482,4.675435,0.056047,0.355730,187,155,0.097070,0.426520,0.002713,0.056298,0.000502,0.143473,0.005412
1380,3,6.382575,1.023553,1.022702,0.000041,0.727268,1.335551,1.332123,0.535736,1.132758,0.592055,0.476566,0.003550,0.000000,0.000064,0.000034,0.970707,0.000003,0.060849,0.000448,0.055311,5.460866,0.070357,0.422997,235,192,0.104808,0.248884,0.003645,0.083669,0.000685,0.201684,0.006958
1381,3,5.479028,0.000810,0.000000,0.000041,0.836148,1.306247,1.302819,0.557644,1.148065,0.571665,0.456177,0.026004,0.000000,0.000064,0.000034,0.989343,0.000003,0.042552,0.000448,0.058211,4.716838,0.056047,0.328742,187,155,0.115628,0.489129,0.002713,0.056298,0.000502,0.164134,0.005412
1382,3,6.187693,1.039096,1.038245,0.000041,0.533752,1.355611,1.352183,0.535122,1.138475,0.569940,0.454451,0.003550,0.000000,0.000064,0.000034,0.969045,0.000003,0.042552,0.000448,0.047750,5.249084,0.070357,0.261817,235,192,0.104808,0.203671,0.003645,0.081540,0.000685,0.189592,0.006958
1383,3,5.338277,0.000810,0.000000,0.000041,0.704183,1.309675,1.306247,0.537852,1.151947,0.576898,0.461409,0.003550,0.000000,0.000064,0.000034,1.010261,0.000003,0.042552,0.000448,0.049954,4.569136,0.056047,0.239475,187,155,0.097070,0.395318,0.002713,0.056298,0.000502,0.143473,0.005412
1384,3,6.234894,1.053548,1.052697,0.000041,0.573500,1.328400,1.324972,0.532016,1.127319,0.606730,0.472120,0.003550,0.000000,0.000064,0.000034,0.946113,0.000003,0.063168,0.000448,0.056007,5.260013,0.070357,0.292392,235,192,0.104808,0.202620,0.003645,0.099545,0.000685,0.214728,0.006958
1385,3,5.346537,0.000810,0.000000,0.000041,0.751658,1.321587,1.318159,0.549052,1.143446,0.575690,0.460202,0.003550,0.000000,0.000064,0.000034,0.957642,0.000003,0.042552,0.000448,0.041663,4.620419,0.056047,0.254534,187,155,0.097070,0.404721,0.002713,0.056298,0.000502,0.164083,0.005412
1386,3,6.142765,1.004567,1.003716,0.000041,0.535865,1.328369,1.324941,0.551768,1.127533,0.610385,0.476786,0.003550,0.000000,0.000064,0.000034,0.937625,0.000003,0.042552,0.000448,0.072367,5.213759,0.087623,0.203054,235,192,0.140167,0.222897,0.003645,0.081540,0.000685,0.189592,0.006958
1387,3,5.531545,0.000810,0.000000,0.000041,0.881677,1.347612,1.344184,0.533366,1.147254,0.576904,0.439039,0.003550,0.000000,0.000064,0.000034,0.997270,0.000003,0.042552,0.000448,0.068719,4.749908,0.056047,0.354685,187,155,0.097070,0.496311,0.002713,0.056298,0.000502,0.145745,0.005412
1388,3,6.191399,1.015445,1.014594,0.000041,0.559937,1.306396,1.302968,0.550758,1.145511,0.572798,0.457309,0.003550,0.000000,0.000064,0.000034,0.993903,0.000003,0.042552,0.000448,0.050988,5.235216,0.070357,0.281871,235,192,0.104808,0.226362,0.003645,0.081540,0.000685,0.189592,0.006958
1389,3,5.336436,0.000810,0.000000,0.000041,0.722134,1.341258,1.337830,0.536072,1.139479,0.570536,0.455048,0.003550,0.000000,0.000064,0.000034,0.979496,0.000003,0.042552,0.000448,0.053497,4.610318,0.056047,0.274794,187,155,0.097070,0.414500,0.002713,0.056298,0.000502,0.143473,0.005412
1390,3,6.168338,1.046414,1.045563,0.000041,0.494259,1.321459,1.318030,0.538784,1.169437,0.568149,0.452660,0.003550,0.000000,0.000064,0.000034,0.983185,0.000003,0.042552,0.000448,0.046275,5.201592,0.070357,0.214634,235,192,0.125275,0.206180,0.003645,0.081540,0.000685,0.189592,0.006958
1391,3,5.423777,0.000810,0.000000,0.000041,0.793311,1.346948,1.343519,0.537720,1.149838,0.571947,0.456458,0.003550,0.000000,0.000064,0.000034,0.976552,0.000003,0.042552,0.000448,0.062371,4.661740,0.056047,0.299988,187,155,0.097070,0.439955,0.002713,0.056298,0.000502,0.143473,0.005412
1392,3,6.141808,1.011885,1.011034,0.000041,0.482524,1.332899,1.329471,0.538784,1.155633,0.576904,0.461416,0.003550,0.000000,0.000064,0.000034,0.996528,0.000003,0.042552,0.000448,0.055345,5.201297,0.072272,0.249603,235,192,0.104808,0.202484,0.003645,0.081540,0.000685,0.211968,0.006958
1393,3,5.420403,0.000810,0.000000,0.000041,0.797479,1.321472,1.318044,0.534939,1.126319,0.614861,0.481296,0.003550,0.000000,0.000064,0.000034,0.962480,0.000003,0.057943,0.000448,0.057838,4.641378,0.056047,0.315196,187,155,0.097070,0.413032,0.002713,0.056298,0.000502,0.143473,0.005412
1394,3,6.077508,0.980849,0.979997,0.000041,0.528581,1.346120,1.342692,0.535261,1.128476,0.571669,0.456180,0.003550,0.000000,0.000064,0.000034,0.926792,0.000003,0.055661,0.000448,0.048716,5.204051,0.070357,0.204020,235,192,0.104808,0.250020,0.003645,0.081540,0.000685,0.189592,0.006958
1395,3,5.586968,0.000810,0.000000,0.000041,0.775950,1.309513,1.306085,0.549879,1.126424,0.615407,0.499919,0.003550,0.000000,0.000064,0.000034,1.162333,0.000003,0.042552,0.000448,0.082472,4.843774,0.056047,0.508972,187,155,0.097070,0.418233,0.002713,0.056298,0.000502,0.162771,0.005412
1396,3,6.165527,1.001953,1.001102,0.000041,0.549513,1.346622,1.343194,0.538784,1.139201,0.568146,0.452657,0.003550,0.000000,0.000064,0.000034,0.974657,0.000003,0.042552,0.000448,0.063365,5.295753,0.070357,0.260969,235,192,0.104808,0.234141,0.003645,0.081540,0.000685,0.211968,0.006958
1397,3,5.407681,0.000810,0.000000,0.000041,0.765255,1.318790,1.315362,0.554803,1.140340,0.576667,0.461178,0.003550,0.000000,0.000064,0.000034,1.004364,0.000003,0.042552,0.000448,0.055990,4.622491,0.056047,0.282372,187,155,0.134325,0.420590,0.002713,0.056298,0.000502,0.170495,0.005412
1398,3,6.129540,0.982100,0.981249,0.000041,0.528466,1.354197,1.350769,0.533539,1.129452,0.590722,0.475233,0.003550,0.000000,0.000064,0.000034,0.964413,0.000003,0.042552,0.000448,0.054955,5.281789,0.089545,0.243557,235,192,0.104808,0.227505,0.003645,0.081540,0.000685,0.189592,0.006958
1399,3,5.352281,0.000810,0.000000,0.000041,0.718970,1.312764,1.309336,0.534214,1.162896,0.576009,0.439039,0.003550,0.000000,0.000064,0.000034,0.999966,0.000003,0.042552,0.000448,0.067213,4.582292,0.071286,0.275157,187,155,0.097070,0.354723,0.002713,0.071645,0.000502,0.143473,0.005412
1400,3,6.167070,1.033986,1.033135,0.000041,0.508603,1.353271,1.349843,0.533837,1.123844,0.581933,0.452772,0.003550,0.000000,0.000064,0.000034,0.984945,0.000003,0.042552,0.000448,0.070919,5.182414,0.070357,0.231825,235,192,0.104808,0.210249,0.003645,0.081540,0.000685,0.189592,0.006958
1401,3,5.296756,0.000810,0.000000,0.000041,0.654412,1.333052,1.329624,0.534556,1.149194,0.571333,0.441722,0.003550,0.000000,0.000064,0.000034,1.006748,0.000003,0.042552,0.000448,0.067128,4.531491,0.056047,0.275930,187,155,0.097070,0.305250,0.002713,0.056298,0.000502,0.143473,0.005412
1402,3,6.171292,1.008477,1.007626,0.000041,0.557980,1.308183,1.304755,0.552236,1.136780,0.609762,0.494273,0.003550,0.000000,0.000064,0.000034,0.934774,0.000003,0.059001,0.000448,0.044088,5.180508,0.070357,0.214684,235,192,0.104808,0.213114,0.003645,0.081540,0.000685,0.203050,0.006958
1403,3,5.445855,0.000810,0.000000,0.000041,0.746663,1.353139,1.349711,0.538784,1.139377,0.573222,0.457733,0.003550,0.000000,0.000064,0.000034,1.047207,0.000003,0.042552,0.000448,0.050022,4.685991,0.056047,0.335649,187,155,0.110433,0.430474,0.002713,0.056298,0.000502,0.160994,0.005412
1404,3,6.259501,1.093767,1.092916,0.000041,0.576877,1.306085,1.302656,0.571794,1.127204,0.576898,0.461409,0.003550,0.000000,0.000064,0.000034,0.960225,0.000003,0.042552,0.000448,0.058516,5.226786,0.070357,0.269199,235,192,0.104808,0.280975,0.003645,0.081540,0.000685,0.189592,0.006958
1405,3,5.297180,0.000810,0.000000,0.000041,0.681719,1.347205,1.343777,0.531030,1.153273,0.574388,0.458900,0.003550,0.000000,0.000064,0.000034,0.962104,0.000003,0.042552,0.000448,0.052344,4.551609,0.056047,0.247274,187,155,0.097070,0.363369,0.002713,0.058601,0.000502,0.155792,0.005412
1406,3,6.194438,1.005012,1.004161,0.000041,0.573832,1.329085,1.325656,0.548513,1.141571,0.576904,0.461416,0.003550,0.000000,0.000064,0.000034,0.972870,0.000003,0.042552,0.000448,0.047919,5.290446,0.085758,0.282315,235,192,0.104808,0.243927,0.003645,0.081540,0.000685,0.234422,0.006958
1407,3,5.384003,0.000810,0.000000,0.000041,0.718658,1.353736,1.350308,0.534403,1.124061,0.590658,0.475169,0.003550,0.000000,0.000064,0.000034,1.015025,0.000003,0.042552,0.000448,0.051073,4.635535,0.098063,0.284831,187,155,0.097070,0.411733,0.002713,0.056298,0.000502,0.143473,0.005412
1408,3,6.227464,1.020257,1.019406,0.000041,0.584622,1.348287,1.344859,0.531823,1.133406,0.574117,0.458628,0.003550,0.000000,0.000064,0.000034,0.988302,0.000003,0.042552,0.000448,0.048869,5.275814,0.070357,0.295607,235,192,0.104808,0.232832,0.003645,0.100613,0.000685,0.192274,0.006958
1409,3,5.474457,0.000810,0.000000,0.000041,0.805478,1.339450,1.336022,0.537432,1.127448,0.608188,0.492700,0.003550,0.000000,0.000064,0.000034,1.008999,0.000003,0.042552,0.000448,0.048716,4.711605,0.091909,0.291545,187,155,0.112186,0.492198,0.002713,0.056298,0.000502,0.143473,0.005412
1410,3,6.045234,0.983076,0.982225,0.000041,0.499797,1.343936,1.340508,0.535231,1.125400,0.576904,0.461416,0.003550,0.000000,0.000064,0.000034,0.934238,0.000003,0.042552,0.000448,0.050954,5.169044,0.070357,0.201074,235,192,0.104808,0.221724,0.003645,0.081540,0.000685,0.230791,0.006958
1411,3,5.395718,0.000810,0.000000,0.000041,0.758762,1.311791,1.308363,0.555820,1.126628,0.609863,0.494375,0.003550,0.000000,0.000064,0.000034,0.985392,0.000003,0.042552,0.000448,0.065416,4.654283,0.096547,0.309326,187,155,0.097070,0.403134,0.002713,0.056298,0.000502,0.143473,0.005412
1412,3,6.185611,1.027018,1.026167,0.000041,0.533749,1.353451,1.350023,0.535421,1.148078,0.568193,0.439039,0.003550,0.000000,0.000064,0.000034,0.973050,0.000003,0.042552,0.000448,0.054345,5.250814,0.070357,0.250848,235,192,0.104808,0.226769,0.003645,0.081540,0.000685,0.189592,0.006958
1413,3,5.354146,0.000810,0.000000,0.000041,0.762054,1.314372,1.310944,0.555216,1.145369,0.573798,0.439039,0.003550,0.000000,0.000064,0.000034,0.955875,0.000003,0.042552,0.000448,0.048716,4.560367,0.056047,0.256961,187,155,0.097070,0.400652,0.002713,0.056298,0.000502,0.143473,0.005412
1414,3,6.169271,1.015869,1.015018,0.000041,0.551876,1.347833,1.344404,0.538784,1.125102,0.590817,0.455594,0.003550,0.000000,0.000064,0.000034,0.952338,0.000003,0.042552,0.000448,0.052717,5.220618,0.086911,0.270074,235,192,0.104808,0.209734,0.003645,0.081540,0.000685,0.189592,0.006958
1415,3,5.570916,0.000810,0.000000,0.000041,0.862749,1.333893,1.330465,0.530789,1.146322,0.573222,0.457733,0.003550,0.000000,0.000064,0.000034,1.076480,0.000003,0.042552,0.000448,0.052734,4.844825,0.056047,0.425435,187,155,0.097070,0.452589,0.002713,0.056298,0.000502,0.143473,0.005412
1416,3,6.148434,1.043203,1.042352,0.000041,0.497453,1.328766,1.325338,0.555732,1.125617,0.587006,0.471517,0.003550,0.000000,0.000064,0.000034,0.964006,0.000003,0.042552,0.000448,0.077867,5.204546,0.070357,0.205054,235,192,0.104808,0.210402,0.003645,0.081540,0.000685,0.203345,0.006958
1417,3,5.641998,0.000810,0.000000,0.000041,0.847134,1.340203,1.336775,0.535051,1.140489,0.573995,0.458506,0.003550,0.000000,0.000064,0.000034,1.157664,0.000003,0.042552,0.000448,0.091695,4.897776,0.056047,0.515201,187,155,0.097070,0.438972,0.002713,0.070811,0.000502,0.164676,0.005412
1418,3,6.511492,1.022536,1.021684,0.000041,0.533773,1.311754,1.308326,0.549920,1.124569,0.590512,0.475023,0.003550,0.000000,0.000064,0.000034,1.331777,0.000003,0.042552,0.000448,0.063704,5.563253,0.070357,0.362495,235,192,0.104808,0.486023,0.003645,0.081540,0.000685,0.189592,0.006958
1419,3,5.476688,0.000810,0.000000,0.000041,0.702074,1.351335,1.347907,0.538042,1.144992,0.569868,0.454380,0.003550,0.000000,0.000064,0.000034,1.122915,0.000003,0.042552,0.000448,0.063602,4.710941,0.058105,0.376051,187,155,0.097070,0.396311,0.002713,0.056298,0.000502,0.143473,0.005412
1420,3,6.140635,1.029263,1.028412,0.000041,0.486969,1.315094,1.311666,0.535017,1.145932,0.584398,0.468909,0.003550,0.000000,0.000064,0.000034,0.997311,0.000003,0.042552,0.000448,0.051175,5.186106,0.070357,0.240363,235,192,0.104808,0.218950,0.003645,0.081540,0.000685,0.189592,0.006958
1421,3,5.489739,0.000810,0.000000,0.000041,0.838450,1.343570,1.340142,0.535739,1.148461,0.571669,0.439039,0.003550,0.000000,0.000064,0.000034,1.004388,0.000003,0.042552,0.000448,0.064948,4.726149,0.056047,0.397966,187,155,0.097070,0.416880,0.002713,0.056298,0.000502,0.143473,0.005412
1422,3,6.121694,0.966841,0.965990,0.000041,0.505551,1.327969,1.324541,0.534468,1.155185,0.575348,0.459859,0.003550,0.000000,0.000064,0.000034,1.009681,0.000003,0.042552,0.000448,0.082523,5.193105,0.070357,0.248372,235,192,0.104808,0.206265,0.003645,0.081540,0.000685,0.189592,0.006958
1423,3,5.500977,0.000810,0.000000,0.000041,0.752570,1.348314,1.344886,0.530870,1.121280,0.599358,0.461416,0.003550,0.000000,0.000064,0.000034,1.081651,0.000003,0.062022,0.000448,0.053921,4.732961,0.056047,0.349714,187,155,0.097070,0.448459,0.002713,0.056298,0.000502,0.143473,0.005412
1424,3,6.139910,1.022271,1.021420,0.000041,0.497437,1.353621,1.350193,0.535441,1.135444,0.571655,0.456167,0.003550,0.000000,0.000064,0.000034,0.977390,0.000003,0.042552,0.000448,0.057227,5.211595,0.070357,0.209517,235,192,0.104808,0.220540,0.003645,0.083842,0.000685,0.224711,0.006958
1425,3,5.588643,0.000810,0.000000,0.000041,0.879873,1.326263,1.322835,0.531793,1.147210,0.599002,0.483514,0.003550,0.000000,0.000064,0.000034,1.057041,0.000003,0.042552,0.000448,0.063195,4.841458,0.071431,0.437429,187,155,0.117767,0.464023,0.002713,0.056298,0.000502,0.143473,0.005412
1426,3,6.133989,1.039771,1.038920,0.000041,0.505493,1.341037,1.337609,0.537554,1.139882,0.572483,0.456994,0.003550,0.000000,0.000064,0.000034,0.951118,0.000003,0.042552,0.000448,0.050140,5.197442,0.070357,0.196899,235,192,0.104808,0.213843,0.003645,0.081540,0.000685,0.189592,0.006958
1427,3,5.445485,0.000810,0.000000,0.000041,0.856401,1.317708,1.314280,0.557726,1.143643,0.580109,0.464620,0.003550,0.000000,0.000064,0.000034,0.942437,0.000003,0.042552,0.000448,0.048716,4.700982,0.056047,0.316823,187,155,0.097070,0.437324,0.002713,0.056298,0.000502,0.143473,0.005412
1428,3,6.129781,1.042562,1.041711,0.000041,0.476596,1.343157,1.339728,0.536106,1.141320,0.572547,0.457058,0.003550,0.000000,0.000064,0.000034,0.970842,0.000003,0.042552,0.000448,0.052921,5.204308,0.070357,0.213616,235,192,0.123542,0.210080,0.003645,0.081540,0.000685,0.212046,0.006958
1429,3,5.429074,0.000810,0.000000,0.000041,0.838050,1.306912,1.303484,0.564392,1.134399,0.568044,0.452555,0.003550,0.000000,0.000064,0.000034,0.969815,0.000003,0.042552,0.000448,0.047343,4.683499,0.056047,0.313243,187,155,0.097070,0.439304,0.002713,0.056298,0.000502,0.157108,0.005412
1430,3,6.098650,1.008504,1.007653,0.000041,0.481628,1.342865,1.339437,0.538784,1.127458,0.591061,0.475572,0.003550,0.000000,0.000064,0.000034,0.961697,0.000003,0.042552,0.000448,0.049801,5.182122,0.070357,0.222653,235,192,0.118327,0.197771,0.003645,0.118073,0.000685,0.189592,0.006958
1431,3,5.489014,0.000810,0.000000,0.000041,0.771895,1.327203,1.323775,0.544308,1.142761,0.576904,0.461416,0.003550,0.000000,0.000064,0.000034,1.078481,0.000003,0.042552,0.000448,0.051378,4.763007,0.078423,0.273132,187,155,0.114244,0.474979,0.002713,0.056298,0.000502,0.143473,0.005412
1432,3,6.666294,1.032776,1.031925,0.000041,1.028673,1.349013,1.345584,0.534634,1.139757,0.573303,0.439039,0.003550,0.000000,0.000064,0.000034,0.961487,0.000003,0.042552,0.000448,0.060215,5.675327,0.070357,0.736589,235,192,0.127177,0.214149,0.003645,0.081540,0.000685,0.189592,0.006958
1433,3,5.453027,0.000810,0.000000,0.000041,0.752031,1.349952,1.346524,0.530073,1.136095,0.579586,0.464098,0.003550,0.000000,0.000064,0.000034,1.057827,0.000003,0.042552,0.000448,0.053141,4.727020,0.056047,0.342472,187,155,0.133111,0.419996,0.002713,0.056298,0.000502,0.143473,0.005412
1434,3,6.155406,0.989895,0.989044,0.000041,0.555986,1.310683,1.307254,0.558879,1.127621,0.592584,0.477095,0.003550,0.000000,0.000064,0.000034,0.950789,0.000003,0.064870,0.000448,0.051819,5.185591,0.070357,0.238963,235,192,0.104808,0.208028,0.003645,0.081540,0.000685,0.189592,0.006958
1435,3,5.452884,0.000810,0.000000,0.000041,0.803823,1.339230,1.335802,0.536970,1.152707,0.572862,0.457374,0.003550,0.000000,0.000064,0.000034,0.977376,0.000003,0.065006,0.000448,0.052277,4.649851,0.056047,0.355764,187,155,0.097070,0.395430,0.002713,0.076860,0.000502,0.161808,0.005412
1436,3,7.136644,1.731856,1.731005,0.000041,0.620717,1.358378,1.354950,0.535302,1.122470,0.583672,0.468184,0.003550,0.000000,0.000064,0.000034,1.137597,0.000003,0.042552,0.000448,0.053718,5.460527,0.070357,0.231367,235,192,0.104808,0.489380,0.003645,0.081540,0.000685,0.208486,0.006958
1437,3,5.327949,0.000810,0.000000,0.000041,0.702335,1.359626,1.356198,0.533549,1.129317,0.576904,0.461416,0.003550,0.000000,0.000064,0.000034,0.978756,0.000003,0.042552,0.000448,0.048716,4.582709,0.057963,0.280084,187,155,0.097070,0.374274,0.002713,0.056298,0.000502,0.143473,0.005412
1438,3,6.153527,0.998105,0.997253,0.000041,0.542467,1.331685,1.328257,0.533518,1.158817,0.572618,0.457130,0.003550,0.000000,0.000064,0.000034,0.969666,0.000003,0.042552,0.000448,0.050683,5.213131,0.070357,0.257670,235,192,0.104808,0.215997,0.003645,0.081540,0.000685,0.189592,0.006958
1439,3,5.464220,0.000810,0.000000,0.000041,0.816678,1.352166,1.348738,0.535929,1.126149,0.595635,0.452698,0.003550,0.000000,0.000064,0.000034,0.976529,0.000003,0.056224,0.000448,0.068281,4.662882,0.056047,0.358649,187,155,0.097070,0.420115,0.002713,0.056298,0.000502,0.143473,0.005412
