frame,phase,rsTotal_ms,rsHead_ms,rsEnvProbe_ms,rsPortal_ms,rsSky_ms,rsTerrain_ms,rsTerrainDraw_ms,rsBatches_ms,rsProc_ms,rsObjects_ms,rsObjSubmit_ms,rsWheels_ms,rsWheelSubmit_ms,rsAnim_ms,rsDecorate_ms,rsLightFx_ms,rsHighlight_ms,rsParticles_ms,dmPost_ms,dmHud_ms,spRender_ms,spHead_ms,spTail_ms,spCalls,spCulled,spPkgr_ms,spTex_ms,spProg_ms,spLight_ms,spBlss_ms,spObjData_ms,spGifWait_ms,bdSize_ms,bdProg_ms,bdSizeCalc_ms,bdXform_ms,bdCache_ms,bdPlanes_ms,bdMain_ms,bbHit,bbRecalc,bbFresh,bbProbe,bbEntries,bbFrameEnd_ms,bbRecalcT_ms,dsRetain_ms,dsDirect_ms,dsCreate_ms,dsClassify_ms,dsRender_ms,dsFlush_ms,dsDirectBags,dsPartialBags,dsPackages,dsMergeParts,dsMaskCalls
120,0,2.527981,0.019657,0.000000,0.000034,0.166155,0.659427,0.655433,0.044423,0.001756,1.358771,0.320492,0.005764,0.000000,0.000078,0.000037,0.017178,0.000017,0.187975,0.000444,0.505825,0.000000,0.000000,0.000000,0,0,0.000000,0.000000,0.000000,0.000000,0.000000,0.000000,0.000000,0.000000,0.000000,0.000000,0.000000,0.000000,0.000000,0.000000,0,0,0,0,0,0.000000,0.000000,0.000000,0.000000,0.000000,0.000000,0.000000,0.000000,0,0,0,0,0
121,0,2.559347,0.000970,0.000000,0.000034,0.155053,0.644538,0.640544,0.350464,0.001756,0.573266,0.306837,0.005764,0.000000,0.000078,0.000037,0.017178,0.000017,0.207021,0.000444,0.481747,0.000000,0.000000,0.000000,0,0,0.000000,0.000000,0.000000,0.000000,0.000000,0.000000,0.000000,0.000000,0.000000,0.000000,0.000000,0.000000,0.000000,0.000000,0,0,0,0,0,0.000000,0.000000,0.000000,0.000000,0.000000,0.000000,0.000000,0.000000,0,0,0,0,0
122,0,3.571988,1.073951,1.054233,0.000034,0.177138,0.620541,0.616547,0.044084,0.001756,1.376906,0.347175,0.005764,0.000000,0.000078,0.000037,0.017178,0.000017,0.187975,0.000444,0.484219,0.000000,0.000000,0.000000,0,0,0.000000,0.000000,0.000000,0.000000,0.000000,0.000000,0.000000,0.000000,0.000000,0.000000,0.000000,0.000000,0.000000,0.000000,0,0,0,0,0,0.000000,0.000000,0.000000,0.000000,0.000000,0.000000,0.000000,0.000000,0,0,0,0,0
123,0,2.561347,0.000970,0.000000,0.000034,0.168416,0.655884,0.651889,0.342075,0.001756,0.565881,0.318882,0.005764,0.000000,0.000078,0.000037,0.017178,0.000017,0.187975,0.000444,0.485209,0.000000,0.000000,0.000000,0,0,0.000000,0.000000,0.000000,0.000000,0.000000,0.000000,0.000000,0.000000,0.000000,0.000000,0.000000,0.000000,0.000000,0.000000,0,0,0,0,0,0.000000,0.000000,0.000000,0.000000,0.000000,0.000000,0.000000,0.000000,0,0,0,0,0
124,0,2.513065,0.019657,0.000000,0.000034,0.170742,0.633372,0.629378,0.044084,0.001756,1.365818,0.362220,0.005764,0.000000,0.000078,0.000037,0.017178,0.000017,0.187975,0.000444,0.485701,0.000000,0.000000,0.000000,0,0,0.000000,0.000000,0.000000,0.000000,0.000000,0.000000,0.000000,0.000000,0.000000,0.000000,0.000000,0.000000,0.000000,0.000000,0,0,0,0,0,0.000000,0.000000,0.000000,0.000000,0.000000,0.000000,0.000000,0.000000,0,0,0,0,0
125,0,2.625475,0.000970,0.000000,0.000034,0.144497,0.622748,0.618754,0.346697,0.001756,0.557736,0.312188,0.005764,0.000000,0.000078,0.000037,0.017178,0.000017,0.203318,0.000444,0.486186,0.000000,0.000000,0.000000,0,0,0.000000,0.000000,0.000000,0.000000,0.000000,0.000000,0.000000,0.000000,0.000000,0.000000,0.000000,0.000000,0.000000,0.000000,0,0,0,0,0,0.000000,0.000000,0.000000,0.000000,0.000000,0.000000,0.000000,0.000000,0,0,0,0,0
126,0,3.599860,1.058468,1.038751,0.000034,0.145192,0.640289,0.636295,0.043911,0.001756,1.414069,0.239536,0.005764,0.000000,0.000078,0.000037,0.017178,0.000017,0.206512,0.013658,0.482985,0.000000,0.000000,0.000000,0,0,0.000000,0.000000,0.000000,0.000000,0.000000,0.000000,0.000000,0.000000,0.000000,0.000000,0.000000,0.000000,0.000000,0.000000,0,0,0,0,0,0.000000,0.000000,0.000000,0.000000,0.000000,0.000000,0.000000,0.000000,0,0,0,0,0
127,0,2.624129,0.000970,0.000000,0.000034,0.146783,0.504635,0.500641,0.344835,0.001756,0.503672,0.257378,0.005764,0.000000,0.000078,0.000037,0.017178,0.000017,0.208588,0.000444,0.483880,0.000000,0.000000,0.000000,0,0,0.000000,0.000000,0.000000,0.000000,0.000000,0.000000,0.000000,0.000000,0.000000,0.000000,0.000000,0.000000,0.000000,0.000000,0,0,0,0,0,0.000000,0.000000,0.000000,0.000000,0.000000,0.000000,0.000000,0.000000,0,0,0,0,0
128,0,2.479892,0.019657,0.000000,0.000034,0.146783,0.401021,0.397027,0.043911,0.001756,1.575748,0.239529,0.005764,0.000000,0.000078,0.000037,0.017178,0.000017,0.201389,0.000444,0.486972,0.000000,0.000000,0.000000,0,0,0.000000,0.000000,0.000000,0.000000,0.000000,0.000000,0.000000,0.000000,0.000000,0.000000,0.000000,0.000000,0.000000,0.000000,0,0,0,0,0,0.000000,0.000000,0.000000,0.000000,0.000000,0.000000,0.000000,0.000000,0,0,0,0,0
129,0,2.474728,0.000970,0.000000,0.000034,0.160417,0.399462,0.395467,0.326738,0.001756,0.491509,0.248498,0.005764,0.000000,0.000078,0.000037,0.017178,0.000017,0.210358,0.000444,0.484772,0.000000,0.000000,0.000000,0,0,0.000000,0.000000,0.000000,0.000000,0.000000,0.000000,0.000000,0.000000,0.000000,0.000000,0.000000,0.000000,0.000000,0.000000,0,0,0,0,0,0.000000,0.000000,0.000000,0.000000,0.000000,0.000000,0.000000,0.000000,0,0,0,0,0
130,0,3.584225,1.142158,1.122440,0.000034,0.145192,0.408888,0.404894,0.043738,0.001756,1.551476,0.233961,0.005764,0.000000,0.000078,0.000037,0.017178,0.000017,0.201691,0.000444,0.486782,0.000000,0.000000,0.000000,0,0,0.000000,0.000000,0.000000,0.000000,0.000000,0.000000,0.000000,0.000000,0.000000,0.000000,0.000000,0.000000,0.000000,0.000000,0,0,0,0,0,0.000000,0.000000,0.000000,0.000000,0.000000,0.000000,0.000000,0.000000,0,0,0,0,0
131,0,2.334520,0.000970,0.000000,0.000034,0.144606,0.421166,0.417172,0.341831,0.001756,0.469106,0.212568,0.005764,0.000000,0.000078,0.000037,0.017178,0.000017,0.206940,0.000444,0.486789,0.000000,0.000000,0.000000,0,0,0.000000,0.000000,0.000000,0.000000,0.000000,0.000000,0.000000,0.000000,0.000000,0.000000,0.000000,0.000000,0.000000,0.000000,0,0,0,0,0,0.000000,0.000000,0.000000,0.000000,0.000000,0.000000,0.000000,0.000000,0,0,0,0,0
132,0,3.490472,0.019657,0.000000,0.000034,0.144606,0.416219,0.412225,0.064538,0.001756,1.334144,0.206451,0.005764,0.000000,0.000078,0.000037,0.017178,0.000017,0.210371,0.000444,0.484639,0.000000,0.000000,0.000000,0,0,0.000000,0.000000,0.000000,0.000000,0.000000,0.000000,0.000000,0.000000,0.000000,0.000000,0.000000,0.000000,0.000000,0.000000,0,0,0,0,0,0.000000,0.000000,0.000000,0.000000,0.000000,0.000000,0.000000,0.000000,0,0,0,0,0
133,0,2.299371,0.000970,0.000000,0.000034,0.148960,0.559204,0.555210,0.043738,0.001756,1.321357,0.193414,0.005764,0.000000,0.000078,0.000037,0.017178,0.000017,0.114641,0.000444,0.502584,0.000000,0.000000,0.000000,0,0,0.000000,0.000000,0.000000,0.000000,0.000000,0.000000,0.000000,0.000000,0.000000,0.000000,0.000000,0.000000,0.000000,0.000000,0,0,0,0,0,0.000000,0.000000,0.000000,0.000000,0.000000,0.000000,0.000000,0.000000,0,0,0,0,0
134,0,3.440718,1.176185,1.156467,0.000034,0.165656,0.541073,0.537079,0.043738,0.001756,1.311723,0.193414,0.005764,0.000000,0.000078,0.000037,0.017178,0.000017,0.114641,0.000444,0.486789,0.000000,0.000000,0.000000,0,0,0.000000,0.000000,0.000000,0.000000,0.000000,0.000000,0.000000,0.000000,0.000000,0.000000,0.000000,0.000000,0.000000,0.000000,0,0,0,0,0,0.000000,0.000000,0.000000,0.000000,0.000000,0.000000,0.000000,0.000000,0,0,0,0,0
135,0,2.281148,0.000970,0.000000,0.000034,0.155385,0.554793,0.550798,0.043738,0.001756,1.285699,0.193407,0.005764,0.000000,0.000078,0.000037,0.017178,0.000017,0.131785,0.000444,0.486782,0.000000,0.000000,0.000000,0,0,0.000000,0.000000,0.000000,0.000000,0.000000,0.000000,0.000000,0.000000,0.000000,0.000000,0.000000,0.000000,0.000000,0.000000,0,0,0,0,0,0.000000,0.000000,0.000000,0.000000,0.000000,0.000000,0.000000,0.000000,0,0,0,0,0
136,0,2.312998,0.019657,0.000000,0.000034,0.176076,0.537886,0.533891,0.043738,0.001756,1.314429,0.193407,0.005764,0.000000,0.000078,0.000037,0.017178,0.000017,0.133518,0.000444,0.483890,0.000000,0.000000,0.000000,0,0,0.000000,0.000000,0.000000,0.000000,0.000000,0.000000,0.000000,0.000000,0.000000,0.000000,0.000000,0.000000,0.000000,0.000000,0,0,0,0,0,0.000000,0.000000,0.000000,0.000000,0.000000,0.000000,0.000000,0.000000,0,0,0,0,0
137,0,2.296119,0.000970,0.000000,0.000034,0.177768,0.544847,0.540853,0.043738,0.001756,1.308024,0.193407,0.005764,0.000000,0.000078,0.000037,0.017178,0.000017,0.133070,0.000444,0.481554,0.000000,0.000000,0.000000,0,0,0.000000,0.000000,0.000000,0.000000,0.000000,0.000000,0.000000,0.000000,0.000000,0.000000,0.000000,0.000000,0.000000,0.000000,0,0,0,0,0,0.000000,0.000000,0.000000,0.000000,0.000000,0.000000,0.000000,0.000000,0,0,0,0,0
138,0,3.302707,1.054966,1.035248,0.000034,0.172601,0.521915,0.517921,0.043779,0.001756,1.286709,0.193407,0.005764,0.000000,0.000078,0.000037,0.037574,0.000017,0.114641,0.000444,0.478078,0.000000,0.000000,0.000000,0,0,0.000000,0.000000,0.000000,0.000000,0.000000,0.000000,0.000000,0.000000,0.000000,0.000000,0.000000,0.000000,0.000000,0.000000,0,0,0,0,0,0.000000,0.000000,0.000000,0.000000,0.000000,0.000000,0.000000,0.000000,0,0,0,0,0
139,0,2.265486,0.000970,0.000000,0.000034,0.172506,0.537116,0.533122,0.043779,0.001756,1.308767,0.193407,0.005764,0.000000,0.000078,0.000037,0.017178,0.000017,0.114641,0.000444,0.485026,0.000000,0.000000,0.000000,0,0,0.000000,0.000000,0.000000,0.000000,0.000000,0.000000,0.000000,0.000000,0.000000,0.000000,0.000000,0.000000,0.000000,0.000000,0,0,0,0,0,0.000000,0.000000,0.000000,0.000000,0.000000,0.000000,0.000000,0.000000,0,0,0,0,0
140,0,2.311893,0.019687,0.000000,0.000034,0.169552,0.538618,0.534624,0.043779,0.001756,1.337908,0.193407,0.005764,0.000000,0.000078,0.000037,0.017178,0.000017,0.114641,0.000444,0.478088,0.000000,0.000000,0.000000,0,0,0.000000,0.000000,0.000000,0.000000,0.000000,0.000000,0.000000,0.000000,0.000000,0.000000,0.000000,0.000000,0.000000,0.000000,0,0,0,0,0,0.000000,0.000000,0.000000,0.000000,0.000000,0.000000,0.000000,0.000000,0,0,0,0,0
141,0,2.273773,0.000970,0.000000,0.000034,0.155385,0.543810,0.539815,0.043779,0.001756,1.327454,0.208832,0.005764,0.000000,0.000078,0.000037,0.017178,0.000017,0.114641,0.000444,0.486789,0.000000,0.000000,0.000000,0,0,0.000000,0.000000,0.000000,0.000000,0.000000,0.000000,0.000000,0.000000,0.000000,0.000000,0.000000,0.000000,0.000000,0.000000,0,0,0,0,0,0.000000,0.000000,0.000000,0.000000,0.000000,0.000000,0.000000,0.000000,0,0,0,0,0
142,0,3.309397,1.067329,1.047580,0.000034,0.145192,0.544379,0.540382,0.043779,0.001756,1.306329,0.193407,0.005764,0.000000,0.000078,0.000037,0.017178,0.000017,0.114641,0.000444,0.494985,0.000000,0.000000,0.000000,0,0,0.000000,0.000000,0.000000,0.000000,0.000000,0.000000,0.000000,0.000000,0.000000,0.000000,0.000000,0.000000,0.000000,0.000000,0,0,0,0,0,0.000000,0.000000,0.000000,0.000000,0.000000,0.000000,0.000000,0.000000,0,0,0,0,0
143,0,2.363712,0.000970,0.000000,0.000034,0.155385,0.544864,0.540866,0.043606,0.001756,1.416497,0.195726,0.005764,0.000000,0.000078,0.000037,0.017178,0.000017,0.114641,0.000444,0.486318,0.000000,0.000000,0.000000,0,0,0.000000,0.000000,0.000000,0.000000,0.000000,0.000000,0.000000,0.000000,0.000000,0.000000,0.000000,0.000000,0.000000,0.000000,0,0,0,0,0,0.000000,0.000000,0.000000,0.000000,0.000000,0.000000,0.000000,0.000000,0,0,0,0,0
144,0,2.263011,0.019687,0.000000,0.000034,0.155385,0.403425,0.399428,0.043606,0.001756,1.438517,0.214918,0.005764,0.000000,0.000078,0.000037,0.017178,0.000017,0.114641,0.000444,0.479824,0.000000,0.000000,0.000000,0,0,0.000000,0.000000,0.000000,0.000000,0.000000,0.000000,0.000000,0.000000,0.000000,0.000000,0.000000,0.000000,0.000000,0.000000,0,0,0,0,0,0.000000,0.000000,0.000000,0.000000,0.000000,0.000000,0.000000,0.000000,0,0,0,0,0
145,0,2.221948,0.000970,0.000000,0.000034,0.162781,0.393670,0.389672,0.043606,0.001756,1.397909,0.195726,0.005764,0.000000,0.000078,0.000037,0.017178,0.000017,0.135264,0.000444,0.484046,0.000000,0.000000,0.000000,0,0,0.000000,0.000000,0.000000,0.000000,0.000000,0.000000,0.000000,0.000000,0.000000,0.000000,0.000000,0.000000,0.000000,0.000000,0,0,0,0,0,0.000000,0.000000,0.000000,0.000000,0.000000,0.000000,0.000000,0.000000,0,0,0,0,0
146,0,3.368279,1.171984,1.152235,0.000034,0.143016,0.392697,0.388699,0.043606,0.001756,1.414581,0.195726,0.005764,0.000000,0.000078,0.000037,0.017178,0.000017,0.114641,0.000444,0.486789,0.000000,0.000000,0.000000,0,0,0.000000,0.000000,0.000000,0.000000,0.000000,0.000000,0.000000,0.000000,0.000000,0.000000,0.000000,0.000000,0.000000,0.000000,0,0,0,0,0,0.000000,0.000000,0.000000,0.000000,0.000000,0.000000,0.000000,0.000000,0,0,0,0,0
147,0,2.202752,0.000970,0.000000,0.000034,0.146783,0.413601,0.409604,0.043433,0.001756,1.395742,0.195726,0.005764,0.000000,0.000078,0.000037,0.017178,0.000017,0.114641,0.000444,0.496148,0.000000,0.000000,0.000000,0,0,0.000000,0.000000,0.000000,0.000000,0.000000,0.000000,0.000000,0.000000,0.000000,0.000000,0.000000,0.000000,0.000000,0.000000,0,0,0,0,0,0.000000,0.000000,0.000000,0.000000,0.000000,0.000000,0.000000,0.000000,0,0,0,0,0
148,0,2.237939,0.019687,0.000000,0.000034,0.144606,0.419759,0.415761,0.043433,0.001756,1.408230,0.195726,0.005764,0.000000,0.000078,0.000037,0.017178,0.000017,0.114641,0.000444,0.501261,0.000000,0.000000,0.000000,0,0,0.000000,0.000000,0.000000,0.000000,0.000000,0.000000,0.000000,0.000000,0.000000,0.000000,0.000000,0.000000,0.000000,0.000000,0,0,0,0,0,0.000000,0.000000,0.000000,0.000000,0.000000,0.000000,0.000000,0.000000,0,0,0,0,0
149,0,2.217424,0.000970,0.000000,0.000034,0.155385,0.396969,0.392971,0.068214,0.001756,1.394260,0.209273,0.005764,0.000000,0.000078,0.000037,0.017178,0.000017,0.114641,0.000444,0.585425,0.000000,0.000000,0.000000,0,0,0.000000,0.000000,0.000000,0.000000,0.000000,0.000000,0.000000,0.000000,0.000000,0.000000,0.000000,0.000000,0.000000,0.000000,0,0,0,0,0,0.000000,0.000000,0.000000,0.000000,0.000000,0.000000,0.000000,0.000000,0,0,0,0,0
150,0,3.782606,1.569604,1.549856,0.000034,0.166721,0.395643,0.391646,0.045753,0.001756,1.384623,0.195743,0.005764,0.000000,0.000078,0.000037,0.035814,0.000017,0.114641,0.000444,0.483473,0.000000,0.000000,0.000000,0,0,0.000000,0.000000,0.000000,0.000000,0.000000,0.000000,0.000000,0.000000,0.000000,0.000000,0.000000,0.000000,0.000000,0.000000,0,0,0,0,0,0.000000,0.000000,0.000000,0.000000,0.000000,0.000000,0.000000,0.000000,0,0,0,0,0
151,0,2.390856,0.000970,0.000000,0.000034,0.165029,0.530952,0.526954,0.045753,0.001756,1.446526,0.217421,0.005764,0.000000,0.000078,0.000037,0.017178,0.000017,0.114641,0.000444,0.478529,0.000000,0.000000,0.000000,0,0,0.000000,0.000000,0.000000,0.000000,0.000000,0.000000,0.000000,0.000000,0.000000,0.000000,0.000000,0.000000,0.000000,0.000000,0,0,0,0,0,0.000000,0.000000,0.000000,0.000000,0.000000,0.000000,0.000000,0.000000,0,0,0,0,0
152,0,2.400296,0.040534,0.000000,0.000034,0.146623,0.518873,0.514876,0.045753,0.001756,1.446886,0.211124,0.005764,0.000000,0.000078,0.000037,0.017178,0.000017,0.114641,0.000444,0.486966,0.000000,0.000000,0.000000,0,0,0.000000,0.000000,0.000000,0.000000,0.000000,0.000000,0.000000,0.000000,0.000000,0.000000,0.000000,0.000000,0.000000,0.000000,0,0,0,0,0,0.000000,0.000000,0.000000,0.000000,0.000000,0.000000,0.000000,0.000000,0,0,0,0,0
153,0,2.381822,0.000970,0.000000,0.000034,0.148749,0.527490,0.523492,0.045753,0.001756,1.457221,0.215088,0.005764,0.000000,0.000078,0.000037,0.017178,0.000017,0.114641,0.000444,0.480272,0.000000,0.000000,0.000000,0,0,0.000000,0.000000,0.000000,0.000000,0.000000,0.000000,0.000000,0.000000,0.000000,0.000000,0.000000,0.000000,0.000000,0.000000,0,0,0,0,0,0.000000,0.000000,0.000000,0.000000,0.000000,0.000000,0.000000,0.000000,0,0,0,0,0
154,0,4.110016,1.731466,1.711717,0.000034,0.145033,0.518833,0.514835,0.045753,0.001756,1.434048,0.215407,0.005764,0.000000,0.000078,0.000037,0.017178,0.000017,0.128320,0.000444,0.485155,0.000000,0.000000,0.000000,0,0,0.000000,0.000000,0.000000,0.000000,0.000000,0.000000,0.000000,0.000000,0.000000,0.000000,0.000000,0.000000,0.000000,0.000000,0,0,0,0,0,0.000000,0.000000,0.000000,0.000000,0.000000,0.000000,0.000000,0.000000,0,0,0,0,0
155,0,2.394809,0.000970,0.000000,0.000034,0.148749,0.548069,0.544071,0.045753,0.001756,1.451599,0.213976,0.003794,0.000000,0.000078,0.000037,0.017178,0.000017,0.114641,0.000444,0.481296,0.000000,0.000000,0.000000,0,0,0.000000,0.000000,0.000000,0.000000,0.000000,0.000000,0.000000,0.000000,0.000000,0.000000,0.000000,0.000000,0.000000,0.000000,0,0,0,0,0,0.000000,0.000000,0.000000,0.000000,0.000000,0.000000,0.000000,0.000000,0,0,0,0,0
156,0,2.405755,0.019687,0.000000,0.000034,0.155053,0.533654,0.529656,0.045753,0.001756,1.451938,0.195743,0.003794,0.000000,0.000078,0.000037,0.017178,0.000017,0.114641,0.000444,0.481978,0.000000,0.000000,0.000000,0,0,0.000000,0.000000,0.000000,0.000000,0.000000,0.000000,0.000000,0.000000,0.000000,0.000000,0.000000,0.000000,0.000000,0.000000,0,0,0,0,0,0.000000,0.000000,0.000000,0.000000,0.000000,0.000000,0.000000,0.000000,0,0,0,0,0
157,0,2.386895,0.000970,0.000000,0.000034,0.144497,0.549249,0.545251,0.045753,0.001756,1.446757,0.195743,0.003794,0.000000,0.000078,0.000037,0.017178,0.000017,0.114641,0.000444,0.462772,0.000000,0.000000,0.000000,0,0,0.000000,0.000000,0.000000,0.000000,0.000000,0.000000,0.000000,0.000000,0.000000,0.000000,0.000000,0.000000,0.000000,0.000000,0,0,0,0,0,0.000000,0.000000,0.000000,0.000000,0.000000,0.000000,0.000000,0.000000,0,0,0,0,0
158,0,3.736850,1.419271,1.399523,0.000034,0.153463,0.533627,0.529629,0.045753,0.001756,1.385484,0.214132,0.003794,0.000000,0.000078,0.000037,0.017178,0.000017,0.114641,0.000444,0.493615,0.000000,0.000000,0.000000,0,0,0.000000,0.000000,0.000000,0.000000,0.000000,0.000000,0.000000,0.000000,0.000000,0.000000,0.000000,0.000000,0.000000,0.000000,0,0,0,0,0,0.000000,0.000000,0.000000,0.000000,0.000000,0.000000,0.000000,0.000000,0,0,0,0,0
159,0,2.383141,0.000970,0.000000,0.000034,0.155053,0.559913,0.555915,0.045580,0.001756,1.365156,0.195743,0.003794,0.000000,0.000078,0.000037,0.039639,0.000017,0.133976,0.000444,0.462772,0.000000,0.000000,0.000000,0,0,0.000000,0.000000,0.000000,0.000000,0.000000,0.000000,0.000000,0.000000,0.000000,0.000000,0.000000,0.000000,0.000000,0.000000,0,0,0,0,0,0.000000,0.000000,0.000000,0.000000,0.000000,0.000000,0.000000,0.000000,0,0,0,0,0
160,0,2.394457,0.019687,0.000000,0.000034,0.155053,0.558550,0.554552,0.064087,0.001756,1.365923,0.211100,0.003794,0.000000,0.000078,0.000037,0.017178,0.000017,0.146552,0.000444,0.482541,0.000000,0.000000,0.000000,0,0,0.000000,0.000000,0.000000,0.000000,0.000000,0.000000,0.000000,0.000000,0.000000,0.000000,0.000000,0.000000,0.000000,0.000000,0,0,0,0,0,0.000000,0.000000,0.000000,0.000000,0.000000,0.000000,0.000000,0.000000,0,0,0,0,0
161,0,2.476966,0.000970,0.000000,0.000034,0.155053,0.549913,0.545915,0.066176,0.001756,1.485097,0.316457,0.003794,0.000000,0.000078,0.000037,0.017178,0.000017,0.135332,0.000444,0.481259,0.000000,0.000000,0.000000,0,0,0.000000,0.000000,0.000000,0.000000,0.000000,0.000000,0.000000,0.000000,0.000000,0.000000,0.000000,0.000000,0.000000,0.000000,0,0,0,0,0,0.000000,0.000000,0.000000,0.000000,0.000000,0.000000,0.000000,0.000000,0,0,0,0,0
162,0,3.804989,1.511834,1.492086,0.000034,0.153463,0.391707,0.387709,0.045586,0.001756,1.484606,0.326640,0.003794,0.000000,0.000078,0.000037,0.017178,0.000017,0.133542,0.000444,0.462772,0.000000,0.000000,0.000000,0,0,0.000000,0.000000,0.000000,0.000000,0.000000,0.000000,0.000000,0.000000,0.000000,0.000000,0.000000,0.000000,0.000000,0.000000,0,0,0,0,0,0.000000,0.000000,0.000000,0.000000,0.000000,0.000000,0.000000,0.000000,0,0,0,0,0
163,0,2.381209,0.000970,0.000000,0.000034,0.144497,0.392571,0.388574,0.045241,0.001756,1.599036,0.309289,0.003794,0.000000,0.000078,0.000037,0.017178,0.000017,0.114641,0.000444,0.495378,0.000000,0.000000,0.000000,0,0,0.000000,0.000000,0.000000,0.000000,0.000000,0.000000,0.000000,0.000000,0.000000,0.000000,0.000000,0.000000,0.000000,0.000000,0,0,0,0,0,0.000000,0.000000,0.000000,0.000000,0.000000,0.000000,0.000000,0.000000,0,0,0,0,0
164,0,2.400068,0.019687,0.000000,0.000034,0.167182,0.371552,0.367554,0.045247,0.001756,1.583845,0.290731,0.003794,0.000000,0.000078,0.000037,0.017178,0.000017,0.114641,0.000444,0.503370,0.000000,0.000000,0.000000,0,0,0.000000,0.000000,0.000000,0.000000,0.000000,0.000000,0.000000,0.000000,0.000000,0.000000,0.000000,0.000000,0.000000,0.000000,0,0,0,0,0,0.000000,0.000000,0.000000,0.000000,0.000000,0.000000,0.000000,0.000000,0,0,0,0,0
165,0,2.386827,0.000970,0.000000,0.000034,0.167060,0.373271,0.369273,0.045074,0.001756,1.583516,0.319197,0.003794,0.000000,0.000078,0.000037,0.017178,0.000017,0.114641,0.000444,0.485148,0.000000,0.000000,0.000000,0,0,0.000000,0.000000,0.000000,0.000000,0.000000,0.000000,0.000000,0.000000,0.000000,0.000000,0.000000,0.000000,0.000000,0.000000,0,0,0,0,0,0.000000,0.000000,0.000000,0.000000,0.000000,0.000000,0.000000,0.000000,0,0,0,0,0
166,0,3.755134,1.555742,1.535994,0.000034,0.174082,0.393385,0.389387,0.045081,0.001756,1.376231,0.317006,0.003794,0.000000,0.000078,0.000037,0.030789,0.000017,0.114641,0.000444,0.485155,0.000000,0.000000,0.000000,0,0,0.000000,0.000000,0.000000,0.000000,0.000000,0.000000,0.000000,0.000000,0.000000,0.000000,0.000000,0.000000,0.000000,0.000000,0,0,0,0,0,0.000000,0.000000,0.000000,0.000000,0.000000,0.000000,0.000000,0.000000,0,0,0,0,0
167,0,2.194088,0.000970,0.000000,0.000034,0.166073,0.392724,0.388726,0.045081,0.001756,1.371965,0.330743,0.003794,0.000000,0.000078,0.000037,0.017178,0.000017,0.135254,0.000444,0.481493,0.000000,0.000000,0.000000,0,0,0.000000,0.000000,0.000000,0.000000,0.000000,0.000000,0.000000,0.000000,0.000000,0.000000,0.000000,0.000000,0.000000,0.000000,0,0,0,0,0,0.000000,0.000000,0.000000,0.000000,0.000000,0.000000,0.000000,0.000000,0,0,0,0,0
168,0,2.308492,0.019687,0.000000,0.000034,0.146783,0.518938,0.514940,0.045088,0.001756,1.381341,0.343923,0.003794,0.000000,0.000078,0.000037,0.017178,0.000017,0.114641,0.000444,0.483459,0.000000,0.000000,0.000000,0,0,0.000000,0.000000,0.000000,0.000000,0.000000,0.000000,0.000000,0.000000,0.000000,0.000000,0.000000,0.000000,0.000000,0.000000,0,0,0,0,0,0.000000,0.000000,0.000000,0.000000,0.000000,0.000000,0.000000,0.000000,0,0,0,0,0
169,0,2.295973,0.000970,0.000000,0.000034,0.146783,0.519524,0.515527,0.045088,0.001756,1.387472,0.360118,0.003794,0.000000,0.000078,0.000037,0.017178,0.000017,0.114641,0.000444,0.485155,0.000000,0.000000,0.000000,0,0,0.000000,0.000000,0.000000,0.000000,0.000000,0.000000,0.000000,0.000000,0.000000,0.000000,0.000000,0.000000,0.000000,0.000000,0,0,0,0,0,0.000000,0.000000,0.000000,0.000000,0.000000,0.000000,0.000000,0.000000,0,0,0,0,0
170,0,3.862996,1.544362,1.524614,0.000034,0.165368,0.540165,0.536167,0.045081,0.001756,1.371884,0.343682,0.003794,0.000000,0.000078,0.000037,0.017178,0.000017,0.114641,0.000444,0.485155,0.000000,0.000000,0.000000,0,0,0.000000,0.000000,0.000000,0.000000,0.000000,0.000000,0.000000,0.000000,0.000000,0.000000,0.000000,0.000000,0.000000,0.000000,0,0,0,0,0,0.000000,0.000000,0.000000,0.000000,0.000000,0.000000,0.000000,0.000000,0,0,0,0,0
171,0,2.158936,0.000970,0.000000,0.000034,0.144606,0.538106,0.534108,0.045081,0.001756,1.214667,0.200606,0.003794,0.000000,0.000078,0.000037,0.017178,0.000017,0.114641,0.000444,0.500756,0.000000,0.000000,0.000000,0,0,0.000000,0.000000,0.000000,0.000000,0.000000,0.000000,0.000000,0.000000,0.000000,0.000000,0.000000,0.000000,0.000000,0.000000,0,0,0,0,0,0.000000,0.000000,0.000000,0.000000,0.000000,0.000000,0.000000,0.000000,0,0,0,0,0
172,0,2.183638,0.019687,0.000000,0.000034,0.148960,0.514065,0.510067,0.045088,0.001756,1.259701,0.201579,0.003794,0.000000,0.000078,0.000037,0.017178,0.000017,0.114641,0.000444,0.485155,0.000000,0.000000,0.000000,0,0,0.000000,0.000000,0.000000,0.000000,0.000000,0.000000,0.000000,0.000000,0.000000,0.000000,0.000000,0.000000,0.000000,0.000000,0,0,0,0,0,0.000000,0.000000,0.000000,0.000000,0.000000,0.000000,0.000000,0.000000,0,0,0,0,0
173,0,2.182583,0.000970,0.000000,0.000034,0.144606,0.540110,0.536112,0.045095,0.001756,1.255839,0.200460,0.003794,0.000000,0.000078,0.000037,0.017178,0.000017,0.114641,0.000444,0.483317,0.000000,0.000000,0.000000,0,0,0.000000,0.000000,0.000000,0.000000,0.000000,0.000000,0.000000,0.000000,0.000000,0.000000,0.000000,0.000000,0.000000,0.000000,0,0,0,0,0,0.000000,0.000000,0.000000,0.000000,0.000000,0.000000,0.000000,0.000000,0,0,0,0,0
174,0,3.454034,1.309903,1.290154,0.000034,0.166924,0.511373,0.507375,0.045088,0.001756,1.206309,0.185330,0.003794,0.000000,0.000078,0.000037,0.017178,0.000017,0.133731,0.000444,0.481595,0.000000,0.000000,0.000000,0,0,0.000000,0.000000,0.000000,0.000000,0.000000,0.000000,0.000000,0.000000,0.000000,0.000000,0.000000,0.000000,0.000000,0.000000,0,0,0,0,0,0.000000,0.000000,0.000000,0.000000,0.000000,0.000000,0.000000,0.000000,0,0,0,0,0
175,0,2.169925,0.000970,0.000000,0.000034,0.148960,0.546533,0.542535,0.045088,0.024139,1.210819,0.185415,0.003794,0.000000,0.000078,0.000037,0.017178,0.000017,0.114641,0.000444,0.500573,0.000000,0.000000,0.000000,0,0,0.000000,0.000000,0.000000,0.000000,0.000000,0.000000,0.000000,0.000000,0.000000,0.000000,0.000000,0.000000,0.000000,0.000000,0,0,0,0,0,0.000000,0.000000,0.000000,0.000000,0.000000,0.000000,0.000000,0.000000,0,0,0,0,0
176,0,2.212324,0.019687,0.000000,0.000034,0.144606,0.564307,0.560310,0.058584,0.001756,1.229960,0.185445,0.003794,0.000000,0.000078,0.000037,0.017178,0.000017,0.114641,0.000444,0.503961,0.000000,0.000000,0.000000,0,0,0.000000,0.000000,0.000000,0.000000,0.000000,0.000000,0.000000,0.000000,0.000000,0.000000,0.000000,0.000000,0.000000,0.000000,0,0,0,0,0,0.000000,0.000000,0.000000,0.000000,0.000000,0.000000,0.000000,0.000000,0,0,0,0,0
177,0,2.170685,0.000970,0.000000,0.000034,0.148960,0.537340,0.533342,0.045102,0.001756,1.223555,0.185496,0.003794,0.000000,0.000078,0.000037,0.017178,0.000017,0.114641,0.000444,0.501183,0.000000,0.000000,0.000000,0,0,0.000000,0.000000,0.000000,0.000000,0.000000,0.000000,0.000000,0.000000,0.000000,0.000000,0.000000,0.000000,0.000000,0.000000,0,0,0,0,0,0.000000,0.000000,0.000000,0.000000,0.000000,0.000000,0.000000,0.000000,0,0,0,0,0
178,0,3.170590,0.966383,0.946635,0.000034,0.147369,0.509003,0.505005,0.045088,0.001756,1.287357,0.181437,0.003794,0.000000,0.000078,0.000037,0.017178,0.000017,0.114641,0.000444,0.482541,0.000000,0.000000,0.000000,0,0,0.000000,0.000000,0.000000,0.000000,0.000000,0.000000,0.000000,0.000000,0.000000,0.000000,0.000000,0.000000,0.000000,0.000000,0,0,0,0,0,0.000000,0.000000,0.000000,0.000000,0.000000,0.000000,0.000000,0.000000,0,0,0,0,0
179,0,2.242628,0.000970,0.000000,0.000034,0.155385,0.540314,0.517419,0.067556,0.001756,1.264611,0.181495,0.003794,0.000000,0.000078,0.000037,0.017178,0.000017,0.133599,0.000444,0.462772,0.000000,0.000000,0.000000,0,0,0.000000,0.000000,0.000000,0.000000,0.000000,0.000000,0.000000,0.000000,0.000000,0.000000,0.000000,0.000000,0.000000,0.000000,0,0,0,0,0,0.000000,0.000000,0.000000,0.000000,0.000000,0.000000,0.000000,0.000000,0,0,0,0,0
180,0,2.111599,0.019687,0.000000,0.000034,0.165212,0.370887,0.366889,0.045108,0.001756,1.299076,0.185554,0.003794,0.000000,0.000078,0.000037,0.017178,0.000017,0.114641,0.000444,0.485155,0.000000,0.000000,0.000000,0,0,0.000000,0.000000,0.000000,0.000000,0.000000,0.000000,0.000000,0.000000,0.000000,0.000000,0.000000,0.000000,0.000000,0.000000,0,0,0,0,0,0.000000,0.000000,0.000000,0.000000,0.000000,0.000000,0.000000,0.000000,0,0,0,0,0
181,0,2.137115,0.000970,0.000000,0.000034,0.174425,0.368022,0.364024,0.045108,0.001756,1.335215,0.191362,0.003794,0.000000,0.000078,0.000037,0.017178,0.000017,0.114641,0.000444,0.476430,0.000000,0.000000,0.000000,0,0,0.000000,0.000000,0.000000,0.000000,0.000000,0.000000,0.000000,0.000000,0.000000,0.000000,0.000000,0.000000,0.000000,0.000000,0,0,0,0,0,0.000000,0.000000,0.000000,0.000000,0.000000,0.000000,0.000000,0.000000,0,0,0,0,0
182,0,3.371304,1.292436,1.272688,0.000034,0.142775,0.387224,0.383226,0.045108,0.001756,1.309272,0.150296,0.003794,0.000000,0.000078,0.000037,0.017178,0.000017,0.114641,0.000444,0.476410,0.000000,0.000000,0.000000,0,0,0.000000,0.000000,0.000000,0.000000,0.000000,0.000000,0.000000,0.000000,0.000000,0.000000,0.000000,0.000000,0.000000,0.000000,0,0,0,0,0,0.000000,0.000000,0.000000,0.000000,0.000000,0.000000,0.000000,0.000000,0,0,0,0,0
183,0,2.107008,0.000970,0.000000,0.000034,0.163093,0.370344,0.366347,0.063449,0.001756,1.297516,0.150296,0.003794,0.000000,0.000078,0.000037,0.017178,0.000017,0.131788,0.000444,0.462772,0.000000,0.000000,0.000000,0,0,0.000000,0.000000,0.000000,0.000000,0.000000,0.000000,0.000000,0.000000,0.000000,0.000000,0.000000,0.000000,0.000000,0.000000,0,0,0,0,0,0.000000,0.000000,0.000000,0.000000,0.000000,0.000000,0.000000,0.000000,0,0,0,0,0
184,0,2.104387,0.019687,0.000000,0.000034,0.146783,0.388129,0.384132,0.045149,0.001756,1.287767,0.150296,0.003794,0.000000,0.000078,0.000037,0.017178,0.000017,0.137024,0.000444,0.479869,0.000000,0.000000,0.000000,0,0,0.000000,0.000000,0.000000,0.000000,0.000000,0.000000,0.000000,0.000000,0.000000,0.000000,0.000000,0.000000,0.000000,0.000000,0,0,0,0,0,0.000000,0.000000,0.000000,0.000000,0.000000,0.000000,0.000000,0.000000,0,0,0,0,0
185,0,2.098677,0.000970,0.000000,0.000034,0.148960,0.387319,0.383321,0.045156,0.001756,1.302911,0.150296,0.003794,0.000000,0.000078,0.000037,0.017178,0.000017,0.133514,0.000444,0.481656,0.000000,0.000000,0.000000,0,0,0.000000,0.000000,0.000000,0.000000,0.000000,0.000000,0.000000,0.000000,0.000000,0.000000,0.000000,0.000000,0.000000,0.000000,0,0,0,0,0,0.000000,0.000000,0.000000,0.000000,0.000000,0.000000,0.000000,0.000000,0,0,0,0,0
186,0,3.451636,1.226769,1.207021,0.000034,0.146878,0.533434,0.529436,0.045163,0.001756,1.285485,0.161852,0.003794,0.000000,0.000078,0.000037,0.017178,0.000017,0.114641,0.000444,0.504276,0.000000,0.000000,0.000000,0,0,0.000000,0.000000,0.000000,0.000000,0.000000,0.000000,0.000000,0.000000,0.000000,0.000000,0.000000,0.000000,0.000000,0.000000,0,0,0,0,0,0.000000,0.000000,0.000000,0.000000,0.000000,0.000000,0.000000,0.000000,0,0,0,0,0
187,0,2.201803,0.000970,0.000000,0.000034,0.155385,0.536875,0.532878,0.044742,0.001756,1.269341,0.177094,0.003794,0.000000,0.000078,0.000037,0.017178,0.000017,0.114641,0.000444,0.507206,0.000000,0.000000,0.000000,0,0,0.000000,0.000000,0.000000,0.000000,0.000000,0.000000,0.000000,0.000000,0.000000,0.000000,0.000000,0.000000,0.000000,0.000000,0,0,0,0,0,0.000000,0.000000,0.000000,0.000000,0.000000,0.000000,0.000000,0.000000,0,0,0,0,0
188,0,2.237481,0.019687,0.000000,0.000034,0.144606,0.555630,0.551632,0.044735,0.001756,1.278334,0.184228,0.003794,0.000000,0.000078,0.000037,0.017178,0.000017,0.114641,0.000444,0.501397,0.000000,0.000000,0.000000,0,0,0.000000,0.000000,0.000000,0.000000,0.000000,0.000000,0.000000,0.000000,0.000000,0.000000,0.000000,0.000000,0.000000,0.000000,0,0,0,0,0,0.000000,0.000000,0.000000,0.000000,0.000000,0.000000,0.000000,0.000000,0,0,0,0,0
189,0,2.173408,0.000970,0.000000,0.000034,0.146783,0.522668,0.518670,0.044735,0.001756,1.263763,0.161852,0.003794,0.000000,0.000078,0.000037,0.017178,0.000017,0.114641,0.000444,0.507609,0.000000,0.000000,0.000000,0,0,0.000000,0.000000,0.000000,0.000000,0.000000,0.000000,0.000000,0.000000,0.000000,0.000000,0.000000,0.000000,0.000000,0.000000,0,0,0,0,0,0.000000,0.000000,0.000000,0.000000,0.000000,0.000000,0.000000,0.000000,0,0,0,0,0
190,0,3.401699,1.148702,1.128954,0.000034,0.142775,0.569733,0.565735,0.044742,0.001756,1.281450,0.167630,0.003794,0.000000,0.000078,0.000037,0.017178,0.000017,0.134623,0.000444,0.462772,0.000000,0.000000,0.000000,0,0,0.000000,0.000000,0.000000,0.000000,0.000000,0.000000,0.000000,0.000000,0.000000,0.000000,0.000000,0.000000,0.000000,0.000000,0,0,0,0,0,0.000000,0.000000,0.000000,0.000000,0.000000,0.000000,0.000000,0.000000,0,0,0,0,0
191,0,2.239956,0.000970,0.000000,0.000034,0.146783,0.598829,0.594832,0.081441,0.001756,1.217617,0.136315,0.003794,0.000000,0.000078,0.000037,0.017178,0.000017,0.114641,0.000444,0.483660,0.000000,0.000000,0.000000,0,0,0.000000,0.000000,0.000000,0.000000,0.000000,0.000000,0.000000,0.000000,0.000000,0.000000,0.000000,0.000000,0.000000,0.000000,0,0,0,0,0,0.000000,0.000000,0.000000,0.000000,0.000000,0.000000,0.000000,0.000000,0,0,0,0,0
192,0,2.268243,0.019687,0.000000,0.000034,0.148960,0.629727,0.625729,0.044742,0.001756,1.230984,0.127099,0.003794,0.000000,0.000078,0.000037,0.017178,0.000017,0.114641,0.000444,0.479879,0.000000,0.000000,0.000000,0,0,0.000000,0.000000,0.000000,0.000000,0.000000,0.000000,0.000000,0.000000,0.000000,0.000000,0.000000,0.000000,0.000000,0.000000,0,0,0,0,0,0.000000,0.000000,0.000000,0.000000,0.000000,0.000000,0.000000,0.000000,0,0,0,0,0
193,0,2.248423,0.000970,0.000000,0.000034,0.148960,0.627465,0.623467,0.044735,0.001756,1.232151,0.127099,0.003794,0.000000,0.000078,0.000037,0.017178,0.000017,0.114641,0.000444,0.481344,0.000000,0.000000,0.000000,0,0,0.000000,0.000000,0.000000,0.000000,0.000000,0.000000,0.000000,0.000000,0.000000,0.000000,0.000000,0.000000,0.000000,0.000000,0,0,0,0,0,0.000000,0.000000,0.000000,0.000000,0.000000,0.000000,0.000000,0.000000,0,0,0,0,0
194,0,3.365529,1.148244,1.128496,0.000034,0.178046,0.557624,0.553626,0.044735,0.001756,1.206726,0.108799,0.003794,0.000000,0.000078,0.000037,0.017178,0.000017,0.150652,0.000444,0.483385,0.000000,0.000000,0.000000,0,0,0.000000,0.000000,0.000000,0.000000,0.000000,0.000000,0.000000,0.000000,0.000000,0.000000,0.000000,0.000000,0.000000,0.000000,0,0,0,0,0,0.000000,0.000000,0.000000,0.000000,0.000000,0.000000,0.000000,0.000000,0,0,0,0,0
195,0,2.214478,0.000970,0.000000,0.000034,0.170763,0.564229,0.560232,0.044735,0.001756,1.221564,0.114577,0.003794,0.000000,0.000078,0.000037,0.017178,0.000017,0.132714,0.000444,0.462772,0.000000,0.000000,0.000000,0,0,0.000000,0.000000,0.000000,0.000000,0.000000,0.000000,0.000000,0.000000,0.000000,0.000000,0.000000,0.000000,0.000000,0.000000,0,0,0,0,0,0.000000,0.000000,0.000000,0.000000,0.000000,0.000000,0.000000,0.000000,0,0,0,0,0
196,0,2.257145,0.019687,0.000000,0.000034,0.146783,0.603600,0.599603,0.044735,0.001756,1.230977,0.131666,0.003794,0.000000,0.000078,0.000037,0.017178,0.000017,0.131860,0.000444,0.482669,0.000000,0.000000,0.000000,0,0,0.000000,0.000000,0.000000,0.000000,0.000000,0.000000,0.000000,0.000000,0.000000,0.000000,0.000000,0.000000,0.000000,0.000000,0,0,0,0,0,0.000000,0.000000,0.000000,0.000000,0.000000,0.000000,0.000000,0.000000,0,0,0,0,0
197,0,2.198578,0.000970,0.000000,0.000034,0.172523,0.555701,0.551704,0.044735,0.001756,1.211239,0.120355,0.003794,0.000000,0.000078,0.000037,0.017178,0.000017,0.133908,0.000444,0.481815,0.000000,0.000000,0.000000,0,0,0.000000,0.000000,0.000000,0.000000,0.000000,0.000000,0.000000,0.000000,0.000000,0.000000,0.000000,0.000000,0.000000,0.000000,0,0,0,0,0,0.000000,0.000000,0.000000,0.000000,0.000000,0.000000,0.000000,0.000000,0,0,0,0,0
198,0,3.445567,1.392965,1.373216,0.000034,0.142775,0.445930,0.441932,0.044756,0.001756,1.207116,0.139906,0.003794,0.000000,0.000078,0.000037,0.017178,0.000017,0.114641,0.000444,0.499356,0.000000,0.000000,0.000000,0,0,0.000000,0.000000,0.000000,0.000000,0.000000,0.000000,0.000000,0.000000,0.000000,0.000000,0.000000,0.000000,0.000000,0.000000,0,0,0,0,0,0.000000,0.000000,0.000000,0.000000,0.000000,0.000000,0.000000,0.000000,0,0,0,0,0
199,0,2.061066,0.000970,0.000000,0.000034,0.164575,0.429389,0.425391,0.044756,0.001756,1.228271,0.126133,0.003794,0.000000,0.000078,0.000037,0.017178,0.000017,0.114641,0.014116,0.569217,0.000000,0.000000,0.000000,0,0,0.000000,0.000000,0.000000,0.000000,0.000000,0.000000,0.000000,0.000000,0.000000,0.000000,0.000000,0.000000,0.000000,0.000000,0,0,0,0,0,0.000000,0.000000,0.000000,0.000000,0.000000,0.000000,0.000000,0.000000,0,0,0,0,0
200,0,2.081763,0.019687,0.000000,0.000034,0.155385,0.430355,0.426358,0.044756,0.001756,1.203128,0.126133,0.003794,0.000000,0.000078,0.000037,0.017178,0.000017,0.150160,0.000444,0.476295,0.000000,0.000000,0.000000,0,0,0.000000,0.000000,0.000000,0.000000,0.000000,0.000000,0.000000,0.000000,0.000000,0.000000,0.000000,0.000000,0.000000,0.000000,0,0,0,0,0,0.000000,0.000000,0.000000,0.000000,0.000000,0.000000,0.000000,0.000000,0,0,0,0,0
201,0,2.054097,0.000970,0.000000,0.000034,0.167067,0.422228,0.418230,0.044756,0.001756,1.208140,0.126133,0.003794,0.000000,0.000078,0.000037,0.017178,0.000017,0.132819,0.000444,0.504812,0.000000,0.000000,0.000000,0,0,0.000000,0.000000,0.000000,0.000000,0.000000,0.000000,0.000000,0.000000,0.000000,0.000000,0.000000,0.000000,0.000000,0.000000,0,0,0,0,0,0.000000,0.000000,0.000000,0.000000,0.000000,0.000000,0.000000,0.000000,0,0,0,0,0
202,0,3.120402,1.073758,1.054009,0.000034,0.143016,0.424137,0.420139,0.044769,0.001756,1.222005,0.126133,0.003794,0.000000,0.000078,0.000037,0.017178,0.000017,0.134599,0.000444,0.488563,0.000000,0.000000,0.000000,0,0,0.000000,0.000000,0.000000,0.000000,0.000000,0.000000,0.000000,0.000000,0.000000,0.000000,0.000000,0.000000,0.000000,0.000000,0,0,0,0,0,0.000000,0.000000,0.000000,0.000000,0.000000,0.000000,0.000000,0.000000,0,0,0,0,0
203,0,2.058916,0.000970,0.000000,0.000034,0.144606,0.444187,0.440189,0.044769,0.001756,1.213708,0.131911,0.003794,0.000000,0.000078,0.000037,0.017178,0.000017,0.132558,0.000444,0.501173,0.000000,0.000000,0.000000,0,0,0.000000,0.000000,0.000000,0.000000,0.000000,0.000000,0.000000,0.000000,0.000000,0.000000,0.000000,0.000000,0.000000,0.000000,0,0,0,0,0,0.000000,0.000000,0.000000,0.000000,0.000000,0.000000,0.000000,0.000000,0,0,0,0,0
204,0,2.214834,0.019687,0.000000,0.000034,0.146783,0.570353,0.566355,0.044776,0.001756,1.240475,0.150113,0.003794,0.000000,0.000078,0.000037,0.017178,0.000017,0.114641,0.000444,0.502041,0.000000,0.000000,0.000000,0,0,0.000000,0.000000,0.000000,0.000000,0.000000,0.000000,0.000000,0.000000,0.000000,0.000000,0.000000,0.000000,0.000000,0.000000,0,0,0,0,0,0.000000,0.000000,0.000000,0.000000,0.000000,0.000000,0.000000,0.000000,0,0,0,0,0
205,0,2.181376,0.000970,0.000000,0.000034,0.155385,0.559150,0.555152,0.044790,0.001756,1.228322,0.150699,0.003794,0.000000,0.000078,0.000037,0.017178,0.000017,0.114641,0.000444,0.503391,0.000000,0.000000,0.000000,0,0,0.000000,0.000000,0.000000,0.000000,0.000000,0.000000,0.000000,0.000000,0.000000,0.000000,0.000000,0.000000,0.000000,0.000000,0,0,0,0,0,0.000000,0.000000,0.000000,0.000000,0.000000,0.000000,0.000000,0.000000,0,0,0,0,0
206,0,3.266242,1.089081,1.069333,0.000034,0.143016,0.543501,0.539503,0.044790,0.001756,1.234331,0.131911,0.003794,0.000000,0.000078,0.000037,0.017178,0.000017,0.114641,0.000444,0.481415,0.000000,0.000000,0.000000,0,0,0.000000,0.000000,0.000000,0.000000,0.000000,0.000000,0.000000,0.000000,0.000000,0.000000,0.000000,0.000000,0.000000,0.000000,0,0,0,0,0,0.000000,0.000000,0.000000,0.000000,0.000000,0.000000,0.000000,0.000000,0,0,0,0,0
207,0,2.198018,0.000970,0.000000,0.000034,0.146783,0.555674,0.551676,0.044803,0.001756,1.236677,0.131911,0.003794,0.000000,0.000078,0.000037,0.017178,0.000017,0.114641,0.000444,0.482330,0.000000,0.000000,0.000000,0,0,0.000000,0.000000,0.000000,0.000000,0.000000,0.000000,0.000000,0.000000,0.000000,0.000000,0.000000,0.000000,0.000000,0.000000,0,0,0,0,0,0.000000,0.000000,0.000000,0.000000,0.000000,0.000000,0.000000,0.000000,0,0,0,0,0
208,0,2.178728,0.019687,0.000000,0.000034,0.155385,0.528968,0.524970,0.064002,0.001756,1.217926,0.131911,0.003794,0.000000,0.000078,0.000037,0.017178,0.000017,0.114641,0.000444,0.484840,0.000000,0.000000,0.000000,0,0,0.000000,0.000000,0.000000,0.000000,0.000000,0.000000,0.000000,0.000000,0.000000,0.000000,0.000000,0.000000,0.000000,0.000000,0,0,0,0,0,0.000000,0.000000,0.000000,0.000000,0.000000,0.000000,0.000000,0.000000,0,0,0,0,0
209,0,2.202386,0.000970,0.000000,0.000034,0.146783,0.552507,0.548509,0.059462,0.001756,1.249912,0.131911,0.003794,0.000000,0.000078,0.000037,0.017178,0.000017,0.114641,0.000444,0.476040,0.000000,0.000000,0.000000,0,0,0.000000,0.000000,0.000000,0.000000,0.000000,0.000000,0.000000,0.000000,0.000000,0.000000,0.000000,0.000000,0.000000,0.000000,0,0,0,0,0,0.000000,0.000000,0.000000,0.000000,0.000000,0.000000,0.000000,0.000000,0,0,0,0,0
210,0,3.202874,1.064979,1.045230,0.000034,0.183495,0.509054,0.505056,0.044125,0.001756,1.208642,0.131911,0.003794,0.000000,0.000078,0.000037,0.017178,0.000017,0.114641,0.000444,0.491611,0.000000,0.000000,0.000000,0,0,0.000000,0.000000,0.000000,0.000000,0.000000,0.000000,0.000000,0.000000,0.000000,0.000000,0.000000,0.000000,0.000000,0.000000,0,0,0,0,0,0.000000,0.000000,0.000000,0.000000,0.000000,0.000000,0.000000,0.000000,0,0,0,0,0
211,0,2.172119,0.000970,0.000000,0.000034,0.168403,0.546756,0.542759,0.044118,0.001756,1.219293,0.131911,0.003794,0.000000,0.000078,0.000037,0.017178,0.000017,0.114641,0.000444,0.477685,0.000000,0.000000,0.000000,0,0,0.000000,0.000000,0.000000,0.000000,0.000000,0.000000,0.000000,0.000000,0.000000,0.000000,0.000000,0.000000,0.000000,0.000000,0,0,0,0,0,0.000000,0.000000,0.000000,0.000000,0.000000,0.000000,0.000000,0.000000,0,0,0,0,0
212,0,2.213399,0.019687,0.000000,0.000034,0.173689,0.536062,0.532064,0.044118,0.001756,1.227858,0.154371,0.003794,0.000000,0.000078,0.000037,0.017178,0.000017,0.134033,0.000444,0.477871,0.000000,0.000000,0.000000,0,0,0.000000,0.000000,0.000000,0.000000,0.000000,0.000000,0.000000,0.000000,0.000000,0.000000,0.000000,0.000000,0.000000,0.000000,0,0,0,0,0,0.000000,0.000000,0.000000,0.000000,0.000000,0.000000,0.000000,0.000000,0,0,0,0,0
213,0,2.179945,0.000970,0.000000,0.000034,0.165192,0.532701,0.528703,0.044118,0.001756,1.227220,0.131911,0.003794,0.000000,0.000078,0.000037,0.017178,0.000017,0.131792,0.000444,0.482069,0.000000,0.000000,0.000000,0,0,0.000000,0.000000,0.000000,0.000000,0.000000,0.000000,0.000000,0.000000,0.000000,0.000000,0.000000,0.000000,0.000000,0.000000,0,0,0,0,0,0.000000,0.000000,0.000000,0.000000,0.000000,0.000000,0.000000,0.000000,0,0,0,0,0
214,0,3.217489,1.068149,1.026018,0.000034,0.153795,0.520216,0.516218,0.066586,0.001756,1.193766,0.118266,0.003794,0.000000,0.000078,0.000037,0.017178,0.000017,0.137024,0.000444,0.484283,0.000000,0.000000,0.000000,0,0,0.000000,0.000000,0.000000,0.000000,0.000000,0.000000,0.000000,0.000000,0.000000,0.000000,0.000000,0.000000,0.000000,0.000000,0,0,0,0,0,0.000000,0.000000,0.000000,0.000000,0.000000,0.000000,0.000000,0.000000,0,0,0,0,0
215,0,1.983436,0.000970,0.000000,0.000034,0.173706,0.389258,0.385261,0.044152,0.001756,1.160295,0.118266,0.003794,0.000000,0.000078,0.000037,0.017178,0.000017,0.137102,0.000444,0.481893,0.000000,0.000000,0.000000,0,0,0.000000,0.000000,0.000000,0.000000,0.000000,0.000000,0.000000,0.000000,0.000000,0.000000,0.000000,0.000000,0.000000,0.000000,0,0,0,0,0,0.000000,0.000000,0.000000,0.000000,0.000000,0.000000,0.000000,0.000000,0,0,0,0,0
216,0,1.998230,0.042148,0.000000,0.000034,0.146783,0.395192,0.391195,0.044159,0.001756,1.177355,0.118266,0.003794,0.000000,0.000078,0.000037,0.017178,0.000017,0.114641,0.000444,0.487508,0.000000,0.000000,0.000000,0,0,0.000000,0.000000,0.000000,0.000000,0.000000,0.000000,0.000000,0.000000,0.000000,0.000000,0.000000,0.000000,0.000000,0.000000,0,0,0,0,0,0.000000,0.000000,0.000000,0.000000,0.000000,0.000000,0.000000,0.000000,0,0,0,0,0
217,0,1.955149,0.000970,0.000000,0.000034,0.172594,0.392588,0.388590,0.044159,0.001756,1.152245,0.118266,0.003794,0.000000,0.000078,0.000037,0.017178,0.000017,0.114641,0.000444,0.499702,0.000000,0.000000,0.000000,0,0,0.000000,0.000000,0.000000,0.000000,0.000000,0.000000,0.000000,0.000000,0.000000,0.000000,0.000000,0.000000,0.000000,0.000000,0,0,0,0,0,0.000000,0.000000,0.000000,0.000000,0.000000,0.000000,0.000000,0.000000,0,0,0,0,0
218,0,3.157379,1.213138,1.193390,0.000034,0.143016,0.388702,0.384705,0.044200,0.001756,1.175730,0.143382,0.003794,0.000000,0.000078,0.000037,0.017178,0.000017,0.114641,0.000444,0.481462,0.000000,0.000000,0.000000,0,0,0.000000,0.000000,0.000000,0.000000,0.000000,0.000000,0.000000,0.000000,0.000000,0.000000,0.000000,0.000000,0.000000,0.000000,0,0,0,0,0,0.000000,0.000000,0.000000,0.000000,0.000000,0.000000,0.000000,0.000000,0,0,0,0,0
219,0,1.914266,0.000970,0.000000,0.000034,0.144606,0.396474,0.392476,0.044200,0.001756,1.135430,0.104638,0.003794,0.000000,0.000078,0.000037,0.017178,0.000017,0.114641,0.000444,0.506714,0.000000,0.000000,0.000000,0,0,0.000000,0.000000,0.000000,0.000000,0.000000,0.000000,0.000000,0.000000,0.000000,0.000000,0.000000,0.000000,0.000000,0.000000,0,0,0,0,0,0.000000,0.000000,0.000000,0.000000,0.000000,0.000000,0.000000,0.000000,0,0,0,0,0
220,0,1.960632,0.019687,0.000000,0.000034,0.144606,0.410305,0.406308,0.044200,0.001756,1.133837,0.104638,0.003794,0.000000,0.000078,0.000037,0.017178,0.000017,0.130046,0.000444,0.484677,0.000000,0.000000,0.000000,0,0,0.000000,0.000000,0.000000,0.000000,0.000000,0.000000,0.000000,0.000000,0.000000,0.000000,0.000000,0.000000,0.000000,0.000000,0,0,0,0,0,0.000000,0.000000,0.000000,0.000000,0.000000,0.000000,0.000000,0.000000,0,0,0,0,0
221,0,1.928002,0.000970,0.000000,0.000034,0.163496,0.367343,0.363346,0.044200,0.001756,1.140259,0.086951,0.003794,0.000000,0.000078,0.000037,0.017178,0.000017,0.114641,0.000444,0.481347,0.000000,0.000000,0.000000,0,0,0.000000,0.000000,0.000000,0.000000,0.000000,0.000000,0.000000,0.000000,0.000000,0.000000,0.000000,0.000000,0.000000,0.000000,0,0,0,0,0,0.000000,0.000000,0.000000,0.000000,0.000000,0.000000,0.000000,0.000000,0,0,0,0,0
222,0,3.181820,1.231723,1.211975,0.000034,0.165795,0.594520,0.590522,0.042918,0.001756,0.955373,0.073157,0.003794,0.000000,0.000078,0.000037,0.017178,0.000017,0.114641,0.000444,0.482968,0.000000,0.000000,0.000000,0,0,0.000000,0.000000,0.000000,0.000000,0.000000,0.000000,0.000000,0.000000,0.000000,0.000000,0.000000,0.000000,0.000000,0.000000,0,0,0,0,0,0.000000,0.000000,0.000000,0.000000,0.000000,0.000000,0.000000,0.000000,0,0,0,0,0
223,0,1.933360,0.000970,0.000000,0.000034,0.143826,0.569821,0.565823,0.042918,0.001756,0.946187,0.073157,0.003794,0.000000,0.000078,0.000037,0.036018,0.000017,0.114641,0.000444,0.479604,0.000000,0.000000,0.000000,0,0,0.000000,0.000000,0.000000,0.000000,0.000000,0.000000,0.000000,0.000000,0.000000,0.000000,0.000000,0.000000,0.000000,0.000000,0,0,0,0,0,0.000000,0.000000,0.000000,0.000000,0.000000,0.000000,0.000000,0.000000,0,0,0,0,0
224,0,1.652425,0.019687,0.000000,0.000034,0.151540,0.413598,0.409600,0.041477,0.001756,0.834618,0.065057,0.003794,0.000000,0.000078,0.000037,0.017178,0.000017,0.114641,0.000444,0.484840,0.000000,0.000000,0.000000,0,0,0.000000,0.000000,0.000000,0.000000,0.000000,0.000000,0.000000,0.000000,0.000000,0.000000,0.000000,0.000000,0.000000,0.000000,0,0,0,0,0,0.000000,0.000000,0.000000,0.000000,0.000000,0.000000,0.000000,0.000000,0,0,0,0,0
225,0,1.639469,0.000970,0.000000,0.000034,0.145511,0.417118,0.413120,0.041490,0.001756,0.842875,0.065057,0.003794,0.000000,0.000078,0.000037,0.017178,0.000017,0.114641,0.000444,0.480906,0.000000,0.000000,0.000000,0,0,0.000000,0.000000,0.000000,0.000000,0.000000,0.000000,0.000000,0.000000,0.000000,0.000000,0.000000,0.000000,0.000000,0.000000,0,0,0,0,0,0.000000,0.000000,0.000000,0.000000,0.000000,0.000000,0.000000,0.000000,0,0,0,0,0
226,0,2.596870,0.984395,0.964647,0.000034,0.143016,0.414856,0.410858,0.041490,0.001756,0.821608,0.085663,0.003794,0.000000,0.000078,0.000037,0.017178,0.000017,0.114641,0.000444,0.484840,0.000000,0.000000,0.000000,0,0,0.000000,0.000000,0.000000,0.000000,0.000000,0.000000,0.000000,0.000000,0.000000,0.000000,0.000000,0.000000,0.000000,0.000000,0,0,0,0,0,0.000000,0.000000,0.000000,0.000000,0.000000,0.000000,0.000000,0.000000,0,0,0,0,0
227,0,1.631938,0.000970,0.000000,0.000034,0.167894,0.390428,0.386431,0.041490,0.001756,0.822591,0.065057,0.003794,0.000000,0.000078,0.000037,0.017178,0.000017,0.114641,0.000444,0.475749,0.000000,0.000000,0.000000,0,0,0.000000,0.000000,0.000000,0.000000,0.000000,0.000000,0.000000,0.000000,0.000000,0.000000,0.000000,0.000000,0.000000,0.000000,0,0,0,0,0,0.000000,0.000000,0.000000,0.000000,0.000000,0.000000,0.000000,0.000000,0,0,0,0,0
228,0,1.617662,0.019687,0.000000,0.000034,0.167894,0.390428,0.386431,0.061622,0.001756,0.764065,0.073157,0.003794,0.000000,0.000078,0.000037,0.017178,0.000017,0.137102,0.000444,0.484382,0.000000,0.000000,0.000000,0,0,0.000000,0.000000,0.000000,0.000000,0.000000,0.000000,0.000000,0.000000,0.000000,0.000000,0.000000,0.000000,0.000000,0.000000,0,0,0,0,0,0.000000,0.000000,0.000000,0.000000,0.000000,0.000000,0.000000,0.000000,0,0,0,0,0
229,0,1.595001,0.000970,0.000000,0.000034,0.158613,0.412811,0.408813,0.041070,0.001756,0.772895,0.078935,0.003794,0.000000,0.000078,0.000037,0.017178,0.000017,0.131778,0.000444,0.507300,0.000000,0.000000,0.000000,0,0,0.000000,0.000000,0.000000,0.000000,0.000000,0.000000,0.000000,0.000000,0.000000,0.000000,0.000000,0.000000,0.000000,0.000000,0,0,0,0,0,0.000000,0.000000,0.000000,0.000000,0.000000,0.000000,0.000000,0.000000,0,0,0,0,0
230,0,2.599080,1.001350,0.981601,0.000034,0.160085,0.387336,0.383338,0.054633,0.001756,0.790504,0.078935,0.003794,0.000000,0.000078,0.000037,0.017178,0.000017,0.128309,0.000444,0.462457,0.000000,0.000000,0.000000,0,0,0.000000,0.000000,0.000000,0.000000,0.000000,0.000000,0.000000,0.000000,0.000000,0.000000,0.000000,0.000000,0.000000,0.000000,0,0,0,0,0,0.000000,0.000000,0.000000,0.000000,0.000000,0.000000,0.000000,0.000000,0,0,0,0,0
231,0,1.673225,0.021556,0.000000,0.000034,0.143826,0.405979,0.401981,0.039876,0.001756,0.853387,0.074894,0.003794,0.000000,0.000078,0.000037,0.034275,0.000017,0.114641,0.000444,0.504995,0.000000,0.000000,0.000000,0,0,0.000000,0.000000,0.000000,0.000000,0.000000,0.000000,0.000000,0.000000,0.000000,0.000000,0.000000,0.000000,0.000000,0.000000,0,0,0,0,0,0.000000,0.000000,0.000000,0.000000,0.000000,0.000000,0.000000,0.000000,0,0,0,0,0
232,0,1.693515,0.019687,0.000000,0.000034,0.167067,0.406111,0.402113,0.039876,0.001756,0.869239,0.074894,0.003794,0.000000,0.000078,0.000037,0.017178,0.000017,0.114641,0.000444,0.507294,0.000000,0.000000,0.000000,0,0,0.000000,0.000000,0.000000,0.000000,0.000000,0.000000,0.000000,0.000000,0.000000,0.000000,0.000000,0.000000,0.000000,0.000000,0,0,0,0,0,0.000000,0.000000,0.000000,0.000000,0.000000,0.000000,0.000000,0.000000,0,0,0,0,0
233,0,1.699785,0.000970,0.000000,0.000034,0.171421,0.411913,0.407915,0.279310,0.001756,0.312846,0.076572,0.003794,0.000000,0.000078,0.000037,0.017178,0.000017,0.114641,0.000444,0.498966,0.000000,0.000000,0.000000,0,0,0.000000,0.000000,0.000000,0.000000,0.000000,0.000000,0.000000,0.000000,0.000000,0.000000,0.000000,0.000000,0.000000,0.000000,0,0,0,0,0,0.000000,0.000000,0.000000,0.000000,0.000000,0.000000,0.000000,0.000000,0,0,0,0,0
234,0,2.676860,0.972843,0.953094,0.000034,0.143016,0.416453,0.412455,0.039870,0.001756,0.910987,0.074894,0.003794,0.000000,0.000078,0.000037,0.017178,0.000017,0.114641,0.000444,0.477875,0.000000,0.000000,0.000000,0,0,0.000000,0.000000,0.000000,0.000000,0.000000,0.000000,0.000000,0.000000,0.000000,0.000000,0.000000,0.000000,0.000000,0.000000,0,0,0,0,0,0.000000,0.000000,0.000000,0.000000,0.000000,0.000000,0.000000,0.000000,0,0,0,0,0
235,0,1.691257,0.000970,0.000000,0.000034,0.155385,0.435760,0.431763,0.257239,0.001756,0.315423,0.098904,0.003794,0.000000,0.000078,0.000037,0.017178,0.000017,0.114641,0.000444,0.483093,0.000000,0.000000,0.000000,0,0,0.000000,0.000000,0.000000,0.000000,0.000000,0.000000,0.000000,0.000000,0.000000,0.000000,0.000000,0.000000,0.000000,0.000000,0,0,0,0,0,0.000000,0.000000,0.000000,0.000000,0.000000,0.000000,0.000000,0.000000,0,0,0,0,0
236,0,1.679833,0.019687,0.000000,0.000034,0.144606,0.426992,0.422994,0.039283,0.001756,0.855564,0.070835,0.003794,0.000000,0.000078,0.000037,0.017178,0.000017,0.114641,0.000444,0.484840,0.000000,0.000000,0.000000,0,0,0.000000,0.000000,0.000000,0.000000,0.000000,0.000000,0.000000,0.000000,0.000000,0.000000,0.000000,0.000000,0.000000,0.000000,0,0,0,0,0,0.000000,0.000000,0.000000,0.000000,0.000000,0.000000,0.000000,0.000000,0,0,0,0,0
237,0,1.683862,0.000970,0.000000,0.000034,0.146783,0.411255,0.407257,0.294674,0.001756,0.312849,0.096324,0.003794,0.000000,0.000078,0.000037,0.017178,0.000017,0.114641,0.000444,0.480808,0.000000,0.000000,0.000000,0,0,0.000000,0.000000,0.000000,0.000000,0.000000,0.000000,0.000000,0.000000,0.000000,0.000000,0.000000,0.000000,0.000000,0.000000,0,0,0,0,0,0.000000,0.000000,0.000000,0.000000,0.000000,0.000000,0.000000,0.000000,0,0,0,0,0
238,0,2.813226,1.171831,1.152083,0.000034,0.163286,0.400720,0.396722,0.038703,0.001756,0.826016,0.078935,0.003794,0.000000,0.000078,0.000037,0.017178,0.000017,0.114641,0.000444,0.480967,0.000000,0.000000,0.000000,0,0,0.000000,0.000000,0.000000,0.000000,0.000000,0.000000,0.000000,0.000000,0.000000,0.000000,0.000000,0.000000,0.000000,0.000000,0,0,0,0,0,0.000000,0.000000,0.000000,0.000000,0.000000,0.000000,0.000000,0.000000,0,0,0,0,0
239,0,1.806285,0.000970,0.000000,0.000034,0.148960,0.540622,0.536624,0.276849,0.001756,0.293098,0.076572,0.003794,0.000000,0.000078,0.000037,0.017178,0.000017,0.130015,0.000444,0.462457,0.000000,0.000000,0.000000,0,0,0.000000,0.000000,0.000000,0.000000,0.000000,0.000000,0.000000,0.000000,0.000000,0.000000,0.000000,0.000000,0.000000,0.000000,0,0,0,0,0,0.000000,0.000000,0.000000,0.000000,0.000000,0.000000,0.000000,0.000000,0,0,0,0,0
240,0,1.857907,0.019687,0.000000,0.000034,0.155385,0.549778,0.545953,0.057427,0.001756,0.861596,0.070835,0.003794,0.000000,0.000078,0.000037,0.017178,0.000017,0.134942,0.000444,0.476118,0.000000,0.000000,0.000000,0,0,0.000000,0.000000,0.000000,0.000000,0.000000,0.000000,0.000000,0.000000,0.000000,0.000000,0.000000,0.000000,0.000000,0.000000,0,0,0,0,0,0.000000,0.000000,0.000000,0.000000,0.000000,0.000000,0.000000,0.000000,0,0,0,0,0
241,0,1.838718,0.000970,0.000000,0.000034,0.144497,0.566186,0.562361,0.234131,0.001756,0.292925,0.076572,0.003794,0.000000,0.000078,0.000037,0.017178,0.000017,0.137024,0.000444,0.484840,0.000000,0.000000,0.000000,0,0,0.000000,0.000000,0.000000,0.000000,0.000000,0.000000,0.000000,0.000000,0.000000,0.000000,0.000000,0.000000,0.000000,0.000000,0,0,0,0,0,0.000000,0.000000,0.000000,0.000000,0.000000,0.000000,0.000000,0.000000,0,0,0,0,0
242,0,3.029731,1.207133,1.187385,0.000034,0.169118,0.544291,0.540466,0.038391,0.001756,0.877275,0.091980,0.003794,0.000000,0.000078,0.000037,0.017178,0.000017,0.114641,0.000444,0.498549,0.000000,0.000000,0.000000,0,0,0.000000,0.000000,0.000000,0.000000,0.000000,0.000000,0.000000,0.000000,0.000000,0.000000,0.000000,0.000000,0.000000,0.000000,0,0,0,0,0,0.000000,0.000000,0.000000,0.000000,0.000000,0.000000,0.000000,0.000000,0,0,0,0,0
243,0,1.819370,0.000970,0.000000,0.000034,0.168705,0.531969,0.528144,0.232490,0.001756,0.328735,0.076572,0.003794,0.000000,0.000078,0.000037,0.017178,0.000017,0.114641,0.000444,0.480838,0.000000,0.000000,0.000000,0,0,0.000000,0.000000,0.000000,0.000000,0.000000,0.000000,0.000000,0.000000,0.000000,0.000000,0.000000,0.000000,0.000000,0.000000,0,0,0,0,0,0.000000,0.000000,0.000000,0.000000,0.000000,0.000000,0.000000,0.000000,0,0,0,0,0
244,0,1.800357,0.019687,0.000000,0.000034,0.161896,0.550307,0.546482,0.037625,0.001756,0.837297,0.076521,0.003794,0.000000,0.000078,0.000037,0.017178,0.000017,0.114641,0.000444,0.481527,0.000000,0.000000,0.000000,0,0,0.000000,0.000000,0.000000,0.000000,0.000000,0.000000,0.000000,0.000000,0.000000,0.000000,0.000000,0.000000,0.000000,0.000000,0,0,0,0,0,0.000000,0.000000,0.000000,0.000000,0.000000,0.000000,0.000000,0.000000,0,0,0,0,0
245,0,1.796855,0.000970,0.000000,0.000034,0.166996,0.554691,0.550866,0.185584,0.001756,0.310998,0.076572,0.003794,0.000000,0.000078,0.000037,0.017178,0.000017,0.137102,0.000444,0.482056,0.000000,0.000000,0.000000,0,0,0.000000,0.000000,0.000000,0.000000,0.000000,0.000000,0.000000,0.000000,0.000000,0.000000,0.000000,0.000000,0.000000,0.000000,0,0,0,0,0,0.000000,0.000000,0.000000,0.000000,0.000000,0.000000,0.000000,0.000000,0,0,0,0,0
246,0,2.763109,1.028242,1.008494,0.000034,0.143016,0.527812,0.523987,0.037625,0.001756,0.832893,0.076521,0.003794,0.000000,0.000078,0.000037,0.017178,0.000017,0.114641,0.000444,0.481296,0.000000,0.000000,0.000000,0,0,0.000000,0.000000,0.000000,0.000000,0.000000,0.000000,0.000000,0.000000,0.000000,0.000000,0.000000,0.000000,0.000000,0.000000,0,0,0,0,0,0.000000,0.000000,0.000000,0.000000,0.000000,0.000000,0.000000,0.000000,0,0,0,0,0
247,0,1.749986,0.000970,0.000000,0.000034,0.146623,0.548621,0.544796,0.184072,0.001756,0.315135,0.076572,0.003794,0.000000,0.000078,0.000037,0.017178,0.000017,0.114641,0.000444,0.502791,0.000000,0.000000,0.000000,0,0,0.000000,0.000000,0.000000,0.000000,0.000000,0.000000,0.000000,0.000000,0.000000,0.000000,0.000000,0.000000,0.000000,0.000000,0,0,0,0,0,0.000000,0.000000,0.000000,0.000000,0.000000,0.000000,0.000000,0.000000,0,0,0,0,0
248,0,3.018341,0.019687,0.000000,0.000034,0.177514,0.536764,0.532939,0.037625,0.001756,0.816569,0.076521,0.003794,0.000000,0.000078,0.000037,0.017178,0.000017,0.114641,0.000444,0.481734,0.000000,0.000000,0.000000,0,0,0.000000,0.000000,0.000000,0.000000,0.000000,0.000000,0.000000,0.000000,0.000000,0.000000,0.000000,0.000000,0.000000,0.000000,0,0,0,0,0,0.000000,0.000000,0.000000,0.000000,0.000000,0.000000,0.000000,0.000000,0,0,0,0,0
249,0,1.765615,0.000970,0.000000,0.000034,0.144497,0.569285,0.565460,0.037638,0.001756,0.822571,0.076521,0.003794,0.000000,0.000078,0.000037,0.017178,0.000017,0.114641,0.000444,0.591315,0.000000,0.000000,0.000000,0,0,0.000000,0.000000,0.000000,0.000000,0.000000,0.000000,0.000000,0.000000,0.000000,0.000000,0.000000,0.000000,0.000000,0.000000,0,0,0,0,0,0.000000,0.000000,0.000000,0.000000,0.000000,0.000000,0.000000,0.000000,0,0,0,0,0
250,0,3.421173,1.656813,1.637065,0.000034,0.145192,0.562541,0.558716,0.037638,0.001756,0.805952,0.076521,0.003794,0.000000,0.000078,0.000037,0.017178,0.000017,0.114641,0.000444,0.501556,0.000000,0.000000,0.000000,0,0,0.000000,0.000000,0.000000,0.000000,0.000000,0.000000,0.000000,0.000000,0.000000,0.000000,0.000000,0.000000,0.000000,0.000000,0,0,0,0,0,0.000000,0.000000,0.000000,0.000000,0.000000,0.000000,0.000000,0.000000,0,0,0,0,0
251,0,1.632467,0.000970,0.000000,0.000034,0.155053,0.426693,0.422869,0.037652,0.001756,0.821445,0.076521,0.003794,0.000000,0.000078,0.000037,0.017178,0.000017,0.114641,0.000444,0.479509,0.000000,0.000000,0.000000,0,0,0.000000,0.000000,0.000000,0.000000,0.000000,0.000000,0.000000,0.000000,0.000000,0.000000,0.000000,0.000000,0.000000,0.000000,0,0,0,0,0,0.000000,0.000000,0.000000,0.000000,0.000000,0.000000,0.000000,0.000000,0,0,0,0,0
252,0,1.637892,0.019687,0.000000,0.000034,0.146623,0.423411,0.419586,0.037652,0.001756,0.819872,0.095296,0.003794,0.000000,0.000078,0.000037,0.017178,0.000017,0.114641,0.000444,0.480903,0.000000,0.000000,0.000000,0,0,0.000000,0.000000,0.000000,0.000000,0.000000,0.000000,0.000000,0.000000,0.000000,0.000000,0.000000,0.000000,0.000000,0.000000,0,0,0,0,0,0.000000,0.000000,0.000000,0.000000,0.000000,0.000000,0.000000,0.000000,0,0,0,0,0
253,0,1.723426,0.000970,0.000000,0.000034,0.155053,0.401527,0.397702,0.037659,0.001756,0.937744,0.056522,0.003794,0.000000,0.000078,0.000037,0.017178,0.000017,0.114641,0.000444,0.481272,0.000000,0.000000,0.000000,0,0,0.000000,0.000000,0.000000,0.000000,0.000000,0.000000,0.000000,0.000000,0.000000,0.000000,0.000000,0.000000,0.000000,0.000000,0,0,0,0,0,0.000000,0.000000,0.000000,0.000000,0.000000,0.000000,0.000000,0.000000,0,0,0,0,0
254,0,1.734616,0.019687,0.000000,0.000034,0.144606,0.400343,0.396518,0.037659,0.001756,0.941847,0.056522,0.003794,0.000000,0.000078,0.000037,0.017178,0.000017,0.114641,0.000444,0.477800,0.000000,0.000000,0.000000,0,0,0.000000,0.000000,0.000000,0.000000,0.000000,0.000000,0.000000,0.000000,0.000000,0.000000,0.000000,0.000000,0.000000,0.000000,0,0,0,0,0,0.000000,0.000000,0.000000,0.000000,0.000000,0.000000,0.000000,0.000000,0,0,0,0,0
255,0,1.901048,0.000970,0.000000,0.000034,0.155385,0.398200,0.394375,0.037659,0.001756,1.099989,0.056522,0.003794,0.000000,0.000078,0.000037,0.017178,0.000017,0.133192,0.000444,0.480855,0.000000,0.000000,0.000000,0,0,0.000000,0.000000,0.000000,0.000000,0.000000,0.000000,0.000000,0.000000,0.000000,0.000000,0.000000,0.000000,0.000000,0.000000,0,0,0,0,0,0.000000,0.000000,0.000000,0.000000,0.000000,0.000000,0.000000,0.000000,0,0,0,0,0
256,0,2.970133,1.059028,1.039280,0.000034,0.167653,0.421675,0.417850,0.037659,0.001756,1.093825,0.056522,0.003794,0.000000,0.000078,0.000037,0.017178,0.000017,0.114641,0.000444,0.501421,0.000000,0.000000,0.000000,0,0,0.000000,0.000000,0.000000,0.000000,0.000000,0.000000,0.000000,0.000000,0.000000,0.000000,0.000000,0.000000,0.000000,0.000000,0,0,0,0,0,0.000000,0.000000,0.000000,0.000000,0.000000,0.000000,0.000000,0.000000,0,0,0,0,0
257,0,2.016985,0.000970,0.000000,0.000034,0.171685,0.530697,0.526872,0.037659,0.001756,1.085680,0.056522,0.003794,0.000000,0.000078,0.000037,0.017178,0.000017,0.114641,0.000444,0.484300,0.000000,0.000000,0.000000,0,0,0.000000,0.000000,0.000000,0.000000,0.000000,0.000000,0.000000,0.000000,0.000000,0.000000,0.000000,0.000000,0.000000,0.000000,0,0,0,0,0,0.000000,0.000000,0.000000,0.000000,0.000000,0.000000,0.000000,0.000000,0,0,0,0,0
258,0,2.036814,0.019687,0.000000,0.000034,0.166002,0.528517,0.524692,0.037665,0.001756,1.094642,0.056522,0.003794,0.000000,0.000078,0.000037,0.017178,0.000017,0.114641,0.000444,0.483131,0.000000,0.000000,0.000000,0,0,0.000000,0.000000,0.000000,0.000000,0.000000,0.000000,0.000000,0.000000,0.000000,0.000000,0.000000,0.000000,0.000000,0.000000,0,0,0,0,0,0.000000,0.000000,0.000000,0.000000,0.000000,0.000000,0.000000,0.000000,0,0,0,0,0
259,0,2.039598,0.000970,0.000000,0.000034,0.173459,0.545298,0.541473,0.037665,0.001756,1.091905,0.056522,0.003794,0.000000,0.000078,0.000037,0.017178,0.000017,0.114641,0.000444,0.478282,0.000000,0.000000,0.000000,0,0,0.000000,0.000000,0.000000,0.000000,0.000000,0.000000,0.000000,0.000000,0.000000,0.000000,0.000000,0.000000,0.000000,0.000000,0,0,0,0,0,0.000000,0.000000,0.000000,0.000000,0.000000,0.000000,0.000000,0.000000,0,0,0,0,0
260,0,1.885139,0.019687,0.000000,0.000034,0.165415,0.528836,0.525011,0.037326,0.001756,0.943559,0.083798,0.003794,0.000000,0.000078,0.000037,0.017178,0.000017,0.114641,0.000444,0.486064,0.000000,0.000000,0.000000,0,0,0.000000,0.000000,0.000000,0.000000,0.000000,0.000000,0.000000,0.000000,0.000000,0.000000,0.000000,0.000000,0.000000,0.000000,0,0,0,0,0,0.000000,0.000000,0.000000,0.000000,0.000000,0.000000,0.000000,0.000000,0,0,0,0,0
261,0,1.893836,0.000970,0.000000,0.000034,0.169166,0.532966,0.529141,0.037326,0.001756,0.963094,0.056522,0.003794,0.000000,0.000078,0.000037,0.017178,0.000017,0.114641,0.000444,0.480011,0.000000,0.000000,0.000000,0,0,0.000000,0.000000,0.000000,0.000000,0.000000,0.000000,0.000000,0.000000,0.000000,0.000000,0.000000,0.000000,0.000000,0.000000,0,0,0,0,0,0.000000,0.000000,0.000000,0.000000,0.000000,0.000000,0.000000,0.000000,0,0,0,0,0
262,0,2.935120,1.059350,1.021454,0.000034,0.145192,0.524519,0.520694,0.037326,0.001756,0.978417,0.077118,0.003794,0.000000,0.000078,0.000037,0.017178,0.000017,0.114641,0.000444,0.486983,0.000000,0.000000,0.000000,0,0,0.000000,0.000000,0.000000,0.000000,0.000000,0.000000,0.000000,0.000000,0.000000,0.000000,0.000000,0.000000,0.000000,0.000000,0,0,0,0,0,0.000000,0.000000,0.000000,0.000000,0.000000,0.000000,0.000000,0.000000,0,0,0,0,0
263,0,1.903368,0.000970,0.000000,0.000034,0.148960,0.532973,0.529148,0.036981,0.001756,0.993171,0.056522,0.003794,0.000000,0.000078,0.000037,0.017178,0.000017,0.114641,0.000444,0.503421,0.000000,0.000000,0.000000,0,0,0.000000,0.000000,0.000000,0.000000,0.000000,0.000000,0.000000,0.000000,0.000000,0.000000,0.000000,0.000000,0.000000,0.000000,0,0,0,0,0,0.000000,0.000000,0.000000,0.000000,0.000000,0.000000,0.000000,0.000000,0,0,0,0,0
264,0,1.937961,0.019718,0.000000,0.000034,0.171427,0.533532,0.529707,0.036981,0.001756,0.985989,0.056522,0.003794,0.000000,0.000078,0.000037,0.017178,0.000017,0.114641,0.000444,0.496504,0.000000,0.000000,0.000000,0,0,0.000000,0.000000,0.000000,0.000000,0.000000,0.000000,0.000000,0.000000,0.000000,0.000000,0.000000,0.000000,0.000000,0.000000,0,0,0,0,0,0.000000,0.000000,0.000000,0.000000,0.000000,0.000000,0.000000,0.000000,0,0,0,0,0
265,0,1.894050,0.000970,0.000000,0.000034,0.148966,0.554650,0.550825,0.036981,0.001756,0.962168,0.037903,0.003794,0.000000,0.000078,0.000037,0.017178,0.000017,0.114641,0.000444,0.498871,0.000000,0.000000,0.000000,0,0,0.000000,0.000000,0.000000,0.000000,0.000000,0.000000,0.000000,0.000000,0.000000,0.000000,0.000000,0.000000,0.000000,0.000000,0,0,0,0,0,0.000000,0.000000,0.000000,0.000000,0.000000,0.000000,0.000000,0.000000,0,0,0,0,0
266,0,1.834852,0.019687,0.000000,0.000034,0.148966,0.536370,0.532545,0.037014,0.001756,0.903090,0.037903,0.003794,0.000000,0.000078,0.000037,0.017178,0.000017,0.114641,0.000444,0.483483,0.000000,0.000000,0.000000,0,0,0.000000,0.000000,0.000000,0.000000,0.000000,0.000000,0.000000,0.000000,0.000000,0.000000,0.000000,0.000000,0.000000,0.000000,0,0,0,0,0,0.000000,0.000000,0.000000,0.000000,0.000000,0.000000,0.000000,0.000000,0,0,0,0,0
267,0,1.860189,0.000970,0.000000,0.000034,0.146790,0.563209,0.559384,0.037014,0.001756,0.900099,0.037903,0.003794,0.000000,0.000078,0.000037,0.017178,0.000017,0.137024,0.000444,0.464620,0.000000,0.000000,0.000000,0,0,0.000000,0.000000,0.000000,0.000000,0.000000,0.000000,0.000000,0.000000,0.000000,0.000000,0.000000,0.000000,0.000000,0.000000,0,0,0,0,0,0.000000,0.000000,0.000000,0.000000,0.000000,0.000000,0.000000,0.000000,0,0,0,0,0
268,0,2.783362,0.960704,0.940955,0.000034,0.153795,0.520844,0.517019,0.037014,0.001756,0.921455,0.037903,0.003794,0.000000,0.000078,0.000037,0.017178,0.000017,0.114641,0.000444,0.485362,0.000000,0.000000,0.000000,0,0,0.000000,0.000000,0.000000,0.000000,0.000000,0.000000,0.000000,0.000000,0.000000,0.000000,0.000000,0.000000,0.000000,0.000000,0,0,0,0,0,0.000000,0.000000,0.000000,0.000000,0.000000,0.000000,0.000000,0.000000,0,0,0,0,0
269,0,1.693726,0.000970,0.000000,0.000034,0.144613,0.396050,0.392225,0.037014,0.001756,0.925527,0.037903,0.003794,0.000000,0.000078,0.000037,0.017178,0.000017,0.114641,0.000444,0.486274,0.000000,0.000000,0.000000,0,0,0.000000,0.000000,0.000000,0.000000,0.000000,0.000000,0.000000,0.000000,0.000000,0.000000,0.000000,0.000000,0.000000,0.000000,0,0,0,0,0,0.000000,0.000000,0.000000,0.000000,0.000000,0.000000,0.000000,0.000000,0,0,0,0,0
270,0,1.634009,0.019687,0.000000,0.000034,0.148966,0.296282,0.292457,0.037014,0.001756,0.942488,0.037903,0.003794,0.000000,0.000078,0.000037,0.017178,0.000017,0.114641,0.000444,0.483392,0.000000,0.000000,0.000000,0,0,0.000000,0.000000,0.000000,0.000000,0.000000,0.000000,0.000000,0.000000,0.000000,0.000000,0.000000,0.000000,0.000000,0.000000,0,0,0,0,0,0.000000,0.000000,0.000000,0.000000,0.000000,0.000000,0.000000,0.000000,0,0,0,0,0
271,0,1.590132,0.000970,0.000000,0.000034,0.148966,0.293742,0.289917,0.037014,0.001756,0.897471,0.037903,0.003794,0.000000,0.000078,0.000037,0.039554,0.000017,0.114641,0.000444,0.505920,0.000000,0.000000,0.000000,0,0,0.000000,0.000000,0.000000,0.000000,0.000000,0.000000,0.000000,0.000000,0.000000,0.000000,0.000000,0.000000,0.000000,0.000000,0,0,0,0,0,0.000000,0.000000,0.000000,0.000000,0.000000,0.000000,0.000000,0.000000,0,0,0,0,0
272,0,1.613892,0.019687,0.000000,0.000034,0.148966,0.293959,0.290134,0.036841,0.001756,0.924845,0.037903,0.003794,0.000000,0.000078,0.000037,0.017178,0.000017,0.114641,0.000444,0.487003,0.000000,0.000000,0.000000,0,0,0.000000,0.000000,0.000000,0.000000,0.000000,0.000000,0.000000,0.000000,0.000000,0.000000,0.000000,0.000000,0.000000,0.000000,0,0,0,0,0,0.000000,0.000000,0.000000,0.000000,0.000000,0.000000,0.000000,0.000000,0,0,0,0,0
273,0,1.613376,0.000970,0.000000,0.000034,0.168291,0.275306,0.271481,0.036841,0.001756,0.942376,0.037903,0.003794,0.000000,0.000078,0.000037,0.017178,0.000017,0.114641,0.000444,0.483446,0.000000,0.000000,0.000000,0,0,0.000000,0.000000,0.000000,0.000000,0.000000,0.000000,0.000000,0.000000,0.000000,0.000000,0.000000,0.000000,0.000000,0.000000,0,0,0,0,0,0.000000,0.000000,0.000000,0.000000,0.000000,0.000000,0.000000,0.000000,0,0,0,0,0
274,0,2.663930,1.070265,1.050517,0.000034,0.166853,0.303880,0.300056,0.036841,0.001756,0.896498,0.037903,0.003794,0.000000,0.000078,0.000037,0.017178,0.000017,0.114641,0.000444,0.481703,0.000000,0.000000,0.000000,0,0,0.000000,0.000000,0.000000,0.000000,0.000000,0.000000,0.000000,0.000000,0.000000,0.000000,0.000000,0.000000,0.000000,0.000000,0,0,0,0,0,0.000000,0.000000,0.000000,0.000000,0.000000,0.000000,0.000000,0.000000,0,0,0,0,0
275,0,1.714867,0.000970,0.000000,0.000034,0.163381,0.393650,0.389825,0.036841,0.001756,0.896976,0.037903,0.003794,0.000000,0.000078,0.000037,0.017178,0.000017,0.134667,0.000444,0.482615,0.000000,0.000000,0.000000,0,0,0.000000,0.000000,0.000000,0.000000,0.000000,0.000000,0.000000,0.000000,0.000000,0.000000,0.000000,0.000000,0.000000,0.000000,0,0,0,0,0,0.000000,0.000000,0.000000,0.000000,0.000000,0.000000,0.000000,0.000000,0,0,0,0,0
276,0,1.779270,0.019687,0.000000,0.000034,0.163907,0.431179,0.427355,0.036669,0.001756,0.938229,0.037903,0.003794,0.000000,0.000078,0.000037,0.017178,0.000017,0.114641,0.000444,0.483276,0.000000,0.000000,0.000000,0,0,0.000000,0.000000,0.000000,0.000000,0.000000,0.000000,0.000000,0.000000,0.000000,0.000000,0.000000,0.000000,0.000000,0.000000,0,0,0,0,0,0.000000,0.000000,0.000000,0.000000,0.000000,0.000000,0.000000,0.000000,0,0,0,0,0
277,0,1.701185,0.000970,0.000000,0.000034,0.167074,0.428802,0.424978,0.036669,0.001756,0.863912,0.015489,0.003794,0.000000,0.000078,0.000037,0.031338,0.000017,0.114641,0.000444,0.491536,0.000000,0.000000,0.000000,0,0,0.000000,0.000000,0.000000,0.000000,0.000000,0.000000,0.000000,0.000000,0.000000,0.000000,0.000000,0.000000,0.000000,0.000000,0,0,0,0,0,0.000000,0.000000,0.000000,0.000000,0.000000,0.000000,0.000000,0.000000,0,0,0,0,0
278,0,1.737996,0.019687,0.000000,0.000034,0.155392,0.457818,0.453993,0.036669,0.001756,0.878838,0.015489,0.003794,0.000000,0.000078,0.000037,0.017178,0.000017,0.114641,0.000444,0.505937,0.000000,0.000000,0.000000,0,0,0.000000,0.000000,0.000000,0.000000,0.000000,0.000000,0.000000,0.000000,0.000000,0.000000,0.000000,0.000000,0.000000,0.000000,0,0,0,0,0,0.000000,0.000000,0.000000,0.000000,0.000000,0.000000,0.000000,0.000000,0,0,0,0,0
279,0,1.673180,0.000970,0.000000,0.000034,0.144613,0.418084,0.414259,0.036669,0.001756,0.883253,0.015489,0.003794,0.000000,0.000078,0.000037,0.017178,0.000017,0.114641,0.000444,0.500746,0.000000,0.000000,0.000000,0,0,0.000000,0.000000,0.000000,0.000000,0.000000,0.000000,0.000000,0.000000,0.000000,0.000000,0.000000,0.000000,0.000000,0.000000,0,0,0,0,0,0.000000,0.000000,0.000000,0.000000,0.000000,0.000000,0.000000,0.000000,0,0,0,0,0
280,0,3.008714,1.276445,1.256697,0.000034,0.161007,0.392429,0.388604,0.036669,0.001756,0.933689,0.015472,0.003794,0.000000,0.000078,0.000037,0.017178,0.000017,0.133704,0.000444,0.483219,0.000000,0.000000,0.000000,0,0,0.000000,0.000000,0.000000,0.000000,0.000000,0.000000,0.000000,0.000000,0.000000,0.000000,0.000000,0.000000,0.000000,0.000000,0,0,0,0,0,0.000000,0.000000,0.000000,0.000000,0.000000,0.000000,0.000000,0.000000,0,0,0,0,0
281,0,1.743554,0.000970,0.000000,0.000034,0.146623,0.457682,0.453857,0.036323,0.001756,0.912882,0.036007,0.003794,0.000000,0.000078,0.000037,0.017178,0.000017,0.114641,0.000444,0.484572,0.000000,0.000000,0.000000,0,0,0.000000,0.000000,0.000000,0.000000,0.000000,0.000000,0.000000,0.000000,0.000000,0.000000,0.000000,0.000000,0.000000,0.000000,0,0,0,0,0,0.000000,0.000000,0.000000,0.000000,0.000000,0.000000,0.000000,0.000000,0,0,0,0,0
282,0,1.734443,0.019718,0.000000,0.000034,0.144497,0.432875,0.429050,0.035041,0.001756,0.913232,0.015472,0.003794,0.000000,0.000078,0.000037,0.017178,0.000017,0.114641,0.000444,0.483443,0.000000,0.000000,0.000000,0,0,0.000000,0.000000,0.000000,0.000000,0.000000,0.000000,0.000000,0.000000,0.000000,0.000000,0.000000,0.000000,0.000000,0.000000,0,0,0,0,0,0.000000,0.000000,0.000000,0.000000,0.000000,0.000000,0.000000,0.000000,0,0,0,0,0
283,0,1.770545,0.000970,0.000000,0.000034,0.155053,0.465824,0.461999,0.035041,0.001756,0.925249,0.015472,0.003794,0.000000,0.000078,0.000037,0.017178,0.000017,0.114641,0.000444,0.486935,0.000000,0.000000,0.000000,0,0,0.000000,0.000000,0.000000,0.000000,0.000000,0.000000,0.000000,0.000000,0.000000,0.000000,0.000000,0.000000,0.000000,0.000000,0,0,0,0,0,0.000000,0.000000,0.000000,0.000000,0.000000,0.000000,0.000000,0.000000,0,0,0,0,0
284,0,1.746273,0.019687,0.000000,0.000034,0.148749,0.431831,0.428006,0.035041,0.001756,0.901859,0.015472,0.003794,0.000000,0.000078,0.000037,0.017178,0.000017,0.114641,0.000444,0.486935,0.000000,0.000000,0.000000,0,0,0.000000,0.000000,0.000000,0.000000,0.000000,0.000000,0.000000,0.000000,0.000000,0.000000,0.000000,0.000000,0.000000,0.000000,0,0,0,0,0,0.000000,0.000000,0.000000,0.000000,0.000000,0.000000,0.000000,0.000000,0,0,0,0,0
285,0,1.737796,0.000970,0.000000,0.000034,0.146623,0.440969,0.437144,0.035041,0.001756,0.925785,0.015472,0.003794,0.000000,0.000078,0.000037,0.017178,0.000017,0.114641,0.000444,0.483365,0.000000,0.000000,0.000000,0,0,0.000000,0.000000,0.000000,0.000000,0.000000,0.000000,0.000000,0.000000,0.000000,0.000000,0.000000,0.000000,0.000000,0.000000,0,0,0,0,0,0.000000,0.000000,0.000000,0.000000,0.000000,0.000000,0.000000,0.000000,0,0,0,0,0
286,0,3.056407,1.468004,1.448256,0.000034,0.145033,0.284583,0.280758,0.035041,0.001756,0.914669,0.015472,0.003794,0.000000,0.000078,0.000037,0.017178,0.000017,0.135301,0.000444,0.483548,0.000000,0.000000,0.000000,0,0,0.000000,0.000000,0.000000,0.000000,0.000000,0.000000,0.000000,0.000000,0.000000,0.000000,0.000000,0.000000,0.000000,0.000000,0,0,0,0,0,0.000000,0.000000,0.000000,0.000000,0.000000,0.000000,0.000000,0.000000,0,0,0,0,0
287,0,1.608554,0.000970,0.000000,0.000034,0.146623,0.298682,0.294857,0.035041,0.001756,0.938822,0.015472,0.003794,0.000000,0.000078,0.000037,0.017178,0.000017,0.114641,0.000444,0.482893,0.000000,0.000000,0.000000,0,0,0.000000,0.000000,0.000000,0.000000,0.000000,0.000000,0.000000,0.000000,0.000000,0.000000,0.000000,0.000000,0.000000,0.000000,0,0,0,0,0,0.000000,0.000000,0.000000,0.000000,0.000000,0.000000,0.000000,0.000000,0,0,0,0,0
288,0,1.619164,0.019687,0.000000,0.000034,0.155053,0.294701,0.290877,0.035041,0.001756,0.926273,0.015472,0.003794,0.000000,0.000078,0.000037,0.017178,0.000017,0.114641,0.000444,0.486935,0.000000,0.000000,0.000000,0,0,0.000000,0.000000,0.000000,0.000000,0.000000,0.000000,0.000000,0.000000,0.000000,0.000000,0.000000,0.000000,0.000000,0.000000,0,0,0,0,0,0.000000,0.000000,0.000000,0.000000,0.000000,0.000000,0.000000,0.000000,0,0,0,0,0
289,0,1.575453,0.000970,0.000000,0.000034,0.146623,0.294169,0.290344,0.034868,0.001756,0.910838,0.015472,0.003794,0.000000,0.000078,0.000037,0.017178,0.000017,0.114641,0.000444,0.479977,0.000000,0.000000,0.000000,0,0,0.000000,0.000000,0.000000,0.000000,0.000000,0.000000,0.000000,0.000000,0.000000,0.000000,0.000000,0.000000,0.000000,0.000000,0,0,0,0,0,0.000000,0.000000,0.000000,0.000000,0.000000,0.000000,0.000000,0.000000,0,0,0,0,0
290,0,1.593262,0.019687,0.000000,0.000034,0.177429,0.272346,0.268521,0.034868,0.001756,0.878486,0.015472,0.003794,0.000000,0.000078,0.000037,0.039639,0.000017,0.114641,0.000444,0.478238,0.000000,0.000000,0.000000,0,0,0.000000,0.000000,0.000000,0.000000,0.000000,0.000000,0.000000,0.000000,0.000000,0.000000,0.000000,0.000000,0.000000,0.000000,0,0,0,0,0,0.000000,0.000000,0.000000,0.000000,0.000000,0.000000,0.000000,0.000000,0,0,0,0,0
291,0,1.571058,0.000970,0.000000,0.000034,0.166026,0.276350,0.272525,0.034868,0.001756,0.885891,0.015472,0.003794,0.000000,0.000078,0.000037,0.017178,0.000017,0.133603,0.000444,0.481611,0.000000,0.000000,0.000000,0,0,0.000000,0.000000,0.000000,0.000000,0.000000,0.000000,0.000000,0.000000,0.000000,0.000000,0.000000,0.000000,0.000000,0.000000,0,0,0,0,0,0.000000,0.000000,0.000000,0.000000,0.000000,0.000000,0.000000,0.000000,0,0,0,0,0
292,0,1.517537,0.019687,0.000000,0.000034,0.176880,0.272369,0.268545,0.034095,0.001756,0.808451,0.015472,0.003794,0.000000,0.000078,0.000037,0.017178,0.000017,0.114641,0.000444,0.504761,0.000000,0.000000,0.000000,0,0,0.000000,0.000000,0.000000,0.000000,0.000000,0.000000,0.000000,0.000000,0.000000,0.000000,0.000000,0.000000,0.000000,0.000000,0,0,0,0,0,0.000000,0.000000,0.000000,0.000000,0.000000,0.000000,0.000000,0.000000,0,0,0,0,0
293,0,1.366123,0.000970,0.000000,0.000034,0.161055,0.401038,0.397213,0.033322,0.001756,0.582516,0.015472,0.003794,0.000000,0.000078,0.000037,0.017178,0.000017,0.114641,0.000444,0.506188,0.000000,0.000000,0.000000,0,0,0.000000,0.000000,0.000000,0.000000,0.000000,0.000000,0.000000,0.000000,0.000000,0.000000,0.000000,0.000000,0.000000,0.000000,0,0,0,0,0,0.000000,0.000000,0.000000,0.000000,0.000000,0.000000,0.000000,0.000000,0,0,0,0,0
294,0,3.116465,1.747555,1.727807,0.000034,0.165368,0.429464,0.425639,0.033322,0.001756,0.539008,0.015489,0.003794,0.000000,0.000078,0.000037,0.017178,0.000017,0.129944,0.000444,0.485124,0.000000,0.000000,0.000000,0,0,0.000000,0.000000,0.000000,0.000000,0.000000,0.000000,0.000000,0.000000,0.000000,0.000000,0.000000,0.000000,0.000000,0.000000,0,0,0,0,0,0.000000,0.000000,0.000000,0.000000,0.000000,0.000000,0.000000,0.000000,0,0,0,0,0
295,0,1.336555,0.000970,0.000000,0.000034,0.160278,0.417494,0.413669,0.033322,0.001756,0.538384,0.015489,0.003794,0.000000,0.000078,0.000037,0.017178,0.000017,0.114641,0.000444,0.484175,0.000000,0.000000,0.000000,0,0,0.000000,0.000000,0.000000,0.000000,0.000000,0.000000,0.000000,0.000000,0.000000,0.000000,0.000000,0.000000,0.000000,0.000000,0,0,0,0,0,0.000000,0.000000,0.000000,0.000000,0.000000,0.000000,0.000000,0.000000,0,0,0,0,0
296,0,1.380107,0.019687,0.000000,0.000034,0.144606,0.415880,0.412055,0.033322,0.001756,0.578169,0.015489,0.003794,0.000000,0.000078,0.000037,0.017178,0.000017,0.117323,0.000444,0.484192,0.000000,0.000000,0.000000,0,0,0.000000,0.000000,0.000000,0.000000,0.000000,0.000000,0.000000,0.000000,0.000000,0.000000,0.000000,0.000000,0.000000,0.000000,0,0,0,0,0,0.000000,0.000000,0.000000,0.000000,0.000000,0.000000,0.000000,0.000000,0,0,0,0,0
297,0,1.335921,0.000970,0.000000,0.000034,0.144606,0.429579,0.425754,0.033322,0.001756,0.541684,0.015489,0.003794,0.000000,0.000078,0.000037,0.017178,0.000017,0.114641,0.000444,0.485382,0.000000,0.000000,0.000000,0,0,0.000000,0.000000,0.000000,0.000000,0.000000,0.000000,0.000000,0.000000,0.000000,0.000000,0.000000,0.000000,0.000000,0.000000,0,0,0,0,0,0.000000,0.000000,0.000000,0.000000,0.000000,0.000000,0.000000,0.000000,0,0,0,0,0
298,0,1.360996,0.019687,0.000000,0.000034,0.144606,0.439979,0.436154,0.033322,0.001756,0.537649,0.015489,0.003794,0.000000,0.000078,0.000037,0.017178,0.000017,0.114641,0.000444,0.479960,0.000000,0.000000,0.000000,0,0,0.000000,0.000000,0.000000,0.000000,0.000000,0.000000,0.000000,0.000000,0.000000,0.000000,0.000000,0.000000,0.000000,0.000000,0,0,0,0,0,0.000000,0.000000,0.000000,0.000000,0.000000,0.000000,0.000000,0.000000,0,0,0,0,0
299,0,1.360897,0.000970,0.000000,0.000034,0.144606,0.439955,0.436130,0.033322,0.001756,0.535977,0.015489,0.003794,0.000000,0.000078,0.000037,0.017178,0.000017,0.134956,0.000444,0.561439,0.000000,0.000000,0.000000,0,0,0.000000,0.000000,0.000000,0.000000,0.000000,0.000000,0.000000,0.000000,0.000000,0.000000,0.000000,0.000000,0.000000,0.000000,0,0,0,0,0,0.000000,0.000000,0.000000,0.000000,0.000000,0.000000,0.000000,0.000000,0,0,0,0,0
300,0,1.382701,0.019687,0.000000,0.000034,0.144606,0.422821,0.418996,0.033322,0.001756,0.556898,0.015489,0.003794,0.000000,0.000078,0.000037,0.017178,0.000017,0.114641,0.000444,0.483700,0.000000,0.000000,0.000000,0,0,0.000000,0.000000,0.000000,0.000000,0.000000,0.000000,0.000000,0.000000,0.000000,0.000000,0.000000,0.000000,0.000000,0.000000,0,0,0,0,0,0.000000,0.000000,0.000000,0.000000,0.000000,0.000000,0.000000,0.000000,0,0,0,0,0
301,0,1.356384,0.000970,0.000000,0.000034,0.144606,0.419315,0.415490,0.033322,0.001756,0.552639,0.015489,0.003794,0.000000,0.000078,0.000037,0.017178,0.000017,0.134413,0.000444,0.481845,0.000000,0.000000,0.000000,0,0,0.000000,0.000000,0.000000,0.000000,0.000000,0.000000,0.000000,0.000000,0.000000,0.000000,0.000000,0.000000,0.000000,0.000000,0,0,0,0,0,0.000000,0.000000,0.000000,0.000000,0.000000,0.000000,0.000000,0.000000,0,0,0,0,0
302,0,2.305959,0.968082,0.948334,0.000034,0.153961,0.407844,0.404019,0.033322,0.001756,0.536377,0.015489,0.003794,0.000000,0.000078,0.000037,0.017178,0.000017,0.135261,0.000444,0.486257,0.000000,0.000000,0.000000,0,0,0.000000,0.000000,0.000000,0.000000,0.000000,0.000000,0.000000,0.000000,0.000000,0.000000,0.000000,0.000000,0.000000,0.000000,0,0,0,0,0,0.000000,0.000000,0.000000,0.000000,0.000000,0.000000,0.000000,0.000000,0,0,0,0,0
303,0,1.384932,0.000970,0.000000,0.000034,0.148960,0.427395,0.423570,0.033322,0.001756,0.588559,0.015489,0.003794,0.000000,0.000078,0.000037,0.017178,0.000017,0.114641,0.000444,0.493344,0.000000,0.000000,0.000000,0,0,0.000000,0.000000,0.000000,0.000000,0.000000,0.000000,0.000000,0.000000,0.000000,0.000000,0.000000,0.000000,0.000000,0.000000,0,0,0,0,0,0.000000,0.000000,0.000000,0.000000,0.000000,0.000000,0.000000,0.000000,0,0,0,0,0
304,0,1.264421,0.019687,0.000000,0.000034,0.167365,0.272257,0.268433,0.033322,0.001756,0.545532,0.015489,0.003794,0.000000,0.000078,0.000037,0.017178,0.000017,0.155172,0.000444,0.482496,0.000000,0.000000,0.000000,0,0,0.000000,0.000000,0.000000,0.000000,0.000000,0.000000,0.000000,0.000000,0.000000,0.000000,0.000000,0.000000,0.000000,0.000000,0,0,0,0,0,0.000000,0.000000,0.000000,0.000000,0.000000,0.000000,0.000000,0.000000,0,0,0,0,0
305,0,1.166592,0.000970,0.000000,0.000034,0.146783,0.281548,0.277724,0.033322,0.001756,0.518833,0.015489,0.003794,0.000000,0.000078,0.000037,0.017178,0.000017,0.114641,0.000444,0.505927,0.000000,0.000000,0.000000,0,0,0.000000,0.000000,0.000000,0.000000,0.000000,0.000000,0.000000,0.000000,0.000000,0.000000,0.000000,0.000000,0.000000,0.000000,0,0,0,0,0,0.000000,0.000000,0.000000,0.000000,0.000000,0.000000,0.000000,0.000000,0,0,0,0,0
306,0,1.209435,0.019687,0.000000,0.000034,0.164208,0.263451,0.259627,0.033322,0.001756,0.521254,0.015489,0.003794,0.000000,0.000078,0.000037,0.017178,0.000017,0.137017,0.000444,0.500607,0.000000,0.000000,0.000000,0,0,0.000000,0.000000,0.000000,0.000000,0.000000,0.000000,0.000000,0.000000,0.000000,0.000000,0.000000,0.000000,0.000000,0.000000,0,0,0,0,0,0.000000,0.000000,0.000000,0.000000,0.000000,0.000000,0.000000,0.000000,0,0,0,0,0
307,0,1.213881,0.000970,0.000000,0.000034,0.172482,0.273858,0.270033,0.033322,0.001756,0.534448,0.015489,0.003794,0.000000,0.000078,0.000037,0.017178,0.000017,0.128306,0.000444,0.507677,0.000000,0.000000,0.000000,0,0,0.000000,0.000000,0.000000,0.000000,0.000000,0.000000,0.000000,0.000000,0.000000,0.000000,0.000000,0.000000,0.000000,0.000000,0,0,0,0,0,0.000000,0.000000,0.000000,0.000000,0.000000,0.000000,0.000000,0.000000,0,0,0,0,0
308,0,1.217214,0.019687,0.000000,0.000034,0.168003,0.266897,0.263072,0.033322,0.001756,0.524183,0.015489,0.003794,0.000000,0.000078,0.000037,0.037337,0.000017,0.114641,0.000444,0.476495,0.000000,0.000000,0.000000,0,0,0.000000,0.000000,0.000000,0.000000,0.000000,0.000000,0.000000,0.000000,0.000000,0.000000,0.000000,0.000000,0.000000,0.000000,0,0,0,0,0,0.000000,0.000000,0.000000,0.000000,0.000000,0.000000,0.000000,0.000000,0,0,0,0,0
309,0,1.197211,0.000970,0.000000,0.000034,0.169166,0.266327,0.262502,0.033335,0.001756,0.520067,0.015489,0.003794,0.000000,0.000078,0.000037,0.039561,0.000017,0.114641,0.000444,0.481964,0.000000,0.000000,0.000000,0,0,0.000000,0.000000,0.000000,0.000000,0.000000,0.000000,0.000000,0.000000,0.000000,0.000000,0.000000,0.000000,0.000000,0.000000,0,0,0,0,0,0.000000,0.000000,0.000000,0.000000,0.000000,0.000000,0.000000,0.000000,0,0,0,0,0
310,0,2.400408,1.055515,1.035767,0.000034,0.143016,0.435699,0.431875,0.033335,0.001756,0.547879,0.015489,0.003794,0.000000,0.000078,0.000037,0.017178,0.000017,0.114641,0.000444,0.476261,0.000000,0.000000,0.000000,0,0,0.000000,0.000000,0.000000,0.000000,0.000000,0.000000,0.000000,0.000000,0.000000,0.000000,0.000000,0.000000,0.000000,0.000000,0,0,0,0,0,0.000000,0.000000,0.000000,0.000000,0.000000,0.000000,0.000000,0.000000,0,0,0,0,0
311,0,1.354964,0.000970,0.000000,0.000034,0.177846,0.424533,0.420709,0.033335,0.001756,0.533315,0.015489,0.003794,0.000000,0.000078,0.000037,0.017178,0.000017,0.114641,0.000444,0.481493,0.000000,0.000000,0.000000,0,0,0.000000,0.000000,0.000000,0.000000,0.000000,0.000000,0.000000,0.000000,0.000000,0.000000,0.000000,0.000000,0.000000,0.000000,0,0,0,0,0,0.000000,0.000000,0.000000,0.000000,0.000000,0.000000,0.000000,0.000000,0,0,0,0,0
312,0,1.381059,0.019687,0.000000,0.000034,0.155385,0.448697,0.444872,0.033335,0.001756,0.539669,0.021267,0.003794,0.000000,0.000078,0.000037,0.017178,0.000017,0.114641,0.000444,0.481696,0.000000,0.000000,0.000000,0,0,0.000000,0.000000,0.000000,0.000000,0.000000,0.000000,0.000000,0.000000,0.000000,0.000000,0.000000,0.000000,0.000000,0.000000,0,0,0,0,0,0.000000,0.000000,0.000000,0.000000,0.000000,0.000000,0.000000,0.000000,0,0,0,0,0
313,0,1.341031,0.000970,0.000000,0.000034,0.155385,0.429003,0.425178,0.033017,0.001756,0.538544,0.021267,0.003794,0.000000,0.000078,0.000037,0.017178,0.000017,0.114641,0.000444,0.480767,0.000000,0.000000,0.000000,0,0,0.000000,0.000000,0.000000,0.000000,0.000000,0.000000,0.000000,0.000000,0.000000,0.000000,0.000000,0.000000,0.000000,0.000000,0,0,0,0,0,0.000000,0.000000,0.000000,0.000000,0.000000,0.000000,0.000000,0.000000,0,0,0,0,0
314,0,1.369629,0.019687,0.000000,0.000034,0.155385,0.439789,0.435964,0.032671,0.001756,0.537984,0.021267,0.003794,0.000000,0.000078,0.000037,0.017178,0.000017,0.114641,0.000444,0.483226,0.000000,0.000000,0.000000,0,0,0.000000,0.000000,0.000000,0.000000,0.000000,0.000000,0.000000,0.000000,0.000000,0.000000,0.000000,0.000000,0.000000,0.000000,0,0,0,0,0,0.000000,0.000000,0.000000,0.000000,0.000000,0.000000,0.000000,0.000000,0,0,0,0,0
315,0,1.350450,0.000970,0.000000,0.000034,0.155385,0.419254,0.415429,0.032671,0.001756,0.558058,0.021267,0.003794,0.000000,0.000078,0.000037,0.017178,0.000017,0.114641,0.000444,0.482076,0.000000,0.000000,0.000000,0,0,0.000000,0.000000,0.000000,0.000000,0.000000,0.000000,0.000000,0.000000,0.000000,0.000000,0.000000,0.000000,0.000000,0.000000,0,0,0,0,0,0.000000,0.000000,0.000000,0.000000,0.000000,0.000000,0.000000,0.000000,0,0,0,0,0
316,0,1.389313,0.019687,0.000000,0.000034,0.155385,0.422323,0.418498,0.032671,0.001756,0.557336,0.021267,0.003794,0.000000,0.000078,0.000037,0.017178,0.000017,0.132785,0.000444,0.482385,0.000000,0.000000,0.000000,0,0,0.000000,0.000000,0.000000,0.000000,0.000000,0.000000,0.000000,0.000000,0.000000,0.000000,0.000000,0.000000,0.000000,0.000000,0,0,0,0,0,0.000000,0.000000,0.000000,0.000000,0.000000,0.000000,0.000000,0.000000,0,0,0,0,0
317,0,1.372837,0.000970,0.000000,0.000034,0.155385,0.422804,0.418979,0.032671,0.001756,0.563578,0.021267,0.003794,0.000000,0.000078,0.000037,0.017178,0.000017,0.128303,0.000444,0.485240,0.000000,0.000000,0.000000,0,0,0.000000,0.000000,0.000000,0.000000,0.000000,0.000000,0.000000,0.000000,0.000000,0.000000,0.000000,0.000000,0.000000,0.000000,0,0,0,0,0,0.000000,0.000000,0.000000,0.000000,0.000000,0.000000,0.000000,0.000000,0,0,0,0,0
318,0,2.424211,1.100793,1.081045,0.000034,0.147369,0.409736,0.405911,0.032498,0.001756,0.531057,0.021267,0.003794,0.000000,0.000078,0.000037,0.017178,0.000017,0.133640,0.000444,0.481706,0.000000,0.000000,0.000000,0,0,0.000000,0.000000,0.000000,0.000000,0.000000,0.000000,0.000000,0.000000,0.000000,0.000000,0.000000,0.000000,0.000000,0.000000,0,0,0,0,0,0.000000,0.000000,0.000000,0.000000,0.000000,0.000000,0.000000,0.000000,0,0,0,0,0
319,0,1.360918,0.000970,0.000000,0.000034,0.146783,0.428653,0.424828,0.032498,0.001756,0.553067,0.021267,0.003794,0.000000,0.000078,0.000037,0.017178,0.000017,0.130001,0.000444,0.484311,0.000000,0.000000,0.000000,0,0,0.000000,0.000000,0.000000,0.000000,0.000000,0.000000,0.000000,0.000000,0.000000,0.000000,0.000000,0.000000,0.000000,0.000000,0,0,0,0,0,0.000000,0.000000,0.000000,0.000000,0.000000,0.000000,0.000000,0.000000,0,0,0,0,0
320,0,1.388896,0.019687,0.000000,0.000034,0.167616,0.415243,0.411418,0.032498,0.001756,0.551310,0.021267,0.003794,0.000000,0.000078,0.000037,0.017178,0.000017,0.114641,0.000444,0.478234,0.000000,0.000000,0.000000,0,0,0.000000,0.000000,0.000000,0.000000,0.000000,0.000000,0.000000,0.000000,0.000000,0.000000,0.000000,0.000000,0.000000,0.000000,0,0,0,0,0,0.000000,0.000000,0.000000,0.000000,0.000000,0.000000,0.000000,0.000000,0,0,0,0,0
321,0,1.343211,0.000970,0.000000,0.000034,0.146783,0.451650,0.447825,0.032498,0.001756,0.527724,0.021267,0.003794,0.000000,0.000078,0.000037,0.017178,0.000017,0.114641,0.000444,0.485229,0.000000,0.000000,0.000000,0,0,0.000000,0.000000,0.000000,0.000000,0.000000,0.000000,0.000000,0.000000,0.000000,0.000000,0.000000,0.000000,0.000000,0.000000,0,0,0,0,0,0.000000,0.000000,0.000000,0.000000,0.000000,0.000000,0.000000,0.000000,0,0,0,0,0
322,0,1.216075,0.019687,0.000000,0.000034,0.169166,0.265320,0.261495,0.032498,0.001756,0.532335,0.021267,0.003794,0.000000,0.000078,0.000037,0.017178,0.000017,0.128296,0.000444,0.495412,0.000000,0.000000,0.000000,0,0,0.000000,0.000000,0.000000,0.000000,0.000000,0.000000,0.000000,0.000000,0.000000,0.000000,0.000000,0.000000,0.000000,0.000000,0,0,0,0,0,0.000000,0.000000,0.000000,0.000000,0.000000,0.000000,0.000000,0.000000,0,0,0,0,0
323,0,1.186395,0.000970,0.000000,0.000034,0.163740,0.259298,0.255473,0.032498,0.001756,0.525903,0.021267,0.003794,0.000000,0.000078,0.000037,0.017178,0.000017,0.135220,0.000444,0.481520,0.000000,0.000000,0.000000,0,0,0.000000,0.000000,0.000000,0.000000,0.000000,0.000000,0.000000,0.000000,0.000000,0.000000,0.000000,0.000000,0.000000,0.000000,0,0,0,0,0,0.000000,0.000000,0.000000,0.000000,0.000000,0.000000,0.000000,0.000000,0,0,0,0,0
324,0,1.195533,0.019718,0.000000,0.000034,0.155385,0.269677,0.265852,0.052083,0.001756,0.515262,0.002967,0.003794,0.000000,0.000078,0.000037,0.017178,0.000017,0.114641,0.000444,0.482093,0.000000,0.000000,0.000000,0,0,0.000000,0.000000,0.000000,0.000000,0.000000,0.000000,0.000000,0.000000,0.000000,0.000000,0.000000,0.000000,0.000000,0.000000,0,0,0,0,0,0.000000,0.000000,0.000000,0.000000,0.000000,0.000000,0.000000,0.000000,0,0,0,0,0
325,0,1.174249,0.000970,0.000000,0.000034,0.167569,0.262743,0.258918,0.032498,0.001756,0.508965,0.002967,0.003794,0.000000,0.000078,0.000037,0.017178,0.000017,0.132911,0.000444,0.480981,0.000000,0.000000,0.000000,0,0,0.000000,0.000000,0.000000,0.000000,0.000000,0.000000,0.000000,0.000000,0.000000,0.000000,0.000000,0.000000,0.000000,0.000000,0,0,0,0,0,0.000000,0.000000,0.000000,0.000000,0.000000,0.000000,0.000000,0.000000,0,0,0,0,0
326,0,2.216834,1.040226,1.003299,0.000034,0.158820,0.265686,0.261861,0.032498,0.001756,0.501055,0.002967,0.003794,0.000000,0.000078,0.000037,0.039554,0.000017,0.128272,0.000444,0.485240,0.000000,0.000000,0.000000,0,0,0.000000,0.000000,0.000000,0.000000,0.000000,0.000000,0.000000,0.000000,0.000000,0.000000,0.000000,0.000000,0.000000,0.000000,0,0,0,0,0,0.000000,0.000000,0.000000,0.000000,0.000000,0.000000,0.000000,0.000000,0,0,0,0,0
327,0,1.197378,0.000970,0.000000,0.000034,0.155385,0.292165,0.288340,0.032498,0.001756,0.517103,0.002967,0.003794,0.000000,0.000078,0.000037,0.017178,0.000017,0.114641,0.000444,0.476495,0.000000,0.000000,0.000000,0,0,0.000000,0.000000,0.000000,0.000000,0.000000,0.000000,0.000000,0.000000,0.000000,0.000000,0.000000,0.000000,0.000000,0.000000,0,0,0,0,0,0.000000,0.000000,0.000000,0.000000,0.000000,0.000000,0.000000,0.000000,0,0,0,0,0
328,0,1.330899,0.019718,0.000000,0.000034,0.148960,0.440158,0.436334,0.032498,0.001756,0.507541,0.002967,0.003794,0.000000,0.000078,0.000037,0.017178,0.000017,0.114641,0.000444,0.481055,0.000000,0.000000,0.000000,0,0,0.000000,0.000000,0.000000,0.000000,0.000000,0.000000,0.000000,0.000000,0.000000,0.000000,0.000000,0.000000,0.000000,0.000000,0,0,0,0,0,0.000000,0.000000,0.000000,0.000000,0.000000,0.000000,0.000000,0.000000,0,0,0,0,0
329,0,1.315169,0.000970,0.000000,0.000034,0.148960,0.448934,0.445109,0.032498,0.001756,0.501957,0.002967,0.003794,0.000000,0.000078,0.000037,0.017178,0.000017,0.114641,0.000444,0.483426,0.000000,0.000000,0.000000,0,0,0.000000,0.000000,0.000000,0.000000,0.000000,0.000000,0.000000,0.000000,0.000000,0.000000,0.000000,0.000000,0.000000,0.000000,0,0,0,0,0,0.000000,0.000000,0.000000,0.000000,0.000000,0.000000,0.000000,0.000000,0,0,0,0,0
330,0,1.334578,0.019718,0.000000,0.000034,0.148960,0.446265,0.442440,0.032498,0.001756,0.505286,0.002967,0.003794,0.000000,0.000078,0.000037,0.017178,0.000017,0.114641,0.000444,0.482225,0.000000,0.000000,0.000000,0,0,0.000000,0.000000,0.000000,0.000000,0.000000,0.000000,0.000000,0.000000,0.000000,0.000000,0.000000,0.000000,0.000000,0.000000,0,0,0,0,0,0.000000,0.000000,0.000000,0.000000,0.000000,0.000000,0.000000,0.000000,0,0,0,0,0
331,0,1.308743,0.000970,0.000000,0.000034,0.148960,0.422658,0.418833,0.032498,0.001756,0.521807,0.002967,0.003794,0.000000,0.000078,0.000037,0.017178,0.000017,0.114641,0.000444,0.479943,0.000000,0.000000,0.000000,0,0,0.000000,0.000000,0.000000,0.000000,0.000000,0.000000,0.000000,0.000000,0.000000,0.000000,0.000000,0.000000,0.000000,0.000000,0,0,0,0,0,0.000000,0.000000,0.000000,0.000000,0.000000,0.000000,0.000000,0.000000,0,0,0,0,0
332,0,1.401099,0.019718,0.000000,0.000034,0.148960,0.483605,0.479780,0.032325,0.001756,0.521152,0.002967,0.003794,0.000000,0.000078,0.000037,0.017178,0.000017,0.128303,0.000444,0.485240,0.000000,0.000000,0.000000,0,0,0.000000,0.000000,0.000000,0.000000,0.000000,0.000000,0.000000,0.000000,0.000000,0.000000,0.000000,0.000000,0.000000,0.000000,0,0,0,0,0,0.000000,0.000000,0.000000,0.000000,0.000000,0.000000,0.000000,0.000000,0,0,0,0,0
333,0,1.429101,0.000970,0.000000,0.000034,0.148960,0.527662,0.523838,0.032338,0.001756,0.518066,0.002967,0.003794,0.000000,0.000078,0.000037,0.017178,0.000017,0.134067,0.000444,0.482120,0.000000,0.000000,0.000000,0,0,0.000000,0.000000,0.000000,0.000000,0.000000,0.000000,0.000000,0.000000,0.000000,0.000000,0.000000,0.000000,0.000000,0.000000,0,0,0,0,0,0.000000,0.000000,0.000000,0.000000,0.000000,0.000000,0.000000,0.000000,0,0,0,0,0
334,0,1.437754,0.019718,0.000000,0.000034,0.148960,0.504567,0.500743,0.032338,0.001756,0.550493,0.002967,0.003794,0.000000,0.000078,0.000037,0.017178,0.000017,0.114641,0.000444,0.480964,0.000000,0.000000,0.000000,0,0,0.000000,0.000000,0.000000,0.000000,0.000000,0.000000,0.000000,0.000000,0.000000,0.000000,0.000000,0.000000,0.000000,0.000000,0,0,0,0,0,0.000000,0.000000,0.000000,0.000000,0.000000,0.000000,0.000000,0.000000,0,0,0,0,0
335,0,1.418257,0.000970,0.000000,0.000034,0.148960,0.510105,0.506280,0.032338,0.001756,0.487678,0.002967,0.046797,0.000000,0.000078,0.000037,0.017178,0.000017,0.114641,0.000444,0.481422,0.000000,0.000000,0.000000,0,0,0.000000,0.000000,0.000000,0.000000,0.000000,0.000000,0.000000,0.000000,0.000000,0.000000,0.000000,0.000000,0.000000,0.000000,0,0,0,0,0,0.000000,0.000000,0.000000,0.000000,0.000000,0.000000,0.000000,0.000000,0,0,0,0,0
336,0,2.305674,0.900557,0.880778,0.000034,0.147369,0.515849,0.512024,0.032172,0.001756,0.507141,0.002967,0.003794,0.000000,0.000078,0.000037,0.017178,0.000017,0.135549,0.000444,0.481723,0.000000,0.000000,0.000000,0,0,0.000000,0.000000,0.000000,0.000000,0.000000,0.000000,0.000000,0.000000,0.000000,0.000000,0.000000,0.000000,0.000000,0.000000,0,0,0,0,0,0.000000,0.000000,0.000000,0.000000,0.000000,0.000000,0.000000,0.000000,0,0,0,0,0
337,0,1.395596,0.000970,0.000000,0.000034,0.163910,0.513892,0.510067,0.032186,0.001756,0.502960,0.002967,0.003794,0.000000,0.000078,0.000037,0.017178,0.000017,0.114641,0.000444,0.507952,0.000000,0.000000,0.000000,0,0,0.000000,0.000000,0.000000,0.000000,0.000000,0.000000,0.000000,0.000000,0.000000,0.000000,0.000000,0.000000,0.000000,0.000000,0,0,0,0,0,0.000000,0.000000,0.000000,0.000000,0.000000,0.000000,0.000000,0.000000,0,0,0,0,0
338,0,1.417552,0.019718,0.000000,0.000034,0.169166,0.509433,0.505608,0.032186,0.001756,0.505371,0.002967,0.003794,0.000000,0.000078,0.000037,0.017178,0.000017,0.114641,0.000444,0.498935,0.000000,0.000000,0.000000,0,0,0.000000,0.000000,0.000000,0.000000,0.000000,0.000000,0.000000,0.000000,0.000000,0.000000,0.000000,0.000000,0.000000,0.000000,0,0,0,0,0,0.000000,0.000000,0.000000,0.000000,0.000000,0.000000,0.000000,0.000000,0,0,0,0,0
339,0,1.401469,0.000970,0.000000,0.000034,0.168396,0.514096,0.510271,0.032013,0.001756,0.504317,0.002967,0.003794,0.000000,0.000078,0.000037,0.017178,0.000017,0.114641,0.000444,0.498650,0.000000,0.000000,0.000000,0,0,0.000000,0.000000,0.000000,0.000000,0.000000,0.000000,0.000000,0.000000,0.000000,0.000000,0.000000,0.000000,0.000000,0.000000,0,0,0,0,0,0.000000,0.000000,0.000000,0.000000,0.000000,0.000000,0.000000,0.000000,0,0,0,0,0
340,0,1.248898,0.019718,0.000000,0.000034,0.146783,0.367069,0.363244,0.032054,0.001756,0.501597,0.002967,0.003794,0.000000,0.000078,0.000037,0.017178,0.000017,0.114641,0.000444,0.482839,0.000000,0.000000,0.000000,0,0,0.000000,0.000000,0.000000,0.000000,0.000000,0.000000,0.000000,0.000000,0.000000,0.000000,0.000000,0.000000,0.000000,0.000000,0,0,0,0,0,0.000000,0.000000,0.000000,0.000000,0.000000,0.000000,0.000000,0.000000,0,0,0,0,0
341,0,1.259281,0.000970,0.000000,0.000034,0.176988,0.341929,0.338104,0.032054,0.001756,0.506453,0.023719,0.003794,0.000000,0.000078,0.000037,0.017178,0.000017,0.114641,0.000444,0.481713,0.000000,0.000000,0.000000,0,0,0.000000,0.000000,0.000000,0.000000,0.000000,0.000000,0.000000,0.000000,0.000000,0.000000,0.000000,0.000000,0.000000,0.000000,0,0,0,0,0,0.000000,0.000000,0.000000,0.000000,0.000000,0.000000,0.000000,0.000000,0,0,0,0,0
342,0,1.304192,0.037238,0.000000,0.000034,0.169078,0.373389,0.369564,0.032054,0.001756,0.510756,0.002967,0.003794,0.000000,0.000078,0.000037,0.017178,0.000017,0.114641,0.000444,0.482327,0.000000,0.000000,0.000000,0,0,0.000000,0.000000,0.000000,0.000000,0.000000,0.000000,0.000000,0.000000,0.000000,0.000000,0.000000,0.000000,0.000000,0.000000,0,0,0,0,0,0.000000,0.000000,0.000000,0.000000,0.000000,0.000000,0.000000,0.000000,0,0,0,0,0
343,0,1.250902,0.000970,0.000000,0.000034,0.148960,0.382131,0.378306,0.031881,0.001756,0.505283,0.002967,0.003794,0.000000,0.000078,0.000037,0.017178,0.000017,0.114641,0.000444,0.481167,0.000000,0.000000,0.000000,0,0,0.000000,0.000000,0.000000,0.000000,0.000000,0.000000,0.000000,0.000000,0.000000,0.000000,0.000000,0.000000,0.000000,0.000000,0,0,0,0,0,0.000000,0.000000,0.000000,0.000000,0.000000,0.000000,0.000000,0.000000,0,0,0,0,0
344,0,1.265079,0.019718,0.000000,0.000034,0.146783,0.381415,0.377591,0.031881,0.001756,0.503777,0.002967,0.003794,0.000000,0.000078,0.000037,0.017178,0.000017,0.114641,0.000444,0.476529,0.000000,0.000000,0.000000,0,0,0.000000,0.000000,0.000000,0.000000,0.000000,0.000000,0.000000,0.000000,0.000000,0.000000,0.000000,0.000000,0.000000,0.000000,0,0,0,0,0,0.000000,0.000000,0.000000,0.000000,0.000000,0.000000,0.000000,0.000000,0,0,0,0,0
345,0,1.236471,0.000970,0.000000,0.000034,0.144606,0.360067,0.356242,0.031881,0.001756,0.503947,0.002967,0.003794,0.000000,0.000078,0.000037,0.017178,0.000017,0.114641,0.000444,0.482334,0.000000,0.000000,0.000000,0,0,0.000000,0.000000,0.000000,0.000000,0.000000,0.000000,0.000000,0.000000,0.000000,0.000000,0.000000,0.000000,0.000000,0.000000,0,0,0,0,0,0.000000,0.000000,0.000000,0.000000,0.000000,0.000000,0.000000,0.000000,0,0,0,0,0
346,0,2.460395,1.063277,1.043498,0.000034,0.162740,0.505076,0.501251,0.031881,0.001756,0.516090,0.002967,0.003794,0.000000,0.000078,0.000037,0.017178,0.000017,0.114641,0.000444,0.482144,0.000000,0.000000,0.000000,0,0,0.000000,0.000000,0.000000,0.000000,0.000000,0.000000,0.000000,0.000000,0.000000,0.000000,0.000000,0.000000,0.000000,0.000000,0,0,0,0,0,0.000000,0.000000,0.000000,0.000000,0.000000,0.000000,0.000000,0.000000,0,0,0,0,0
347,0,1.403625,0.000970,0.000000,0.000034,0.155385,0.484158,0.480333,0.031881,0.001756,0.527517,0.002967,0.003794,0.000000,0.000078,0.000037,0.017178,0.000017,0.137024,0.000444,0.462867,0.000000,0.000000,0.000000,0,0,0.000000,0.000000,0.000000,0.000000,0.000000,0.000000,0.000000,0.000000,0.000000,0.000000,0.000000,0.000000,0.000000,0.000000,0,0,0,0,0,0.000000,0.000000,0.000000,0.000000,0.000000,0.000000,0.000000,0.000000,0,0,0,0,0
348,0,1.412815,0.019718,0.000000,0.000034,0.155385,0.478923,0.475098,0.031921,0.001756,0.530090,0.002967,0.003794,0.000000,0.000078,0.000037,0.017178,0.000017,0.130056,0.000444,0.485250,0.000000,0.000000,0.000000,0,0,0.000000,0.000000,0.000000,0.000000,0.000000,0.000000,0.000000,0.000000,0.000000,0.000000,0.000000,0.000000,0.000000,0.000000,0,0,0,0,0,0.000000,0.000000,0.000000,0.000000,0.000000,0.000000,0.000000,0.000000,0,0,0,0,0
349,0,1.391276,0.000970,0.000000,0.000034,0.155385,0.477207,0.473382,0.081512,0.001756,0.215485,0.002967,0.003794,0.000000,0.000078,0.000037,0.017178,0.000017,0.133040,0.000444,0.557885,0.000000,0.000000,0.000000,0,0,0.000000,0.000000,0.000000,0.000000,0.000000,0.000000,0.000000,0.000000,0.000000,0.000000,0.000000,0.000000,0.000000,0.000000,0,0,0,0,0,0.000000,0.000000,0.000000,0.000000,0.000000,0.000000,0.000000,0.000000,0,0,0,0,0
350,0,1.380164,0.019718,0.000000,0.000034,0.166989,0.443159,0.439334,0.050585,0.001756,0.515998,0.002967,0.003794,0.000000,0.000078,0.000037,0.017178,0.000017,0.114641,0.000444,0.476023,0.000000,0.000000,0.000000,0,0,0.000000,0.000000,0.000000,0.000000,0.000000,0.000000,0.000000,0.000000,0.000000,0.000000,0.000000,0.000000,0.000000,0.000000,0,0,0,0,0,0.000000,0.000000,0.000000,0.000000,0.000000,0.000000,0.000000,0.000000,0,0,0,0,0
351,0,1.380269,0.000970,0.000000,0.000034,0.146783,0.482666,0.478841,0.080912,0.001756,0.201833,0.002967,0.003794,0.000000,0.000078,0.000037,0.017178,0.000017,0.149926,0.000444,0.479472,0.000000,0.000000,0.000000,0,0,0.000000,0.000000,0.000000,0.000000,0.000000,0.000000,0.000000,0.000000,0.000000,0.000000,0.000000,0.000000,0.000000,0.000000,0,0,0,0,0,0.000000,0.000000,0.000000,0.000000,0.000000,0.000000,0.000000,0.000000,0,0,0,0,0
352,0,1.431278,0.019718,0.000000,0.000034,0.169481,0.470028,0.466203,0.050062,0.001756,0.515811,0.002967,0.003794,0.000000,0.000078,0.000037,0.017178,0.000017,0.137102,0.000444,0.480554,0.000000,0.000000,0.000000,0,0,0.000000,0.000000,0.000000,0.000000,0.000000,0.000000,0.000000,0.000000,0.000000,0.000000,0.000000,0.000000,0.000000,0.000000,0,0,0,0,0,0.000000,0.000000,0.000000,0.000000,0.000000,0.000000,0.000000,0.000000,0,0,0,0,0
353,0,1.371423,0.000970,0.000000,0.000034,0.174733,0.472161,0.468336,0.080912,0.001756,0.220893,0.002967,0.003794,0.000000,0.000078,0.000037,0.017178,0.000017,0.114641,0.000444,0.503740,0.000000,0.000000,0.000000,0,0,0.000000,0.000000,0.000000,0.000000,0.000000,0.000000,0.000000,0.000000,0.000000,0.000000,0.000000,0.000000,0.000000,0.000000,0,0,0,0,0,0.000000,0.000000,0.000000,0.000000,0.000000,0.000000,0.000000,0.000000,0,0,0,0,0
354,0,1.361009,0.019718,0.000000,0.000034,0.162618,0.461131,0.457306,0.031494,0.001756,0.502357,0.002967,0.003794,0.000000,0.000078,0.000037,0.017178,0.000017,0.114641,0.000444,0.498430,0.000000,0.000000,0.000000,0,0,0.000000,0.000000,0.000000,0.000000,0.000000,0.000000,0.000000,0.000000,0.000000,0.000000,0.000000,0.000000,0.000000,0.000000,0,0,0,0,0,0.000000,0.000000,0.000000,0.000000,0.000000,0.000000,0.000000,0.000000,0,0,0,0,0
355,0,1.360667,0.000970,0.000000,0.000034,0.162113,0.484684,0.480859,0.080912,0.001756,0.219832,0.002967,0.003794,0.000000,0.000078,0.000037,0.017178,0.000017,0.114641,0.000444,0.503147,0.000000,0.000000,0.000000,0,0,0.000000,0.000000,0.000000,0.000000,0.000000,0.000000,0.000000,0.000000,0.000000,0.000000,0.000000,0.000000,0.000000,0.000000,0,0,0,0,0,0.000000,0.000000,0.000000,0.000000,0.000000,0.000000,0.000000,0.000000,0,0,0,0,0
356,0,2.331343,0.997389,0.977610,0.000034,0.145192,0.449904,0.446079,0.031494,0.001756,0.523644,0.002967,0.003794,0.000000,0.000078,0.000037,0.017178,0.000017,0.114641,0.000444,0.484063,0.000000,0.000000,0.000000,0,0,0.000000,0.000000,0.000000,0.000000,0.000000,0.000000,0.000000,0.000000,0.000000,0.000000,0.000000,0.000000,0.000000,0.000000,0,0,0,0,0,0.000000,0.000000,0.000000,0.000000,0.000000,0.000000,0.000000,0.000000,0,0,0,0,0
357,0,1.228136,0.000970,0.000000,0.000034,0.178114,0.308780,0.304955,0.099738,0.001756,0.223697,0.002967,0.003794,0.000000,0.000078,0.000037,0.017178,0.000017,0.114641,0.000444,0.483636,0.000000,0.000000,0.000000,0,0,0.000000,0.000000,0.000000,0.000000,0.000000,0.000000,0.000000,0.000000,0.000000,0.000000,0.000000,0.000000,0.000000,0.000000,0,0,0,0,0,0.000000,0.000000,0.000000,0.000000,0.000000,0.000000,0.000000,0.000000,0,0,0,0,0
358,0,1.226349,0.019718,0.000000,0.000034,0.161797,0.321686,0.317861,0.031321,0.001756,0.508101,0.002967,0.003794,0.000000,0.000078,0.000037,0.017178,0.000017,0.114641,0.000444,0.476037,0.000000,0.000000,0.000000,0,0,0.000000,0.000000,0.000000,0.000000,0.000000,0.000000,0.000000,0.000000,0.000000,0.000000,0.000000,0.000000,0.000000,0.000000,0,0,0,0,0,0.000000,0.000000,0.000000,0.000000,0.000000,0.000000,0.000000,0.000000,0,0,0,0,0
359,0,1.200782,0.000970,0.000000,0.000034,0.144606,0.324337,0.320513,0.092780,0.001756,0.223697,0.002967,0.003794,0.000000,0.000078,0.000037,0.017178,0.000017,0.114641,0.000444,0.484741,0.000000,0.000000,0.000000,0,0,0.000000,0.000000,0.000000,0.000000,0.000000,0.000000,0.000000,0.000000,0.000000,0.000000,0.000000,0.000000,0.000000,0.000000,0,0,0,0,0,0.000000,0.000000,0.000000,0.000000,0.000000,0.000000,0.000000,0.000000,0,0,0,0,0
480,1,5.911387,1.149533,1.095350,0.000034,0.189243,0.646898,0.642904,0.044423,0.001756,1.600352,0.455682,0.005764,0.000000,0.000078,0.000037,0.795356,0.000017,0.208639,0.000444,0.484511,0.000000,0.000000,0.000000,0,0,0.000000,0.000000,0.000000,0.000000,0.000000,0.000000,0.000000,0.000000,0.000000,0.000000,0.000000,0.000000,0.000000,0.000000,0,0,0,0,0,0.000000,0.000000,0.000000,0.000000,0.000000,0.000000,0.000000,0.000000,0,0,0,0,0
481,1,3.235494,0.000970,0.000000,0.000034,0.187215,0.641612,0.637617,0.044084,0.001756,1.572059,0.397366,0.005764,0.000000,0.000078,0.000037,0.505296,0.000017,0.212243,0.000444,0.487373,0.000000,0.000000,0.000000,0,0,0.000000,0.000000,0.000000,0.000000,0.000000,0.000000,0.000000,0.000000,0.000000,0.000000,0.000000,0.000000,0.000000,0.000000,0,0,0,0,0,0.000000,0.000000,0.000000,0.000000,0.000000,0.000000,0.000000,0.000000,0,0,0,0,0
482,1,3.290911,0.031738,0.000000,0.000034,0.208808,0.615692,0.611698,0.044084,0.001756,1.603166,0.397366,0.005764,0.000000,0.000078,0.000037,0.525713,0.000017,0.189860,0.000444,0.487379,0.000000,0.000000,0.000000,0,0,0.000000,0.000000,0.000000,0.000000,0.000000,0.000000,0.000000,0.000000,0.000000,0.000000,0.000000,0.000000,0.000000,0.000000,0,0,0,0,0,0.000000,0.000000,0.000000,0.000000,0.000000,0.000000,0.000000,0.000000,0,0,0,0,0
483,1,3.270772,0.000970,0.000000,0.000034,0.187215,0.661197,0.657203,0.044084,0.001756,1.609646,0.419827,0.005764,0.000000,0.000078,0.000037,0.505951,0.000017,0.189860,0.000444,0.478668,0.000000,0.000000,0.000000,0,0,0.000000,0.000000,0.000000,0.000000,0.000000,0.000000,0.000000,0.000000,0.000000,0.000000,0.000000,0.000000,0.000000,0.000000,0,0,0,0,0,0.000000,0.000000,0.000000,0.000000,0.000000,0.000000,0.000000,0.000000,0,0,0,0,0
484,1,4.441728,1.187710,1.155911,0.000034,0.189243,0.636664,0.632670,0.044084,0.001756,1.589847,0.397366,0.005764,0.000000,0.000078,0.000037,0.511176,0.000017,0.211155,0.000444,0.487379,0.000000,0.000000,0.000000,0,0,0.000000,0.000000,0.000000,0.000000,0.000000,0.000000,0.000000,0.000000,0.000000,0.000000,0.000000,0.000000,0.000000,0.000000,0,0,0,0,0,0.000000,0.000000,0.000000,0.000000,0.000000,0.000000,0.000000,0.000000,0,0,0,0,0
485,1,3.671021,0.000970,0.000000,0.000034,0.187215,0.665992,0.661997,0.043911,0.001756,1.701653,0.430406,0.005764,0.000000,0.000078,0.000037,0.777863,0.000017,0.208059,0.000444,0.483856,0.000000,0.000000,0.000000,0,0,0.000000,0.000000,0.000000,0.000000,0.000000,0.000000,0.000000,0.000000,0.000000,0.000000,0.000000,0.000000,0.000000,0.000000,0,0,0,0,0,0.000000,0.000000,0.000000,0.000000,0.000000,0.000000,0.000000,0.000000,0,0,0,0,0
486,1,3.304477,0.031738,0.000000,0.000034,0.186591,0.621945,0.617950,0.065240,0.001756,1.610975,0.339440,0.005764,0.000000,0.000078,0.000037,0.526245,0.000017,0.189894,0.000444,0.483792,0.000000,0.000000,0.000000,0,0,0.000000,0.000000,0.000000,0.000000,0.000000,0.000000,0.000000,0.000000,0.000000,0.000000,0.000000,0.000000,0.000000,0.000000,0,0,0,0,0,0.000000,0.000000,0.000000,0.000000,0.000000,0.000000,0.000000,0.000000,0,0,0,0,0
487,1,3.304864,0.000970,0.000000,0.000034,0.186378,0.484070,0.480075,0.043911,0.001756,1.789212,0.345886,0.005764,0.000000,0.000078,0.000037,0.516154,0.000017,0.189860,0.000444,0.483965,0.000000,0.000000,0.000000,0,0,0.000000,0.000000,0.000000,0.000000,0.000000,0.000000,0.000000,0.000000,0.000000,0.000000,0.000000,0.000000,0.000000,0.000000,0,0,0,0,0,0.000000,0.000000,0.000000,0.000000,0.000000,0.000000,0.000000,0.000000,0,0,0,0,0
488,1,4.486237,1.287191,1.255330,0.000034,0.207692,0.407834,0.403839,0.043911,0.001756,1.754978,0.371636,0.005764,0.000000,0.000078,0.000037,0.505781,0.000017,0.207001,0.000444,0.503394,0.000000,0.000000,0.000000,0,0,0.000000,0.000000,0.000000,0.000000,0.000000,0.000000,0.000000,0.000000,0.000000,0.000000,0.000000,0.000000,0.000000,0.000000,0,0,0,0,0,0.000000,0.000000,0.000000,0.000000,0.000000,0.000000,0.000000,0.000000,0,0,0,0,0
489,1,3.193709,0.000970,0.000000,0.000034,0.186347,0.390744,0.386749,0.043911,0.001756,1.775116,0.327328,0.005764,0.000000,0.000078,0.000037,0.512783,0.000017,0.212321,0.000444,0.478733,0.000000,0.000000,0.000000,0,0,0.000000,0.000000,0.000000,0.000000,0.000000,0.000000,0.000000,0.000000,0.000000,0.000000,0.000000,0.000000,0.000000,0.000000,0,0,0,0,0,0.000000,0.000000,0.000000,0.000000,0.000000,0.000000,0.000000,0.000000,0,0,0,0,0
490,1,3.219781,0.031799,0.000000,0.000034,0.186591,0.390208,0.386214,0.043738,0.001756,1.778585,0.358005,0.005764,0.000000,0.000078,0.000037,0.504988,0.000017,0.212355,0.000444,0.484484,0.000000,0.000000,0.000000,0,0,0.000000,0.000000,0.000000,0.000000,0.000000,0.000000,0.000000,0.000000,0.000000,0.000000,0.000000,0.000000,0.000000,0.000000,0,0,0,0,0,0.000000,0.000000,0.000000,0.000000,0.000000,0.000000,0.000000,0.000000,0,0,0,0,0
491,1,3.044003,0.000970,0.000000,0.000034,0.187215,0.397186,0.393192,0.043738,0.001756,1.638940,0.354465,0.005764,0.000000,0.000078,0.000037,0.514564,0.000017,0.189860,0.000444,0.508138,0.000000,0.000000,0.000000,0,0,0.000000,0.000000,0.000000,0.000000,0.000000,0.000000,0.000000,0.000000,0.000000,0.000000,0.000000,0.000000,0.000000,0.000000,0,0,0,0,0,0.000000,0.000000,0.000000,0.000000,0.000000,0.000000,0.000000,0.000000,0,0,0,0,0
492,1,4.360545,1.326413,1.294583,0.000034,0.220306,0.411109,0.407115,0.043738,0.001756,1.555064,0.288127,0.005764,0.000000,0.000078,0.000037,0.519599,0.000017,0.213376,0.000444,0.483459,0.000000,0.000000,0.000000,0,0,0.000000,0.000000,0.000000,0.000000,0.000000,0.000000,0.000000,0.000000,0.000000,0.000000,0.000000,0.000000,0.000000,0.000000,0,0,0,0,0,0.000000,0.000000,0.000000,0.000000,0.000000,0.000000,0.000000,0.000000,0,0,0,0,0
493,1,2.988403,0.000970,0.000000,0.000034,0.200256,0.515354,0.511359,0.043738,0.001756,1.515628,0.269406,0.005764,0.000000,0.000078,0.000037,0.524991,0.000017,0.116526,0.000444,0.501200,0.000000,0.000000,0.000000,0,0,0.000000,0.000000,0.000000,0.000000,0.000000,0.000000,0.000000,0.000000,0.000000,0.000000,0.000000,0.000000,0.000000,0.000000,0,0,0,0,0,0.000000,0.000000,0.000000,0.000000,0.000000,0.000000,0.000000,0.000000,0,0,0,0,0
494,1,3.310269,0.031799,0.000000,0.000034,0.205661,0.533156,0.529161,0.043738,0.001756,1.503262,0.267768,0.005764,0.000000,0.000078,0.000037,0.805603,0.000017,0.116526,0.000444,0.507395,0.000000,0.000000,0.000000,0,0,0.000000,0.000000,0.000000,0.000000,0.000000,0.000000,0.000000,0.000000,0.000000,0.000000,0.000000,0.000000,0.000000,0.000000,0,0,0,0,0,0.000000,0.000000,0.000000,0.000000,0.000000,0.000000,0.000000,0.000000,0,0,0,0,0
495,1,2.998613,0.000970,0.000000,0.000034,0.186747,0.547085,0.543091,0.043738,0.001756,1.470866,0.249081,0.005764,0.000000,0.000078,0.000037,0.548496,0.000017,0.130188,0.000444,0.487457,0.000000,0.000000,0.000000,0,0,0.000000,0.000000,0.000000,0.000000,0.000000,0.000000,0.000000,0.000000,0.000000,0.000000,0.000000,0.000000,0.000000,0.000000,0,0,0,0,0,0.000000,0.000000,0.000000,0.000000,0.000000,0.000000,0.000000,0.000000,0,0,0,0,0
496,1,4.197842,1.217322,1.167172,0.000034,0.197845,0.553833,0.549839,0.043738,0.001756,1.428921,0.228750,0.005764,0.000000,0.000078,0.000037,0.535668,0.000017,0.131924,0.000444,0.487457,0.000000,0.000000,0.000000,0,0,0.000000,0.000000,0.000000,0.000000,0.000000,0.000000,0.000000,0.000000,0.000000,0.000000,0.000000,0.000000,0.000000,0.000000,0,0,0,0,0,0.000000,0.000000,0.000000,0.000000,0.000000,0.000000,0.000000,0.000000,0,0,0,0,0
497,1,3.239180,0.000970,0.000000,0.000034,0.187649,0.516032,0.512037,0.043738,0.001756,1.479723,0.231069,0.005764,0.000000,0.000078,0.000037,0.824019,0.000017,0.116526,0.000444,0.483070,0.000000,0.000000,0.000000,0,0,0.000000,0.000000,0.000000,0.000000,0.000000,0.000000,0.000000,0.000000,0.000000,0.000000,0.000000,0.000000,0.000000,0.000000,0,0,0,0,0,0.000000,0.000000,0.000000,0.000000,0.000000,0.000000,0.000000,0.000000,0,0,0,0,0
498,1,3.014530,0.031799,0.000000,0.000034,0.211497,0.534919,0.530924,0.043779,0.001756,1.475674,0.251211,0.005764,0.000000,0.000078,0.000037,0.529812,0.000017,0.116526,0.000444,0.487457,0.000000,0.000000,0.000000,0,0,0.000000,0.000000,0.000000,0.000000,0.000000,0.000000,0.000000,0.000000,0.000000,0.000000,0.000000,0.000000,0.000000,0.000000,0,0,0,0,0,0.000000,0.000000,0.000000,0.000000,0.000000,0.000000,0.000000,0.000000,0,0,0,0,0
499,1,2.957296,0.000970,0.000000,0.000034,0.186442,0.546756,0.542762,0.043779,0.001756,1.463772,0.228750,0.005764,0.000000,0.000078,0.000037,0.528520,0.000017,0.116526,0.000444,0.567620,0.000000,0.000000,0.000000,0,0,0.000000,0.000000,0.000000,0.000000,0.000000,0.000000,0.000000,0.000000,0.000000,0.000000,0.000000,0.000000,0.000000,0.000000,0,0,0,0,0,0.000000,0.000000,0.000000,0.000000,0.000000,0.000000,0.000000,0.000000,0,0,0,0,0
500,1,4.465420,1.212524,1.180634,0.000034,0.197910,0.536825,0.532830,0.064240,0.001756,1.470239,0.228750,0.005764,0.000000,0.000078,0.000037,0.774167,0.000017,0.138987,0.000444,0.484775,0.000000,0.000000,0.000000,0,0,0.000000,0.000000,0.000000,0.000000,0.000000,0.000000,0.000000,0.000000,0.000000,0.000000,0.000000,0.000000,0.000000,0.000000,0,0,0,0,0,0.000000,0.000000,0.000000,0.000000,0.000000,0.000000,0.000000,0.000000,0,0,0,0,0
501,1,2.990950,0.000970,0.000000,0.000034,0.186656,0.535397,0.531403,0.043779,0.001756,1.463803,0.259935,0.005764,0.000000,0.000078,0.000037,0.559587,0.000017,0.130202,0.000444,0.465074,0.000000,0.000000,0.000000,0,0,0.000000,0.000000,0.000000,0.000000,0.000000,0.000000,0.000000,0.000000,0.000000,0.000000,0.000000,0.000000,0.000000,0.000000,0,0,0,0,0,0.000000,0.000000,0.000000,0.000000,0.000000,0.000000,0.000000,0.000000,0,0,0,0,0
502,1,3.031304,0.031830,0.000000,0.000034,0.186412,0.551988,0.547991,0.043779,0.001756,1.464800,0.228750,0.005764,0.000000,0.000078,0.000037,0.551734,0.000017,0.130191,0.000444,0.485697,0.000000,0.000000,0.000000,0,0,0.000000,0.000000,0.000000,0.000000,0.000000,0.000000,0.000000,0.000000,0.000000,0.000000,0.000000,0.000000,0.000000,0.000000,0,0,0,0,0,0.000000,0.000000,0.000000,0.000000,0.000000,0.000000,0.000000,0.000000,0,0,0,0,0
503,1,3.347582,0.000970,0.000000,0.000034,0.186442,0.522776,0.518778,0.043606,0.001756,1.584466,0.231069,0.005764,0.000000,0.000078,0.000037,0.801565,0.000017,0.116526,0.000444,0.486850,0.000000,0.000000,0.000000,0,0,0.000000,0.000000,0.000000,0.000000,0.000000,0.000000,0.000000,0.000000,0.000000,0.000000,0.000000,0.000000,0.000000,0.000000,0,0,0,0,0,0.000000,0.000000,0.000000,0.000000,0.000000,0.000000,0.000000,0.000000,0,0,0,0,0
504,1,4.184021,1.224721,1.192830,0.000034,0.217417,0.383308,0.379310,0.063015,0.001756,1.565976,0.246480,0.005764,0.000000,0.000078,0.000037,0.542487,0.000017,0.116526,0.000444,0.483351,0.000000,0.000000,0.000000,0,0,0.000000,0.000000,0.000000,0.000000,0.000000,0.000000,0.000000,0.000000,0.000000,0.000000,0.000000,0.000000,0.000000,0.000000,0,0,0,0,0,0.000000,0.000000,0.000000,0.000000,0.000000,0.000000,0.000000,0.000000,0,0,0,0,0
505,1,2.895030,0.000970,0.000000,0.000034,0.186412,0.383904,0.379907,0.043606,0.001756,1.555603,0.231069,0.005764,0.000000,0.000078,0.000037,0.518565,0.000017,0.135400,0.000444,0.515245,0.000000,0.000000,0.000000,0,0,0.000000,0.000000,0.000000,0.000000,0.000000,0.000000,0.000000,0.000000,0.000000,0.000000,0.000000,0.000000,0.000000,0.000000,0,0,0,0,0,0.000000,0.000000,0.000000,0.000000,0.000000,0.000000,0.000000,0.000000,0,0,0,0,0
506,1,2.921021,0.031830,0.000000,0.000034,0.187327,0.396654,0.392656,0.043606,0.001756,1.568020,0.253452,0.021003,0.000000,0.000078,0.000037,0.474318,0.000017,0.133450,0.000444,0.503459,0.000000,0.000000,0.000000,0,0,0.000000,0.000000,0.000000,0.000000,0.000000,0.000000,0.000000,0.000000,0.000000,0.000000,0.000000,0.000000,0.000000,0.000000,0,0,0,0,0,0.000000,0.000000,0.000000,0.000000,0.000000,0.000000,0.000000,0.000000,0,0,0,0,0
507,1,3.126289,0.000970,0.000000,0.000034,0.186459,0.386237,0.382239,0.043433,0.001756,1.563948,0.231069,0.005764,0.000000,0.000078,0.000037,0.758311,0.000017,0.116526,0.000444,0.495531,0.000000,0.000000,0.000000,0,0,0.000000,0.000000,0.000000,0.000000,0.000000,0.000000,0.000000,0.000000,0.000000,0.000000,0.000000,0.000000,0.000000,0.000000,0,0,0,0,0,0.000000,0.000000,0.000000,0.000000,0.000000,0.000000,0.000000,0.000000,0,0,0,0,0
508,1,4.243391,1.386017,1.354126,0.000034,0.201223,0.393270,0.389272,0.043433,0.001756,1.555081,0.231069,0.005764,0.000000,0.000078,0.000037,0.477437,0.000017,0.116526,0.000444,0.480923,0.000000,0.000000,0.000000,0,0,0.000000,0.000000,0.000000,0.000000,0.000000,0.000000,0.000000,0.000000,0.000000,0.000000,0.000000,0.000000,0.000000,0.000000,0,0,0,0,0,0.000000,0.000000,0.000000,0.000000,0.000000,0.000000,0.000000,0.000000,0,0,0,0,0
509,1,2.867449,0.000970,0.000000,0.000034,0.209086,0.369324,0.365326,0.045753,0.001756,1.547933,0.248213,0.005764,0.000000,0.000078,0.000037,0.488766,0.000017,0.116526,0.000444,0.484056,0.000000,0.000000,0.000000,0,0,0.000000,0.000000,0.000000,0.000000,0.000000,0.000000,0.000000,0.000000,0.000000,0.000000,0.000000,0.000000,0.000000,0.000000,0,0,0,0,0,0.000000,0.000000,0.000000,0.000000,0.000000,0.000000,0.000000,0.000000,0,0,0,0,0
510,1,2.913727,0.031830,0.000000,0.000034,0.207357,0.392378,0.388380,0.045753,0.001756,1.562486,0.231086,0.005764,0.000000,0.000078,0.000037,0.487590,0.000017,0.116526,0.000444,0.486277,0.000000,0.000000,0.000000,0,0,0.000000,0.000000,0.000000,0.000000,0.000000,0.000000,0.000000,0.000000,0.000000,0.000000,0.000000,0.000000,0.000000,0.000000,0,0,0,0,0,0.000000,0.000000,0.000000,0.000000,0.000000,0.000000,0.000000,0.000000,0,0,0,0,0
511,1,3.050839,0.000970,0.000000,0.000034,0.208750,0.525987,0.521990,0.045753,0.001756,1.587541,0.231086,0.005764,0.000000,0.000078,0.000037,0.495504,0.000017,0.116526,0.000444,0.477620,0.000000,0.000000,0.000000,0,0,0.000000,0.000000,0.000000,0.000000,0.000000,0.000000,0.000000,0.000000,0.000000,0.000000,0.000000,0.000000,0.000000,0.000000,0,0,0,0,0,0.000000,0.000000,0.000000,0.000000,0.000000,0.000000,0.000000,0.000000,0,0,0,0,0
512,1,4.930040,1.606879,1.562303,0.000034,0.191284,0.546729,0.542731,0.045753,0.001756,1.592756,0.248203,0.005764,0.000000,0.000078,0.000037,0.760305,0.000017,0.116526,0.000444,0.482808,0.000000,0.000000,0.000000,0,0,0.000000,0.000000,0.000000,0.000000,0.000000,0.000000,0.000000,0.000000,0.000000,0.000000,0.000000,0.000000,0.000000,0.000000,0,0,0,0,0,0.000000,0.000000,0.000000,0.000000,0.000000,0.000000,0.000000,0.000000,0,0,0,0,0
513,1,3.053484,0.000970,0.000000,0.000034,0.215902,0.518931,0.514933,0.045753,0.001756,1.599575,0.231086,0.005764,0.000000,0.000078,0.000037,0.486006,0.000017,0.116526,0.000444,0.479329,0.000000,0.000000,0.000000,0,0,0.000000,0.000000,0.000000,0.000000,0.000000,0.000000,0.000000,0.000000,0.000000,0.000000,0.000000,0.000000,0.000000,0.000000,0,0,0,0,0,0.000000,0.000000,0.000000,0.000000,0.000000,0.000000,0.000000,0.000000,0,0,0,0,0
514,1,3.089962,0.031830,0.000000,0.000034,0.208913,0.523051,0.519053,0.045753,0.001756,1.590498,0.231086,0.005764,0.000000,0.000078,0.000037,0.483866,0.000017,0.136230,0.000444,0.463949,0.000000,0.000000,0.000000,0,0,0.000000,0.000000,0.000000,0.000000,0.000000,0.000000,0.000000,0.000000,0.000000,0.000000,0.000000,0.000000,0.000000,0.000000,0,0,0,0,0,0.000000,0.000000,0.000000,0.000000,0.000000,0.000000,0.000000,0.000000,0,0,0,0,0
515,1,3.063087,0.000970,0.000000,0.000034,0.186452,0.542094,0.538096,0.045753,0.001756,1.597551,0.248294,0.003794,0.000000,0.000078,0.000037,0.488749,0.000017,0.133667,0.000444,0.463949,0.000000,0.000000,0.000000,0,0,0.000000,0.000000,0.000000,0.000000,0.000000,0.000000,0.000000,0.000000,0.000000,0.000000,0.000000,0.000000,0.000000,0.000000,0,0,0,0,0,0.000000,0.000000,0.000000,0.000000,0.000000,0.000000,0.000000,0.000000,0,0,0,0,0
516,1,4.584693,1.563093,1.531203,0.000034,0.187032,0.509491,0.505493,0.045753,0.001756,1.586436,0.246782,0.003794,0.000000,0.000078,0.000037,0.479350,0.000017,0.145688,0.000444,0.486332,0.000000,0.000000,0.000000,0,0,0.000000,0.000000,0.000000,0.000000,0.000000,0.000000,0.000000,0.000000,0.000000,0.000000,0.000000,0.000000,0.000000,0.000000,0,0,0,0,0,0.000000,0.000000,0.000000,0.000000,0.000000,0.000000,0.000000,0.000000,0,0,0,0,0
517,1,3.053680,0.000970,0.000000,0.000034,0.186666,0.551758,0.547760,0.045753,0.001756,1.557539,0.231086,0.003794,0.000000,0.000078,0.000037,0.504235,0.000017,0.138909,0.000444,0.486332,0.000000,0.000000,0.000000,0,0,0.000000,0.000000,0.000000,0.000000,0.000000,0.000000,0.000000,0.000000,0.000000,0.000000,0.000000,0.000000,0.000000,0.000000,0,0,0,0,0,0.000000,0.000000,0.000000,0.000000,0.000000,0.000000,0.000000,0.000000,0,0,0,0,0
518,1,3.066342,0.031830,0.000000,0.000034,0.186666,0.551758,0.547760,0.045753,0.001756,1.498647,0.231086,0.003794,0.000000,0.000078,0.000037,0.550693,0.000017,0.116526,0.000444,0.484077,0.000000,0.000000,0.000000,0,0,0.000000,0.000000,0.000000,0.000000,0.000000,0.000000,0.000000,0.000000,0.000000,0.000000,0.000000,0.000000,0.000000,0.000000,0,0,0,0,0,0.000000,0.000000,0.000000,0.000000,0.000000,0.000000,0.000000,0.000000,0,0,0,0,0
519,1,3.023065,0.000970,0.000000,0.000034,0.186422,0.540022,0.536024,0.045580,0.001756,1.531552,0.231086,0.003794,0.000000,0.000078,0.000037,0.502547,0.000017,0.116526,0.000444,0.484731,0.000000,0.000000,0.000000,0,0,0.000000,0.000000,0.000000,0.000000,0.000000,0.000000,0.000000,0.000000,0.000000,0.000000,0.000000,0.000000,0.000000,0.000000,0,0,0,0,0,0.000000,0.000000,0.000000,0.000000,0.000000,0.000000,0.000000,0.000000,0,0,0,0,0
520,1,4.750370,1.767161,1.735270,0.000034,0.187032,0.511800,0.507802,0.045586,0.001756,1.547841,0.231086,0.003794,0.000000,0.000078,0.000037,0.493320,0.000017,0.130202,0.000444,0.484270,0.000000,0.000000,0.000000,0,0,0.000000,0.000000,0.000000,0.000000,0.000000,0.000000,0.000000,0.000000,0.000000,0.000000,0.000000,0.000000,0.000000,0.000000,0,0,0,0,0,0.000000,0.000000,0.000000,0.000000,0.000000,0.000000,0.000000,0.000000,0,0,0,0,0
521,1,3.447479,0.000970,0.000000,0.000034,0.186422,0.539856,0.535858,0.045586,0.001756,1.650611,0.369704,0.003794,0.000000,0.000078,0.000037,0.800771,0.000017,0.135040,0.000444,0.477393,0.000000,0.000000,0.000000,0,0,0.000000,0.000000,0.000000,0.000000,0.000000,0.000000,0.000000,0.000000,0.000000,0.000000,0.000000,0.000000,0.000000,0.000000,0,0,0,0,0,0.000000,0.000000,0.000000,0.000000,0.000000,0.000000,0.000000,0.000000,0,0,0,0,0
522,1,2.877652,0.031830,0.000000,0.000034,0.186500,0.390218,0.386220,0.045586,0.001756,1.639516,0.360972,0.003794,0.000000,0.000078,0.000037,0.385000,0.000017,0.131927,0.000444,0.504866,0.000000,0.000000,0.000000,0,0,0.000000,0.000000,0.000000,0.000000,0.000000,0.000000,0.000000,0.000000,0.000000,0.000000,0.000000,0.000000,0.000000,0.000000,0,0,0,0,0,0.000000,0.000000,0.000000,0.000000,0.000000,0.000000,0.000000,0.000000,0,0,0,0,0
523,1,2.941342,0.000970,0.000000,0.000034,0.186306,0.386759,0.382762,0.045241,0.001756,1.742188,0.326067,0.003794,0.000000,0.000078,0.000037,0.396278,0.000017,0.116526,0.000444,0.495382,0.000000,0.000000,0.000000,0,0,0.000000,0.000000,0.000000,0.000000,0.000000,0.000000,0.000000,0.000000,0.000000,0.000000,0.000000,0.000000,0.000000,0.000000,0,0,0,0,0,0.000000,0.000000,0.000000,0.000000,0.000000,0.000000,0.000000,0.000000,0,0,0,0,0
524,1,4.882426,1.676673,1.644782,0.000034,0.206078,0.390578,0.386580,0.045247,0.001756,1.710819,0.326074,0.003794,0.000000,0.000078,0.000037,0.649618,0.000017,0.136339,0.000444,0.483609,0.000000,0.000000,0.000000,0,0,0.000000,0.000000,0.000000,0.000000,0.000000,0.000000,0.000000,0.000000,0.000000,0.000000,0.000000,0.000000,0.000000,0.000000,0,0,0,0,0,0.000000,0.000000,0.000000,0.000000,0.000000,0.000000,0.000000,0.000000,0,0,0,0,0
525,1,2.937314,0.000970,0.000000,0.000034,0.204827,0.367608,0.363610,0.045074,0.001756,1.732140,0.360413,0.003794,0.000000,0.000078,0.000037,0.389462,0.000017,0.116526,0.000444,0.481089,0.000000,0.000000,0.000000,0,0,0.000000,0.000000,0.000000,0.000000,0.000000,0.000000,0.000000,0.000000,0.000000,0.000000,0.000000,0.000000,0.000000,0.000000,0,0,0,0,0,0.000000,0.000000,0.000000,0.000000,0.000000,0.000000,0.000000,0.000000,0,0,0,0,0
526,1,2.768951,0.031830,0.000000,0.000034,0.203590,0.388129,0.384132,0.045081,0.001756,1.526438,0.374725,0.003794,0.000000,0.000078,0.000037,0.374051,0.000017,0.134650,0.000444,0.483714,0.000000,0.000000,0.000000,0,0,0.000000,0.000000,0.000000,0.000000,0.000000,0.000000,0.000000,0.000000,0.000000,0.000000,0.000000,0.000000,0.000000,0.000000,0,0,0,0,0,0.000000,0.000000,0.000000,0.000000,0.000000,0.000000,0.000000,0.000000,0,0,0,0,0
527,1,2.997162,0.000970,0.000000,0.000034,0.206835,0.385284,0.381287,0.045081,0.001756,1.523390,0.366808,0.003794,0.000000,0.000078,0.000037,0.654232,0.000017,0.116526,0.000444,0.486332,0.000000,0.000000,0.000000,0,0,0.000000,0.000000,0.000000,0.000000,0.000000,0.000000,0.000000,0.000000,0.000000,0.000000,0.000000,0.000000,0.000000,0.000000,0,0,0,0,0,0.000000,0.000000,0.000000,0.000000,0.000000,0.000000,0.000000,0.000000,0,0,0,0,0
528,1,4.789096,1.641958,1.591797,0.000034,0.187212,0.542121,0.538123,0.045088,0.001756,1.529500,0.352349,0.003794,0.000000,0.000078,0.000037,0.661855,0.000017,0.116526,0.000444,0.485986,0.000000,0.000000,0.000000,0,0,0.000000,0.000000,0.000000,0.000000,0.000000,0.000000,0.000000,0.000000,0.000000,0.000000,0.000000,0.000000,0.000000,0.000000,0,0,0,0,0,0.000000,0.000000,0.000000,0.000000,0.000000,0.000000,0.000000,0.000000,0,0,0,0,0
529,1,2.805454,0.021522,0.000000,0.000034,0.213528,0.536821,0.532823,0.045088,0.001756,1.511356,0.370995,0.003794,0.000000,0.000078,0.000037,0.296295,0.000017,0.116526,0.000444,0.485480,0.000000,0.000000,0.000000,0,0,0.000000,0.000000,0.000000,0.000000,0.000000,0.000000,0.000000,0.000000,0.000000,0.000000,0.000000,0.000000,0.000000,0.000000,0,0,0,0,0,0.000000,0.000000,0.000000,0.000000,0.000000,0.000000,0.000000,0.000000,0,0,0,0,0
530,1,4.980574,1.961161,1.929301,0.000034,0.213128,0.545973,0.541975,0.045081,0.001756,1.506544,0.367564,0.003794,0.000000,0.000078,0.000037,0.527842,0.000017,0.116526,0.000444,0.483697,0.000000,0.000000,0.000000,0,0,0.000000,0.000000,0.000000,0.000000,0.000000,0.000000,0.000000,0.000000,0.000000,0.000000,0.000000,0.000000,0.000000,0.000000,0,0,0,0,0,0.000000,0.000000,0.000000,0.000000,0.000000,0.000000,0.000000,0.000000,0,0,0,0,0
531,1,2.667501,0.000970,0.000000,0.000034,0.189002,0.570170,0.566172,0.045081,0.001756,1.355140,0.247019,0.003794,0.000000,0.000078,0.000037,0.326294,0.000017,0.116526,0.000444,0.486332,0.000000,0.000000,0.000000,0,0,0.000000,0.000000,0.000000,0.000000,0.000000,0.000000,0.000000,0.000000,0.000000,0.000000,0.000000,0.000000,0.000000,0.000000,0,0,0,0,0,0.000000,0.000000,0.000000,0.000000,0.000000,0.000000,0.000000,0.000000,0,0,0,0,0
532,1,3.928073,1.310591,1.278731,0.000034,0.206651,0.519202,0.515205,0.045088,0.001756,1.377275,0.208815,0.003794,0.000000,0.000078,0.000037,0.288422,0.000017,0.116526,0.000444,0.483453,0.000000,0.000000,0.000000,0,0,0.000000,0.000000,0.000000,0.000000,0.000000,0.000000,0.000000,0.000000,0.000000,0.000000,0.000000,0.000000,0.000000,0.000000,0,0,0,0,0,0.000000,0.000000,0.000000,0.000000,0.000000,0.000000,0.000000,0.000000,0,0,0,0,0
533,1,2.621789,0.000970,0.000000,0.000034,0.189002,0.544261,0.540263,0.045095,0.001756,1.352766,0.210731,0.003794,0.000000,0.000078,0.000037,0.309024,0.000017,0.116526,0.000444,0.500888,0.000000,0.000000,0.000000,0,0,0.000000,0.000000,0.000000,0.000000,0.000000,0.000000,0.000000,0.000000,0.000000,0.000000,0.000000,0.000000,0.000000,0.000000,0,0,0,0,0,0.000000,0.000000,0.000000,0.000000,0.000000,0.000000,0.000000,0.000000,0,0,0,0,0
534,1,4.126957,1.304020,1.272159,0.000034,0.207381,0.520647,0.516649,0.045088,0.001756,1.346246,0.226627,0.003794,0.000000,0.000078,0.000037,0.523522,0.000017,0.116526,0.000444,0.486325,0.000000,0.000000,0.000000,0,0,0.000000,0.000000,0.000000,0.000000,0.000000,0.000000,0.000000,0.000000,0.000000,0.000000,0.000000,0.000000,0.000000,0.000000,0,0,0,0,0,0.000000,0.000000,0.000000,0.000000,0.000000,0.000000,0.000000,0.000000,0,0,0,0,0
535,1,2.609697,0.000970,0.000000,0.000034,0.187469,0.514920,0.510922,0.045088,0.001756,1.377316,0.212958,0.003794,0.000000,0.000078,0.000037,0.304053,0.000017,0.116526,0.000444,0.492886,0.000000,0.000000,0.000000,0,0,0.000000,0.000000,0.000000,0.000000,0.000000,0.000000,0.000000,0.000000,0.000000,0.000000,0.000000,0.000000,0.000000,0.000000,0,0,0,0,0,0.000000,0.000000,0.000000,0.000000,0.000000,0.000000,0.000000,0.000000,0,0,0,0,0
536,1,3.639347,1.036472,1.004612,0.000034,0.189535,0.503910,0.499912,0.045095,0.001756,1.355954,0.226183,0.003794,0.000000,0.000078,0.000037,0.306112,0.000017,0.116526,0.000444,0.479350,0.000000,0.000000,0.000000,0,0,0.000000,0.000000,0.000000,0.000000,0.000000,0.000000,0.000000,0.000000,0.000000,0.000000,0.000000,0.000000,0.000000,0.000000,0,0,0,0,0,0.000000,0.000000,0.000000,0.000000,0.000000,0.000000,0.000000,0.000000,0,0,0,0,0
537,1,2.629781,0.000970,0.000000,0.000034,0.188812,0.531057,0.527059,0.045102,0.001756,1.362064,0.213040,0.003794,0.000000,0.000078,0.000037,0.306915,0.000017,0.116526,0.000444,0.505775,0.000000,0.000000,0.000000,0,0,0.000000,0.000000,0.000000,0.000000,0.000000,0.000000,0.000000,0.000000,0.000000,0.000000,0.000000,0.000000,0.000000,0.000000,0,0,0,0,0,0.000000,0.000000,0.000000,0.000000,0.000000,0.000000,0.000000,0.000000,0,0,0,0,0
538,1,3.792301,1.092238,1.060377,0.000034,0.228895,0.528795,0.524797,0.045088,0.001756,1.429315,0.222473,0.003794,0.000000,0.000078,0.000037,0.288428,0.000017,0.116526,0.000444,0.482832,0.000000,0.000000,0.000000,0,0,0.000000,0.000000,0.000000,0.000000,0.000000,0.000000,0.000000,0.000000,0.000000,0.000000,0.000000,0.000000,0.000000,0.000000,0,0,0,0,0,0.000000,0.000000,0.000000,0.000000,0.000000,0.000000,0.000000,0.000000,0,0,0,0,0
539,1,2.919763,0.000970,0.000000,0.000034,0.189002,0.541436,0.517771,0.045095,0.001756,1.432536,0.209039,0.003794,0.000000,0.000078,0.000037,0.531182,0.000017,0.116526,0.000444,0.496324,0.000000,0.000000,0.000000,0,0,0.000000,0.000000,0.000000,0.000000,0.000000,0.000000,0.000000,0.000000,0.000000,0.000000,0.000000,0.000000,0.000000,0.000000,0,0,0,0,0,0.000000,0.000000,0.000000,0.000000,0.000000,0.000000,0.000000,0.000000,0,0,0,0,0
540,1,3.777235,1.205936,1.174076,0.000034,0.187117,0.409831,0.405833,0.045108,0.001756,1.432142,0.213097,0.003794,0.000000,0.000078,0.000037,0.298798,0.000017,0.135634,0.000444,0.463949,0.000000,0.000000,0.000000,0,0,0.000000,0.000000,0.000000,0.000000,0.000000,0.000000,0.000000,0.000000,0.000000,0.000000,0.000000,0.000000,0.000000,0.000000,0,0,0,0,0,0.000000,0.000000,0.000000,0.000000,0.000000,0.000000,0.000000,0.000000,0,0,0,0,0
541,1,2.578729,0.000970,0.000000,0.000034,0.206577,0.364624,0.360626,0.063928,0.001756,1.477804,0.218906,0.003794,0.000000,0.000078,0.000037,0.285631,0.000017,0.116526,0.000444,0.477631,0.000000,0.000000,0.000000,0,0,0.000000,0.000000,0.000000,0.000000,0.000000,0.000000,0.000000,0.000000,0.000000,0.000000,0.000000,0.000000,0.000000,0.000000,0,0,0,0,0,0.000000,0.000000,0.000000,0.000000,0.000000,0.000000,0.000000,0.000000,0,0,0,0,0
542,1,3.727353,1.174123,1.142263,0.000034,0.191220,0.414246,0.410248,0.045108,0.001756,1.413761,0.208167,0.003794,0.000000,0.000078,0.000037,0.287323,0.000017,0.138902,0.000444,0.502462,0.000000,0.000000,0.000000,0,0,0.000000,0.000000,0.000000,0.000000,0.000000,0.000000,0.000000,0.000000,0.000000,0.000000,0.000000,0.000000,0.000000,0.000000,0,0,0,0,0,0.000000,0.000000,0.000000,0.000000,0.000000,0.000000,0.000000,0.000000,0,0,0,0,0
543,1,2.530419,0.000970,0.000000,0.000034,0.202365,0.388743,0.384745,0.045115,0.001756,1.428399,0.191037,0.003794,0.000000,0.000078,0.000037,0.285631,0.000017,0.116526,0.000444,0.481076,0.000000,0.000000,0.000000,0,0,0.000000,0.000000,0.000000,0.000000,0.000000,0.000000,0.000000,0.000000,0.000000,0.000000,0.000000,0.000000,0.000000,0.000000,0,0,0,0,0,0.000000,0.000000,0.000000,0.000000,0.000000,0.000000,0.000000,0.000000,0,0,0,0,0
544,1,3.868273,1.324568,1.292708,0.000034,0.209883,0.389913,0.385915,0.045149,0.001756,1.392259,0.173896,0.003794,0.000000,0.000078,0.000037,0.308787,0.000017,0.116526,0.000444,0.500092,0.000000,0.000000,0.000000,0,0,0.000000,0.000000,0.000000,0.000000,0.000000,0.000000,0.000000,0.000000,0.000000,0.000000,0.000000,0.000000,0.000000,0.000000,0,0,0,0,0,0.000000,0.000000,0.000000,0.000000,0.000000,0.000000,0.000000,0.000000,0,0,0,0,0
545,1,2.533797,0.000970,0.000000,0.000034,0.188812,0.387373,0.383375,0.045156,0.001756,1.428033,0.192651,0.003794,0.000000,0.000078,0.000037,0.304257,0.000017,0.116526,0.000444,0.504781,0.000000,0.000000,0.000000,0,0,0.000000,0.000000,0.000000,0.000000,0.000000,0.000000,0.000000,0.000000,0.000000,0.000000,0.000000,0.000000,0.000000,0.000000,0,0,0,0,0,0.000000,0.000000,0.000000,0.000000,0.000000,0.000000,0.000000,0.000000,0,0,0,0,0
546,1,4.144321,1.141622,1.109762,0.000034,0.191172,0.521820,0.517822,0.045163,0.001756,1.444916,0.185452,0.003794,0.000000,0.000078,0.000037,0.605035,0.000017,0.131924,0.000444,0.508752,0.000000,0.000000,0.000000,0,0,0.000000,0.000000,0.000000,0.000000,0.000000,0.000000,0.000000,0.000000,0.000000,0.000000,0.000000,0.000000,0.000000,0.000000,0,0,0,0,0,0.000000,0.000000,0.000000,0.000000,0.000000,0.000000,0.000000,0.000000,0,0,0,0,0
547,1,2.718845,0.000970,0.000000,0.000034,0.188955,0.545498,0.541501,0.044742,0.001756,1.387895,0.185452,0.003794,0.000000,0.000078,0.000037,0.371589,0.000017,0.116526,0.000444,0.482147,0.000000,0.000000,0.000000,0,0,0.000000,0.000000,0.000000,0.000000,0.000000,0.000000,0.000000,0.000000,0.000000,0.000000,0.000000,0.000000,0.000000,0.000000,0,0,0,0,0,0.000000,0.000000,0.000000,0.000000,0.000000,0.000000,0.000000,0.000000,0,0,0,0,0
548,1,4.102831,1.198832,1.166972,0.000034,0.197021,0.522044,0.518046,0.065155,0.001756,1.377357,0.185452,0.003794,0.000000,0.000078,0.000037,0.546085,0.000017,0.133667,0.000444,0.506487,0.000000,0.000000,0.000000,0,0,0.000000,0.000000,0.000000,0.000000,0.000000,0.000000,0.000000,0.000000,0.000000,0.000000,0.000000,0.000000,0.000000,0.000000,0,0,0,0,0,0.000000,0.000000,0.000000,0.000000,0.000000,0.000000,0.000000,0.000000,0,0,0,0,0
549,1,2.717760,0.000970,0.000000,0.000034,0.186283,0.542280,0.538283,0.044735,0.001756,1.388072,0.205231,0.003794,0.000000,0.000078,0.000037,0.355530,0.000017,0.137221,0.000444,0.567291,0.000000,0.000000,0.000000,0,0,0.000000,0.000000,0.000000,0.000000,0.000000,0.000000,0.000000,0.000000,0.000000,0.000000,0.000000,0.000000,0.000000,0.000000,0,0,0,0,0,0.000000,0.000000,0.000000,0.000000,0.000000,0.000000,0.000000,0.000000,0,0,0,0,0
550,1,3.885244,1.149458,1.117598,0.000034,0.191172,0.590474,0.586477,0.044742,0.001756,1.371958,0.191230,0.024428,0.000000,0.000078,0.000037,0.337782,0.000017,0.116526,0.000444,0.485931,0.000000,0.000000,0.000000,0,0,0.000000,0.000000,0.000000,0.000000,0.000000,0.000000,0.000000,0.000000,0.000000,0.000000,0.000000,0.000000,0.000000,0.000000,0,0,0,0,0,0.000000,0.000000,0.000000,0.000000,0.000000,0.000000,0.000000,0.000000,0,0,0,0,0
551,1,2.984653,0.000970,0.000000,0.000034,0.186283,0.635088,0.631090,0.058285,0.001756,1.340023,0.156321,0.003794,0.000000,0.000078,0.000037,0.542121,0.000017,0.143941,0.000444,0.485931,0.000000,0.000000,0.000000,0,0,0.000000,0.000000,0.000000,0.000000,0.000000,0.000000,0.000000,0.000000,0.000000,0.000000,0.000000,0.000000,0.000000,0.000000,0,0,0,0,0,0.000000,0.000000,0.000000,0.000000,0.000000,0.000000,0.000000,0.000000,0,0,0,0,0
552,1,3.960720,1.256514,1.224653,0.000034,0.210619,0.592472,0.588474,0.044742,0.001756,1.355042,0.186428,0.003794,0.000000,0.000078,0.000037,0.303331,0.000017,0.135678,0.000444,0.482544,0.000000,0.000000,0.000000,0,0,0.000000,0.000000,0.000000,0.000000,0.000000,0.000000,0.000000,0.000000,0.000000,0.000000,0.000000,0.000000,0.000000,0.000000,0,0,0,0,0,0.000000,0.000000,0.000000,0.000000,0.000000,0.000000,0.000000,0.000000,0,0,0,0,0
553,1,2.699531,0.000970,0.000000,0.000034,0.189202,0.620182,0.616184,0.044735,0.001756,1.347839,0.147051,0.003794,0.000000,0.000078,0.000037,0.317752,0.000017,0.116526,0.000444,0.495894,0.000000,0.000000,0.000000,0,0,0.000000,0.000000,0.000000,0.000000,0.000000,0.000000,0.000000,0.000000,0.000000,0.000000,0.000000,0.000000,0.000000,0.000000,0,0,0,0,0,0.000000,0.000000,0.000000,0.000000,0.000000,0.000000,0.000000,0.000000,0,0,0,0,0
554,1,2.854848,0.031799,0.000000,0.000034,0.201820,0.572144,0.568146,0.044735,0.001756,1.301914,0.125153,0.003794,0.000000,0.000078,0.000037,0.504652,0.000017,0.135461,0.000444,0.501387,0.000000,0.000000,0.000000,0,0,0.000000,0.000000,0.000000,0.000000,0.000000,0.000000,0.000000,0.000000,0.000000,0.000000,0.000000,0.000000,0.000000,0.000000,0,0,0,0,0,0.000000,0.000000,0.000000,0.000000,0.000000,0.000000,0.000000,0.000000,0,0,0,0,0
555,1,2.616048,0.000970,0.000000,0.000034,0.199727,0.561890,0.557892,0.044735,0.001756,1.320882,0.130931,0.003794,0.000000,0.000078,0.000037,0.308994,0.000017,0.116526,0.000444,0.482378,0.000000,0.000000,0.000000,0,0,0.000000,0.000000,0.000000,0.000000,0.000000,0.000000,0.000000,0.000000,0.000000,0.000000,0.000000,0.000000,0.000000,0.000000,0,0,0,0,0,0.000000,0.000000,0.000000,0.000000,0.000000,0.000000,0.000000,0.000000,0,0,0,0,0
556,1,4.032596,1.371948,1.340088,0.000034,0.211673,0.560167,0.556169,0.063297,0.001756,1.332564,0.130931,0.003794,0.000000,0.000078,0.000037,0.314097,0.000017,0.116526,0.000444,0.478946,0.000000,0.000000,0.000000,0,0,0.000000,0.000000,0.000000,0.000000,0.000000,0.000000,0.000000,0.000000,0.000000,0.000000,0.000000,0.000000,0.000000,0.000000,0,0,0,0,0,0.000000,0.000000,0.000000,0.000000,0.000000,0.000000,0.000000,0.000000,0,0,0,0,0
557,1,2.908800,0.000970,0.000000,0.000034,0.209632,0.566535,0.562537,0.044735,0.001756,1.350488,0.136709,0.003794,0.000000,0.000078,0.000037,0.557590,0.000017,0.116526,0.000444,0.482351,0.000000,0.000000,0.000000,0,0,0.000000,0.000000,0.000000,0.000000,0.000000,0.000000,0.000000,0.000000,0.000000,0.000000,0.000000,0.000000,0.000000,0.000000,0,0,0,0,0,0.000000,0.000000,0.000000,0.000000,0.000000,0.000000,0.000000,0.000000,0,0,0,0,0
558,1,2.531247,0.031799,0.000000,0.000034,0.214552,0.433302,0.429304,0.044756,0.001756,1.321930,0.136709,0.003794,0.000000,0.000078,0.000037,0.306230,0.000017,0.116526,0.000444,0.483164,0.000000,0.000000,0.000000,0,0,0.000000,0.000000,0.000000,0.000000,0.000000,0.000000,0.000000,0.000000,0.000000,0.000000,0.000000,0.000000,0.000000,0.000000,0,0,0,0,0,0.000000,0.000000,0.000000,0.000000,0.000000,0.000000,0.000000,0.000000,0,0,0,0,0
559,1,2.496277,0.000970,0.000000,0.000034,0.212396,0.429057,0.425059,0.044756,0.001756,1.332336,0.142487,0.003794,0.000000,0.000078,0.000037,0.297034,0.000017,0.116526,0.000444,0.482012,0.000000,0.000000,0.000000,0,0,0.000000,0.000000,0.000000,0.000000,0.000000,0.000000,0.000000,0.000000,0.000000,0.000000,0.000000,0.000000,0.000000,0.000000,0,0,0,0,0,0.000000,0.000000,0.000000,0.000000,0.000000,0.000000,0.000000,0.000000,0,0,0,0,0
560,1,3.805105,1.288605,1.256744,0.000034,0.197113,0.426605,0.422607,0.044756,0.022725,1.305376,0.142487,0.003794,0.000000,0.000078,0.000037,0.326382,0.000017,0.116526,0.000444,0.497616,0.000000,0.000000,0.000000,0,0,0.000000,0.000000,0.000000,0.000000,0.000000,0.000000,0.000000,0.000000,0.000000,0.000000,0.000000,0.000000,0.000000,0.000000,0,0,0,0,0,0.000000,0.000000,0.000000,0.000000,0.000000,0.000000,0.000000,0.000000,0,0,0,0,0
561,1,2.679081,0.000970,0.000000,0.000034,0.209981,0.421889,0.417891,0.044756,0.001756,1.322757,0.142487,0.003794,0.000000,0.000078,0.000037,0.501261,0.000017,0.116526,0.000444,0.477159,0.000000,0.000000,0.000000,0,0,0.000000,0.000000,0.000000,0.000000,0.000000,0.000000,0.000000,0.000000,0.000000,0.000000,0.000000,0.000000,0.000000,0.000000,0,0,0,0,0,0.000000,0.000000,0.000000,0.000000,0.000000,0.000000,0.000000,0.000000,0,0,0,0,0
562,1,2.581709,0.031799,0.000000,0.000034,0.191084,0.458713,0.454715,0.044769,0.001756,1.331282,0.142487,0.003794,0.000000,0.000078,0.000037,0.331184,0.000017,0.131938,0.000444,0.477020,0.000000,0.000000,0.000000,0,0,0.000000,0.000000,0.000000,0.000000,0.000000,0.000000,0.000000,0.000000,0.000000,0.000000,0.000000,0.000000,0.000000,0.000000,0,0,0,0,0,0.000000,0.000000,0.000000,0.000000,0.000000,0.000000,0.000000,0.000000,0,0,0,0,0
563,1,2.537387,0.000970,0.000000,0.000034,0.189969,0.437680,0.433682,0.044769,0.001756,1.334876,0.161879,0.003794,0.000000,0.000078,0.000037,0.306851,0.000017,0.161333,0.000444,0.478895,0.000000,0.000000,0.000000,0,0,0.000000,0.000000,0.000000,0.000000,0.000000,0.000000,0.000000,0.000000,0.000000,0.000000,0.000000,0.000000,0.000000,0.000000,0,0,0,0,0,0.000000,0.000000,0.000000,0.000000,0.000000,0.000000,0.000000,0.000000,0,0,0,0,0
564,1,3.822903,1.167240,1.135410,0.000034,0.198144,0.541982,0.537984,0.062741,0.001756,1.347439,0.148265,0.003794,0.000000,0.000078,0.000037,0.327891,0.000017,0.116526,0.000444,0.485891,0.000000,0.000000,0.000000,0,0,0.000000,0.000000,0.000000,0.000000,0.000000,0.000000,0.000000,0.000000,0.000000,0.000000,0.000000,0.000000,0.000000,0.000000,0,0,0,0,0,0.000000,0.000000,0.000000,0.000000,0.000000,0.000000,0.000000,0.000000,0,0,0,0,0
565,1,2.663191,0.000970,0.000000,0.000034,0.191084,0.555650,0.551653,0.044790,0.001756,1.345330,0.148265,0.003794,0.000000,0.000078,0.000037,0.331194,0.000017,0.133233,0.000444,0.480662,0.000000,0.000000,0.000000,0,0,0.000000,0.000000,0.000000,0.000000,0.000000,0.000000,0.000000,0.000000,0.000000,0.000000,0.000000,0.000000,0.000000,0.000000,0,0,0,0,0,0.000000,0.000000,0.000000,0.000000,0.000000,0.000000,0.000000,0.000000,0,0,0,0,0
566,1,2.854621,0.031769,0.000000,0.000034,0.191084,0.564168,0.560170,0.044790,0.001756,1.328471,0.148265,0.003794,0.000000,0.000078,0.000037,0.481920,0.000017,0.136074,0.000444,0.478638,0.000000,0.000000,0.000000,0,0,0.000000,0.000000,0.000000,0.000000,0.000000,0.000000,0.000000,0.000000,0.000000,0.000000,0.000000,0.000000,0.000000,0.000000,0,0,0,0,0,0.000000,0.000000,0.000000,0.000000,0.000000,0.000000,0.000000,0.000000,0,0,0,0,0
567,1,2.639116,0.000970,0.000000,0.000034,0.191084,0.540812,0.536814,0.044803,0.001756,1.337687,0.148265,0.003794,0.000000,0.000078,0.000037,0.326179,0.000017,0.116526,0.000444,0.489746,0.000000,0.000000,0.000000,0,0,0.000000,0.000000,0.000000,0.000000,0.000000,0.000000,0.000000,0.000000,0.000000,0.000000,0.000000,0.000000,0.000000,0.000000,0,0,0,0,0,0.000000,0.000000,0.000000,0.000000,0.000000,0.000000,0.000000,0.000000,0,0,0,0,0
568,1,3.664103,1.072771,1.040972,0.000034,0.187364,0.515333,0.511336,0.058261,0.001756,1.333116,0.148265,0.003794,0.000000,0.000078,0.000037,0.319790,0.000017,0.116526,0.000444,0.481632,0.000000,0.000000,0.000000,0,0,0.000000,0.000000,0.000000,0.000000,0.000000,0.000000,0.000000,0.000000,0.000000,0.000000,0.000000,0.000000,0.000000,0.000000,0,0,0,0,0,0.000000,0.000000,0.000000,0.000000,0.000000,0.000000,0.000000,0.000000,0,0,0,0,0
569,1,2.603628,0.000970,0.000000,0.000034,0.187998,0.529331,0.525333,0.063816,0.001756,1.321920,0.148265,0.003794,0.000000,0.000078,0.000037,0.322133,0.000017,0.116526,0.000444,0.485884,0.000000,0.000000,0.000000,0,0,0.000000,0.000000,0.000000,0.000000,0.000000,0.000000,0.000000,0.000000,0.000000,0.000000,0.000000,0.000000,0.000000,0.000000,0,0,0,0,0,0.000000,0.000000,0.000000,0.000000,0.000000,0.000000,0.000000,0.000000,0,0,0,0,0
570,1,2.664093,0.068502,0.000000,0.000034,0.187998,0.526581,0.522583,0.044125,0.001756,1.338342,0.195292,0.003794,0.000000,0.000078,0.000037,0.300201,0.000017,0.137583,0.000444,0.482147,0.000000,0.000000,0.000000,0,0,0.000000,0.000000,0.000000,0.000000,0.000000,0.000000,0.000000,0.000000,0.000000,0.000000,0.000000,0.000000,0.000000,0.000000,0,0,0,0,0,0.000000,0.000000,0.000000,0.000000,0.000000,0.000000,0.000000,0.000000,0,0,0,0,0
571,1,2.609460,0.000970,0.000000,0.000034,0.207475,0.532060,0.528063,0.044118,0.001756,1.325941,0.148265,0.003794,0.000000,0.000078,0.000037,0.321608,0.000017,0.116526,0.000444,0.485402,0.000000,0.000000,0.000000,0,0,0.000000,0.000000,0.000000,0.000000,0.000000,0.000000,0.000000,0.000000,0.000000,0.000000,0.000000,0.000000,0.000000,0.000000,0,0,0,0,0,0.000000,0.000000,0.000000,0.000000,0.000000,0.000000,0.000000,0.000000,0,0,0,0,0
572,1,3.693712,1.073863,1.042063,0.000034,0.206987,0.538201,0.534203,0.044118,0.001756,1.324588,0.148265,0.003794,0.000000,0.000078,0.000037,0.328654,0.000017,0.116526,0.000444,0.477081,0.000000,0.000000,0.000000,0,0,0.000000,0.000000,0.000000,0.000000,0.000000,0.000000,0.000000,0.000000,0.000000,0.000000,0.000000,0.000000,0.000000,0.000000,0,0,0,0,0,0.000000,0.000000,0.000000,0.000000,0.000000,0.000000,0.000000,0.000000,0,0,0,0,0
573,1,2.625031,0.000970,0.000000,0.000034,0.211199,0.540704,0.536706,0.044118,0.001756,1.348036,0.168877,0.003794,0.000000,0.000078,0.000037,0.302704,0.000017,0.116526,0.000444,0.483198,0.000000,0.000000,0.000000,0,0,0.000000,0.000000,0.000000,0.000000,0.000000,0.000000,0.000000,0.000000,0.000000,0.000000,0.000000,0.000000,0.000000,0.000000,0,0,0,0,0,0.000000,0.000000,0.000000,0.000000,0.000000,0.000000,0.000000,0.000000,0,0,0,0,0
574,1,2.842902,0.031738,0.000000,0.000034,0.206058,0.524051,0.520053,0.044125,0.001756,1.334479,0.132802,0.003794,0.000000,0.000078,0.000037,0.525150,0.000017,0.116526,0.000444,0.483656,0.000000,0.000000,0.000000,0,0,0.000000,0.000000,0.000000,0.000000,0.000000,0.000000,0.000000,0.000000,0.000000,0.000000,0.000000,0.000000,0.000000,0.000000,0,0,0,0,0,0.000000,0.000000,0.000000,0.000000,0.000000,0.000000,0.000000,0.000000,0,0,0,0,0
575,1,2.418660,0.000970,0.000000,0.000034,0.207099,0.387519,0.383521,0.044152,0.001756,1.289161,0.132802,0.003794,0.000000,0.000078,0.000037,0.312459,0.000017,0.116526,0.000444,0.482629,0.000000,0.000000,0.000000,0,0,0.000000,0.000000,0.000000,0.000000,0.000000,0.000000,0.000000,0.000000,0.000000,0.000000,0.000000,0.000000,0.000000,0.000000,0,0,0,0,0,0.000000,0.000000,0.000000,0.000000,0.000000,0.000000,0.000000,0.000000,0,0,0,0,0
576,1,3.562771,1.135522,1.063243,0.000034,0.198079,0.399370,0.395372,0.044159,0.001756,1.310289,0.132802,0.003794,0.000000,0.000078,0.000037,0.298052,0.000017,0.116526,0.000444,0.496185,0.000000,0.000000,0.000000,0,0,0.000000,0.000000,0.000000,0.000000,0.000000,0.000000,0.000000,0.000000,0.000000,0.000000,0.000000,0.000000,0.000000,0.000000,0,0,0,0,0,0.000000,0.000000,0.000000,0.000000,0.000000,0.000000,0.000000,0.000000,0,0,0,0,0
577,1,2.445906,0.000970,0.000000,0.000034,0.214857,0.398156,0.394158,0.044159,0.001756,1.277513,0.132802,0.003794,0.000000,0.000078,0.000037,0.332950,0.000017,0.116526,0.000444,0.482137,0.000000,0.000000,0.000000,0,0,0.000000,0.000000,0.000000,0.000000,0.000000,0.000000,0.000000,0.000000,0.000000,0.000000,0.000000,0.000000,0.000000,0.000000,0,0,0,0,0,0.000000,0.000000,0.000000,0.000000,0.000000,0.000000,0.000000,0.000000,0,0,0,0,0
578,1,2.439535,0.031738,0.000000,0.000034,0.192396,0.415066,0.411068,0.044200,0.001756,1.248311,0.117357,0.003794,0.000000,0.000078,0.000037,0.330522,0.000017,0.116526,0.000444,0.485891,0.000000,0.000000,0.000000,0,0,0.000000,0.000000,0.000000,0.000000,0.000000,0.000000,0.000000,0.000000,0.000000,0.000000,0.000000,0.000000,0.000000,0.000000,0,0,0,0,0,0.000000,0.000000,0.000000,0.000000,0.000000,0.000000,0.000000,0.000000,0,0,0,0,0
579,1,2.369575,0.000970,0.000000,0.000034,0.190063,0.411858,0.407861,0.044200,0.001756,1.232015,0.117357,0.003794,0.000000,0.000078,0.000037,0.313175,0.000017,0.116526,0.000444,0.497016,0.000000,0.000000,0.000000,0,0,0.000000,0.000000,0.000000,0.000000,0.000000,0.000000,0.000000,0.000000,0.000000,0.000000,0.000000,0.000000,0.000000,0.000000,0,0,0,0,0,0.000000,0.000000,0.000000,0.000000,0.000000,0.000000,0.000000,0.000000,0,0,0,0,0
580,1,3.495619,1.115770,1.083971,0.000034,0.189477,0.387878,0.383881,0.044200,0.001756,1.270335,0.135888,0.003794,0.000000,0.000078,0.000037,0.292284,0.000017,0.134871,0.000444,0.463508,0.000000,0.000000,0.000000,0,0,0.000000,0.000000,0.000000,0.000000,0.000000,0.000000,0.000000,0.000000,0.000000,0.000000,0.000000,0.000000,0.000000,0.000000,0,0,0,0,0,0.000000,0.000000,0.000000,0.000000,0.000000,0.000000,0.000000,0.000000,0,0,0,0,0
581,1,2.450904,0.000970,0.000000,0.000034,0.187561,0.393131,0.389133,0.584418,0.001756,0.342007,0.095422,0.003794,0.000000,0.000078,0.000037,0.344252,0.000017,0.137143,0.000444,0.508352,0.000000,0.000000,0.000000,0,0,0.000000,0.000000,0.000000,0.000000,0.000000,0.000000,0.000000,0.000000,0.000000,0.000000,0.000000,0.000000,0.000000,0.000000,0,0,0,0,0,0.000000,0.000000,0.000000,0.000000,0.000000,0.000000,0.000000,0.000000,0,0,0,0,0
582,1,2.468709,0.031738,0.000000,0.000034,0.188348,0.603197,0.599199,0.061452,0.001756,1.039480,0.084005,0.003794,0.000000,0.000078,0.000037,0.346080,0.000017,0.136397,0.000444,0.505683,0.000000,0.000000,0.000000,0,0,0.000000,0.000000,0.000000,0.000000,0.000000,0.000000,0.000000,0.000000,0.000000,0.000000,0.000000,0.000000,0.000000,0.000000,0,0,0,0,0,0.000000,0.000000,0.000000,0.000000,0.000000,0.000000,0.000000,0.000000,0,0,0,0,0
583,1,2.437120,0.000970,0.000000,0.000034,0.186500,0.581651,0.577654,0.591963,0.001756,0.329627,0.081590,0.003794,0.000000,0.000078,0.000037,0.338365,0.000017,0.133674,0.000444,0.493717,0.000000,0.000000,0.000000,0,0,0.000000,0.000000,0.000000,0.000000,0.000000,0.000000,0.000000,0.000000,0.000000,0.000000,0.000000,0.000000,0.000000,0.000000,0,0,0,0,0,0.000000,0.000000,0.000000,0.000000,0.000000,0.000000,0.000000,0.000000,0,0,0,0,0
584,1,3.186432,1.082069,1.050269,0.000034,0.189477,0.417826,0.413829,0.041477,0.001756,0.904548,0.075904,0.003794,0.000000,0.000078,0.000037,0.372477,0.000017,0.116526,0.000444,0.484250,0.000000,0.000000,0.000000,0,0,0.000000,0.000000,0.000000,0.000000,0.000000,0.000000,0.000000,0.000000,0.000000,0.000000,0.000000,0.000000,0.000000,0.000000,0,0,0,0,0,0.000000,0.000000,0.000000,0.000000,0.000000,0.000000,0.000000,0.000000,0,0,0,0,0
585,1,2.144131,0.000970,0.000000,0.000034,0.186500,0.426402,0.422404,0.418291,0.001756,0.310740,0.081590,0.003794,0.000000,0.000078,0.000037,0.365475,0.000017,0.116526,0.000444,0.483368,0.000000,0.000000,0.000000,0,0,0.000000,0.000000,0.000000,0.000000,0.000000,0.000000,0.000000,0.000000,0.000000,0.000000,0.000000,0.000000,0.000000,0.000000,0,0,0,0,0,0.000000,0.000000,0.000000,0.000000,0.000000,0.000000,0.000000,0.000000,0,0,0,0,0
586,1,2.122742,0.031738,0.000000,0.000034,0.204654,0.391283,0.387285,0.041490,0.001756,0.890249,0.075904,0.003794,0.000000,0.000078,0.000037,0.363946,0.000017,0.116526,0.000444,0.484043,0.000000,0.000000,0.000000,0,0,0.000000,0.000000,0.000000,0.000000,0.000000,0.000000,0.000000,0.000000,0.000000,0.000000,0.000000,0.000000,0.000000,0.000000,0,0,0,0,0,0.000000,0.000000,0.000000,0.000000,0.000000,0.000000,0.000000,0.000000,0,0,0,0,0
587,1,2.114461,0.000970,0.000000,0.000034,0.203837,0.391914,0.387916,0.422082,0.001756,0.333201,0.081590,0.003794,0.000000,0.000078,0.000037,0.351834,0.000017,0.116526,0.000444,0.485782,0.000000,0.000000,0.000000,0,0,0.000000,0.000000,0.000000,0.000000,0.000000,0.000000,0.000000,0.000000,0.000000,0.000000,0.000000,0.000000,0.000000,0.000000,0,0,0,0,0,0.000000,0.000000,0.000000,0.000000,0.000000,0.000000,0.000000,0.000000,0,0,0,0,0
588,1,3.113030,1.024906,0.993106,0.000034,0.217546,0.443570,0.439572,0.041063,0.001756,0.843669,0.084005,0.003794,0.000000,0.000078,0.000037,0.363715,0.000017,0.116526,0.000444,0.505469,0.000000,0.000000,0.000000,0,0,0.000000,0.000000,0.000000,0.000000,0.000000,0.000000,0.000000,0.000000,0.000000,0.000000,0.000000,0.000000,0.000000,0.000000,0,0,0,0,0,0.000000,0.000000,0.000000,0.000000,0.000000,0.000000,0.000000,0.000000,0,0,0,0,0
589,1,2.075406,0.000970,0.000000,0.000034,0.206696,0.392192,0.388194,0.379557,0.001756,0.315660,0.087368,0.003794,0.000000,0.000078,0.000037,0.368629,0.000017,0.116526,0.000444,0.485677,0.000000,0.000000,0.000000,0,0,0.000000,0.000000,0.000000,0.000000,0.000000,0.000000,0.000000,0.000000,0.000000,0.000000,0.000000,0.000000,0.000000,0.000000,0,0,0,0,0,0.000000,0.000000,0.000000,0.000000,0.000000,0.000000,0.000000,0.000000,0,0,0,0,0
590,1,2.048099,0.031738,0.000000,0.000034,0.205214,0.406809,0.402812,0.041063,0.001756,0.847663,0.089783,0.003794,0.000000,0.000078,0.000037,0.337012,0.000017,0.116526,0.000444,0.483985,0.000000,0.000000,0.000000,0,0,0.000000,0.000000,0.000000,0.000000,0.000000,0.000000,0.000000,0.000000,0.000000,0.000000,0.000000,0.000000,0.000000,0.000000,0,0,0,0,0,0.000000,0.000000,0.000000,0.000000,0.000000,0.000000,0.000000,0.000000,0,0,0,0,0
591,1,2.135654,0.000970,0.000000,0.000034,0.207116,0.405409,0.401411,0.300717,0.001756,0.332811,0.087368,0.003794,0.000000,0.000078,0.000037,0.324273,0.000017,0.136566,0.000444,0.476803,0.000000,0.000000,0.000000,0,0,0.000000,0.000000,0.000000,0.000000,0.000000,0.000000,0.000000,0.000000,0.000000,0.000000,0.000000,0.000000,0.000000,0.000000,0,0,0,0,0,0.000000,0.000000,0.000000,0.000000,0.000000,0.000000,0.000000,0.000000,0,0,0,0,0
592,1,3.083398,0.925595,0.893795,0.000034,0.208628,0.416433,0.412435,0.039876,0.001756,0.980448,0.085741,0.003794,0.000000,0.000078,0.000037,0.313212,0.000017,0.131924,0.000444,0.463399,0.000000,0.000000,0.000000,0,0,0.000000,0.000000,0.000000,0.000000,0.000000,0.000000,0.000000,0.000000,0.000000,0.000000,0.000000,0.000000,0.000000,0.000000,0,0,0,0,0,0.000000,0.000000,0.000000,0.000000,0.000000,0.000000,0.000000,0.000000,0,0,0,0,0
593,1,2.176236,0.000970,0.000000,0.000034,0.208232,0.421600,0.417603,0.301744,0.001756,0.335090,0.106798,0.003794,0.000000,0.000078,0.000037,0.313968,0.000017,0.154385,0.000444,0.483680,0.000000,0.000000,0.000000,0,0,0.000000,0.000000,0.000000,0.000000,0.000000,0.000000,0.000000,0.000000,0.000000,0.000000,0.000000,0.000000,0.000000,0.000000,0,0,0,0,0,0.000000,0.000000,0.000000,0.000000,0.000000,0.000000,0.000000,0.000000,0,0,0,0,0
594,1,2.283576,0.031738,0.000000,0.000034,0.191908,0.430786,0.426788,0.039870,0.001756,0.947974,0.085741,0.003794,0.000000,0.000078,0.000037,0.445665,0.000017,0.133755,0.000444,0.481588,0.000000,0.000000,0.000000,0,0,0.000000,0.000000,0.000000,0.000000,0.000000,0.000000,0.000000,0.000000,0.000000,0.000000,0.000000,0.000000,0.000000,0.000000,0,0,0,0,0,0.000000,0.000000,0.000000,0.000000,0.000000,0.000000,0.000000,0.000000,0,0,0,0,0
595,1,2.060272,0.000970,0.000000,0.000034,0.190959,0.411316,0.407318,0.295502,0.001756,0.315487,0.087368,0.003794,0.000000,0.000078,0.000037,0.277944,0.000017,0.116526,0.000444,0.478763,0.000000,0.000000,0.000000,0,0,0.000000,0.000000,0.000000,0.000000,0.000000,0.000000,0.000000,0.000000,0.000000,0.000000,0.000000,0.000000,0.000000,0.000000,0,0,0,0,0,0.000000,0.000000,0.000000,0.000000,0.000000,0.000000,0.000000,0.000000,0,0,0,0,0
596,1,4.069238,1.029087,0.997287,0.000034,0.187347,0.402300,0.398302,0.039283,0.001756,0.928070,0.081682,0.003794,0.000000,0.000078,0.000037,0.260223,0.000017,0.131931,0.000444,0.507392,0.000000,0.000000,0.000000,0,0,0.000000,0.000000,0.000000,0.000000,0.000000,0.000000,0.000000,0.000000,0.000000,0.000000,0.000000,0.000000,0.000000,0.000000,0,0,0,0,0,0.000000,0.000000,0.000000,0.000000,0.000000,0.000000,0.000000,0.000000,0,0,0,0,0
597,1,2.038445,0.000970,0.000000,0.000034,0.190962,0.410261,0.406264,0.039283,0.001756,0.928636,0.103668,0.003794,0.000000,0.000078,0.000037,0.278609,0.000017,0.116526,0.000444,0.481564,0.000000,0.000000,0.000000,0,0,0.000000,0.000000,0.000000,0.000000,0.000000,0.000000,0.000000,0.000000,0.000000,0.000000,0.000000,0.000000,0.000000,0.000000,0,0,0,0,0,0.000000,0.000000,0.000000,0.000000,0.000000,0.000000,0.000000,0.000000,0,0,0,0,0
598,1,2.054270,0.031738,0.000000,0.000034,0.190962,0.411641,0.407644,0.038703,0.001756,0.923509,0.089783,0.003794,0.000000,0.000078,0.000037,0.281664,0.000017,0.116526,0.000444,0.482208,0.000000,0.000000,0.000000,0,0,0.000000,0.000000,0.000000,0.000000,0.000000,0.000000,0.000000,0.000000,0.000000,0.000000,0.000000,0.000000,0.000000,0.000000,0,0,0,0,0,0.000000,0.000000,0.000000,0.000000,0.000000,0.000000,0.000000,0.000000,0,0,0,0,0
599,1,2.145633,0.000970,0.000000,0.000034,0.189446,0.539303,0.535305,0.038530,0.001756,0.908569,0.089783,0.003794,0.000000,0.000078,0.000037,0.274648,0.000017,0.116526,0.000444,0.569105,0.000000,0.000000,0.000000,0,0,0.000000,0.000000,0.000000,0.000000,0.000000,0.000000,0.000000,0.000000,0.000000,0.000000,0.000000,0.000000,0.000000,0.000000,0,0,0,0,0,0.000000,0.000000,0.000000,0.000000,0.000000,0.000000,0.000000,0.000000,0,0,0,0,0
600,1,3.234382,1.054111,1.022312,0.000034,0.189524,0.541206,0.537381,0.058763,0.001756,0.919437,0.081682,0.003794,0.000000,0.000078,0.000037,0.295288,0.000017,0.116526,0.000444,0.482605,0.000000,0.000000,0.000000,0,0,0.000000,0.000000,0.000000,0.000000,0.000000,0.000000,0.000000,0.000000,0.000000,0.000000,0.000000,0.000000,0.000000,0.000000,0,0,0,0,0,0.000000,0.000000,0.000000,0.000000,0.000000,0.000000,0.000000,0.000000,0,0,0,0,0
601,1,2.181437,0.000970,0.000000,0.000034,0.189446,0.571031,0.567206,0.038564,0.001756,0.945736,0.081682,0.003794,0.000000,0.000078,0.000037,0.259637,0.000017,0.116526,0.000444,0.482646,0.000000,0.000000,0.000000,0,0,0.000000,0.000000,0.000000,0.000000,0.000000,0.000000,0.000000,0.000000,0.000000,0.000000,0.000000,0.000000,0.000000,0.000000,0,0,0,0,0,0.000000,0.000000,0.000000,0.000000,0.000000,0.000000,0.000000,0.000000,0,0,0,0,0
602,1,2.268043,0.031738,0.000000,0.000034,0.209384,0.574046,0.570221,0.038391,0.001756,0.959832,0.081682,0.003794,0.000000,0.000078,0.000037,0.262197,0.000017,0.133101,0.000444,0.463749,0.000000,0.000000,0.000000,0,0,0.000000,0.000000,0.000000,0.000000,0.000000,0.000000,0.000000,0.000000,0.000000,0.000000,0.000000,0.000000,0.000000,0.000000,0,0,0,0,0,0.000000,0.000000,0.000000,0.000000,0.000000,0.000000,0.000000,0.000000,0,0,0,0,0
603,1,2.159912,0.000970,0.000000,0.000034,0.211466,0.526669,0.522844,0.038052,0.001756,0.948364,0.081682,0.003794,0.000000,0.000078,0.000037,0.258518,0.000017,0.116526,0.000444,0.486131,0.000000,0.000000,0.000000,0,0,0.000000,0.000000,0.000000,0.000000,0.000000,0.000000,0.000000,0.000000,0.000000,0.000000,0.000000,0.000000,0.000000,0.000000,0,0,0,0,0,0.000000,0.000000,0.000000,0.000000,0.000000,0.000000,0.000000,0.000000,0,0,0,0,0
604,1,3.220045,1.092441,1.060642,0.000034,0.208774,0.546926,0.543101,0.037625,0.001756,0.883677,0.087368,0.003794,0.000000,0.000078,0.000037,0.259321,0.000017,0.131934,0.000444,0.508114,0.000000,0.000000,0.000000,0,0,0.000000,0.000000,0.000000,0.000000,0.000000,0.000000,0.000000,0.000000,0.000000,0.000000,0.000000,0.000000,0.000000,0.000000,0,0,0,0,0,0.000000,0.000000,0.000000,0.000000,0.000000,0.000000,0.000000,0.000000,0,0,0,0,0
605,1,2.194200,0.000970,0.000000,0.000034,0.204800,0.546271,0.542447,0.037632,0.001756,0.899356,0.087368,0.003794,0.000000,0.000078,0.000037,0.309757,0.000017,0.136061,0.000444,0.482595,0.000000,0.000000,0.000000,0,0,0.000000,0.000000,0.000000,0.000000,0.000000,0.000000,0.000000,0.000000,0.000000,0.000000,0.000000,0.000000,0.000000,0.000000,0,0,0,0,0,0.000000,0.000000,0.000000,0.000000,0.000000,0.000000,0.000000,0.000000,0,0,0,0,0
606,1,2.150275,0.031738,0.000000,0.000034,0.213389,0.565270,0.561445,0.037625,0.001756,0.888299,0.105774,0.003794,0.000000,0.000078,0.000037,0.219676,0.000017,0.134925,0.000444,0.491374,0.000000,0.000000,0.000000,0,0,0.000000,0.000000,0.000000,0.000000,0.000000,0.000000,0.000000,0.000000,0.000000,0.000000,0.000000,0.000000,0.000000,0.000000,0,0,0,0,0,0.000000,0.000000,0.000000,0.000000,0.000000,0.000000,0.000000,0.000000,0,0,0,0,0
607,1,2.048520,0.000970,0.000000,0.000034,0.212952,0.530697,0.526872,0.037625,0.001756,0.874746,0.087368,0.003794,0.000000,0.000078,0.000037,0.193536,0.000017,0.138987,0.000444,0.482808,0.000000,0.000000,0.000000,0,0,0.000000,0.000000,0.000000,0.000000,0.000000,0.000000,0.000000,0.000000,0.000000,0.000000,0.000000,0.000000,0.000000,0.000000,0,0,0,0,0,0.000000,0.000000,0.000000,0.000000,0.000000,0.000000,0.000000,0.000000,0,0,0,0,0
608,1,3.135644,1.097392,1.047082,0.000034,0.189562,0.519026,0.515201,0.037625,0.001756,0.902568,0.106754,0.003794,0.000000,0.000078,0.000037,0.194655,0.000017,0.135810,0.000444,0.482920,0.000000,0.000000,0.000000,0,0,0.000000,0.000000,0.000000,0.000000,0.000000,0.000000,0.000000,0.000000,0.000000,0.000000,0.000000,0.000000,0.000000,0.000000,0,0,0,0,0,0.000000,0.000000,0.000000,0.000000,0.000000,0.000000,0.000000,0.000000,0,0,0,0,0
609,1,2.090864,0.000970,0.000000,0.000034,0.210225,0.568793,0.564969,0.037638,0.001756,0.878286,0.087368,0.003794,0.000000,0.000078,0.000037,0.219591,0.000017,0.116526,0.000444,0.508013,0.000000,0.000000,0.000000,0,0,0.000000,0.000000,0.000000,0.000000,0.000000,0.000000,0.000000,0.000000,0.000000,0.000000,0.000000,0.000000,0.000000,0.000000,0,0,0,0,0,0.000000,0.000000,0.000000,0.000000,0.000000,0.000000,0.000000,0.000000,0,0,0,0,0
610,1,2.101474,0.054199,0.000000,0.000034,0.214169,0.528714,0.524889,0.037638,0.001756,0.875397,0.087368,0.003794,0.000000,0.000078,0.000037,0.193536,0.000017,0.138987,0.000444,0.477475,0.000000,0.000000,0.000000,0,0,0.000000,0.000000,0.000000,0.000000,0.000000,0.000000,0.000000,0.000000,0.000000,0.000000,0.000000,0.000000,0.000000,0.000000,0,0,0,0,0,0.000000,0.000000,0.000000,0.000000,0.000000,0.000000,0.000000,0.000000,0,0,0,0,0
611,1,1.903297,0.000970,0.000000,0.000034,0.187883,0.428592,0.424767,0.037652,0.001756,0.879330,0.087368,0.003794,0.000000,0.000078,0.000037,0.193509,0.000017,0.116526,0.000444,0.480879,0.000000,0.000000,0.000000,0,0,0.000000,0.000000,0.000000,0.000000,0.000000,0.000000,0.000000,0.000000,0.000000,0.000000,0.000000,0.000000,0.000000,0.000000,0,0,0,0,0,0.000000,0.000000,0.000000,0.000000,0.000000,0.000000,0.000000,0.000000,0,0,0,0,0
612,1,1.937358,0.031738,0.000000,0.000034,0.187883,0.412767,0.408942,0.037652,0.001756,0.880117,0.107324,0.003794,0.000000,0.000078,0.000037,0.193336,0.000017,0.135037,0.000444,0.479095,0.000000,0.000000,0.000000,0,0,0.000000,0.000000,0.000000,0.000000,0.000000,0.000000,0.000000,0.000000,0.000000,0.000000,0.000000,0.000000,0.000000,0.000000,0,0,0,0,0,0.000000,0.000000,0.000000,0.000000,0.000000,0.000000,0.000000,0.000000,0,0,0,0,0
613,1,2.016747,0.000970,0.000000,0.000034,0.187883,0.392225,0.388401,0.037659,0.001756,1.006378,0.065592,0.003794,0.000000,0.000078,0.000037,0.197584,0.000017,0.135393,0.000444,0.482775,0.000000,0.000000,0.000000,0,0,0.000000,0.000000,0.000000,0.000000,0.000000,0.000000,0.000000,0.000000,0.000000,0.000000,0.000000,0.000000,0.000000,0.000000,0,0,0,0,0,0.000000,0.000000,0.000000,0.000000,0.000000,0.000000,0.000000,0.000000,0,0,0,0,0
614,1,3.202416,1.185072,1.153273,0.000034,0.211524,0.389862,0.386037,0.037659,0.001756,0.974799,0.065592,0.003794,0.000000,0.000078,0.000037,0.214644,0.000017,0.116526,0.000444,0.486281,0.000000,0.000000,0.000000,0,0,0.000000,0.000000,0.000000,0.000000,0.000000,0.000000,0.000000,0.000000,0.000000,0.000000,0.000000,0.000000,0.000000,0.000000,0,0,0,0,0,0.000000,0.000000,0.000000,0.000000,0.000000,0.000000,0.000000,0.000000,0,0,0,0,0
615,1,2.169603,0.000970,0.000000,0.000034,0.190915,0.398271,0.394446,0.037659,0.001756,1.172740,0.065592,0.003794,0.000000,0.000078,0.000037,0.194048,0.000017,0.116526,0.000444,0.485735,0.000000,0.000000,0.000000,0,0,0.000000,0.000000,0.000000,0.000000,0.000000,0.000000,0.000000,0.000000,0.000000,0.000000,0.000000,0.000000,0.000000,0.000000,0,0,0,0,0,0.000000,0.000000,0.000000,0.000000,0.000000,0.000000,0.000000,0.000000,0,0,0,0,0
616,1,2.200331,0.031738,0.000000,0.000034,0.189399,0.394511,0.390686,0.037659,0.001756,1.178687,0.065592,0.003794,0.000000,0.000078,0.000037,0.193336,0.000017,0.116526,0.000444,0.482886,0.000000,0.000000,0.000000,0,0,0.000000,0.000000,0.000000,0.000000,0.000000,0.000000,0.000000,0.000000,0.000000,0.000000,0.000000,0.000000,0.000000,0.000000,0,0,0,0,0,0.000000,0.000000,0.000000,0.000000,0.000000,0.000000,0.000000,0.000000,0,0,0,0,0
617,1,2.326013,0.000970,0.000000,0.000034,0.187883,0.557031,0.536055,0.037659,0.001756,1.154524,0.065592,0.003794,0.000000,0.000078,0.000037,0.193336,0.000017,0.136136,0.000444,0.483317,0.000000,0.000000,0.000000,0,0,0.000000,0.000000,0.000000,0.000000,0.000000,0.000000,0.000000,0.000000,0.000000,0.000000,0.000000,0.000000,0.000000,0.000000,0,0,0,0,0,0.000000,0.000000,0.000000,0.000000,0.000000,0.000000,0.000000,0.000000,0,0,0,0,0
618,1,2.363658,0.031738,0.000000,0.000034,0.210266,0.533634,0.529809,0.037665,0.001756,1.159627,0.065592,0.003794,0.000000,0.000078,0.000037,0.215719,0.000017,0.116526,0.000444,0.483863,0.000000,0.000000,0.000000,0,0,0.000000,0.000000,0.000000,0.000000,0.000000,0.000000,0.000000,0.000000,0.000000,0.000000,0.000000,0.000000,0.000000,0.000000,0,0,0,0,0,0.000000,0.000000,0.000000,0.000000,0.000000,0.000000,0.000000,0.000000,0,0,0,0,0
619,1,2.330553,0.000970,0.000000,0.000034,0.210266,0.536855,0.533030,0.037665,0.001756,1.162774,0.065592,0.003794,0.000000,0.000078,0.000037,0.207014,0.000017,0.116526,0.000444,0.486281,0.000000,0.000000,0.000000,0,0,0.000000,0.000000,0.000000,0.000000,0.000000,0.000000,0.000000,0.000000,0.000000,0.000000,0.000000,0.000000,0.000000,0.000000,0,0,0,0,0,0.000000,0.000000,0.000000,0.000000,0.000000,0.000000,0.000000,0.000000,0,0,0,0,0
620,1,3.389377,1.233714,1.201914,0.000034,0.213454,0.516591,0.512767,0.037326,0.001756,1.015774,0.065592,0.003794,0.000000,0.000078,0.000037,0.197496,0.000017,0.116526,0.000444,0.486281,0.000000,0.000000,0.000000,0,0,0.000000,0.000000,0.000000,0.000000,0.000000,0.000000,0.000000,0.000000,0.000000,0.000000,0.000000,0.000000,0.000000,0.000000,0,0,0,0,0,0.000000,0.000000,0.000000,0.000000,0.000000,0.000000,0.000000,0.000000,0,0,0,0,0
621,1,2.179179,0.000970,0.000000,0.000034,0.215552,0.523661,0.519836,0.037326,0.001756,1.009023,0.079156,0.003794,0.000000,0.000078,0.000037,0.196998,0.000017,0.137153,0.000444,0.485701,0.000000,0.000000,0.000000,0,0,0.000000,0.000000,0.000000,0.000000,0.000000,0.000000,0.000000,0.000000,0.000000,0.000000,0.000000,0.000000,0.000000,0.000000,0,0,0,0,0,0.000000,0.000000,0.000000,0.000000,0.000000,0.000000,0.000000,0.000000,0,0,0,0,0
622,1,2.217173,0.031738,0.000000,0.000034,0.202511,0.540378,0.536553,0.037326,0.001756,1.010617,0.065592,0.003794,0.000000,0.000078,0.000037,0.200534,0.000017,0.135573,0.000444,0.479323,0.000000,0.000000,0.000000,0,0,0.000000,0.000000,0.000000,0.000000,0.000000,0.000000,0.000000,0.000000,0.000000,0.000000,0.000000,0.000000,0.000000,0.000000,0,0,0,0,0,0.000000,0.000000,0.000000,0.000000,0.000000,0.000000,0.000000,0.000000,0,0,0,0,0
623,1,2.247104,0.000970,0.000000,0.000034,0.233548,0.523966,0.520142,0.036981,0.001756,1.038489,0.065592,0.003794,0.000000,0.000078,0.000037,0.238129,0.000017,0.116526,0.000444,0.483432,0.000000,0.000000,0.000000,0,0,0.000000,0.000000,0.000000,0.000000,0.000000,0.000000,0.000000,0.000000,0.000000,0.000000,0.000000,0.000000,0.000000,0.000000,0,0,0,0,0,0.000000,0.000000,0.000000,0.000000,0.000000,0.000000,0.000000,0.000000,0,0,0,0,0
624,1,2.266534,0.049805,0.000000,0.000034,0.202955,0.537008,0.533183,0.036981,0.001756,1.025133,0.065592,0.003794,0.000000,0.000078,0.000037,0.218926,0.000017,0.137231,0.000444,0.480693,0.000000,0.000000,0.000000,0,0,0.000000,0.000000,0.000000,0.000000,0.000000,0.000000,0.000000,0.000000,0.000000,0.000000,0.000000,0.000000,0.000000,0.000000,0,0,0,0,0,0.000000,0.000000,0.000000,0.000000,0.000000,0.000000,0.000000,0.000000,0,0,0,0,0
625,1,2.176002,0.000970,0.000000,0.000034,0.194709,0.543311,0.539486,0.036981,0.001756,1.009087,0.045115,0.003794,0.000000,0.000078,0.000037,0.215922,0.000017,0.116526,0.000444,0.505368,0.000000,0.000000,0.000000,0,0,0.000000,0.000000,0.000000,0.000000,0.000000,0.000000,0.000000,0.000000,0.000000,0.000000,0.000000,0.000000,0.000000,0.000000,0,0,0,0,0,0.000000,0.000000,0.000000,0.000000,0.000000,0.000000,0.000000,0.000000,0,0,0,0,0
626,1,3.273197,1.149814,1.118015,0.000034,0.198073,0.521010,0.517185,0.037014,0.001756,0.977349,0.045115,0.003794,0.000000,0.000078,0.000037,0.215505,0.000017,0.116526,0.000444,0.484433,0.000000,0.000000,0.000000,0,0,0.000000,0.000000,0.000000,0.000000,0.000000,0.000000,0.000000,0.000000,0.000000,0.000000,0.000000,0.000000,0.000000,0.000000,0,0,0,0,0,0.000000,0.000000,0.000000,0.000000,0.000000,0.000000,0.000000,0.000000,0,0,0,0,0
627,1,2.131619,0.000970,0.000000,0.000034,0.194709,0.551175,0.547350,0.037014,0.001756,0.954515,0.045115,0.003794,0.000000,0.000078,0.000037,0.218804,0.000017,0.116526,0.000444,0.506544,0.000000,0.000000,0.000000,0,0,0.000000,0.000000,0.000000,0.000000,0.000000,0.000000,0.000000,0.000000,0.000000,0.000000,0.000000,0.000000,0.000000,0.000000,0,0,0,0,0,0.000000,0.000000,0.000000,0.000000,0.000000,0.000000,0.000000,0.000000,0,0,0,0,0
628,1,2.140683,0.031738,0.000000,0.000034,0.187883,0.538388,0.534563,0.037014,0.001756,0.961066,0.045115,0.003794,0.000000,0.000078,0.000037,0.210334,0.000017,0.116526,0.000444,0.486274,0.000000,0.000000,0.000000,0,0,0.000000,0.000000,0.000000,0.000000,0.000000,0.000000,0.000000,0.000000,0.000000,0.000000,0.000000,0.000000,0.000000,0.000000,0,0,0,0,0,0.000000,0.000000,0.000000,0.000000,0.000000,0.000000,0.000000,0.000000,0,0,0,0,0
629,1,1.998511,0.000970,0.000000,0.000034,0.189436,0.402028,0.398204,0.037014,0.001756,0.984348,0.045115,0.003794,0.000000,0.000078,0.000037,0.196788,0.000017,0.130195,0.000444,0.484511,0.000000,0.000000,0.000000,0,0,0.000000,0.000000,0.000000,0.000000,0.000000,0.000000,0.000000,0.000000,0.000000,0.000000,0.000000,0.000000,0.000000,0.000000,0,0,0,0,0,0.000000,0.000000,0.000000,0.000000,0.000000,0.000000,0.000000,0.000000,0,0,0,0,0
630,1,1.937642,0.031738,0.000000,0.000034,0.189436,0.301317,0.297492,0.037014,0.001756,0.988410,0.045115,0.003794,0.000000,0.000078,0.000037,0.200182,0.000017,0.131792,0.000444,0.485840,0.000000,0.000000,0.000000,0,0,0.000000,0.000000,0.000000,0.000000,0.000000,0.000000,0.000000,0.000000,0.000000,0.000000,0.000000,0.000000,0.000000,0.000000,0,0,0,0,0,0.000000,0.000000,0.000000,0.000000,0.000000,0.000000,0.000000,0.000000,0,0,0,0,0
631,1,1.895420,0.000970,0.000000,0.000034,0.197161,0.294183,0.272658,0.037014,0.001756,0.975725,0.045115,0.003794,0.000000,0.000078,0.000037,0.216068,0.000017,0.116526,0.000444,0.479292,0.000000,0.000000,0.000000,0,0,0.000000,0.000000,0.000000,0.000000,0.000000,0.000000,0.000000,0.000000,0.000000,0.000000,0.000000,0.000000,0.000000,0.000000,0,0,0,0,0,0.000000,0.000000,0.000000,0.000000,0.000000,0.000000,0.000000,0.000000,0,0,0,0,0
632,1,3.070879,1.182838,1.151038,0.000034,0.224297,0.280416,0.276591,0.036841,0.001756,0.956974,0.045115,0.003794,0.000000,0.000078,0.000037,0.215213,0.000017,0.116526,0.000444,0.505232,0.000000,0.000000,0.000000,0,0,0.000000,0.000000,0.000000,0.000000,0.000000,0.000000,0.000000,0.000000,0.000000,0.000000,0.000000,0.000000,0.000000,0.000000,0,0,0,0,0,0.000000,0.000000,0.000000,0.000000,0.000000,0.000000,0.000000,0.000000,0,0,0,0,0
633,1,1.912781,0.000970,0.000000,0.000034,0.204020,0.280504,0.276679,0.036841,0.001756,0.994076,0.045115,0.003794,0.000000,0.000078,0.000037,0.222070,0.000017,0.116526,0.000444,0.484463,0.000000,0.000000,0.000000,0,0,0.000000,0.000000,0.000000,0.000000,0.000000,0.000000,0.000000,0.000000,0.000000,0.000000,0.000000,0.000000,0.000000,0.000000,0,0,0,0,0,0.000000,0.000000,0.000000,0.000000,0.000000,0.000000,0.000000,0.000000,0,0,0,0,0
634,1,1.931274,0.031738,0.000000,0.000034,0.208489,0.276523,0.272698,0.036841,0.001756,0.984239,0.045115,0.003794,0.000000,0.000078,0.000037,0.219143,0.000017,0.116526,0.000444,0.482998,0.000000,0.000000,0.000000,0,0,0.000000,0.000000,0.000000,0.000000,0.000000,0.000000,0.000000,0.000000,0.000000,0.000000,0.000000,0.000000,0.000000,0.000000,0,0,0,0,0,0.000000,0.000000,0.000000,0.000000,0.000000,0.000000,0.000000,0.000000,0,0,0,0,0
635,1,2.024512,0.000970,0.000000,0.000034,0.204875,0.421743,0.417918,0.057329,0.001756,0.966014,0.045115,0.003794,0.000000,0.000078,0.000037,0.199283,0.000017,0.116526,0.000444,0.483646,0.000000,0.000000,0.000000,0,0,0.000000,0.000000,0.000000,0.000000,0.000000,0.000000,0.000000,0.000000,0.000000,0.000000,0.000000,0.000000,0.000000,0.000000,0,0,0,0,0,0.000000,0.000000,0.000000,0.000000,0.000000,0.000000,0.000000,0.000000,0,0,0,0,0
636,1,2.037313,0.031738,0.000000,0.000034,0.205061,0.407040,0.403215,0.036669,0.001756,0.966404,0.045115,0.003794,0.000000,0.000078,0.000037,0.216095,0.000017,0.116526,0.000444,0.484273,0.000000,0.000000,0.000000,0,0,0.000000,0.000000,0.000000,0.000000,0.000000,0.000000,0.000000,0.000000,0.000000,0.000000,0.000000,0.000000,0.000000,0.000000,0,0,0,0,0,0.000000,0.000000,0.000000,0.000000,0.000000,0.000000,0.000000,0.000000,0,0,0,0,0
637,1,2.042708,0.000970,0.000000,0.000034,0.212952,0.442366,0.438541,0.036669,0.001756,0.952623,0.019087,0.003794,0.000000,0.000078,0.000037,0.222822,0.000017,0.116526,0.000444,0.483114,0.000000,0.000000,0.000000,0,0,0.000000,0.000000,0.000000,0.000000,0.000000,0.000000,0.000000,0.000000,0.000000,0.000000,0.000000,0.000000,0.000000,0.000000,0,0,0,0,0,0.000000,0.000000,0.000000,0.000000,0.000000,0.000000,0.000000,0.000000,0,0,0,0,0
638,1,3.353021,1.345279,1.295386,0.000034,0.187385,0.452861,0.449036,0.036669,0.001756,0.920186,0.019087,0.003794,0.000000,0.000078,0.000037,0.218313,0.000017,0.116526,0.000444,0.482615,0.000000,0.000000,0.000000,0,0,0.000000,0.000000,0.000000,0.000000,0.000000,0.000000,0.000000,0.000000,0.000000,0.000000,0.000000,0.000000,0.000000,0.000000,0,0,0,0,0,0.000000,0.000000,0.000000,0.000000,0.000000,0.000000,0.000000,0.000000,0,0,0,0,0
639,1,1.982873,0.000970,0.000000,0.000034,0.223609,0.407979,0.404154,0.036669,0.001756,0.936649,0.019087,0.003794,0.000000,0.000078,0.000037,0.202698,0.000017,0.116526,0.000444,0.499017,0.000000,0.000000,0.000000,0,0,0.000000,0.000000,0.000000,0.000000,0.000000,0.000000,0.000000,0.000000,0.000000,0.000000,0.000000,0.000000,0.000000,0.000000,0,0,0,0,0,0.000000,0.000000,0.000000,0.000000,0.000000,0.000000,0.000000,0.000000,0,0,0,0,0
640,1,2.092990,0.031738,0.000000,0.000034,0.209300,0.442366,0.438541,0.036669,0.001756,0.983385,0.019070,0.003794,0.000000,0.000078,0.000037,0.215413,0.000017,0.116526,0.000444,0.508592,0.000000,0.000000,0.000000,0,0,0.000000,0.000000,0.000000,0.000000,0.000000,0.000000,0.000000,0.000000,0.000000,0.000000,0.000000,0.000000,0.000000,0.000000,0,0,0,0,0,0.000000,0.000000,0.000000,0.000000,0.000000,0.000000,0.000000,0.000000,0,0,0,0,0
641,1,2.040849,0.000970,0.000000,0.000034,0.190959,0.456353,0.452528,0.036323,0.001756,0.962080,0.019070,0.003794,0.000000,0.000078,0.000037,0.202264,0.000017,0.134647,0.000444,0.501611,0.000000,0.000000,0.000000,0,0,0.000000,0.000000,0.000000,0.000000,0.000000,0.000000,0.000000,0.000000,0.000000,0.000000,0.000000,0.000000,0.000000,0.000000,0,0,0,0,0,0.000000,0.000000,0.000000,0.000000,0.000000,0.000000,0.000000,0.000000,0,0,0,0,0
642,1,2.092387,0.031769,0.000000,0.000034,0.194753,0.477329,0.473504,0.035041,0.001756,0.960517,0.019070,0.003794,0.000000,0.000078,0.000037,0.198585,0.000017,0.137132,0.000444,0.501238,0.000000,0.000000,0.000000,0,0,0.000000,0.000000,0.000000,0.000000,0.000000,0.000000,0.000000,0.000000,0.000000,0.000000,0.000000,0.000000,0.000000,0.000000,0,0,0,0,0,0.000000,0.000000,0.000000,0.000000,0.000000,0.000000,0.000000,0.000000,0,0,0,0,0
643,1,2.017385,0.000970,0.000000,0.000034,0.187992,0.416378,0.412554,0.035041,0.001756,0.962952,0.019070,0.003794,0.000000,0.000078,0.000037,0.199246,0.000017,0.135864,0.000444,0.480893,0.000000,0.000000,0.000000,0,0,0.000000,0.000000,0.000000,0.000000,0.000000,0.000000,0.000000,0.000000,0.000000,0.000000,0.000000,0.000000,0.000000,0.000000,0,0,0,0,0,0.000000,0.000000,0.000000,0.000000,0.000000,0.000000,0.000000,0.000000,0,0,0,0,0
644,1,3.489621,1.479007,1.447208,0.000034,0.189355,0.413445,0.409620,0.035041,0.001756,0.977732,0.019070,0.003794,0.000000,0.000078,0.000037,0.200734,0.000017,0.137709,0.000444,0.463749,0.000000,0.000000,0.000000,0,0,0.000000,0.000000,0.000000,0.000000,0.000000,0.000000,0.000000,0.000000,0.000000,0.000000,0.000000,0.000000,0.000000,0.000000,0,0,0,0,0,0.000000,0.000000,0.000000,0.000000,0.000000,0.000000,0.000000,0.000000,0,0,0,0,0
645,1,2.033396,0.000970,0.000000,0.000034,0.211809,0.428311,0.424486,0.035041,0.001756,0.982612,0.019070,0.003794,0.000000,0.000078,0.000037,0.201538,0.000017,0.116526,0.000444,0.481991,0.000000,0.000000,0.000000,0,0,0.000000,0.000000,0.000000,0.000000,0.000000,0.000000,0.000000,0.000000,0.000000,0.000000,0.000000,0.000000,0.000000,0.000000,0,0,0,0,0,0.000000,0.000000,0.000000,0.000000,0.000000,0.000000,0.000000,0.000000,0,0,0,0,0
646,1,1.947537,0.031738,0.000000,0.000034,0.190959,0.293186,0.289361,0.035041,0.001756,0.999569,0.019070,0.003794,0.000000,0.000078,0.000037,0.201538,0.000017,0.138909,0.000444,0.484694,0.000000,0.000000,0.000000,0,0,0.000000,0.000000,0.000000,0.000000,0.000000,0.000000,0.000000,0.000000,0.000000,0.000000,0.000000,0.000000,0.000000,0.000000,0,0,0,0,0,0.000000,0.000000,0.000000,0.000000,0.000000,0.000000,0.000000,0.000000,0,0,0,0,0
647,1,1.911207,0.000970,0.000000,0.000034,0.190959,0.289846,0.286021,0.035041,0.001756,1.001492,0.019070,0.003794,0.000000,0.000078,0.000037,0.201538,0.000017,0.134766,0.000444,0.481818,0.000000,0.000000,0.000000,0,0,0.000000,0.000000,0.000000,0.000000,0.000000,0.000000,0.000000,0.000000,0.000000,0.000000,0.000000,0.000000,0.000000,0.000000,0,0,0,0,0,0.000000,0.000000,0.000000,0.000000,0.000000,0.000000,0.000000,0.000000,0,0,0,0,0
648,1,1.930244,0.031738,0.000000,0.000034,0.190959,0.293508,0.289683,0.035041,0.001756,0.981961,0.019070,0.003794,0.000000,0.000078,0.000037,0.223921,0.000017,0.116526,0.000444,0.480886,0.000000,0.000000,0.000000,0,0,0.000000,0.000000,0.000000,0.000000,0.000000,0.000000,0.000000,0.000000,0.000000,0.000000,0.000000,0.000000,0.000000,0.000000,0,0,0,0,0,0.000000,0.000000,0.000000,0.000000,0.000000,0.000000,0.000000,0.000000,0,0,0,0,0
649,1,1.868432,0.000970,0.000000,0.000034,0.190959,0.289337,0.285512,0.034868,0.001756,0.958639,0.019070,0.003794,0.000000,0.000078,0.000037,0.201538,0.000017,0.135956,0.000444,0.567966,0.000000,0.000000,0.000000,0,0,0.000000,0.000000,0.000000,0.000000,0.000000,0.000000,0.000000,0.000000,0.000000,0.000000,0.000000,0.000000,0.000000,0.000000,0,0,0,0,0,0.000000,0.000000,0.000000,0.000000,0.000000,0.000000,0.000000,0.000000,0,0,0,0,0
650,1,3.611521,1.742008,1.710208,0.000034,0.197784,0.275736,0.271912,0.048509,0.001756,0.950263,0.019070,0.003794,0.000000,0.000078,0.000037,0.207316,0.000017,0.133738,0.000444,0.483127,0.000000,0.000000,0.000000,0,0,0.000000,0.000000,0.000000,0.000000,0.000000,0.000000,0.000000,0.000000,0.000000,0.000000,0.000000,0.000000,0.000000,0.000000,0,0,0,0,0,0.000000,0.000000,0.000000,0.000000,0.000000,0.000000,0.000000,0.000000,0,0,0,0,0
651,1,1.873996,0.000970,0.000000,0.000034,0.210327,0.271152,0.267327,0.034868,0.001756,0.931827,0.019070,0.003794,0.000000,0.000078,0.000037,0.252153,0.000017,0.116526,0.000444,0.485931,0.000000,0.000000,0.000000,0,0,0.000000,0.000000,0.000000,0.000000,0.000000,0.000000,0.000000,0.000000,0.000000,0.000000,0.000000,0.000000,0.000000,0.000000,0,0,0,0,0,0.000000,0.000000,0.000000,0.000000,0.000000,0.000000,0.000000,0.000000,0,0,0,0,0
652,1,1.844842,0.031738,0.000000,0.000034,0.209496,0.271176,0.267351,0.034095,0.001756,0.860189,0.019070,0.003794,0.000000,0.000078,0.000037,0.248457,0.000017,0.116526,0.000444,0.480747,0.000000,0.000000,0.000000,0,0,0.000000,0.000000,0.000000,0.000000,0.000000,0.000000,0.000000,0.000000,0.000000,0.000000,0.000000,0.000000,0.000000,0.000000,0,0,0,0,0,0.000000,0.000000,0.000000,0.000000,0.000000,0.000000,0.000000,0.000000,0,0,0,0,0
653,1,1.681536,0.000970,0.000000,0.000034,0.211826,0.421560,0.417735,0.033322,0.001756,0.621928,0.019070,0.003794,0.000000,0.000078,0.000037,0.206340,0.000017,0.130188,0.000444,0.503269,0.000000,0.000000,0.000000,0,0,0.000000,0.000000,0.000000,0.000000,0.000000,0.000000,0.000000,0.000000,0.000000,0.000000,0.000000,0.000000,0.000000,0.000000,0,0,0,0,0,0.000000,0.000000,0.000000,0.000000,0.000000,0.000000,0.000000,0.000000,0,0,0,0,0
654,1,1.689626,0.046516,0.000000,0.000034,0.208839,0.428569,0.424744,0.033322,0.001756,0.575975,0.019087,0.003794,0.000000,0.000078,0.000037,0.206390,0.000017,0.135390,0.000444,0.508579,0.000000,0.000000,0.000000,0,0,0.000000,0.000000,0.000000,0.000000,0.000000,0.000000,0.000000,0.000000,0.000000,0.000000,0.000000,0.000000,0.000000,0.000000,0,0,0,0,0,0.000000,0.000000,0.000000,0.000000,0.000000,0.000000,0.000000,0.000000,0,0,0,0,0
655,1,1.687578,0.000970,0.000000,0.000034,0.224918,0.442624,0.438799,0.033322,0.001756,0.582764,0.019087,0.003794,0.000000,0.000078,0.000037,0.209785,0.000017,0.138909,0.000444,0.505530,0.000000,0.000000,0.000000,0,0,0.000000,0.000000,0.000000,0.000000,0.000000,0.000000,0.000000,0.000000,0.000000,0.000000,0.000000,0.000000,0.000000,0.000000,0,0,0,0,0,0.000000,0.000000,0.000000,0.000000,0.000000,0.000000,0.000000,0.000000,0,0,0,0,0
656,1,1.663700,0.031738,0.000000,0.000034,0.210938,0.418691,0.414866,0.033322,0.001756,0.576881,0.019087,0.003794,0.000000,0.000078,0.000037,0.221663,0.000017,0.116526,0.000444,0.484338,0.000000,0.000000,0.000000,0,0,0.000000,0.000000,0.000000,0.000000,0.000000,0.000000,0.000000,0.000000,0.000000,0.000000,0.000000,0.000000,0.000000,0.000000,0,0,0,0,0,0.000000,0.000000,0.000000,0.000000,0.000000,0.000000,0.000000,0.000000,0,0,0,0,0
657,1,1.662808,0.000970,0.000000,0.000034,0.189443,0.461724,0.457899,0.033322,0.001756,0.583513,0.019087,0.003794,0.000000,0.000078,0.000037,0.223368,0.000017,0.116526,0.000444,0.486111,0.000000,0.000000,0.000000,0,0,0.000000,0.000000,0.000000,0.000000,0.000000,0.000000,0.000000,0.000000,0.000000,0.000000,0.000000,0.000000,0.000000,0.000000,0,0,0,0,0,0.000000,0.000000,0.000000,0.000000,0.000000,0.000000,0.000000,0.000000,0,0,0,0,0
658,1,3.341478,1.621039,1.589240,0.000034,0.189355,0.410875,0.407050,0.033322,0.001756,0.587277,0.019087,0.003794,0.000000,0.000078,0.000037,0.329149,0.000017,0.116526,0.000444,0.486087,0.000000,0.000000,0.000000,0,0,0.000000,0.000000,0.000000,0.000000,0.000000,0.000000,0.000000,0.000000,0.000000,0.000000,0.000000,0.000000,0.000000,0.000000,0,0,0,0,0,0.000000,0.000000,0.000000,0.000000,0.000000,0.000000,0.000000,0.000000,0,0,0,0,0
659,1,1.553582,0.000970,0.000000,0.000034,0.188687,0.436710,0.432885,0.033322,0.001756,0.576738,0.019087,0.003794,0.000000,0.000078,0.000037,0.146695,0.000017,0.116526,0.000444,0.477407,0.000000,0.000000,0.000000,0,0,0.000000,0.000000,0.000000,0.000000,0.000000,0.000000,0.000000,0.000000,0.000000,0.000000,0.000000,0.000000,0.000000,0.000000,0,0,0,0,0,0.000000,0.000000,0.000000,0.000000,0.000000,0.000000,0.000000,0.000000,0,0,0,0,0
660,1,1.603753,0.031738,0.000000,0.000034,0.193071,0.439501,0.435676,0.033322,0.001756,0.607517,0.019087,0.003794,0.000000,0.000078,0.000037,0.128198,0.000017,0.116472,0.000444,0.484375,0.000000,0.000000,0.000000,0,0,0.000000,0.000000,0.000000,0.000000,0.000000,0.000000,0.000000,0.000000,0.000000,0.000000,0.000000,0.000000,0.000000,0.000000,0,0,0,0,0,0.000000,0.000000,0.000000,0.000000,0.000000,0.000000,0.000000,0.000000,0,0,0,0,0
661,1,1.552802,0.000970,0.000000,0.000034,0.188819,0.417243,0.413418,0.033322,0.001756,0.594103,0.019087,0.003794,0.000000,0.000078,0.000037,0.147932,0.000017,0.116472,0.000444,0.483188,0.000000,0.000000,0.000000,0,0,0.000000,0.000000,0.000000,0.000000,0.000000,0.000000,0.000000,0.000000,0.000000,0.000000,0.000000,0.000000,0.000000,0.000000,0,0,0,0,0,0.000000,0.000000,0.000000,0.000000,0.000000,0.000000,0.000000,0.000000,0,0,0,0,0
662,1,1.605187,0.031738,0.000000,0.000034,0.210873,0.416951,0.413127,0.033322,0.001756,0.595245,0.019087,0.003794,0.000000,0.000078,0.000037,0.128198,0.000017,0.116472,0.000444,0.482029,0.000000,0.000000,0.000000,0,0,0.000000,0.000000,0.000000,0.000000,0.000000,0.000000,0.000000,0.000000,0.000000,0.000000,0.000000,0.000000,0.000000,0.000000,0,0,0,0,0,0.000000,0.000000,0.000000,0.000000,0.000000,0.000000,0.000000,0.000000,0,0,0,0,0
663,1,1.552687,0.000970,0.000000,0.000034,0.188819,0.416497,0.412672,0.033322,0.001756,0.614400,0.019087,0.003794,0.000000,0.000078,0.000037,0.128299,0.000017,0.116472,0.000444,0.482819,0.000000,0.000000,0.000000,0,0,0.000000,0.000000,0.000000,0.000000,0.000000,0.000000,0.000000,0.000000,0.000000,0.000000,0.000000,0.000000,0.000000,0.000000,0,0,0,0,0,0.000000,0.000000,0.000000,0.000000,0.000000,0.000000,0.000000,0.000000,0,0,0,0,0
664,1,1.457933,0.031738,0.000000,0.000034,0.209710,0.273397,0.269572,0.033322,0.001756,0.577603,0.019087,0.003794,0.000000,0.000078,0.000037,0.161784,0.000017,0.116472,0.000444,0.483412,0.000000,0.000000,0.000000,0,0,0.000000,0.000000,0.000000,0.000000,0.000000,0.000000,0.000000,0.000000,0.000000,0.000000,0.000000,0.000000,0.000000,0.000000,0,0,0,0,0,0.000000,0.000000,0.000000,0.000000,0.000000,0.000000,0.000000,0.000000,0,0,0,0,0
665,1,1.393884,0.000970,0.000000,0.000034,0.199337,0.283315,0.279490,0.033322,0.001756,0.560394,0.019087,0.003794,0.000000,0.000078,0.000037,0.146756,0.000017,0.116472,0.000444,0.504723,0.000000,0.000000,0.000000,0,0,0.000000,0.000000,0.000000,0.000000,0.000000,0.000000,0.000000,0.000000,0.000000,0.000000,0.000000,0.000000,0.000000,0.000000,0,0,0,0,0,0.000000,0.000000,0.000000,0.000000,0.000000,0.000000,0.000000,0.000000,0,0,0,0,0
666,1,2.531725,1.129866,1.098067,0.000034,0.211748,0.287442,0.283617,0.033322,0.001756,0.557573,0.019087,0.003794,0.000000,0.000078,0.000037,0.128198,0.000017,0.116472,0.000444,0.482517,0.000000,0.000000,0.000000,0,0,0.000000,0.000000,0.000000,0.000000,0.000000,0.000000,0.000000,0.000000,0.000000,0.000000,0.000000,0.000000,0.000000,0.000000,0,0,0,0,0,0.000000,0.000000,0.000000,0.000000,0.000000,0.000000,0.000000,0.000000,0,0,0,0,0
667,1,1.378459,0.000970,0.000000,0.000034,0.205902,0.262339,0.258514,0.033322,0.001756,0.562466,0.019087,0.003794,0.000000,0.000078,0.000037,0.143670,0.000017,0.116472,0.000444,0.499983,0.000000,0.000000,0.000000,0,0,0.000000,0.000000,0.000000,0.000000,0.000000,0.000000,0.000000,0.000000,0.000000,0.000000,0.000000,0.000000,0.000000,0.000000,0,0,0,0,0,0.000000,0.000000,0.000000,0.000000,0.000000,0.000000,0.000000,0.000000,0,0,0,0,0
668,1,1.434964,0.031738,0.000000,0.000034,0.209805,0.272095,0.268270,0.033322,0.001756,0.584310,0.019087,0.003794,0.000000,0.000078,0.000037,0.134077,0.000017,0.116472,0.000444,0.499454,0.000000,0.000000,0.000000,0,0,0.000000,0.000000,0.000000,0.000000,0.000000,0.000000,0.000000,0.000000,0.000000,0.000000,0.000000,0.000000,0.000000,0.000000,0,0,0,0,0,0.000000,0.000000,0.000000,0.000000,0.000000,0.000000,0.000000,0.000000,0,0,0,0,0
669,1,1.395844,0.000970,0.000000,0.000034,0.215417,0.268036,0.264211,0.033335,0.001756,0.574270,0.019087,0.003794,0.000000,0.000078,0.000037,0.134199,0.000017,0.116472,0.000444,0.477258,0.000000,0.000000,0.000000,0,0,0.000000,0.000000,0.000000,0.000000,0.000000,0.000000,0.000000,0.000000,0.000000,0.000000,0.000000,0.000000,0.000000,0.000000,0,0,0,0,0,0.000000,0.000000,0.000000,0.000000,0.000000,0.000000,0.000000,0.000000,0,0,0,0,0
670,1,1.581719,0.031738,0.000000,0.000034,0.199337,0.418254,0.414429,0.033335,0.001756,0.595412,0.019087,0.003794,0.000000,0.000078,0.000037,0.134026,0.000017,0.116472,0.000444,0.483039,0.000000,0.000000,0.000000,0,0,0.000000,0.000000,0.000000,0.000000,0.000000,0.000000,0.000000,0.000000,0.000000,0.000000,0.000000,0.000000,0.000000,0.000000,0,0,0,0,0,0.000000,0.000000,0.000000,0.000000,0.000000,0.000000,0.000000,0.000000,0,0,0,0,0
671,1,1.567563,0.000970,0.000000,0.000034,0.208143,0.437673,0.433848,0.033335,0.001756,0.565148,0.019087,0.003794,0.000000,0.000078,0.000037,0.152676,0.000017,0.116472,0.000444,0.479255,0.000000,0.000000,0.000000,0,0,0.000000,0.000000,0.000000,0.000000,0.000000,0.000000,0.000000,0.000000,0.000000,0.000000,0.000000,0.000000,0.000000,0.000000,0,0,0,0,0,0.000000,0.000000,0.000000,0.000000,0.000000,0.000000,0.000000,0.000000,0,0,0,0,0
672,1,1.581078,0.031738,0.000000,0.000034,0.199337,0.431834,0.428009,0.033335,0.001756,0.563232,0.024865,0.003794,0.000000,0.000078,0.000037,0.134033,0.000017,0.135101,0.000444,0.482703,0.000000,0.000000,0.000000,0,0,0.000000,0.000000,0.000000,0.000000,0.000000,0.000000,0.000000,0.000000,0.000000,0.000000,0.000000,0.000000,0.000000,0.000000,0,0,0,0,0,0.000000,0.000000,0.000000,0.000000,0.000000,0.000000,0.000000,0.000000,0,0,0,0,0
673,1,1.576582,0.000970,0.000000,0.000034,0.190908,0.459588,0.455763,0.033017,0.001756,0.571984,0.024865,0.003794,0.000000,0.000078,0.000037,0.134206,0.000017,0.133616,0.000444,0.485141,0.000000,0.000000,0.000000,0,0,0.000000,0.000000,0.000000,0.000000,0.000000,0.000000,0.000000,0.000000,0.000000,0.000000,0.000000,0.000000,0.000000,0.000000,0,0,0,0,0,0.000000,0.000000,0.000000,0.000000,0.000000,0.000000,0.000000,0.000000,0,0,0,0,0
674,1,2.493500,0.966271,0.934472,0.000034,0.189477,0.414242,0.410417,0.032671,0.001756,0.571123,0.024865,0.003794,0.000000,0.000078,0.000037,0.133867,0.000017,0.133555,0.000444,0.486325,0.000000,0.000000,0.000000,0,0,0.000000,0.000000,0.000000,0.000000,0.000000,0.000000,0.000000,0.000000,0.000000,0.000000,0.000000,0.000000,0.000000,0.000000,0,0,0,0,0,0.000000,0.000000,0.000000,0.000000,0.000000,0.000000,0.000000,0.000000,0,0,0,0,0
675,1,1.548784,0.000970,0.000000,0.000034,0.199337,0.410597,0.406772,0.032671,0.001756,0.589135,0.024865,0.003794,0.000000,0.000078,0.000037,0.133694,0.000017,0.130086,0.000444,0.486247,0.000000,0.000000,0.000000,0,0,0.000000,0.000000,0.000000,0.000000,0.000000,0.000000,0.000000,0.000000,0.000000,0.000000,0.000000,0.000000,0.000000,0.000000,0,0,0,0,0,0.000000,0.000000,0.000000,0.000000,0.000000,0.000000,0.000000,0.000000,0,0,0,0,0
676,1,1.595150,0.031738,0.000000,0.000034,0.190908,0.437185,0.433360,0.032671,0.001756,0.586853,0.024865,0.003794,0.000000,0.000078,0.000037,0.147376,0.000017,0.116472,0.000444,0.478200,0.000000,0.000000,0.000000,0,0,0.000000,0.000000,0.000000,0.000000,0.000000,0.000000,0.000000,0.000000,0.000000,0.000000,0.000000,0.000000,0.000000,0.000000,0,0,0,0,0,0.000000,0.000000,0.000000,0.000000,0.000000,0.000000,0.000000,0.000000,0,0,0,0,0
677,1,1.549333,0.000970,0.000000,0.000034,0.199337,0.412242,0.408417,0.032671,0.001756,0.588867,0.024865,0.003794,0.000000,0.000078,0.000037,0.146827,0.000017,0.116472,0.000444,0.477539,0.000000,0.000000,0.000000,0,0,0.000000,0.000000,0.000000,0.000000,0.000000,0.000000,0.000000,0.000000,0.000000,0.000000,0.000000,0.000000,0.000000,0.000000,0,0,0,0,0,0.000000,0.000000,0.000000,0.000000,0.000000,0.000000,0.000000,0.000000,0,0,0,0,0
678,1,1.684224,0.031738,0.000000,0.000034,0.190908,0.441230,0.437405,0.032498,0.001756,0.614322,0.024865,0.003794,0.000000,0.000078,0.000037,0.205115,0.000017,0.116472,0.000444,0.477525,0.000000,0.000000,0.000000,0,0,0.000000,0.000000,0.000000,0.000000,0.000000,0.000000,0.000000,0.000000,0.000000,0.000000,0.000000,0.000000,0.000000,0.000000,0,0,0,0,0,0.000000,0.000000,0.000000,0.000000,0.000000,0.000000,0.000000,0.000000,0,0,0,0,0
679,1,1.616214,0.000970,0.000000,0.000034,0.196113,0.417572,0.413747,0.032498,0.001756,0.563616,0.024865,0.003794,0.000000,0.000078,0.000037,0.237206,0.000017,0.116472,0.000444,0.485250,0.000000,0.000000,0.000000,0,0,0.000000,0.000000,0.000000,0.000000,0.000000,0.000000,0.000000,0.000000,0.000000,0.000000,0.000000,0.000000,0.000000,0.000000,0,0,0,0,0,0.000000,0.000000,0.000000,0.000000,0.000000,0.000000,0.000000,0.000000,0,0,0,0,0
680,1,1.680664,0.031738,0.000000,0.000034,0.208805,0.418674,0.414849,0.053073,0.001756,0.572557,0.024865,0.003794,0.000000,0.000078,0.000037,0.227576,0.000017,0.116472,0.000444,0.479258,0.000000,0.000000,0.000000,0,0,0.000000,0.000000,0.000000,0.000000,0.000000,0.000000,0.000000,0.000000,0.000000,0.000000,0.000000,0.000000,0.000000,0.000000,0,0,0,0,0,0.000000,0.000000,0.000000,0.000000,0.000000,0.000000,0.000000,0.000000,0,0,0,0,0
681,1,1.621925,0.000970,0.000000,0.000034,0.196113,0.414639,0.391191,0.032498,0.001756,0.584564,0.024865,0.003794,0.000000,0.000078,0.000037,0.202440,0.000017,0.138933,0.000444,0.482971,0.000000,0.000000,0.000000,0,0,0.000000,0.000000,0.000000,0.000000,0.000000,0.000000,0.000000,0.000000,0.000000,0.000000,0.000000,0.000000,0.000000,0.000000,0,0,0,0,0,0.000000,0.000000,0.000000,0.000000,0.000000,0.000000,0.000000,0.000000,0,0,0,0,0
682,1,2.658373,1.199188,1.167389,0.000034,0.187300,0.283129,0.279304,0.051280,0.001756,0.566942,0.024865,0.003794,0.000000,0.000078,0.000037,0.202467,0.000017,0.116472,0.000444,0.479255,0.000000,0.000000,0.000000,0,0,0.000000,0.000000,0.000000,0.000000,0.000000,0.000000,0.000000,0.000000,0.000000,0.000000,0.000000,0.000000,0.000000,0.000000,0,0,0,0,0,0.000000,0.000000,0.000000,0.000000,0.000000,0.000000,0.000000,0.000000,0,0,0,0,0
683,1,1.469309,0.000970,0.000000,0.000034,0.208998,0.267914,0.264089,0.032498,0.001756,0.569594,0.024865,0.003794,0.000000,0.000078,0.000037,0.221276,0.000017,0.116472,0.000444,0.503109,0.000000,0.000000,0.000000,0,0,0.000000,0.000000,0.000000,0.000000,0.000000,0.000000,0.000000,0.000000,0.000000,0.000000,0.000000,0.000000,0.000000,0.000000,0,0,0,0,0,0.000000,0.000000,0.000000,0.000000,0.000000,0.000000,0.000000,0.000000,0,0,0,0,0
684,1,1.459998,0.031769,0.000000,0.000034,0.207096,0.263855,0.260030,0.032498,0.001756,0.551578,0.002967,0.003794,0.000000,0.000078,0.000037,0.205143,0.000017,0.116472,0.000444,0.499305,0.000000,0.000000,0.000000,0,0,0.000000,0.000000,0.000000,0.000000,0.000000,0.000000,0.000000,0.000000,0.000000,0.000000,0.000000,0.000000,0.000000,0.000000,0,0,0,0,0,0.000000,0.000000,0.000000,0.000000,0.000000,0.000000,0.000000,0.000000,0,0,0,0,0
685,1,1.447957,0.000970,0.000000,0.000034,0.227264,0.263936,0.260111,0.032498,0.001756,0.552636,0.002967,0.003794,0.000000,0.000078,0.000037,0.202766,0.000017,0.116472,0.000444,0.482734,0.000000,0.000000,0.000000,0,0,0.000000,0.000000,0.000000,0.000000,0.000000,0.000000,0.000000,0.000000,0.000000,0.000000,0.000000,0.000000,0.000000,0.000000,0,0,0,0,0,0.000000,0.000000,0.000000,0.000000,0.000000,0.000000,0.000000,0.000000,0,0,0,0,0
686,1,1.417762,0.031769,0.000000,0.000034,0.211314,0.275455,0.271630,0.032498,0.001756,0.534132,0.002967,0.003794,0.000000,0.000078,0.000037,0.165398,0.000017,0.116472,0.000444,0.486247,0.000000,0.000000,0.000000,0,0,0.000000,0.000000,0.000000,0.000000,0.000000,0.000000,0.000000,0.000000,0.000000,0.000000,0.000000,0.000000,0.000000,0.000000,0,0,0,0,0,0.000000,0.000000,0.000000,0.000000,0.000000,0.000000,0.000000,0.000000,0,0,0,0,0
687,1,1.397909,0.000970,0.000000,0.000034,0.190694,0.283495,0.279670,0.049564,0.001756,0.540938,0.002967,0.003794,0.000000,0.000078,0.000037,0.165398,0.000017,0.116472,0.000444,0.477542,0.000000,0.000000,0.000000,0,0,0.000000,0.000000,0.000000,0.000000,0.000000,0.000000,0.000000,0.000000,0.000000,0.000000,0.000000,0.000000,0.000000,0.000000,0,0,0,0,0,0.000000,0.000000,0.000000,0.000000,0.000000,0.000000,0.000000,0.000000,0,0,0,0,0
688,1,1.573188,0.031769,0.000000,0.000034,0.190694,0.426327,0.422502,0.032498,0.001756,0.539798,0.002967,0.003794,0.000000,0.000078,0.000037,0.165616,0.000017,0.136281,0.000444,0.483527,0.000000,0.000000,0.000000,0,0,0.000000,0.000000,0.000000,0.000000,0.000000,0.000000,0.000000,0.000000,0.000000,0.000000,0.000000,0.000000,0.000000,0.000000,0,0,0,0,0,0.000000,0.000000,0.000000,0.000000,0.000000,0.000000,0.000000,0.000000,0,0,0,0,0
689,1,1.578973,0.000970,0.000000,0.000034,0.192773,0.460188,0.456363,0.032498,0.001756,0.546082,0.002967,0.003794,0.000000,0.000078,0.000037,0.179959,0.000017,0.116472,0.000444,0.477095,0.000000,0.000000,0.000000,0,0,0.000000,0.000000,0.000000,0.000000,0.000000,0.000000,0.000000,0.000000,0.000000,0.000000,0.000000,0.000000,0.000000,0.000000,0,0,0,0,0,0.000000,0.000000,0.000000,0.000000,0.000000,0.000000,0.000000,0.000000,0,0,0,0,0
690,1,1.566260,0.031769,0.000000,0.000034,0.197096,0.409054,0.405229,0.049713,0.001756,0.530494,0.002967,0.003794,0.000000,0.000078,0.000037,0.162364,0.000017,0.135739,0.000444,0.478868,0.000000,0.000000,0.000000,0,0,0.000000,0.000000,0.000000,0.000000,0.000000,0.000000,0.000000,0.000000,0.000000,0.000000,0.000000,0.000000,0.000000,0.000000,0,0,0,0,0,0.000000,0.000000,0.000000,0.000000,0.000000,0.000000,0.000000,0.000000,0,0,0,0,0
691,1,1.560384,0.000970,0.000000,0.000034,0.188687,0.416239,0.412415,0.032498,0.001756,0.557251,0.002967,0.003794,0.000000,0.000078,0.000037,0.198235,0.000017,0.116472,0.000444,0.483181,0.000000,0.000000,0.000000,0,0,0.000000,0.000000,0.000000,0.000000,0.000000,0.000000,0.000000,0.000000,0.000000,0.000000,0.000000,0.000000,0.000000,0.000000,0,0,0,0,0,0.000000,0.000000,0.000000,0.000000,0.000000,0.000000,0.000000,0.000000,0,0,0,0,0
692,1,2.560493,0.976451,0.944621,0.000034,0.191691,0.465732,0.461907,0.032325,0.001756,0.526910,0.002967,0.003794,0.000000,0.000078,0.000037,0.201053,0.000017,0.116472,0.000444,0.490852,0.000000,0.000000,0.000000,0,0,0.000000,0.000000,0.000000,0.000000,0.000000,0.000000,0.000000,0.000000,0.000000,0.000000,0.000000,0.000000,0.000000,0.000000,0,0,0,0,0,0.000000,0.000000,0.000000,0.000000,0.000000,0.000000,0.000000,0.000000,0,0,0,0,0
693,1,1.664425,0.000970,0.000000,0.000034,0.188351,0.523180,0.519355,0.032338,0.001756,0.552789,0.002967,0.003794,0.000000,0.000078,0.000037,0.200467,0.000017,0.116472,0.000444,0.478872,0.000000,0.000000,0.000000,0,0,0.000000,0.000000,0.000000,0.000000,0.000000,0.000000,0.000000,0.000000,0.000000,0.000000,0.000000,0.000000,0.000000,0.000000,0,0,0,0,0,0.000000,0.000000,0.000000,0.000000,0.000000,0.000000,0.000000,0.000000,0,0,0,0,0
694,1,1.681681,0.031769,0.000000,0.000034,0.190247,0.499108,0.495283,0.032338,0.001756,0.580366,0.002967,0.003794,0.000000,0.000078,0.000037,0.181522,0.000017,0.116472,0.000444,0.483086,0.000000,0.000000,0.000000,0,0,0.000000,0.000000,0.000000,0.000000,0.000000,0.000000,0.000000,0.000000,0.000000,0.000000,0.000000,0.000000,0.000000,0.000000,0,0,0,0,0,0.000000,0.000000,0.000000,0.000000,0.000000,0.000000,0.000000,0.000000,0,0,0,0,0
695,1,1.691233,0.000970,0.000000,0.000034,0.223904,0.524306,0.520481,0.032338,0.001756,0.539286,0.002967,0.003794,0.000000,0.000078,0.000037,0.185811,0.000017,0.134759,0.000444,0.497626,0.000000,0.000000,0.000000,0,0,0.000000,0.000000,0.000000,0.000000,0.000000,0.000000,0.000000,0.000000,0.000000,0.000000,0.000000,0.000000,0.000000,0.000000,0,0,0,0,0,0.000000,0.000000,0.000000,0.000000,0.000000,0.000000,0.000000,0.000000,0,0,0,0,0
696,1,1.668667,0.031769,0.000000,0.000034,0.196947,0.495192,0.471663,0.051520,0.001756,0.523149,0.002967,0.003794,0.000000,0.000078,0.000037,0.203729,0.000017,0.116472,0.000444,0.485850,0.000000,0.000000,0.000000,0,0,0.000000,0.000000,0.000000,0.000000,0.000000,0.000000,0.000000,0.000000,0.000000,0.000000,0.000000,0.000000,0.000000,0.000000,0,0,0,0,0,0.000000,0.000000,0.000000,0.000000,0.000000,0.000000,0.000000,0.000000,0,0,0,0,0
697,1,1.641039,0.000970,0.000000,0.000034,0.206940,0.498549,0.494724,0.087318,0.001756,0.236511,0.002967,0.003794,0.000000,0.000078,0.000037,0.181851,0.000017,0.135427,0.000444,0.481523,0.000000,0.000000,0.000000,0,0,0.000000,0.000000,0.000000,0.000000,0.000000,0.000000,0.000000,0.000000,0.000000,0.000000,0.000000,0.000000,0.000000,0.000000,0,0,0,0,0,0.000000,0.000000,0.000000,0.000000,0.000000,0.000000,0.000000,0.000000,0,0,0,0,0
698,1,1.687934,0.031769,0.000000,0.000034,0.205719,0.510925,0.507100,0.032186,0.001756,0.525394,0.002967,0.003794,0.000000,0.000078,0.000037,0.170237,0.000017,0.159458,0.000444,0.481710,0.000000,0.000000,0.000000,0,0,0.000000,0.000000,0.000000,0.000000,0.000000,0.000000,0.000000,0.000000,0.000000,0.000000,0.000000,0.000000,0.000000,0.000000,0,0,0,0,0,0.000000,0.000000,0.000000,0.000000,0.000000,0.000000,0.000000,0.000000,0,0,0,0,0
699,1,1.612478,0.000970,0.000000,0.000034,0.208520,0.498396,0.494571,0.087145,0.001756,0.237176,0.002967,0.003794,0.000000,0.000078,0.000037,0.170325,0.000017,0.116472,0.000444,0.601325,0.000000,0.000000,0.000000,0,0,0.000000,0.000000,0.000000,0.000000,0.000000,0.000000,0.000000,0.000000,0.000000,0.000000,0.000000,0.000000,0.000000,0.000000,0,0,0,0,0,0.000000,0.000000,0.000000,0.000000,0.000000,0.000000,0.000000,0.000000,0,0,0,0,0
700,1,1.515791,0.031769,0.000000,0.000034,0.214898,0.361426,0.357602,0.032054,0.001756,0.536031,0.002967,0.003794,0.000000,0.000078,0.000037,0.170926,0.000017,0.116472,0.000444,0.505402,0.000000,0.000000,0.000000,0,0,0.000000,0.000000,0.000000,0.000000,0.000000,0.000000,0.000000,0.000000,0.000000,0.000000,0.000000,0.000000,0.000000,0.000000,0,0,0,0,0,0.000000,0.000000,0.000000,0.000000,0.000000,0.000000,0.000000,0.000000,0,0,0,0,0
701,1,1.493754,0.000970,0.000000,0.000034,0.233432,0.346541,0.342716,0.105733,0.001756,0.233537,0.002967,0.003794,0.000000,0.000078,0.000037,0.167287,0.000017,0.116472,0.000444,0.476722,0.000000,0.000000,0.000000,0,0,0.000000,0.000000,0.000000,0.000000,0.000000,0.000000,0.000000,0.000000,0.000000,0.000000,0.000000,0.000000,0.000000,0.000000,0,0,0,0,0,0.000000,0.000000,0.000000,0.000000,0.000000,0.000000,0.000000,0.000000,0,0,0,0,0
702,1,2.617452,1.122982,1.074463,0.000034,0.187402,0.362139,0.358314,0.032054,0.001756,0.555823,0.002967,0.003794,0.000000,0.000078,0.000037,0.167633,0.000017,0.137207,0.000444,0.463060,0.000000,0.000000,0.000000,0,0,0.000000,0.000000,0.000000,0.000000,0.000000,0.000000,0.000000,0.000000,0.000000,0.000000,0.000000,0.000000,0.000000,0.000000,0,0,0,0,0,0.000000,0.000000,0.000000,0.000000,0.000000,0.000000,0.000000,0.000000,0,0,0,0,0
703,1,1.493239,0.000970,0.000000,0.000034,0.206733,0.385610,0.381785,0.087012,0.001756,0.231893,0.002967,0.003794,0.000000,0.000078,0.000037,0.167979,0.000017,0.116472,0.000444,0.480886,0.000000,0.000000,0.000000,0,0,0.000000,0.000000,0.000000,0.000000,0.000000,0.000000,0.000000,0.000000,0.000000,0.000000,0.000000,0.000000,0.000000,0.000000,0,0,0,0,0,0.000000,0.000000,0.000000,0.000000,0.000000,0.000000,0.000000,0.000000,0,0,0,0,0
704,1,1.532983,0.031769,0.000000,0.000034,0.192078,0.387183,0.383358,0.031881,0.001756,0.533227,0.002967,0.003794,0.000000,0.000078,0.000037,0.169535,0.000017,0.135264,0.000444,0.463060,0.000000,0.000000,0.000000,0,0,0.000000,0.000000,0.000000,0.000000,0.000000,0.000000,0.000000,0.000000,0.000000,0.000000,0.000000,0.000000,0.000000,0.000000,0,0,0,0,0,0.000000,0.000000,0.000000,0.000000,0.000000,0.000000,0.000000,0.000000,0,0,0,0,0
705,1,1.497776,0.000970,0.000000,0.000034,0.196947,0.390374,0.386549,0.087012,0.001756,0.227054,0.002967,0.003794,0.000000,0.000078,0.000037,0.167128,0.000017,0.138855,0.000444,0.463060,0.000000,0.000000,0.000000,0,0,0.000000,0.000000,0.000000,0.000000,0.000000,0.000000,0.000000,0.000000,0.000000,0.000000,0.000000,0.000000,0.000000,0.000000,0,0,0,0,0,0.000000,0.000000,0.000000,0.000000,0.000000,0.000000,0.000000,0.000000,0,0,0,0,0
706,1,1.625119,0.031769,0.000000,0.000034,0.188416,0.482032,0.478207,0.031881,0.001756,0.536591,0.002967,0.003794,0.000000,0.000078,0.000037,0.186062,0.000017,0.116472,0.000444,0.481052,0.000000,0.000000,0.000000,0,0,0.000000,0.000000,0.000000,0.000000,0.000000,0.000000,0.000000,0.000000,0.000000,0.000000,0.000000,0.000000,0.000000,0.000000,0,0,0,0,0,0.000000,0.000000,0.000000,0.000000,0.000000,0.000000,0.000000,0.000000,0,0,0,0,0
707,1,1.640445,0.000970,0.000000,0.000034,0.192078,0.501400,0.497576,0.087012,0.001756,0.213433,0.002967,0.003794,0.000000,0.000078,0.000037,0.185944,0.000017,0.116472,0.000444,0.494849,0.000000,0.000000,0.000000,0,0,0.000000,0.000000,0.000000,0.000000,0.000000,0.000000,0.000000,0.000000,0.000000,0.000000,0.000000,0.000000,0.000000,0.000000,0,0,0,0,0,0.000000,0.000000,0.000000,0.000000,0.000000,0.000000,0.000000,0.000000,0,0,0,0,0
708,1,1.573483,0.031769,0.000000,0.000034,0.188416,0.463074,0.459249,0.031921,0.001756,0.546536,0.002967,0.003794,0.000000,0.000078,0.000037,0.143395,0.000017,0.116472,0.000444,0.486060,0.000000,0.000000,0.000000,0,0,0.000000,0.000000,0.000000,0.000000,0.000000,0.000000,0.000000,0.000000,0.000000,0.000000,0.000000,0.000000,0.000000,0.000000,0,0,0,0,0,0.000000,0.000000,0.000000,0.000000,0.000000,0.000000,0.000000,0.000000,0,0,0,0,0
709,1,1.588572,0.000970,0.000000,0.000034,0.192047,0.487020,0.483195,0.087053,0.001756,0.213440,0.002967,0.003794,0.000000,0.000078,0.000037,0.149011,0.000017,0.116472,0.000444,0.481822,0.000000,0.000000,0.000000,0,0,0.000000,0.000000,0.000000,0.000000,0.000000,0.000000,0.000000,0.000000,0.000000,0.000000,0.000000,0.000000,0.000000,0.000000,0,0,0,0,0,0.000000,0.000000,0.000000,0.000000,0.000000,0.000000,0.000000,0.000000,0,0,0,0,0
710,1,1.603278,0.031769,0.000000,0.000034,0.216109,0.485043,0.481218,0.031494,0.001756,0.543057,0.002967,0.003794,0.000000,0.000078,0.000037,0.127435,0.000017,0.116472,0.000444,0.484144,0.000000,0.000000,0.000000,0,0,0.000000,0.000000,0.000000,0.000000,0.000000,0.000000,0.000000,0.000000,0.000000,0.000000,0.000000,0.000000,0.000000,0.000000,0,0,0,0,0,0.000000,0.000000,0.000000,0.000000,0.000000,0.000000,0.000000,0.000000,0,0,0,0,0
711,1,1.529751,0.000970,0.000000,0.000034,0.188338,0.469099,0.465274,0.086453,0.001756,0.213433,0.002967,0.003794,0.000000,0.000078,0.000037,0.151703,0.000017,0.116472,0.000444,0.486060,0.000000,0.000000,0.000000,0,0,0.000000,0.000000,0.000000,0.000000,0.000000,0.000000,0.000000,0.000000,0.000000,0.000000,0.000000,0.000000,0.000000,0.000000,0,0,0,0,0,0.000000,0.000000,0.000000,0.000000,0.000000,0.000000,0.000000,0.000000,0,0,0,0,0
712,1,3.884640,1.083605,1.051775,0.000034,0.217523,0.484266,0.480442,0.031494,0.001756,0.543972,0.002967,0.003794,0.000000,0.000078,0.000037,0.127309,0.000017,0.138855,0.000444,0.487203,0.000000,0.000000,0.000000,0,0,0.000000,0.000000,0.000000,0.000000,0.000000,0.000000,0.000000,0.000000,0.000000,0.000000,0.000000,0.000000,0.000000,0.000000,0,0,0,0,0,0.000000,0.000000,0.000000,0.000000,0.000000,0.000000,0.000000,0.000000,0,0,0,0,0
713,1,1.571055,0.000970,0.000000,0.000034,0.203803,0.485141,0.481316,0.031494,0.001756,0.533891,0.002967,0.003794,0.000000,0.000078,0.000037,0.127309,0.000017,0.138933,0.000444,0.482463,0.000000,0.000000,0.000000,0,0,0.000000,0.000000,0.000000,0.000000,0.000000,0.000000,0.000000,0.000000,0.000000,0.000000,0.000000,0.000000,0.000000,0.000000,0,0,0,0,0,0.000000,0.000000,0.000000,0.000000,0.000000,0.000000,0.000000,0.000000,0,0,0,0,0
714,1,1.576233,0.031769,0.000000,0.000034,0.208242,0.476359,0.472534,0.031494,0.001756,0.535075,0.002967,0.003794,0.000000,0.000078,0.000037,0.127309,0.000017,0.116472,0.000444,0.506039,0.000000,0.000000,0.000000,0,0,0.000000,0.000000,0.000000,0.000000,0.000000,0.000000,0.000000,0.000000,0.000000,0.000000,0.000000,0.000000,0.000000,0.000000,0,0,0,0,0,0.000000,0.000000,0.000000,0.000000,0.000000,0.000000,0.000000,0.000000,0,0,0,0,0
715,1,1.540846,0.000970,0.000000,0.000034,0.205519,0.483192,0.479367,0.031494,0.001756,0.526371,0.002967,0.003794,0.000000,0.000078,0.000037,0.127309,0.000017,0.116472,0.000444,0.508528,0.000000,0.000000,0.000000,0,0,0.000000,0.000000,0.000000,0.000000,0.000000,0.000000,0.000000,0.000000,0.000000,0.000000,0.000000,0.000000,0.000000,0.000000,0,0,0,0,0,0.000000,0.000000,0.000000,0.000000,0.000000,0.000000,0.000000,0.000000,0,0,0,0,0
716,1,1.598341,0.051110,0.000000,0.000034,0.190162,0.481717,0.477892,0.031494,0.001756,0.531704,0.002967,0.003794,0.000000,0.000078,0.000037,0.127316,0.000017,0.135318,0.000444,0.505222,0.000000,0.000000,0.000000,0,0,0.000000,0.000000,0.000000,0.000000,0.000000,0.000000,0.000000,0.000000,0.000000,0.000000,0.000000,0.000000,0.000000,0.000000,0,0,0,0,0,0.000000,0.000000,0.000000,0.000000,0.000000,0.000000,0.000000,0.000000,0,0,0,0,0
717,1,1.425873,0.000970,0.000000,0.000034,0.235006,0.306949,0.303124,0.031494,0.001756,0.533861,0.002967,0.003794,0.000000,0.000078,0.000037,0.129218,0.000017,0.116472,0.000444,0.477773,0.000000,0.000000,0.000000,0,0,0.000000,0.000000,0.000000,0.000000,0.000000,0.000000,0.000000,0.000000,0.000000,0.000000,0.000000,0.000000,0.000000,0.000000,0,0,0,0,0,0.000000,0.000000,0.000000,0.000000,0.000000,0.000000,0.000000,0.000000,0,0,0,0,0
718,1,1.445038,0.031769,0.000000,0.000034,0.211792,0.335497,0.331672,0.031321,0.001756,0.541345,0.002967,0.003794,0.000000,0.000078,0.000037,0.127316,0.000017,0.116472,0.000444,0.477749,0.000000,0.000000,0.000000,0,0,0.000000,0.000000,0.000000,0.000000,0.000000,0.000000,0.000000,0.000000,0.000000,0.000000,0.000000,0.000000,0.000000,0.000000,0,0,0,0,0,0.000000,0.000000,0.000000,0.000000,0.000000,0.000000,0.000000,0.000000,0,0,0,0,0
719,1,1.422245,0.000970,0.000000,0.000034,0.212538,0.345076,0.341251,0.031321,0.001756,0.537459,0.002967,0.003794,0.000000,0.000078,0.000037,0.128883,0.000017,0.116472,0.000444,0.483008,0.000000,0.000000,0.000000,0,0,0.000000,0.000000,0.000000,0.000000,0.000000,0.000000,0.000000,0.000000,0.000000,0.000000,0.000000,0.000000,0.000000,0.000000,0,0,0,0,0,0.000000,0.000000,0.000000,0.000000,0.000000,0.000000,0.000000,0.000000,0,0,0,0,0
840,2,2.666124,0.019779,0.000000,0.000034,0.151900,1.700148,1.696408,0.186266,0.001756,0.281084,0.081950,0.003794,0.000000,0.000078,0.000037,0.013624,0.000017,0.114587,0.000444,0.481510,0.000000,0.000000,0.000000,0,0,0.000000,0.000000,0.000000,0.000000,0.000000,0.000000,0.000000,0.000000,0.000000,0.000000,0.000000,0.000000,0.000000,0.000000,0,0,0,0,0,0.000000,0.000000,0.000000,0.000000,0.000000,0.000000,0.000000,0.000000,0,0,0,0,0
841,2,2.617625,0.000970,0.000000,0.000034,0.134379,1.675490,1.671750,0.199863,0.001756,0.301676,0.081950,0.003794,0.000000,0.000078,0.000037,0.013624,0.000017,0.114587,0.000444,0.485565,0.000000,0.000000,0.000000,0,0,0.000000,0.000000,0.000000,0.000000,0.000000,0.000000,0.000000,0.000000,0.000000,0.000000,0.000000,0.000000,0.000000,0.000000,0,0,0,0,0,0.000000,0.000000,0.000000,0.000000,0.000000,0.000000,0.000000,0.000000,0,0,0,0,0
842,2,2.676480,0.019779,0.000000,0.000034,0.154304,1.670431,1.666690,0.210005,0.001756,0.280911,0.081950,0.003794,0.000000,0.000078,0.000037,0.013624,0.000017,0.129991,0.000444,0.485589,0.000000,0.000000,0.000000,0,0,0.000000,0.000000,0.000000,0.000000,0.000000,0.000000,0.000000,0.000000,0.000000,0.000000,0.000000,0.000000,0.000000,0.000000,0,0,0,0,0,0.000000,0.000000,0.000000,0.000000,0.000000,0.000000,0.000000,0.000000,0,0,0,0,0
843,2,2.605713,0.000970,0.000000,0.000034,0.181359,1.652646,1.648905,0.149597,0.001756,0.280911,0.081950,0.003794,0.000000,0.000078,0.000037,0.013624,0.000017,0.114587,0.000444,0.483276,0.000000,0.000000,0.000000,0,0,0.000000,0.000000,0.000000,0.000000,0.000000,0.000000,0.000000,0.000000,0.000000,0.000000,0.000000,0.000000,0.000000,0.000000,0,0,0,0,0,0.000000,0.000000,0.000000,0.000000,0.000000,0.000000,0.000000,0.000000,0,0,0,0,0
844,2,2.691108,0.019779,0.000000,0.000034,0.148305,1.663537,1.659797,0.149597,0.001756,0.301463,0.081950,0.003794,0.000000,0.000078,0.000037,0.013624,0.000017,0.131731,0.000444,0.483724,0.000000,0.000000,0.000000,0,0,0.000000,0.000000,0.000000,0.000000,0.000000,0.000000,0.000000,0.000000,0.000000,0.000000,0.000000,0.000000,0.000000,0.000000,0,0,0,0,0,0.000000,0.000000,0.000000,0.000000,0.000000,0.000000,0.000000,0.000000,0,0,0,0,0
845,2,2.607635,0.000970,0.000000,0.000034,0.131270,1.672401,1.668660,0.166690,0.001756,0.292959,0.093998,0.003794,0.000000,0.000078,0.000037,0.013624,0.000017,0.114587,0.000444,0.483805,0.000000,0.000000,0.000000,0,0,0.000000,0.000000,0.000000,0.000000,0.000000,0.000000,0.000000,0.000000,0.000000,0.000000,0.000000,0.000000,0.000000,0.000000,0,0,0,0,0,0.000000,0.000000,0.000000,0.000000,0.000000,0.000000,0.000000,0.000000,0,0,0,0,0
846,2,5.343174,2.630293,2.610453,0.000034,0.130266,1.681607,1.677867,0.149821,0.001756,0.303294,0.081950,0.003794,0.000000,0.000078,0.000037,0.013624,0.000017,0.114587,0.000444,0.484097,0.000000,0.000000,0.000000,0,0,0.000000,0.000000,0.000000,0.000000,0.000000,0.000000,0.000000,0.000000,0.000000,0.000000,0.000000,0.000000,0.000000,0.000000,0,0,0,0,0,0.000000,0.000000,0.000000,0.000000,0.000000,0.000000,0.000000,0.000000,0,0,0,0,0
847,2,2.718567,0.000970,0.000000,0.000034,0.150848,1.680023,1.676283,0.150045,0.001756,0.280911,0.081950,0.024370,0.000000,0.000078,0.000037,0.013624,0.000017,0.114587,0.000444,0.499142,0.000000,0.000000,0.000000,0,0,0.000000,0.000000,0.000000,0.000000,0.000000,0.000000,0.000000,0.000000,0.000000,0.000000,0.000000,0.000000,0.000000,0.000000,0,0,0,0,0,0.000000,0.000000,0.000000,0.000000,0.000000,0.000000,0.000000,0.000000,0,0,0,0,0
848,2,2.725983,0.019779,0.000000,0.000034,0.131592,1.686028,1.682288,0.151099,0.001756,0.300229,0.081950,0.003794,0.000000,0.000078,0.000037,0.013624,0.000017,0.114587,0.000444,0.497626,0.000000,0.000000,0.000000,0,0,0.000000,0.000000,0.000000,0.000000,0.000000,0.000000,0.000000,0.000000,0.000000,0.000000,0.000000,0.000000,0.000000,0.000000,0,0,0,0,0,0.000000,0.000000,0.000000,0.000000,0.000000,0.000000,0.000000,0.000000,0,0,0,0,0
849,2,2.653151,0.000970,0.000000,0.000034,0.131856,1.652527,1.648787,0.149597,0.001756,0.301395,0.081950,0.003794,0.000000,0.000078,0.000037,0.013624,0.000017,0.114587,0.000444,0.589739,0.000000,0.000000,0.000000,0,0,0.000000,0.000000,0.000000,0.000000,0.000000,0.000000,0.000000,0.000000,0.000000,0.000000,0.000000,0.000000,0.000000,0.000000,0,0,0,0,0,0.000000,0.000000,0.000000,0.000000,0.000000,0.000000,0.000000,0.000000,0,0,0,0,0
850,2,2.736833,0.019779,0.000000,0.000034,0.132121,1.705688,1.701948,0.164907,0.001756,0.302500,0.103712,0.003794,0.000000,0.000078,0.000037,0.013624,0.000017,0.114587,0.000444,0.495921,0.000000,0.000000,0.000000,0,0,0.000000,0.000000,0.000000,0.000000,0.000000,0.000000,0.000000,0.000000,0.000000,0.000000,0.000000,0.000000,0.000000,0.000000,0,0,0,0,0,0.000000,0.000000,0.000000,0.000000,0.000000,0.000000,0.000000,0.000000,0,0,0,0,0
851,2,2.700361,0.000970,0.000000,0.000034,0.132765,1.688222,1.684482,0.169837,0.001756,0.295702,0.096914,0.003794,0.000000,0.000078,0.000037,0.013624,0.000017,0.114587,0.000444,0.485752,0.000000,0.000000,0.000000,0,0,0.000000,0.000000,0.000000,0.000000,0.000000,0.000000,0.000000,0.000000,0.000000,0.000000,0.000000,0.000000,0.000000,0.000000,0,0,0,0,0,0.000000,0.000000,0.000000,0.000000,0.000000,0.000000,0.000000,0.000000,0,0,0,0,0
852,2,2.725708,0.019779,0.000000,0.000034,0.131592,1.686815,1.683075,0.168250,0.001756,0.300981,0.081950,0.003794,0.000000,0.000078,0.000037,0.013624,0.000017,0.114587,0.000444,0.476925,0.000000,0.000000,0.000000,0,0,0.000000,0.000000,0.000000,0.000000,0.000000,0.000000,0.000000,0.000000,0.000000,0.000000,0.000000,0.000000,0.000000,0.000000,0,0,0,0,0,0.000000,0.000000,0.000000,0.000000,0.000000,0.000000,0.000000,0.000000,0,0,0,0,0
853,2,2.673628,0.000970,0.000000,0.000034,0.131856,1.686764,1.683024,0.149590,0.001756,0.301164,0.081950,0.003794,0.000000,0.000078,0.000037,0.013624,0.000017,0.114587,0.000444,0.483948,0.000000,0.000000,0.000000,0,0,0.000000,0.000000,0.000000,0.000000,0.000000,0.000000,0.000000,0.000000,0.000000,0.000000,0.000000,0.000000,0.000000,0.000000,0,0,0,0,0,0.000000,0.000000,0.000000,0.000000,0.000000,0.000000,0.000000,0.000000,0,0,0,0,0
854,2,2.739431,0.019779,0.000000,0.000034,0.132121,1.725355,1.721615,0.149814,0.021481,0.280738,0.081950,0.003794,0.000000,0.000078,0.000037,0.013624,0.000017,0.114587,0.000444,0.480513,0.000000,0.000000,0.000000,0,0,0.000000,0.000000,0.000000,0.000000,0.000000,0.000000,0.000000,0.000000,0.000000,0.000000,0.000000,0.000000,0.000000,0.000000,0,0,0,0,0,0.000000,0.000000,0.000000,0.000000,0.000000,0.000000,0.000000,0.000000,0,0,0,0,0
855,2,2.685967,0.000970,0.000000,0.000034,0.132765,1.690535,1.686795,0.150031,0.001756,0.298764,0.099976,0.003794,0.000000,0.000078,0.000037,0.013624,0.000017,0.114587,0.000444,0.481761,0.000000,0.000000,0.000000,0,0,0.000000,0.000000,0.000000,0.000000,0.000000,0.000000,0.000000,0.000000,0.000000,0.000000,0.000000,0.000000,0.000000,0.000000,0,0,0,0,0,0.000000,0.000000,0.000000,0.000000,0.000000,0.000000,0.000000,0.000000,0,0,0,0,0
856,2,2.721130,0.019779,0.000000,0.000034,0.131592,1.698703,1.694963,0.151086,0.001756,0.280738,0.081950,0.003794,0.000000,0.000078,0.000037,0.013624,0.000017,0.114587,0.000444,0.482201,0.000000,0.000000,0.000000,0,0,0.000000,0.000000,0.000000,0.000000,0.000000,0.000000,0.000000,0.000000,0.000000,0.000000,0.000000,0.000000,0.000000,0.000000,0,0,0,0,0,0.000000,0.000000,0.000000,0.000000,0.000000,0.000000,0.000000,0.000000,0,0,0,0,0
857,2,2.667352,0.000970,0.000000,0.000034,0.131856,1.666168,1.662428,0.170091,0.001756,0.280738,0.081950,0.003794,0.000000,0.000078,0.000037,0.013624,0.000017,0.114587,0.000444,0.477027,0.000000,0.000000,0.000000,0,0,0.000000,0.000000,0.000000,0.000000,0.000000,0.000000,0.000000,0.000000,0.000000,0.000000,0.000000,0.000000,0.000000,0.000000,0,0,0,0,0,0.000000,0.000000,0.000000,0.000000,0.000000,0.000000,0.000000,0.000000,0,0,0,0,0
858,2,2.778904,0.019779,0.000000,0.000034,0.171902,1.685384,1.681644,0.149651,0.001756,0.280731,0.081950,0.003794,0.000000,0.000078,0.000037,0.013624,0.000017,0.133040,0.000444,0.481642,0.000000,0.000000,0.000000,0,0,0.000000,0.000000,0.000000,0.000000,0.000000,0.000000,0.000000,0.000000,0.000000,0.000000,0.000000,0.000000,0.000000,0.000000,0,0,0,0,0,0.000000,0.000000,0.000000,0.000000,0.000000,0.000000,0.000000,0.000000,0,0,0,0,0
859,2,2.735497,0.000970,0.000000,0.000034,0.150903,1.680884,1.677144,0.149875,0.001756,0.279704,0.081950,0.003794,0.000000,0.000078,0.000037,0.013624,0.000017,0.135193,0.000444,0.485758,0.000000,0.000000,0.000000,0,0,0.000000,0.000000,0.000000,0.000000,0.000000,0.000000,0.000000,0.000000,0.000000,0.000000,0.000000,0.000000,0.000000,0.000000,0,0,0,0,0,0.000000,0.000000,0.000000,0.000000,0.000000,0.000000,0.000000,0.000000,0,0,0,0,0
860,2,2.766730,0.019779,0.000000,0.000034,0.150306,1.689758,1.686018,0.150930,0.001756,0.302134,0.081950,0.003794,0.000000,0.000078,0.000037,0.013624,0.000017,0.136383,0.000444,0.482853,0.000000,0.000000,0.000000,0,0,0.000000,0.000000,0.000000,0.000000,0.000000,0.000000,0.000000,0.000000,0.000000,0.000000,0.000000,0.000000,0.000000,0.000000,0,0,0,0,0,0.000000,0.000000,0.000000,0.000000,0.000000,0.000000,0.000000,0.000000,0,0,0,0,0
861,2,2.710114,0.000970,0.000000,0.000034,0.150998,1.672085,1.668345,0.149428,0.001756,0.300964,0.081950,0.003794,0.000000,0.000078,0.000037,0.013624,0.000017,0.128248,0.000444,0.485758,0.000000,0.000000,0.000000,0,0,0.000000,0.000000,0.000000,0.000000,0.000000,0.000000,0.000000,0.000000,0.000000,0.000000,0.000000,0.000000,0.000000,0.000000,0,0,0,0,0,0.000000,0.000000,0.000000,0.000000,0.000000,0.000000,0.000000,0.000000,0,0,0,0,0
862,2,5.823574,3.121568,3.101729,0.000034,0.130266,1.692668,1.688928,0.171861,0.001756,0.295285,0.081950,0.003794,0.000000,0.000078,0.000037,0.013624,0.000017,0.114587,0.000444,0.484765,0.000000,0.000000,0.000000,0,0,0.000000,0.000000,0.000000,0.000000,0.000000,0.000000,0.000000,0.000000,0.000000,0.000000,0.000000,0.000000,0.000000,0.000000,0,0,0,0,0,0.000000,0.000000,0.000000,0.000000,0.000000,0.000000,0.000000,0.000000,0,0,0,0,0
863,2,2.703556,0.000970,0.000000,0.000034,0.149434,1.677256,1.673516,0.149702,0.001756,0.278330,0.081950,0.003794,0.000000,0.000078,0.000037,0.030745,0.000017,0.114587,0.000444,0.498410,0.000000,0.000000,0.000000,0,0,0.000000,0.000000,0.000000,0.000000,0.000000,0.000000,0.000000,0.000000,0.000000,0.000000,0.000000,0.000000,0.000000,0.000000,0,0,0,0,0,0.000000,0.000000,0.000000,0.000000,0.000000,0.000000,0.000000,0.000000,0,0,0,0,0
864,2,2.719838,0.019779,0.000000,0.000034,0.131592,1.684018,1.680278,0.150781,0.001756,0.296858,0.081950,0.003794,0.000000,0.000078,0.000037,0.013624,0.000017,0.114587,0.000444,0.499420,0.000000,0.000000,0.000000,0,0,0.000000,0.000000,0.000000,0.000000,0.000000,0.000000,0.000000,0.000000,0.000000,0.000000,0.000000,0.000000,0.000000,0.000000,0,0,0,0,0,0.000000,0.000000,0.000000,0.000000,0.000000,0.000000,0.000000,0.000000,0,0,0,0,0
865,2,2.667040,0.000970,0.000000,0.000034,0.131856,1.664052,1.660312,0.149278,0.001756,0.298940,0.102559,0.003794,0.000000,0.000078,0.000037,0.013624,0.000017,0.114587,0.000444,0.508396,0.000000,0.000000,0.000000,0,0,0.000000,0.000000,0.000000,0.000000,0.000000,0.000000,0.000000,0.000000,0.000000,0.000000,0.000000,0.000000,0.000000,0.000000,0,0,0,0,0,0.000000,0.000000,0.000000,0.000000,0.000000,0.000000,0.000000,0.000000,0,0,0,0,0
866,2,2.759233,0.019779,0.000000,0.000034,0.132121,1.726373,1.722633,0.149502,0.001756,0.278330,0.081950,0.003794,0.000000,0.000078,0.000037,0.013624,0.000017,0.129995,0.000444,0.463376,0.000000,0.000000,0.000000,0,0,0.000000,0.000000,0.000000,0.000000,0.000000,0.000000,0.000000,0.000000,0.000000,0.000000,0.000000,0.000000,0.000000,0.000000,0,0,0,0,0,0.000000,0.000000,0.000000,0.000000,0.000000,0.000000,0.000000,0.000000,0,0,0,0,0
867,2,2.684787,0.000970,0.000000,0.000034,0.132765,1.686032,1.682292,0.167830,0.001756,0.283044,0.082808,0.003794,0.000000,0.000078,0.000037,0.013624,0.000017,0.114587,0.000444,0.481595,0.000000,0.000000,0.000000,0,0,0.000000,0.000000,0.000000,0.000000,0.000000,0.000000,0.000000,0.000000,0.000000,0.000000,0.000000,0.000000,0.000000,0.000000,0,0,0,0,0,0.000000,0.000000,0.000000,0.000000,0.000000,0.000000,0.000000,0.000000,0,0,0,0,0
868,2,2.697645,0.019779,0.000000,0.000034,0.131592,1.672119,1.668379,0.173170,0.001756,0.281413,0.064209,0.003794,0.000000,0.000078,0.000037,0.013624,0.000017,0.114587,0.000444,0.485836,0.000000,0.000000,0.000000,0,0,0.000000,0.000000,0.000000,0.000000,0.000000,0.000000,0.000000,0.000000,0.000000,0.000000,0.000000,0.000000,0.000000,0.000000,0,0,0,0,0,0.000000,0.000000,0.000000,0.000000,0.000000,0.000000,0.000000,0.000000,0,0,0,0,0
869,2,2.656898,0.000970,0.000000,0.000034,0.131856,1.669654,1.665914,0.167531,0.001756,0.282342,0.064209,0.003794,0.000000,0.000078,0.000037,0.013624,0.000017,0.114587,0.000444,0.483025,0.000000,0.000000,0.000000,0,0,0.000000,0.000000,0.000000,0.000000,0.000000,0.000000,0.000000,0.000000,0.000000,0.000000,0.000000,0.000000,0.000000,0.000000,0,0,0,0,0,0.000000,0.000000,0.000000,0.000000,0.000000,0.000000,0.000000,0.000000,0,0,0,0,0
870,2,2.754286,0.019779,0.000000,0.000034,0.152408,1.703345,1.699605,0.149509,0.001756,0.279514,0.064209,0.021993,0.000000,0.000078,0.000037,0.013624,0.000017,0.114587,0.000444,0.483171,0.000000,0.000000,0.000000,0,0,0.000000,0.000000,0.000000,0.000000,0.000000,0.000000,0.000000,0.000000,0.000000,0.000000,0.000000,0.000000,0.000000,0.000000,0,0,0,0,0,0.000000,0.000000,0.000000,0.000000,0.000000,0.000000,0.000000,0.000000,0,0,0,0,0
871,2,2.682522,0.000970,0.000000,0.000034,0.132765,1.698425,1.694685,0.149733,0.001756,0.286655,0.086592,0.003794,0.000000,0.000078,0.000037,0.013624,0.000017,0.114587,0.000444,0.477132,0.000000,0.000000,0.000000,0,0,0.000000,0.000000,0.000000,0.000000,0.000000,0.000000,0.000000,0.000000,0.000000,0.000000,0.000000,0.000000,0.000000,0.000000,0,0,0,0,0,0.000000,0.000000,0.000000,0.000000,0.000000,0.000000,0.000000,0.000000,0,0,0,0,0
872,2,2.693790,0.019779,0.000000,0.000034,0.131592,1.709805,1.706065,0.150787,0.001756,0.264272,0.064209,0.003794,0.000000,0.000078,0.000037,0.013624,0.000017,0.114587,0.000444,0.484894,0.000000,0.000000,0.000000,0,0,0.000000,0.000000,0.000000,0.000000,0.000000,0.000000,0.000000,0.000000,0.000000,0.000000,0.000000,0.000000,0.000000,0.000000,0,0,0,0,0,0.000000,0.000000,0.000000,0.000000,0.000000,0.000000,0.000000,0.000000,0,0,0,0,0
873,2,2.704851,0.000970,0.000000,0.000034,0.131856,1.695367,1.691627,0.169200,0.001756,0.286577,0.086514,0.003794,0.000000,0.000078,0.000037,0.013624,0.000017,0.114587,0.015859,0.463460,0.000000,0.000000,0.000000,0,0,0.000000,0.000000,0.000000,0.000000,0.000000,0.000000,0.000000,0.000000,0.000000,0.000000,0.000000,0.000000,0.000000,0.000000,0,0,0,0,0,0.000000,0.000000,0.000000,0.000000,0.000000,0.000000,0.000000,0.000000,0,0,0,0,0
874,2,2.717078,0.019779,0.000000,0.000034,0.167921,1.652744,1.649004,0.149112,0.001756,0.284105,0.084042,0.003794,0.000000,0.000078,0.000037,0.013624,0.000017,0.131734,0.000444,0.483832,0.000000,0.000000,0.000000,0,0,0.000000,0.000000,0.000000,0.000000,0.000000,0.000000,0.000000,0.000000,0.000000,0.000000,0.000000,0.000000,0.000000,0.000000,0,0,0,0,0,0.000000,0.000000,0.000000,0.000000,0.000000,0.000000,0.000000,0.000000,0,0,0,0,0
875,2,2.626099,0.000970,0.000000,0.000034,0.147498,1.588881,1.585141,0.149336,0.001756,0.304589,0.084042,0.003794,0.000000,0.000078,0.000037,0.013624,0.000017,0.114587,0.000444,0.482337,0.000000,0.000000,0.000000,0,0,0.000000,0.000000,0.000000,0.000000,0.000000,0.000000,0.000000,0.000000,0.000000,0.000000,0.000000,0.000000,0.000000,0.000000,0,0,0,0,0,0.000000,0.000000,0.000000,0.000000,0.000000,0.000000,0.000000,0.000000,0,0,0,0,0
876,2,2.622810,0.019779,0.000000,0.000034,0.151540,1.568563,1.564823,0.149336,0.001756,0.298333,0.084042,0.003794,0.000000,0.000078,0.000037,0.013624,0.000017,0.114587,0.000444,0.482029,0.000000,0.000000,0.000000,0,0,0.000000,0.000000,0.000000,0.000000,0.000000,0.000000,0.000000,0.000000,0.000000,0.000000,0.000000,0.000000,0.000000,0.000000,0,0,0,0,0,0.000000,0.000000,0.000000,0.000000,0.000000,0.000000,0.000000,0.000000,0,0,0,0,0
877,2,2.594933,0.000970,0.000000,0.000034,0.154497,1.562137,1.558397,0.149336,0.001756,0.272756,0.072866,0.003794,0.000000,0.000078,0.000037,0.013624,0.000017,0.130069,0.000444,0.485843,0.000000,0.000000,0.000000,0,0,0.000000,0.000000,0.000000,0.000000,0.000000,0.000000,0.000000,0.000000,0.000000,0.000000,0.000000,0.000000,0.000000,0.000000,0,0,0,0,0,0.000000,0.000000,0.000000,0.000000,0.000000,0.000000,0.000000,0.000000,0,0,0,0,0
878,2,5.685337,3.080451,3.060611,0.000034,0.149933,1.582825,1.579085,0.149336,0.001756,0.270284,0.070394,0.003794,0.000000,0.000078,0.000037,0.013624,0.000017,0.136970,0.000444,0.463460,0.000000,0.000000,0.000000,0,0,0.000000,0.000000,0.000000,0.000000,0.000000,0.000000,0.000000,0.000000,0.000000,0.000000,0.000000,0.000000,0.000000,0.000000,0,0,0,0,0,0.000000,0.000000,0.000000,0.000000,0.000000,0.000000,0.000000,0.000000,0,0,0,0,0
879,2,2.579220,0.000970,0.000000,0.000034,0.132121,1.573961,1.570221,0.149407,0.001756,0.270284,0.070394,0.003794,0.000000,0.000078,0.000037,0.013624,0.000017,0.136963,0.000444,0.500641,0.000000,0.000000,0.000000,0,0,0.000000,0.000000,0.000000,0.000000,0.000000,0.000000,0.000000,0.000000,0.000000,0.000000,0.000000,0.000000,0.000000,0.000000,0,0,0,0,0,0.000000,0.000000,0.000000,0.000000,0.000000,0.000000,0.000000,0.000000,0,0,0,0,0
880,2,2.565599,0.019779,0.000000,0.000034,0.132121,1.564494,1.560754,0.149407,0.001756,0.270284,0.070394,0.003794,0.000000,0.000078,0.000037,0.013624,0.000017,0.128252,0.000444,0.506541,0.000000,0.000000,0.000000,0,0,0.000000,0.000000,0.000000,0.000000,0.000000,0.000000,0.000000,0.000000,0.000000,0.000000,0.000000,0.000000,0.000000,0.000000,0,0,0,0,0,0.000000,0.000000,0.000000,0.000000,0.000000,0.000000,0.000000,0.000000,0,0,0,0,0
881,2,2.521952,0.000970,0.000000,0.000034,0.131856,1.542691,1.538951,0.149183,0.001756,0.270284,0.070394,0.003794,0.000000,0.000078,0.000037,0.013624,0.000017,0.132704,0.000444,0.487379,0.000000,0.000000,0.000000,0,0,0.000000,0.000000,0.000000,0.000000,0.000000,0.000000,0.000000,0.000000,0.000000,0.000000,0.000000,0.000000,0.000000,0.000000,0,0,0,0,0,0.000000,0.000000,0.000000,0.000000,0.000000,0.000000,0.000000,0.000000,0,0,0,0,0
882,2,2.578776,0.019779,0.000000,0.000034,0.131592,1.580936,1.577196,0.150686,0.001756,0.285492,0.070394,0.003794,0.000000,0.000078,0.000037,0.013624,0.000017,0.114587,0.000444,0.477122,0.000000,0.000000,0.000000,0,0,0.000000,0.000000,0.000000,0.000000,0.000000,0.000000,0.000000,0.000000,0.000000,0.000000,0.000000,0.000000,0.000000,0.000000,0,0,0,0,0,0.000000,0.000000,0.000000,0.000000,0.000000,0.000000,0.000000,0.000000,0,0,0,0,0
883,2,2.565128,0.000970,0.000000,0.000034,0.132765,1.584673,1.580933,0.149631,0.001756,0.292667,0.070394,0.003794,0.000000,0.000078,0.000037,0.013624,0.000017,0.114587,0.000444,0.480221,0.000000,0.000000,0.000000,0,0,0.000000,0.000000,0.000000,0.000000,0.000000,0.000000,0.000000,0.000000,0.000000,0.000000,0.000000,0.000000,0.000000,0.000000,0,0,0,0,0,0.000000,0.000000,0.000000,0.000000,0.000000,0.000000,0.000000,0.000000,0,0,0,0,0
884,2,2.557977,0.019779,0.000000,0.000034,0.132121,1.569004,1.565264,0.170573,0.001756,0.269745,0.056763,0.003794,0.000000,0.000078,0.000037,0.013624,0.000017,0.114587,0.000444,0.483141,0.000000,0.000000,0.000000,0,0,0.000000,0.000000,0.000000,0.000000,0.000000,0.000000,0.000000,0.000000,0.000000,0.000000,0.000000,0.000000,0.000000,0.000000,0,0,0,0,0,0.000000,0.000000,0.000000,0.000000,0.000000,0.000000,0.000000,0.000000,0,0,0,0,0
885,2,2.516439,0.000970,0.000000,0.000034,0.131856,1.566966,1.563226,0.169559,0.001756,0.252543,0.041358,0.003794,0.000000,0.000078,0.000037,0.013624,0.000017,0.116214,0.000444,0.480560,0.000000,0.000000,0.000000,0,0,0.000000,0.000000,0.000000,0.000000,0.000000,0.000000,0.000000,0.000000,0.000000,0.000000,0.000000,0.000000,0.000000,0.000000,0,0,0,0,0,0.000000,0.000000,0.000000,0.000000,0.000000,0.000000,0.000000,0.000000,0,0,0,0,0
886,2,2.559455,0.019779,0.000000,0.000034,0.132765,1.606123,1.602383,0.149407,0.001756,0.252998,0.041358,0.003794,0.000000,0.000078,0.000037,0.013624,0.000017,0.116214,0.000444,0.482666,0.000000,0.000000,0.000000,0,0,0.000000,0.000000,0.000000,0.000000,0.000000,0.000000,0.000000,0.000000,0.000000,0.000000,0.000000,0.000000,0.000000,0.000000,0,0,0,0,0,0.000000,0.000000,0.000000,0.000000,0.000000,0.000000,0.000000,0.000000,0,0,0,0,0
887,2,2.498478,0.000970,0.000000,0.000034,0.131856,1.540344,1.536604,0.179840,0.001756,0.250922,0.041358,0.003794,0.000000,0.000078,0.000037,0.013624,0.000017,0.116214,0.000444,0.485843,0.000000,0.000000,0.000000,0,0,0.000000,0.000000,0.000000,0.000000,0.000000,0.000000,0.000000,0.000000,0.000000,0.000000,0.000000,0.000000,0.000000,0.000000,0,0,0,0,0,0.000000,0.000000,0.000000,0.000000,0.000000,0.000000,0.000000,0.000000,0,0,0,0,0
888,2,2.561008,0.019779,0.000000,0.000034,0.132765,1.580539,1.576799,0.149407,0.001756,0.256148,0.041358,0.003794,0.000000,0.000078,0.000037,0.013624,0.000017,0.116214,0.000444,0.478878,0.000000,0.000000,0.000000,0,0,0.000000,0.000000,0.000000,0.000000,0.000000,0.000000,0.000000,0.000000,0.000000,0.000000,0.000000,0.000000,0.000000,0.000000,0,0,0,0,0,0.000000,0.000000,0.000000,0.000000,0.000000,0.000000,0.000000,0.000000,0,0,0,0,0
889,2,2.522878,0.000970,0.000000,0.000034,0.167487,1.539775,1.536034,0.150513,0.001756,0.254357,0.041358,0.003794,0.000000,0.000078,0.000037,0.013624,0.000017,0.116214,0.000444,0.485843,0.000000,0.000000,0.000000,0,0,0.000000,0.000000,0.000000,0.000000,0.000000,0.000000,0.000000,0.000000,0.000000,0.000000,0.000000,0.000000,0.000000,0.000000,0,0,0,0,0,0.000000,0.000000,0.000000,0.000000,0.000000,0.000000,0.000000,0.000000,0,0,0,0,0
890,2,2.572347,0.019779,0.000000,0.000034,0.174167,1.566016,1.562276,0.149234,0.001756,0.248155,0.041358,0.003794,0.000000,0.000078,0.000037,0.013624,0.000017,0.116214,0.000444,0.485104,0.000000,0.000000,0.000000,0,0,0.000000,0.000000,0.000000,0.000000,0.000000,0.000000,0.000000,0.000000,0.000000,0.000000,0.000000,0.000000,0.000000,0.000000,0,0,0,0,0,0.000000,0.000000,0.000000,0.000000,0.000000,0.000000,0.000000,0.000000,0,0,0,0,0
891,2,2.540198,0.000970,0.000000,0.000034,0.154232,1.564128,1.560388,0.150584,0.001756,0.268592,0.058953,0.003794,0.000000,0.000078,0.000037,0.013624,0.000017,0.116214,0.000444,0.482205,0.000000,0.000000,0.000000,0,0,0.000000,0.000000,0.000000,0.000000,0.000000,0.000000,0.000000,0.000000,0.000000,0.000000,0.000000,0.000000,0.000000,0.000000,0,0,0,0,0,0.000000,0.000000,0.000000,0.000000,0.000000,0.000000,0.000000,0.000000,0,0,0,0,0
892,2,2.592855,0.019779,0.000000,0.000034,0.147658,1.589891,1.586151,0.149306,0.001756,0.258592,0.043830,0.003794,0.000000,0.000078,0.000037,0.013624,0.000017,0.116214,0.000444,0.478875,0.000000,0.000000,0.000000,0,0,0.000000,0.000000,0.000000,0.000000,0.000000,0.000000,0.000000,0.000000,0.000000,0.000000,0.000000,0.000000,0.000000,0.000000,0,0,0,0,0,0.000000,0.000000,0.000000,0.000000,0.000000,0.000000,0.000000,0.000000,0,0,0,0,0
893,2,2.515818,0.000970,0.000000,0.000034,0.152578,1.555979,1.552239,0.150584,0.001756,0.233765,0.041358,0.003794,0.000000,0.000078,0.000037,0.013624,0.000017,0.116214,0.000444,0.505971,0.000000,0.000000,0.000000,0,0,0.000000,0.000000,0.000000,0.000000,0.000000,0.000000,0.000000,0.000000,0.000000,0.000000,0.000000,0.000000,0.000000,0.000000,0,0,0,0,0,0.000000,0.000000,0.000000,0.000000,0.000000,0.000000,0.000000,0.000000,0,0,0,0,0
894,2,5.783027,3.230109,3.210270,0.000034,0.130266,1.589979,1.586239,0.149306,0.001756,0.236186,0.043779,0.003794,0.000000,0.000078,0.000037,0.013624,0.000017,0.133833,0.000444,0.480693,0.000000,0.000000,0.000000,0,0,0.000000,0.000000,0.000000,0.000000,0.000000,0.000000,0.000000,0.000000,0.000000,0.000000,0.000000,0.000000,0.000000,0.000000,0,0,0,0,0,0.000000,0.000000,0.000000,0.000000,0.000000,0.000000,0.000000,0.000000,0,0,0,0,0
895,2,2.529009,0.000970,0.000000,0.000034,0.131856,1.572754,1.569014,0.168454,0.001756,0.253455,0.041358,0.003794,0.000000,0.000078,0.000037,0.013624,0.000017,0.116214,0.000444,0.477254,0.000000,0.000000,0.000000,0,0,0.000000,0.000000,0.000000,0.000000,0.000000,0.000000,0.000000,0.000000,0.000000,0.000000,0.000000,0.000000,0.000000,0.000000,0,0,0,0,0,0.000000,0.000000,0.000000,0.000000,0.000000,0.000000,0.000000,0.000000,0,0,0,0,0
896,2,2.546360,0.019779,0.000000,0.000034,0.132765,1.586175,1.582435,0.151625,0.001756,0.235209,0.043830,0.003794,0.000000,0.000078,0.000037,0.013624,0.000017,0.134447,0.000444,0.495297,0.000000,0.000000,0.000000,0,0,0.000000,0.000000,0.000000,0.000000,0.000000,0.000000,0.000000,0.000000,0.000000,0.000000,0.000000,0.000000,0.000000,0.000000,0,0,0,0,0,0.000000,0.000000,0.000000,0.000000,0.000000,0.000000,0.000000,0.000000,0,0,0,0,0
897,2,2.497993,0.000970,0.000000,0.000034,0.131856,1.572608,1.568868,0.151849,0.001756,0.235209,0.043830,0.003794,0.000000,0.000078,0.000037,0.013624,0.000017,0.136841,0.000444,0.463582,0.000000,0.000000,0.000000,0,0,0.000000,0.000000,0.000000,0.000000,0.000000,0.000000,0.000000,0.000000,0.000000,0.000000,0.000000,0.000000,0.000000,0.000000,0,0,0,0,0,0.000000,0.000000,0.000000,0.000000,0.000000,0.000000,0.000000,0.000000,0,0,0,0,0
898,2,2.541531,0.021515,0.000000,0.000034,0.132121,1.583198,1.579458,0.166511,0.001756,0.257592,0.043830,0.003794,0.000000,0.000078,0.000037,0.013624,0.000017,0.116214,0.000444,0.482446,0.000000,0.000000,0.000000,0,0,0.000000,0.000000,0.000000,0.000000,0.000000,0.000000,0.000000,0.000000,0.000000,0.000000,0.000000,0.000000,0.000000,0.000000,0,0,0,0,0,0.000000,0.000000,0.000000,0.000000,0.000000,0.000000,0.000000,0.000000,0,0,0,0,0
899,2,2.488671,0.000970,0.000000,0.000034,0.132765,1.561812,1.558072,0.151401,0.001756,0.235209,0.043830,0.003794,0.000000,0.000078,0.000037,0.013624,0.000017,0.129296,0.000444,0.565328,0.000000,0.000000,0.000000,0,0,0.000000,0.000000,0.000000,0.000000,0.000000,0.000000,0.000000,0.000000,0.000000,0.000000,0.000000,0.000000,0.000000,0.000000,0,0,0,0,0,0.000000,0.000000,0.000000,0.000000,0.000000,0.000000,0.000000,0.000000,0,0,0,0,0
900,2,2.545458,0.021515,0.000000,0.000034,0.131592,1.583340,1.579600,0.166999,0.001756,0.257572,0.043830,0.003794,0.000000,0.000078,0.000037,0.013624,0.000017,0.116214,0.000444,0.482201,0.000000,0.000000,0.000000,0,0,0.000000,0.000000,0.000000,0.000000,0.000000,0.000000,0.000000,0.000000,0.000000,0.000000,0.000000,0.000000,0.000000,0.000000,0,0,0,0,0,0.000000,0.000000,0.000000,0.000000,0.000000,0.000000,0.000000,0.000000,0,0,0,0,0
901,2,2.494412,0.000970,0.000000,0.000034,0.131856,1.569645,1.565904,0.165497,0.001756,0.255202,0.043830,0.003794,0.000000,0.000078,0.000037,0.013624,0.000017,0.116214,0.000444,0.485867,0.000000,0.000000,0.000000,0,0,0.000000,0.000000,0.000000,0.000000,0.000000,0.000000,0.000000,0.000000,0.000000,0.000000,0.000000,0.000000,0.000000,0.000000,0,0,0,0,0,0.000000,0.000000,0.000000,0.000000,0.000000,0.000000,0.000000,0.000000,0,0,0,0,0
902,2,2.463871,0.021515,0.000000,0.000034,0.132121,1.595778,1.592038,0.152903,0.001756,0.255174,0.043830,0.003794,0.000000,0.000078,0.000037,0.013624,0.000017,0.116214,0.000444,0.477136,0.000000,0.000000,0.000000,0,0,0.000000,0.000000,0.000000,0.000000,0.000000,0.000000,0.000000,0.000000,0.000000,0.000000,0.000000,0.000000,0.000000,0.000000,0,0,0,0,0,0.000000,0.000000,0.000000,0.000000,0.000000,0.000000,0.000000,0.000000,0,0,0,0,0
903,2,2.439853,0.000970,0.000000,0.000034,0.131856,1.564039,1.560299,0.184282,0.001756,0.252326,0.043830,0.003794,0.000000,0.000078,0.000037,0.013624,0.000017,0.116214,0.000444,0.484002,0.000000,0.000000,0.000000,0,0,0.000000,0.000000,0.000000,0.000000,0.000000,0.000000,0.000000,0.000000,0.000000,0.000000,0.000000,0.000000,0.000000,0.000000,0,0,0,0,0,0.000000,0.000000,0.000000,0.000000,0.000000,0.000000,0.000000,0.000000,0,0,0,0,0
904,2,2.468536,0.019779,0.000000,0.000034,0.131856,1.576046,1.572306,0.175364,0.001756,0.257592,0.043830,0.003794,0.000000,0.000078,0.000037,0.013624,0.000017,0.116214,0.000444,0.480625,0.000000,0.000000,0.000000,0,0,0.000000,0.000000,0.000000,0.000000,0.000000,0.000000,0.000000,0.000000,0.000000,0.000000,0.000000,0.000000,0.000000,0.000000,0,0,0,0,0,0.000000,0.000000,0.000000,0.000000,0.000000,0.000000,0.000000,0.000000,0,0,0,0,0
905,2,2.441149,0.000970,0.000000,0.000034,0.131856,1.578952,1.575212,0.152724,0.001756,0.255242,0.043830,0.003794,0.000000,0.000078,0.000037,0.013624,0.000017,0.116214,0.000444,0.481672,0.000000,0.000000,0.000000,0,0,0.000000,0.000000,0.000000,0.000000,0.000000,0.000000,0.000000,0.000000,0.000000,0.000000,0.000000,0.000000,0.000000,0.000000,0,0,0,0,0,0.000000,0.000000,0.000000,0.000000,0.000000,0.000000,0.000000,0.000000,0,0,0,0,0
906,2,2.489821,0.019779,0.000000,0.000034,0.171461,1.563002,1.559262,0.152724,0.001756,0.275136,0.063046,0.003794,0.000000,0.000078,0.000037,0.013624,0.000017,0.116214,0.000444,0.482324,0.000000,0.000000,0.000000,0,0,0.000000,0.000000,0.000000,0.000000,0.000000,0.000000,0.000000,0.000000,0.000000,0.000000,0.000000,0.000000,0.000000,0.000000,0,0,0,0,0,0.000000,0.000000,0.000000,0.000000,0.000000,0.000000,0.000000,0.000000,0,0,0,0,0
907,2,2.329854,0.000970,0.000000,0.000034,0.150292,1.427009,1.423269,0.165107,0.001756,0.257585,0.043830,0.003794,0.000000,0.000078,0.000037,0.013624,0.000017,0.138675,0.000444,0.484673,0.000000,0.000000,0.000000,0,0,0.000000,0.000000,0.000000,0.000000,0.000000,0.000000,0.000000,0.000000,0.000000,0.000000,0.000000,0.000000,0.000000,0.000000,0,0,0,0,0,0.000000,0.000000,0.000000,0.000000,0.000000,0.000000,0.000000,0.000000,0,0,0,0,0
908,2,2.310716,0.021515,0.000000,0.000034,0.131856,1.424737,1.420997,0.151221,0.001756,0.252102,0.043830,0.003794,0.000000,0.000078,0.000037,0.013624,0.000017,0.138638,0.000444,0.481778,0.000000,0.000000,0.000000,0,0,0.000000,0.000000,0.000000,0.000000,0.000000,0.000000,0.000000,0.000000,0.000000,0.000000,0.000000,0.000000,0.000000,0.000000,0,0,0,0,0,0.000000,0.000000,0.000000,0.000000,0.000000,0.000000,0.000000,0.000000,0,0,0,0,0
909,2,2.301741,0.000970,0.000000,0.000034,0.151255,1.419617,1.415877,0.168616,0.001756,0.248878,0.043830,0.003794,0.000000,0.000078,0.000037,0.013624,0.000017,0.116214,0.000444,0.514947,0.000000,0.000000,0.000000,0,0,0.000000,0.000000,0.000000,0.000000,0.000000,0.000000,0.000000,0.000000,0.000000,0.000000,0.000000,0.000000,0.000000,0.000000,0,0,0,0,0,0.000000,0.000000,0.000000,0.000000,0.000000,0.000000,0.000000,0.000000,0,0,0,0,0
910,2,5.325073,3.029202,2.991984,0.000034,0.149143,1.388184,1.384443,0.190521,0.001756,0.255619,0.043830,0.003794,0.000000,0.000078,0.000037,0.013624,0.000017,0.116214,0.000444,0.478021,0.000000,0.000000,0.000000,0,0,0.000000,0.000000,0.000000,0.000000,0.000000,0.000000,0.000000,0.000000,0.000000,0.000000,0.000000,0.000000,0.000000,0.000000,0,0,0,0,0,0.000000,0.000000,0.000000,0.000000,0.000000,0.000000,0.000000,0.000000,0,0,0,0,0
911,2,2.181298,0.000970,0.000000,0.000034,0.132765,1.318526,1.314785,0.168115,0.001756,0.253140,0.043830,0.003794,0.000000,0.000078,0.000037,0.013624,0.000017,0.116214,0.000444,0.478299,0.000000,0.000000,0.000000,0,0,0.000000,0.000000,0.000000,0.000000,0.000000,0.000000,0.000000,0.000000,0.000000,0.000000,0.000000,0.000000,0.000000,0.000000,0,0,0,0,0,0.000000,0.000000,0.000000,0.000000,0.000000,0.000000,0.000000,0.000000,0,0,0,0,0
912,2,2.164853,0.021515,0.000000,0.000034,0.131856,1.274021,1.270281,0.171088,0.001756,0.254313,0.043830,0.003794,0.000000,0.000078,0.000037,0.013624,0.000017,0.116214,0.000444,0.483554,0.000000,0.000000,0.000000,0,0,0.000000,0.000000,0.000000,0.000000,0.000000,0.000000,0.000000,0.000000,0.000000,0.000000,0.000000,0.000000,0.000000,0.000000,0,0,0,0,0,0.000000,0.000000,0.000000,0.000000,0.000000,0.000000,0.000000,0.000000,0,0,0,0,0
913,2,2.172217,0.000970,0.000000,0.000034,0.132765,1.329834,1.326094,0.150591,0.001756,0.250454,0.043830,0.003794,0.000000,0.000078,0.000037,0.013624,0.000017,0.116214,0.000444,0.485236,0.000000,0.000000,0.000000,0,0,0.000000,0.000000,0.000000,0.000000,0.000000,0.000000,0.000000,0.000000,0.000000,0.000000,0.000000,0.000000,0.000000,0.000000,0,0,0,0,0,0.000000,0.000000,0.000000,0.000000,0.000000,0.000000,0.000000,0.000000,0,0,0,0,0
914,2,2.170237,0.019779,0.000000,0.000034,0.131856,1.300924,1.297184,0.151869,0.001756,0.253750,0.043830,0.003794,0.000000,0.000078,0.000037,0.013624,0.000017,0.116214,0.000444,0.482992,0.000000,0.000000,0.000000,0,0,0.000000,0.000000,0.000000,0.000000,0.000000,0.000000,0.000000,0.000000,0.000000,0.000000,0.000000,0.000000,0.000000,0.000000,0,0,0,0,0,0.000000,0.000000,0.000000,0.000000,0.000000,0.000000,0.000000,0.000000,0,0,0,0,0
915,2,2.173153,0.000970,0.000000,0.000034,0.132765,1.327033,1.323293,0.150591,0.001756,0.254364,0.043830,0.003794,0.000000,0.000078,0.000037,0.013624,0.000017,0.116214,0.000444,0.483476,0.000000,0.000000,0.000000,0,0,0.000000,0.000000,0.000000,0.000000,0.000000,0.000000,0.000000,0.000000,0.000000,0.000000,0.000000,0.000000,0.000000,0.000000,0,0,0,0,0,0.000000,0.000000,0.000000,0.000000,0.000000,0.000000,0.000000,0.000000,0,0,0,0,0
916,2,2.162231,0.019779,0.000000,0.000034,0.131856,1.291487,1.287747,0.151869,0.001756,0.253835,0.043830,0.003794,0.000000,0.000078,0.000037,0.013624,0.000017,0.116214,0.000444,0.484239,0.000000,0.000000,0.000000,0,0,0.000000,0.000000,0.000000,0.000000,0.000000,0.000000,0.000000,0.000000,0.000000,0.000000,0.000000,0.000000,0.000000,0.000000,0,0,0,0,0,0.000000,0.000000,0.000000,0.000000,0.000000,0.000000,0.000000,0.000000,0,0,0,0,0
917,2,2.168535,0.000970,0.000000,0.000034,0.132765,1.308255,1.304515,0.173052,0.001756,0.252747,0.062402,0.003794,0.000000,0.000078,0.000037,0.013624,0.000017,0.116214,0.000444,0.483076,0.000000,0.000000,0.000000,0,0,0.000000,0.000000,0.000000,0.000000,0.000000,0.000000,0.000000,0.000000,0.000000,0.000000,0.000000,0.000000,0.000000,0.000000,0,0,0,0,0,0.000000,0.000000,0.000000,0.000000,0.000000,0.000000,0.000000,0.000000,0,0,0,0,0
918,2,2.156871,0.021515,0.000000,0.000034,0.132395,1.275662,1.271922,0.151869,0.001756,0.256551,0.043830,0.003794,0.000000,0.000078,0.000037,0.013624,0.000017,0.116214,0.000444,0.483670,0.000000,0.000000,0.000000,0,0,0.000000,0.000000,0.000000,0.000000,0.000000,0.000000,0.000000,0.000000,0.000000,0.000000,0.000000,0.000000,0.000000,0.000000,0,0,0,0,0,0.000000,0.000000,0.000000,0.000000,0.000000,0.000000,0.000000,0.000000,0,0,0,0,0
919,2,2.159929,0.000970,0.000000,0.000034,0.134165,1.308167,1.304426,0.150591,0.001756,0.234168,0.043830,0.003794,0.000000,0.000078,0.000037,0.013624,0.000017,0.116214,0.000444,0.486935,0.000000,0.000000,0.000000,0,0,0.000000,0.000000,0.000000,0.000000,0.000000,0.000000,0.000000,0.000000,0.000000,0.000000,0.000000,0.000000,0.000000,0.000000,0,0,0,0,0,0.000000,0.000000,0.000000,0.000000,0.000000,0.000000,0.000000,0.000000,0,0,0,0,0
920,2,2.164425,0.021515,0.000000,0.000034,0.132395,1.281938,1.278198,0.171872,0.001756,0.252357,0.043830,0.003794,0.000000,0.000078,0.000037,0.013624,0.000017,0.116214,0.000444,0.483904,0.000000,0.000000,0.000000,0,0,0.000000,0.000000,0.000000,0.000000,0.000000,0.000000,0.000000,0.000000,0.000000,0.000000,0.000000,0.000000,0.000000,0.000000,0,0,0,0,0,0.000000,0.000000,0.000000,0.000000,0.000000,0.000000,0.000000,0.000000,0,0,0,0,0
921,2,2.178969,0.000970,0.000000,0.000034,0.167582,1.291928,1.288188,0.150591,0.001756,0.247901,0.043830,0.003794,0.000000,0.000078,0.000037,0.013624,0.000017,0.116214,0.000444,0.483585,0.000000,0.000000,0.000000,0,0,0.000000,0.000000,0.000000,0.000000,0.000000,0.000000,0.000000,0.000000,0.000000,0.000000,0.000000,0.000000,0.000000,0.000000,0,0,0,0,0,0.000000,0.000000,0.000000,0.000000,0.000000,0.000000,0.000000,0.000000,0,0,0,0,0
922,2,2.199185,0.021515,0.000000,0.000034,0.173475,1.260539,1.256799,0.151442,0.001756,0.233938,0.043779,0.003794,0.000000,0.000078,0.000037,0.013624,0.000017,0.149478,0.000444,0.464552,0.000000,0.000000,0.000000,0,0,0.000000,0.000000,0.000000,0.000000,0.000000,0.000000,0.000000,0.000000,0.000000,0.000000,0.000000,0.000000,0.000000,0.000000,0,0,0,0,0,0.000000,0.000000,0.000000,0.000000,0.000000,0.000000,0.000000,0.000000,0,0,0,0,0
923,2,2.189585,0.000970,0.000000,0.000034,0.147773,1.313263,1.309523,0.150163,0.001756,0.233988,0.043830,0.003794,0.000000,0.000078,0.000037,0.013624,0.000017,0.136505,0.000444,0.497148,0.000000,0.000000,0.000000,0,0,0.000000,0.000000,0.000000,0.000000,0.000000,0.000000,0.000000,0.000000,0.000000,0.000000,0.000000,0.000000,0.000000,0.000000,0,0,0,0,0,0.000000,0.000000,0.000000,0.000000,0.000000,0.000000,0.000000,0.000000,0,0,0,0,0
924,2,2.174028,0.019779,0.000000,0.000034,0.152201,1.274753,1.271013,0.168559,0.001756,0.233988,0.043830,0.003794,0.000000,0.000078,0.000037,0.013624,0.000017,0.135088,0.000444,0.501499,0.000000,0.000000,0.000000,0,0,0.000000,0.000000,0.000000,0.000000,0.000000,0.000000,0.000000,0.000000,0.000000,0.000000,0.000000,0.000000,0.000000,0.000000,0,0,0,0,0,0.000000,0.000000,0.000000,0.000000,0.000000,0.000000,0.000000,0.000000,0,0,0,0,0
925,2,2.191623,0.000970,0.000000,0.000034,0.156548,1.318030,1.314290,0.163673,0.001756,0.233982,0.043830,0.003794,0.000000,0.000078,0.000037,0.013624,0.000017,0.136817,0.000444,0.501221,0.000000,0.000000,0.000000,0,0,0.000000,0.000000,0.000000,0.000000,0.000000,0.000000,0.000000,0.000000,0.000000,0.000000,0.000000,0.000000,0.000000,0.000000,0,0,0,0,0,0.000000,0.000000,0.000000,0.000000,0.000000,0.000000,0.000000,0.000000,0,0,0,0,0
926,2,5.219415,3.081282,3.042406,0.000034,0.150835,1.248820,1.245080,0.172316,0.001756,0.233982,0.043830,0.003794,0.000000,0.000078,0.000037,0.013624,0.000017,0.135593,0.000444,0.483731,0.000000,0.000000,0.000000,0,0,0.000000,0.000000,0.000000,0.000000,0.000000,0.000000,0.000000,0.000000,0.000000,0.000000,0.000000,0.000000,0.000000,0.000000,0,0,0,0,0,0.000000,0.000000,0.000000,0.000000,0.000000,0.000000,0.000000,0.000000,0,0,0,0,0
927,2,2.116241,0.000970,0.000000,0.000034,0.132165,1.263021,1.259281,0.169539,0.001756,0.233982,0.043830,0.003794,0.000000,0.000078,0.000037,0.013624,0.000017,0.134332,0.000444,0.483615,0.000000,0.000000,0.000000,0,0,0.000000,0.000000,0.000000,0.000000,0.000000,0.000000,0.000000,0.000000,0.000000,0.000000,0.000000,0.000000,0.000000,0.000000,0,0,0,0,0,0.000000,0.000000,0.000000,0.000000,0.000000,0.000000,0.000000,0.000000,0,0,0,0,0
928,2,2.127831,0.019779,0.000000,0.000034,0.133609,1.263092,1.259352,0.033169,0.001756,0.484572,0.042152,0.003794,0.000000,0.000078,0.000037,0.013624,0.000017,0.114587,0.000444,0.481689,0.000000,0.000000,0.000000,0,0,0.000000,0.000000,0.000000,0.000000,0.000000,0.000000,0.000000,0.000000,0.000000,0.000000,0.000000,0.000000,0.000000,0.000000,0,0,0,0,0,0.000000,0.000000,0.000000,0.000000,0.000000,0.000000,0.000000,0.000000,0,0,0,0,0
929,2,2.125953,0.000970,0.000000,0.000034,0.132165,1.280019,1.276279,0.167497,0.001756,0.252289,0.043830,0.003794,0.000000,0.000078,0.000037,0.013624,0.000017,0.116214,0.000444,0.483063,0.000000,0.000000,0.000000,0,0,0.000000,0.000000,0.000000,0.000000,0.000000,0.000000,0.000000,0.000000,0.000000,0.000000,0.000000,0.000000,0.000000,0.000000,0,0,0,0,0,0.000000,0.000000,0.000000,0.000000,0.000000,0.000000,0.000000,0.000000,0,0,0,0,0
930,2,2.125180,0.019779,0.000000,0.000034,0.132416,1.274621,1.270881,0.033169,0.001756,0.482727,0.042152,0.003794,0.000000,0.000078,0.000037,0.013624,0.000017,0.114587,0.000444,0.478207,0.000000,0.000000,0.000000,0,0,0.000000,0.000000,0.000000,0.000000,0.000000,0.000000,0.000000,0.000000,0.000000,0.000000,0.000000,0.000000,0.000000,0.000000,0,0,0,0,0,0.000000,0.000000,0.000000,0.000000,0.000000,0.000000,0.000000,0.000000,0,0,0,0,0
931,2,2.092200,0.000970,0.000000,0.000034,0.134247,1.263662,1.259922,0.150387,0.001756,0.249034,0.043830,0.003794,0.000000,0.000078,0.000037,0.013624,0.000017,0.116214,0.000444,0.485864,0.000000,0.000000,0.000000,0,0,0.000000,0.000000,0.000000,0.000000,0.000000,0.000000,0.000000,0.000000,0.000000,0.000000,0.000000,0.000000,0.000000,0.000000,0,0,0,0,0,0.000000,0.000000,0.000000,0.000000,0.000000,0.000000,0.000000,0.000000,0,0,0,0,0
932,2,2.143663,0.019779,0.000000,0.000034,0.134247,1.272536,1.268795,0.033169,0.001756,0.501641,0.042152,0.003794,0.000000,0.000078,0.000037,0.013624,0.000017,0.114587,0.000444,0.483114,0.000000,0.000000,0.000000,0,0,0.000000,0.000000,0.000000,0.000000,0.000000,0.000000,0.000000,0.000000,0.000000,0.000000,0.000000,0.000000,0.000000,0.000000,0,0,0,0,0,0.000000,0.000000,0.000000,0.000000,0.000000,0.000000,0.000000,0.000000,0,0,0,0,0
933,2,2.123891,0.000970,0.000000,0.000034,0.132416,1.278537,1.274797,0.149940,0.001756,0.233636,0.043830,0.003794,0.000000,0.000078,0.000037,0.013624,0.000017,0.116214,0.000444,0.486935,0.000000,0.000000,0.000000,0,0,0.000000,0.000000,0.000000,0.000000,0.000000,0.000000,0.000000,0.000000,0.000000,0.000000,0.000000,0.000000,0.000000,0.000000,0,0,0,0,0,0.000000,0.000000,0.000000,0.000000,0.000000,0.000000,0.000000,0.000000,0,0,0,0,0
934,2,2.126875,0.019779,0.000000,0.000034,0.132416,1.257206,1.253465,0.033169,0.001756,0.502018,0.042152,0.003794,0.000000,0.000078,0.000037,0.013624,0.000017,0.114587,0.000444,0.483405,0.000000,0.000000,0.000000,0,0,0.000000,0.000000,0.000000,0.000000,0.000000,0.000000,0.000000,0.000000,0.000000,0.000000,0.000000,0.000000,0.000000,0.000000,0,0,0,0,0,0.000000,0.000000,0.000000,0.000000,0.000000,0.000000,0.000000,0.000000,0,0,0,0,0
935,2,2.093845,0.000970,0.000000,0.000034,0.134247,1.245321,1.241581,0.150387,0.001756,0.246816,0.043830,0.003794,0.000000,0.000078,0.000037,0.013624,0.000017,0.116214,0.000444,0.486647,0.000000,0.000000,0.000000,0,0,0.000000,0.000000,0.000000,0.000000,0.000000,0.000000,0.000000,0.000000,0.000000,0.000000,0.000000,0.000000,0.000000,0.000000,0,0,0,0,0,0.000000,0.000000,0.000000,0.000000,0.000000,0.000000,0.000000,0.000000,0,0,0,0,0
936,2,2.137828,0.019779,0.000000,0.000034,0.134247,1.271261,1.267520,0.033169,0.001756,0.497074,0.042152,0.003794,0.000000,0.000078,0.000037,0.013624,0.000017,0.114587,0.000444,0.483768,0.000000,0.000000,0.000000,0,0,0.000000,0.000000,0.000000,0.000000,0.000000,0.000000,0.000000,0.000000,0.000000,0.000000,0.000000,0.000000,0.000000,0.000000,0,0,0,0,0,0.000000,0.000000,0.000000,0.000000,0.000000,0.000000,0.000000,0.000000,0,0,0,0,0
937,2,2.135166,0.000970,0.000000,0.000034,0.166636,1.255347,1.251607,0.149940,0.001756,0.233463,0.043830,0.003794,0.000000,0.000078,0.000037,0.013624,0.000017,0.138675,0.000444,0.485152,0.000000,0.000000,0.000000,0,0,0.000000,0.000000,0.000000,0.000000,0.000000,0.000000,0.000000,0.000000,0.000000,0.000000,0.000000,0.000000,0.000000,0.000000,0,0,0,0,0,0.000000,0.000000,0.000000,0.000000,0.000000,0.000000,0.000000,0.000000,0,0,0,0,0
938,2,2.119466,0.019779,0.000000,0.000034,0.153483,1.260779,1.257039,0.033169,0.001756,0.470137,0.042152,0.003794,0.000000,0.000078,0.000037,0.013624,0.000017,0.114587,0.000444,0.509389,0.000000,0.000000,0.000000,0,0,0.000000,0.000000,0.000000,0.000000,0.000000,0.000000,0.000000,0.000000,0.000000,0.000000,0.000000,0.000000,0.000000,0.000000,0,0,0,0,0,0.000000,0.000000,0.000000,0.000000,0.000000,0.000000,0.000000,0.000000,0,0,0,0,0
939,2,1.974915,0.000970,0.000000,0.000034,0.157189,1.123708,1.119968,0.149940,0.001756,0.254625,0.064992,0.003794,0.000000,0.000078,0.000037,0.013624,0.000017,0.116214,0.000444,0.512746,0.000000,0.000000,0.000000,0,0,0.000000,0.000000,0.000000,0.000000,0.000000,0.000000,0.000000,0.000000,0.000000,0.000000,0.000000,0.000000,0.000000,0.000000,0,0,0,0,0,0.000000,0.000000,0.000000,0.000000,0.000000,0.000000,0.000000,0.000000,0,0,0,0,0
940,2,1.976050,0.019779,0.000000,0.000034,0.147325,1.116903,1.113163,0.033169,0.001756,0.476766,0.042152,0.003794,0.000000,0.000078,0.000037,0.013624,0.000017,0.114587,0.000444,0.486148,0.000000,0.000000,0.000000,0,0,0.000000,0.000000,0.000000,0.000000,0.000000,0.000000,0.000000,0.000000,0.000000,0.000000,0.000000,0.000000,0.000000,0.000000,0,0,0,0,0,0.000000,0.000000,0.000000,0.000000,0.000000,0.000000,0.000000,0.000000,0,0,0,0,0
941,2,1.979048,0.000970,0.000000,0.000034,0.155026,1.136671,1.132931,0.150387,0.001756,0.233463,0.043830,0.003794,0.000000,0.000078,0.000037,0.013624,0.000017,0.116214,0.000444,0.486935,0.000000,0.000000,0.000000,0,0,0.000000,0.000000,0.000000,0.000000,0.000000,0.000000,0.000000,0.000000,0.000000,0.000000,0.000000,0.000000,0.000000,0.000000,0,0,0,0,0,0.000000,0.000000,0.000000,0.000000,0.000000,0.000000,0.000000,0.000000,0,0,0,0,0
942,2,5.434852,3.426734,3.406894,0.000034,0.153822,1.145114,1.141374,0.033169,0.001756,0.473304,0.042152,0.003794,0.000000,0.000078,0.000037,0.013624,0.000017,0.114587,0.000444,0.484477,0.000000,0.000000,0.000000,0,0,0.000000,0.000000,0.000000,0.000000,0.000000,0.000000,0.000000,0.000000,0.000000,0.000000,0.000000,0.000000,0.000000,0.000000,0,0,0,0,0,0.000000,0.000000,0.000000,0.000000,0.000000,0.000000,0.000000,0.000000,0,0,0,0,0
943,2,1.980245,0.000970,0.000000,0.000034,0.133728,1.154897,1.151157,0.151442,0.001756,0.233412,0.043779,0.003794,0.000000,0.000078,0.000037,0.013624,0.000017,0.116214,0.000444,0.486935,0.000000,0.000000,0.000000,0,0,0.000000,0.000000,0.000000,0.000000,0.000000,0.000000,0.000000,0.000000,0.000000,0.000000,0.000000,0.000000,0.000000,0.000000,0,0,0,0,0,0.000000,0.000000,0.000000,0.000000,0.000000,0.000000,0.000000,0.000000,0,0,0,0,0
944,2,3.234355,0.019779,0.000000,0.000034,0.137797,1.146372,1.142632,0.151442,0.001756,0.273990,0.043830,0.003794,0.000000,0.000078,0.000037,0.013624,0.000017,0.116214,0.000444,0.478282,0.000000,0.000000,0.000000,0,0,0.000000,0.000000,0.000000,0.000000,0.000000,0.000000,0.000000,0.000000,0.000000,0.000000,0.000000,0.000000,0.000000,0.000000,0,0,0,0,0,0.000000,0.000000,0.000000,0.000000,0.000000,0.000000,0.000000,0.000000,0,0,0,0,0
945,2,2.005754,0.000970,0.000000,0.000034,0.160258,1.133247,1.129506,0.170668,0.001756,0.233463,0.043830,0.003794,0.000000,0.000078,0.000037,0.013624,0.000017,0.133345,0.000444,0.498973,0.000000,0.000000,0.000000,0,0,0.000000,0.000000,0.000000,0.000000,0.000000,0.000000,0.000000,0.000000,0.000000,0.000000,0.000000,0.000000,0.000000,0.000000,0,0,0,0,0,0.000000,0.000000,0.000000,0.000000,0.000000,0.000000,0.000000,0.000000,0,0,0,0,0
946,2,2.011498,0.019779,0.000000,0.000034,0.137797,1.126668,1.122928,0.188809,0.001756,0.233463,0.043830,0.003794,0.000000,0.000078,0.000037,0.013624,0.000017,0.136176,0.000444,0.482517,0.000000,0.000000,0.000000,0,0,0.000000,0.000000,0.000000,0.000000,0.000000,0.000000,0.000000,0.000000,0.000000,0.000000,0.000000,0.000000,0.000000,0.000000,0,0,0,0,0,0.000000,0.000000,0.000000,0.000000,0.000000,0.000000,0.000000,0.000000,0,0,0,0,0
947,2,1.991394,0.000970,0.000000,0.000034,0.138818,1.132077,1.128337,0.178663,0.001756,0.233463,0.043830,0.003794,0.000000,0.000078,0.000037,0.013624,0.000017,0.138597,0.000444,0.485019,0.000000,0.000000,0.000000,0,0,0.000000,0.000000,0.000000,0.000000,0.000000,0.000000,0.000000,0.000000,0.000000,0.000000,0.000000,0.000000,0.000000,0.000000,0,0,0,0,0,0.000000,0.000000,0.000000,0.000000,0.000000,0.000000,0.000000,0.000000,0,0,0,0,0
948,2,2.013896,0.019779,0.000000,0.000034,0.138818,1.129669,1.125929,0.171027,0.001756,0.247121,0.057488,0.003794,0.000000,0.000078,0.000037,0.013624,0.000017,0.116214,0.000444,0.487027,0.000000,0.000000,0.000000,0,0,0.000000,0.000000,0.000000,0.000000,0.000000,0.000000,0.000000,0.000000,0.000000,0.000000,0.000000,0.000000,0.000000,0.000000,0,0,0,0,0,0.000000,0.000000,0.000000,0.000000,0.000000,0.000000,0.000000,0.000000,0,0,0,0,0
949,2,1.991564,0.000970,0.000000,0.000034,0.138818,1.131704,1.127964,0.166423,0.001756,0.268629,0.043830,0.003794,0.000000,0.000078,0.000037,0.013624,0.000017,0.116214,0.000444,0.569485,0.000000,0.000000,0.000000,0,0,0.000000,0.000000,0.000000,0.000000,0.000000,0.000000,0.000000,0.000000,0.000000,0.000000,0.000000,0.000000,0.000000,0.000000,0,0,0,0,0,0.000000,0.000000,0.000000,0.000000,0.000000,0.000000,0.000000,0.000000,0,0,0,0,0
950,2,2.014652,0.019779,0.000000,0.000034,0.138818,1.153330,1.149590,0.151442,0.001756,0.271166,0.043830,0.003794,0.000000,0.000078,0.000037,0.013624,0.000017,0.116214,0.000444,0.487230,0.000000,0.000000,0.000000,0,0,0.000000,0.000000,0.000000,0.000000,0.000000,0.000000,0.000000,0.000000,0.000000,0.000000,0.000000,0.000000,0.000000,0.000000,0,0,0,0,0,0.000000,0.000000,0.000000,0.000000,0.000000,0.000000,0.000000,0.000000,0,0,0,0,0
951,2,1.993174,0.000970,0.000000,0.000034,0.139743,1.149421,1.145681,0.151442,0.001756,0.252594,0.043830,0.003794,0.000000,0.000078,0.000037,0.013624,0.000017,0.135101,0.000444,0.480486,0.000000,0.000000,0.000000,0,0,0.000000,0.000000,0.000000,0.000000,0.000000,0.000000,0.000000,0.000000,0.000000,0.000000,0.000000,0.000000,0.000000,0.000000,0,0,0,0,0,0.000000,0.000000,0.000000,0.000000,0.000000,0.000000,0.000000,0.000000,0,0,0,0,0
952,2,2.006510,0.019779,0.000000,0.000034,0.173465,1.131456,1.127716,0.151442,0.001756,0.250244,0.043830,0.003794,0.000000,0.000078,0.000037,0.013624,0.000017,0.116214,0.000444,0.502218,0.000000,0.000000,0.000000,0,0,0.000000,0.000000,0.000000,0.000000,0.000000,0.000000,0.000000,0.000000,0.000000,0.000000,0.000000,0.000000,0.000000,0.000000,0,0,0,0,0,0.000000,0.000000,0.000000,0.000000,0.000000,0.000000,0.000000,0.000000,0,0,0,0,0
953,2,1.994666,0.000970,0.000000,0.000034,0.159180,1.155175,1.151435,0.151442,0.001756,0.247776,0.043830,0.003794,0.000000,0.000078,0.000037,0.013624,0.000017,0.116214,0.000444,0.502886,0.000000,0.000000,0.000000,0,0,0.000000,0.000000,0.000000,0.000000,0.000000,0.000000,0.000000,0.000000,0.000000,0.000000,0.000000,0.000000,0.000000,0.000000,0,0,0,0,0,0.000000,0.000000,0.000000,0.000000,0.000000,0.000000,0.000000,0.000000,0,0,0,0,0
954,2,2.010128,0.019779,0.000000,0.000034,0.153392,1.153470,1.149729,0.151442,0.001756,0.251923,0.062642,0.003794,0.000000,0.000078,0.000037,0.013624,0.000017,0.116214,0.000444,0.506904,0.000000,0.000000,0.000000,0,0,0.000000,0.000000,0.000000,0.000000,0.000000,0.000000,0.000000,0.000000,0.000000,0.000000,0.000000,0.000000,0.000000,0.000000,0,0,0,0,0,0.000000,0.000000,0.000000,0.000000,0.000000,0.000000,0.000000,0.000000,0,0,0,0,0
955,2,1.992466,0.000970,0.000000,0.000034,0.158563,1.152815,1.149075,0.151442,0.001756,0.248552,0.043830,0.003794,0.000000,0.000078,0.000037,0.013624,0.000017,0.116214,0.000444,0.487450,0.000000,0.000000,0.000000,0,0,0.000000,0.000000,0.000000,0.000000,0.000000,0.000000,0.000000,0.000000,0.000000,0.000000,0.000000,0.000000,0.000000,0.000000,0,0,0,0,0,0.000000,0.000000,0.000000,0.000000,0.000000,0.000000,0.000000,0.000000,0,0,0,0,0
956,2,2.021691,0.019779,0.000000,0.000034,0.162126,1.152727,1.148987,0.151442,0.001756,0.233110,0.043830,0.003794,0.000000,0.000078,0.000037,0.013624,0.000017,0.116214,0.000444,0.483900,0.000000,0.000000,0.000000,0,0,0.000000,0.000000,0.000000,0.000000,0.000000,0.000000,0.000000,0.000000,0.000000,0.000000,0.000000,0.000000,0.000000,0.000000,0,0,0,0,0,0.000000,0.000000,0.000000,0.000000,0.000000,0.000000,0.000000,0.000000,0,0,0,0,0
957,2,1.996172,0.000970,0.000000,0.000034,0.157508,1.153432,1.149692,0.151442,0.001756,0.233110,0.043830,0.003794,0.000000,0.000078,0.000037,0.013624,0.000017,0.116214,0.000444,0.484514,0.000000,0.000000,0.000000,0,0,0.000000,0.000000,0.000000,0.000000,0.000000,0.000000,0.000000,0.000000,0.000000,0.000000,0.000000,0.000000,0.000000,0.000000,0,0,0,0,0,0.000000,0.000000,0.000000,0.000000,0.000000,0.000000,0.000000,0.000000,0,0,0,0,0
958,2,5.186564,3.187358,3.167518,0.000034,0.139143,1.142324,1.138584,0.165517,0.001756,0.253706,0.043830,0.003794,0.000000,0.000078,0.000037,0.013624,0.000017,0.138597,0.000444,0.483968,0.000000,0.000000,0.000000,0,0,0.000000,0.000000,0.000000,0.000000,0.000000,0.000000,0.000000,0.000000,0.000000,0.000000,0.000000,0.000000,0.000000,0.000000,0,0,0,0,0,0.000000,0.000000,0.000000,0.000000,0.000000,0.000000,0.000000,0.000000,0,0,0,0,0
959,2,2.035017,0.000970,0.000000,0.000034,0.134379,1.202481,1.198741,0.165575,0.001756,0.233110,0.043830,0.003794,0.000000,0.000078,0.000037,0.013624,0.000017,0.138584,0.000444,0.465074,0.000000,0.000000,0.000000,0,0,0.000000,0.000000,0.000000,0.000000,0.000000,0.000000,0.000000,0.000000,0.000000,0.000000,0.000000,0.000000,0.000000,0.000000,0,0,0,0,0,0.000000,0.000000,0.000000,0.000000,0.000000,0.000000,0.000000,0.000000,0,0,0,0,0
960,2,2.053097,0.019779,0.000000,0.000034,0.134379,1.204586,1.200846,0.169708,0.001756,0.233110,0.043830,0.003794,0.000000,0.000078,0.000037,0.013624,0.000017,0.131616,0.000444,0.487457,0.000000,0.000000,0.000000,0,0,0.000000,0.000000,0.000000,0.000000,0.000000,0.000000,0.000000,0.000000,0.000000,0.000000,0.000000,0.000000,0.000000,0.000000,0,0,0,0,0,0.000000,0.000000,0.000000,0.000000,0.000000,0.000000,0.000000,0.000000,0,0,0,0,0
961,2,2.022563,0.000970,0.000000,0.000034,0.134379,1.178307,1.174567,0.185998,0.001756,0.233110,0.043830,0.003794,0.000000,0.000078,0.000037,0.013624,0.000017,0.129886,0.000444,0.485579,0.000000,0.000000,0.000000,0,0,0.000000,0.000000,0.000000,0.000000,0.000000,0.000000,0.000000,0.000000,0.000000,0.000000,0.000000,0.000000,0.000000,0.000000,0,0,0,0,0,0.000000,0.000000,0.000000,0.000000,0.000000,0.000000,0.000000,0.000000,0,0,0,0,0
962,2,2.050747,0.019779,0.000000,0.000034,0.153754,1.200867,1.197127,0.149991,0.001756,0.233110,0.043830,0.003794,0.000000,0.000078,0.000037,0.013624,0.000017,0.116214,0.000444,0.485524,0.000000,0.000000,0.000000,0,0,0.000000,0.000000,0.000000,0.000000,0.000000,0.000000,0.000000,0.000000,0.000000,0.000000,0.000000,0.000000,0.000000,0.000000,0,0,0,0,0,0.000000,0.000000,0.000000,0.000000,0.000000,0.000000,0.000000,0.000000,0,0,0,0,0
963,2,2.037960,0.000970,0.000000,0.000034,0.134379,1.181797,1.178057,0.169596,0.001756,0.252631,0.043830,0.003794,0.000000,0.000078,0.000037,0.013624,0.000017,0.116214,0.000444,0.482201,0.000000,0.000000,0.000000,0,0,0.000000,0.000000,0.000000,0.000000,0.000000,0.000000,0.000000,0.000000,0.000000,0.000000,0.000000,0.000000,0.000000,0.000000,0,0,0,0,0,0.000000,0.000000,0.000000,0.000000,0.000000,0.000000,0.000000,0.000000,0,0,0,0,0
964,2,2.055437,0.019779,0.000000,0.000034,0.134379,1.201335,1.197595,0.149991,0.001756,0.273827,0.066135,0.003794,0.000000,0.000078,0.000037,0.013624,0.000017,0.116214,0.000444,0.483263,0.000000,0.000000,0.000000,0,0,0.000000,0.000000,0.000000,0.000000,0.000000,0.000000,0.000000,0.000000,0.000000,0.000000,0.000000,0.000000,0.000000,0.000000,0,0,0,0,0,0.000000,0.000000,0.000000,0.000000,0.000000,0.000000,0.000000,0.000000,0,0,0,0,0
965,2,2.034675,0.000970,0.000000,0.000034,0.134379,1.202545,1.198805,0.149991,0.001756,0.270671,0.043830,0.003794,0.000000,0.000078,0.000037,0.013624,0.000017,0.116214,0.000444,0.485589,0.000000,0.000000,0.000000,0,0,0.000000,0.000000,0.000000,0.000000,0.000000,0.000000,0.000000,0.000000,0.000000,0.000000,0.000000,0.000000,0.000000,0.000000,0,0,0,0,0,0.000000,0.000000,0.000000,0.000000,0.000000,0.000000,0.000000,0.000000,0,0,0,0,0
966,2,2.054237,0.019779,0.000000,0.000034,0.134379,1.196028,1.192288,0.149984,0.001756,0.255486,0.043830,0.003794,0.000000,0.000078,0.000037,0.013624,0.000017,0.138675,0.000444,0.486155,0.000000,0.000000,0.000000,0,0,0.000000,0.000000,0.000000,0.000000,0.000000,0.000000,0.000000,0.000000,0.000000,0.000000,0.000000,0.000000,0.000000,0.000000,0,0,0,0,0,0.000000,0.000000,0.000000,0.000000,0.000000,0.000000,0.000000,0.000000,0,0,0,0,0
967,2,2.031538,0.000970,0.000000,0.000034,0.156840,1.200212,1.196472,0.149984,0.001756,0.251390,0.043830,0.003794,0.000000,0.000078,0.000037,0.013624,0.000017,0.116214,0.000444,0.498959,0.000000,0.000000,0.000000,0,0,0.000000,0.000000,0.000000,0.000000,0.000000,0.000000,0.000000,0.000000,0.000000,0.000000,0.000000,0.000000,0.000000,0.000000,0,0,0,0,0,0.000000,0.000000,0.000000,0.000000,0.000000,0.000000,0.000000,0.000000,0,0,0,0,0
968,2,2.050734,0.019779,0.000000,0.000034,0.134379,1.220449,1.216709,0.149984,0.001756,0.254001,0.045746,0.003794,0.000000,0.000078,0.000037,0.013624,0.000017,0.116214,0.000444,0.503489,0.000000,0.000000,0.000000,0,0,0.000000,0.000000,0.000000,0.000000,0.000000,0.000000,0.000000,0.000000,0.000000,0.000000,0.000000,0.000000,0.000000,0.000000,0,0,0,0,0,0.000000,0.000000,0.000000,0.000000,0.000000,0.000000,0.000000,0.000000,0,0,0,0,0
969,2,2.032410,0.000970,0.000000,0.000034,0.156840,1.180695,1.176954,0.169152,0.001756,0.252611,0.043830,0.003794,0.000000,0.000078,0.000037,0.013624,0.000017,0.116214,0.000444,0.506554,0.000000,0.000000,0.000000,0,0,0.000000,0.000000,0.000000,0.000000,0.000000,0.000000,0.000000,0.000000,0.000000,0.000000,0.000000,0.000000,0.000000,0.000000,0,0,0,0,0,0.000000,0.000000,0.000000,0.000000,0.000000,0.000000,0.000000,0.000000,0,0,0,0,0
970,2,2.227753,0.019779,0.000000,0.000034,0.134379,1.223585,1.219845,0.149950,0.001756,0.233226,0.043945,0.003794,0.000000,0.000078,0.000037,0.013624,0.000017,0.116214,0.000444,0.487227,0.000000,0.000000,0.000000,0,0,0.000000,0.000000,0.000000,0.000000,0.000000,0.000000,0.000000,0.000000,0.000000,0.000000,0.000000,0.000000,0.000000,0.000000,0,0,0,0,0,0.000000,0.000000,0.000000,0.000000,0.000000,0.000000,0.000000,0.000000,0,0,0,0,0
971,2,2.002567,0.000970,0.000000,0.000034,0.145779,1.051999,1.048258,0.149950,0.001756,0.233276,0.043996,0.003794,0.000000,0.000078,0.000037,0.013624,0.000017,0.116214,0.000444,0.485518,0.000000,0.000000,0.000000,0,0,0.000000,0.000000,0.000000,0.000000,0.000000,0.000000,0.000000,0.000000,0.000000,0.000000,0.000000,0.000000,0.000000,0.000000,0,0,0,0,0,0.000000,0.000000,0.000000,0.000000,0.000000,0.000000,0.000000,0.000000,0,0,0,0,0
972,2,1.920841,0.019779,0.000000,0.000034,0.153181,0.987949,0.984209,0.149726,0.001756,0.247328,0.043830,0.003794,0.000000,0.000078,0.000037,0.013624,0.000017,0.116214,0.000444,0.478509,0.000000,0.000000,0.000000,0,0,0.000000,0.000000,0.000000,0.000000,0.000000,0.000000,0.000000,0.000000,0.000000,0.000000,0.000000,0.000000,0.000000,0.000000,0,0,0,0,0,0.000000,0.000000,0.000000,0.000000,0.000000,0.000000,0.000000,0.000000,0,0,0,0,0
973,2,1.967997,0.000970,0.000000,0.000034,0.144911,1.049588,1.045848,0.151228,0.001756,0.232937,0.043830,0.003794,0.000000,0.000078,0.000037,0.013624,0.000017,0.116214,0.000444,0.478522,0.000000,0.000000,0.000000,0,0,0.000000,0.000000,0.000000,0.000000,0.000000,0.000000,0.000000,0.000000,0.000000,0.000000,0.000000,0.000000,0.000000,0.000000,0,0,0,0,0,0.000000,0.000000,0.000000,0.000000,0.000000,0.000000,0.000000,0.000000,0,0,0,0,0
974,2,1.949168,0.019779,0.000000,0.000034,0.131270,1.042074,1.038333,0.150174,0.001756,0.232937,0.043830,0.003794,0.000000,0.000078,0.000037,0.013624,0.000017,0.116214,0.000444,0.483690,0.000000,0.000000,0.000000,0,0,0.000000,0.000000,0.000000,0.000000,0.000000,0.000000,0.000000,0.000000,0.000000,0.000000,0.000000,0.000000,0.000000,0.000000,0,0,0,0,0,0.000000,0.000000,0.000000,0.000000,0.000000,0.000000,0.000000,0.000000,0,0,0,0,0
975,2,1.933516,0.000970,0.000000,0.000034,0.131270,1.042046,1.038306,0.149950,0.001756,0.232937,0.043830,0.003794,0.000000,0.000078,0.000037,0.013624,0.000017,0.116214,0.000444,0.484429,0.000000,0.000000,0.000000,0,0,0.000000,0.000000,0.000000,0.000000,0.000000,0.000000,0.000000,0.000000,0.000000,0.000000,0.000000,0.000000,0.000000,0.000000,0,0,0,0,0,0.000000,0.000000,0.000000,0.000000,0.000000,0.000000,0.000000,0.000000,0,0,0,0,0
976,2,5.416687,3.519904,3.500064,0.000034,0.133409,0.991913,0.988173,0.149719,0.001756,0.264716,0.062263,0.003794,0.000000,0.000078,0.000037,0.013624,0.000017,0.116214,0.000444,0.483894,0.000000,0.000000,0.000000,0,0,0.000000,0.000000,0.000000,0.000000,0.000000,0.000000,0.000000,0.000000,0.000000,0.000000,0.000000,0.000000,0.000000,0.000000,0,0,0,0,0,0.000000,0.000000,0.000000,0.000000,0.000000,0.000000,0.000000,0.000000,0,0,0,0,0
977,2,1.967333,0.000970,0.000000,0.000034,0.131270,1.023960,1.020220,0.151221,0.001756,0.231910,0.043830,0.003794,0.000000,0.000078,0.000037,0.013624,0.000017,0.135095,0.000444,0.464844,0.000000,0.000000,0.000000,0,0,0.000000,0.000000,0.000000,0.000000,0.000000,0.000000,0.000000,0.000000,0.000000,0.000000,0.000000,0.000000,0.000000,0.000000,0,0,0,0,0,0.000000,0.000000,0.000000,0.000000,0.000000,0.000000,0.000000,0.000000,0,0,0,0,0
978,2,1.962250,0.019779,0.000000,0.000034,0.131270,1.022814,1.019073,0.150167,0.001756,0.231910,0.043830,0.003794,0.000000,0.000078,0.000037,0.013624,0.000017,0.138597,0.000444,0.484283,0.000000,0.000000,0.000000,0,0,0.000000,0.000000,0.000000,0.000000,0.000000,0.000000,0.000000,0.000000,0.000000,0.000000,0.000000,0.000000,0.000000,0.000000,0,0,0,0,0,0.000000,0.000000,0.000000,0.000000,0.000000,0.000000,0.000000,0.000000,0,0,0,0,0
979,2,1.953264,0.000970,0.000000,0.000034,0.131270,1.029595,1.025855,0.149943,0.001756,0.247359,0.059279,0.003794,0.000000,0.000078,0.000037,0.013624,0.000017,0.133447,0.000444,0.484948,0.000000,0.000000,0.000000,0,0,0.000000,0.000000,0.000000,0.000000,0.000000,0.000000,0.000000,0.000000,0.000000,0.000000,0.000000,0.000000,0.000000,0.000000,0,0,0,0,0,0.000000,0.000000,0.000000,0.000000,0.000000,0.000000,0.000000,0.000000,0,0,0,0,0
980,2,1.929732,0.019779,0.000000,0.000034,0.131270,0.974728,0.970988,0.149546,0.001756,0.254371,0.043830,0.003794,0.000000,0.000078,0.000037,0.013624,0.000017,0.137061,0.000444,0.478414,0.000000,0.000000,0.000000,0,0,0.000000,0.000000,0.000000,0.000000,0.000000,0.000000,0.000000,0.000000,0.000000,0.000000,0.000000,0.000000,0.000000,0.000000,0,0,0,0,0,0.000000,0.000000,0.000000,0.000000,0.000000,0.000000,0.000000,0.000000,0,0,0,0,0
981,2,1.959707,0.000970,0.000000,0.000034,0.131270,1.027557,1.023817,0.168772,0.001756,0.251600,0.043830,0.003794,0.000000,0.000078,0.000037,0.027310,0.000017,0.116214,0.000444,0.484382,0.000000,0.000000,0.000000,0,0,0.000000,0.000000,0.000000,0.000000,0.000000,0.000000,0.000000,0.000000,0.000000,0.000000,0.000000,0.000000,0.000000,0.000000,0,0,0,0,0,0.000000,0.000000,0.000000,0.000000,0.000000,0.000000,0.000000,0.000000,0,0,0,0,0
982,2,1.945058,0.019779,0.000000,0.000034,0.131270,1.021949,1.018209,0.168725,0.001756,0.250298,0.043830,0.003794,0.000000,0.000078,0.000037,0.013624,0.000017,0.116214,0.000444,0.498223,0.000000,0.000000,0.000000,0,0,0.000000,0.000000,0.000000,0.000000,0.000000,0.000000,0.000000,0.000000,0.000000,0.000000,0.000000,0.000000,0.000000,0.000000,0,0,0,0,0,0.000000,0.000000,0.000000,0.000000,0.000000,0.000000,0.000000,0.000000,0,0,0,0,0
983,2,1.952318,0.000970,0.000000,0.000034,0.151499,1.027096,1.023356,0.163445,0.001756,0.254113,0.043830,0.003794,0.000000,0.000078,0.000037,0.013624,0.000017,0.116214,0.000444,0.500946,0.000000,0.000000,0.000000,0,0,0.000000,0.000000,0.000000,0.000000,0.000000,0.000000,0.000000,0.000000,0.000000,0.000000,0.000000,0.000000,0.000000,0.000000,0,0,0,0,0,0.000000,0.000000,0.000000,0.000000,0.000000,0.000000,0.000000,0.000000,0,0,0,0,0
984,2,1.916673,0.019779,0.000000,0.000034,0.131270,0.992279,0.988539,0.167718,0.001756,0.251472,0.043830,0.003794,0.000000,0.000078,0.000037,0.013624,0.000017,0.116214,0.000444,0.493998,0.000000,0.000000,0.000000,0,0,0.000000,0.000000,0.000000,0.000000,0.000000,0.000000,0.000000,0.000000,0.000000,0.000000,0.000000,0.000000,0.000000,0.000000,0,0,0,0,0,0.000000,0.000000,0.000000,0.000000,0.000000,0.000000,0.000000,0.000000,0,0,0,0,0
985,2,1.953606,0.000970,0.000000,0.000034,0.153646,1.040951,1.037211,0.151048,0.001756,0.245385,0.043830,0.003794,0.000000,0.000078,0.000037,0.013624,0.000017,0.116214,0.000444,0.504293,0.000000,0.000000,0.000000,0,0,0.000000,0.000000,0.000000,0.000000,0.000000,0.000000,0.000000,0.000000,0.000000,0.000000,0.000000,0.000000,0.000000,0.000000,0,0,0,0,0,0.000000,0.000000,0.000000,0.000000,0.000000,0.000000,0.000000,0.000000,0,0,0,0,0
986,2,1.972694,0.019779,0.000000,0.000034,0.153646,1.045868,1.042128,0.149994,0.001756,0.250695,0.043830,0.003794,0.000000,0.000078,0.000037,0.013624,0.000017,0.116214,0.000444,0.483870,0.000000,0.000000,0.000000,0,0,0.000000,0.000000,0.000000,0.000000,0.000000,0.000000,0.000000,0.000000,0.000000,0.000000,0.000000,0.000000,0.000000,0.000000,0,0,0,0,0,0.000000,0.000000,0.000000,0.000000,0.000000,0.000000,0.000000,0.000000,0,0,0,0,0
987,2,1.800083,0.000970,0.000000,0.000034,0.149773,0.867540,0.863800,0.164714,0.001756,0.254120,0.043830,0.003794,0.000000,0.000078,0.000037,0.013624,0.000017,0.116214,0.000444,0.484409,0.000000,0.000000,0.000000,0,0,0.000000,0.000000,0.000000,0.000000,0.000000,0.000000,0.000000,0.000000,0.000000,0.000000,0.000000,0.000000,0.000000,0.000000,0,0,0,0,0,0.000000,0.000000,0.000000,0.000000,0.000000,0.000000,0.000000,0.000000,0,0,0,0,0
988,2,1.785092,0.019779,0.000000,0.000034,0.150333,0.849762,0.846022,0.164934,0.001756,0.244927,0.043830,0.003794,0.000000,0.000078,0.000037,0.013624,0.000017,0.116214,0.000444,0.485158,0.000000,0.000000,0.000000,0,0,0.000000,0.000000,0.000000,0.000000,0.000000,0.000000,0.000000,0.000000,0.000000,0.000000,0.000000,0.000000,0.000000,0.000000,0,0,0,0,0,0.000000,0.000000,0.000000,0.000000,0.000000,0.000000,0.000000,0.000000,0,0,0,0,0
989,2,1.959398,0.000970,0.000000,0.000034,0.153653,0.926988,0.923248,0.149770,0.001756,0.232178,0.044271,0.003794,0.000000,0.000078,0.000037,0.013624,0.000017,0.116214,0.000444,0.487227,0.000000,0.000000,0.000000,0,0,0.000000,0.000000,0.000000,0.000000,0.000000,0.000000,0.000000,0.000000,0.000000,0.000000,0.000000,0.000000,0.000000,0.000000,0,0,0,0,0,0.000000,0.000000,0.000000,0.000000,0.000000,0.000000,0.000000,0.000000,0,0,0,0,0
990,2,1.795966,0.019779,0.000000,0.000034,0.133108,0.886631,0.882890,0.151048,0.001756,0.246989,0.043830,0.003794,0.000000,0.000078,0.000037,0.013624,0.000017,0.116214,0.000444,0.486277,0.000000,0.000000,0.000000,0,0,0.000000,0.000000,0.000000,0.000000,0.000000,0.000000,0.000000,0.000000,0.000000,0.000000,0.000000,0.000000,0.000000,0.000000,0,0,0,0,0,0.000000,0.000000,0.000000,0.000000,0.000000,0.000000,0.000000,0.000000,0,0,0,0,0
991,2,1.763567,0.000970,0.000000,0.000034,0.131270,0.856839,0.853099,0.172007,0.001756,0.250119,0.043830,0.003794,0.000000,0.000078,0.000037,0.013624,0.000017,0.116214,0.000444,0.480231,0.000000,0.000000,0.000000,0,0,0.000000,0.000000,0.000000,0.000000,0.000000,0.000000,0.000000,0.000000,0.000000,0.000000,0.000000,0.000000,0.000000,0.000000,0,0,0,0,0,0.000000,0.000000,0.000000,0.000000,0.000000,0.000000,0.000000,0.000000,0,0,0,0,0
992,2,1.832309,0.019779,0.000000,0.000034,0.131270,0.908040,0.904300,0.149770,0.001756,0.231391,0.043830,0.003794,0.000000,0.000078,0.000037,0.013624,0.000017,0.116214,0.000444,0.483975,0.000000,0.000000,0.000000,0,0,0.000000,0.000000,0.000000,0.000000,0.000000,0.000000,0.000000,0.000000,0.000000,0.000000,0.000000,0.000000,0.000000,0.000000,0,0,0,0,0,0.000000,0.000000,0.000000,0.000000,0.000000,0.000000,0.000000,0.000000,0,0,0,0,0
993,2,1.737023,0.000970,0.000000,0.000034,0.131270,0.848650,0.844910,0.149994,0.001756,0.254422,0.043830,0.003794,0.000000,0.000078,0.000037,0.013624,0.000017,0.116214,0.000444,0.482819,0.000000,0.000000,0.000000,0,0,0.000000,0.000000,0.000000,0.000000,0.000000,0.000000,0.000000,0.000000,0.000000,0.000000,0.000000,0.000000,0.000000,0.000000,0,0,0,0,0,0.000000,0.000000,0.000000,0.000000,0.000000,0.000000,0.000000,0.000000,0,0,0,0,0
994,2,4.874200,3.103160,3.083320,0.000034,0.131833,0.890398,0.886658,0.149546,0.001756,0.231391,0.043830,0.003794,0.000000,0.000078,0.000037,0.013624,0.000017,0.116214,0.000444,0.478509,0.000000,0.000000,0.000000,0,0,0.000000,0.000000,0.000000,0.000000,0.000000,0.000000,0.000000,0.000000,0.000000,0.000000,0.000000,0.000000,0.000000,0.000000,0,0,0,0,0,0.000000,0.000000,0.000000,0.000000,0.000000,0.000000,0.000000,0.000000,0,0,0,0,0
995,2,1.824076,0.000970,0.000000,0.000034,0.144877,0.906145,0.902405,0.172153,0.001756,0.248542,0.043830,0.003794,0.000000,0.000078,0.000037,0.013624,0.000017,0.116214,0.000444,0.485328,0.000000,0.000000,0.000000,0,0,0.000000,0.000000,0.000000,0.000000,0.000000,0.000000,0.000000,0.000000,0.000000,0.000000,0.000000,0.000000,0.000000,0.000000,0,0,0,0,0,0.000000,0.000000,0.000000,0.000000,0.000000,0.000000,0.000000,0.000000,0,0,0,0,0
996,2,1.744344,0.019779,0.000000,0.000034,0.131270,0.845439,0.841699,0.149994,0.001756,0.231391,0.043830,0.003794,0.000000,0.000078,0.000037,0.013624,0.000017,0.116214,0.000444,0.500800,0.000000,0.000000,0.000000,0,0,0.000000,0.000000,0.000000,0.000000,0.000000,0.000000,0.000000,0.000000,0.000000,0.000000,0.000000,0.000000,0.000000,0.000000,0,0,0,0,0,0.000000,0.000000,0.000000,0.000000,0.000000,0.000000,0.000000,0.000000,0,0,0,0,0
997,2,1.747077,0.000970,0.000000,0.000034,0.131270,0.862783,0.859043,0.151048,0.001756,0.231391,0.043830,0.003794,0.000000,0.000078,0.000037,0.013624,0.000017,0.116214,0.000444,0.492303,0.000000,0.000000,0.000000,0,0,0.000000,0.000000,0.000000,0.000000,0.000000,0.000000,0.000000,0.000000,0.000000,0.000000,0.000000,0.000000,0.000000,0.000000,0,0,0,0,0,0.000000,0.000000,0.000000,0.000000,0.000000,0.000000,0.000000,0.000000,0,0,0,0,0
998,2,1.935842,0.019779,0.000000,0.000034,0.146901,0.856283,0.852542,0.149546,0.001756,0.244351,0.044145,0.003794,0.000000,0.000078,0.000037,0.013624,0.000017,0.116214,0.000444,0.509755,0.000000,0.000000,0.000000,0,0,0.000000,0.000000,0.000000,0.000000,0.000000,0.000000,0.000000,0.000000,0.000000,0.000000,0.000000,0.000000,0.000000,0.000000,0,0,0,0,0,0.000000,0.000000,0.000000,0.000000,0.000000,0.000000,0.000000,0.000000,0,0,0,0,0
999,2,1.901065,0.000970,0.000000,0.000034,0.131826,0.868388,0.864648,0.149994,0.001756,0.243842,0.044847,0.003794,0.000000,0.000078,0.000037,0.013624,0.000017,0.116214,0.000444,0.588938,0.000000,0.000000,0.000000,0,0,0.000000,0.000000,0.000000,0.000000,0.000000,0.000000,0.000000,0.000000,0.000000,0.000000,0.000000,0.000000,0.000000,0.000000,0,0,0,0,0,0.000000,0.000000,0.000000,0.000000,0.000000,0.000000,0.000000,0.000000,0,0,0,0,0
1000,2,1.938527,0.019779,0.000000,0.000034,0.152568,0.850857,0.847117,0.149546,0.001756,0.246070,0.044145,0.003794,0.000000,0.000078,0.000037,0.013624,0.000017,0.116214,0.000444,0.508901,0.000000,0.000000,0.000000,0,0,0.000000,0.000000,0.000000,0.000000,0.000000,0.000000,0.000000,0.000000,0.000000,0.000000,0.000000,0.000000,0.000000,0.000000,0,0,0,0,0,0.000000,0.000000,0.000000,0.000000,0.000000,0.000000,0.000000,0.000000,0,0,0,0,0
1001,2,1.766113,0.000970,0.000000,0.000034,0.153547,0.851017,0.847276,0.168667,0.001756,0.230364,0.043830,0.003794,0.000000,0.000078,0.000037,0.013624,0.000017,0.129890,0.000444,0.485019,0.000000,0.000000,0.000000,0,0,0.000000,0.000000,0.000000,0.000000,0.000000,0.000000,0.000000,0.000000,0.000000,0.000000,0.000000,0.000000,0.000000,0.000000,0,0,0,0,0,0.000000,0.000000,0.000000,0.000000,0.000000,0.000000,0.000000,0.000000,0,0,0,0,0
1002,2,1.809892,0.019779,0.000000,0.000034,0.149957,0.866787,0.863047,0.169230,0.001756,0.247460,0.043830,0.003794,0.000000,0.000078,0.000037,0.013624,0.000017,0.116214,0.000444,0.484182,0.000000,0.000000,0.000000,0,0,0.000000,0.000000,0.000000,0.000000,0.000000,0.000000,0.000000,0.000000,0.000000,0.000000,0.000000,0.000000,0.000000,0.000000,0,0,0,0,0,0.000000,0.000000,0.000000,0.000000,0.000000,0.000000,0.000000,0.000000,0,0,0,0,0
1003,2,1.642826,0.000970,0.000000,0.000034,0.152222,0.729173,0.725433,0.149821,0.001756,0.230364,0.043830,0.003794,0.000000,0.000078,0.000037,0.013624,0.000017,0.129876,0.000444,0.486803,0.000000,0.000000,0.000000,0,0,0.000000,0.000000,0.000000,0.000000,0.000000,0.000000,0.000000,0.000000,0.000000,0.000000,0.000000,0.000000,0.000000,0.000000,0,0,0,0,0,0.000000,0.000000,0.000000,0.000000,0.000000,0.000000,0.000000,0.000000,0,0,0,0,0
1004,2,1.792894,0.019779,0.000000,0.000034,0.147878,0.717299,0.713559,0.149821,0.001756,0.249868,0.044020,0.003794,0.000000,0.000078,0.000037,0.013624,0.000017,0.116214,0.000444,0.483585,0.000000,0.000000,0.000000,0,0,0.000000,0.000000,0.000000,0.000000,0.000000,0.000000,0.000000,0.000000,0.000000,0.000000,0.000000,0.000000,0.000000,0.000000,0,0,0,0,0,0.000000,0.000000,0.000000,0.000000,0.000000,0.000000,0.000000,0.000000,0,0,0,0,0
1005,2,1.827525,0.000970,0.000000,0.000034,0.150160,0.739048,0.735307,0.188738,0.001756,0.249556,0.044145,0.003794,0.000000,0.000078,0.000037,0.013624,0.000017,0.116214,0.000444,0.484185,0.000000,0.000000,0.000000,0,0,0.000000,0.000000,0.000000,0.000000,0.000000,0.000000,0.000000,0.000000,0.000000,0.000000,0.000000,0.000000,0.000000,0.000000,0,0,0,0,0,0.000000,0.000000,0.000000,0.000000,0.000000,0.000000,0.000000,0.000000,0,0,0,0,0
1006,2,1.772583,0.019748,0.000000,0.000034,0.131524,0.692166,0.688426,0.165985,0.001756,0.249644,0.044271,0.003794,0.000000,0.000078,0.000037,0.013624,0.000017,0.116214,0.000444,0.483032,0.000000,0.000000,0.000000,0,0,0.000000,0.000000,0.000000,0.000000,0.000000,0.000000,0.000000,0.000000,0.000000,0.000000,0.000000,0.000000,0.000000,0.000000,0,0,0,0,0,0.000000,0.000000,0.000000,0.000000,0.000000,0.000000,0.000000,0.000000,0,0,0,0,0
1007,2,1.766822,0.000970,0.000000,0.000034,0.131622,0.713430,0.709690,0.169718,0.001756,0.245043,0.044847,0.003794,0.000000,0.000078,0.000037,0.013624,0.000017,0.116214,0.000444,0.486803,0.000000,0.000000,0.000000,0,0,0.000000,0.000000,0.000000,0.000000,0.000000,0.000000,0.000000,0.000000,0.000000,0.000000,0.000000,0.000000,0.000000,0.000000,0,0,0,0,0,0.000000,0.000000,0.000000,0.000000,0.000000,0.000000,0.000000,0.000000,0,0,0,0,0
1008,2,1.792877,0.019748,0.000000,0.000034,0.132100,0.702291,0.698551,0.172197,0.001756,0.250597,0.064063,0.003794,0.000000,0.000078,0.000037,0.013624,0.000017,0.116214,0.000444,0.482493,0.000000,0.000000,0.000000,0,0,0.000000,0.000000,0.000000,0.000000,0.000000,0.000000,0.000000,0.000000,0.000000,0.000000,0.000000,0.000000,0.000000,0.000000,0,0,0,0,0,0.000000,0.000000,0.000000,0.000000,0.000000,0.000000,0.000000,0.000000,0,0,0,0,0
1009,2,1.672791,0.000970,0.000000,0.000034,0.131426,0.744103,0.740363,0.164266,0.001756,0.273387,0.043779,0.003794,0.000000,0.000078,0.000037,0.013624,0.000017,0.116214,0.000444,0.478082,0.000000,0.000000,0.000000,0,0,0.000000,0.000000,0.000000,0.000000,0.000000,0.000000,0.000000,0.000000,0.000000,0.000000,0.000000,0.000000,0.000000,0.000000,0,0,0,0,0,0.000000,0.000000,0.000000,0.000000,0.000000,0.000000,0.000000,0.000000,0,0,0,0,0
1010,2,1.772386,0.019748,0.000000,0.000034,0.131270,0.719384,0.715644,0.149821,0.001756,0.250916,0.044020,0.003794,0.000000,0.000078,0.000037,0.013624,0.000017,0.116214,0.000444,0.494687,0.000000,0.000000,0.000000,0,0,0.000000,0.000000,0.000000,0.000000,0.000000,0.000000,0.000000,0.000000,0.000000,0.000000,0.000000,0.000000,0.000000,0.000000,0,0,0,0,0,0.000000,0.000000,0.000000,0.000000,0.000000,0.000000,0.000000,0.000000,0,0,0,0,0
1011,2,1.809163,0.000970,0.000000,0.000034,0.131270,0.765388,0.761648,0.150876,0.001756,0.230679,0.044145,0.003794,0.000000,0.000078,0.000037,0.013624,0.000017,0.138675,0.000444,0.484331,0.000000,0.000000,0.000000,0,0,0.000000,0.000000,0.000000,0.000000,0.000000,0.000000,0.000000,0.000000,0.000000,0.000000,0.000000,0.000000,0.000000,0.000000,0,0,0,0,0,0.000000,0.000000,0.000000,0.000000,0.000000,0.000000,0.000000,0.000000,0,0,0,0,0
1012,2,5.356517,3.345093,3.325283,0.000034,0.133409,0.859789,0.856049,0.165948,0.001756,0.231381,0.044847,0.003794,0.000000,0.000078,0.000037,0.013624,0.000017,0.116214,0.000444,0.481533,0.000000,0.000000,0.000000,0,0,0.000000,0.000000,0.000000,0.000000,0.000000,0.000000,0.000000,0.000000,0.000000,0.000000,0.000000,0.000000,0.000000,0.000000,0,0,0,0,0,0.000000,0.000000,0.000000,0.000000,0.000000,0.000000,0.000000,0.000000,0,0,0,0,0
1013,2,1.926490,0.000970,0.000000,0.000034,0.153863,0.878384,0.874644,0.149373,0.001756,0.230530,0.043989,0.003794,0.000000,0.000078,0.000037,0.029026,0.000017,0.116214,0.000444,0.498769,0.000000,0.000000,0.000000,0,0,0.000000,0.000000,0.000000,0.000000,0.000000,0.000000,0.000000,0.000000,0.000000,0.000000,0.000000,0.000000,0.000000,0.000000,0,0,0,0,0,0.000000,0.000000,0.000000,0.000000,0.000000,0.000000,0.000000,0.000000,0,0,0,0,0
1014,2,1.905121,0.019748,0.000000,0.000034,0.153731,0.836775,0.833035,0.149821,0.001756,0.246809,0.043888,0.003794,0.000000,0.000078,0.000037,0.013624,0.000017,0.116214,0.000444,0.499698,0.000000,0.000000,0.000000,0,0,0.000000,0.000000,0.000000,0.000000,0.000000,0.000000,0.000000,0.000000,0.000000,0.000000,0.000000,0.000000,0.000000,0.000000,0,0,0,0,0,0.000000,0.000000,0.000000,0.000000,0.000000,0.000000,0.000000,0.000000,0,0,0,0,0
1015,2,1.927273,0.000970,0.000000,0.000034,0.131270,0.898997,0.895257,0.149373,0.001756,0.249369,0.043989,0.003794,0.000000,0.000078,0.000037,0.013624,0.000017,0.116214,0.000444,0.505371,0.000000,0.000000,0.000000,0,0,0.000000,0.000000,0.000000,0.000000,0.000000,0.000000,0.000000,0.000000,0.000000,0.000000,0.000000,0.000000,0.000000,0.000000,0,0,0,0,0,0.000000,0.000000,0.000000,0.000000,0.000000,0.000000,0.000000,0.000000,0,0,0,0,0
1016,2,1.895338,0.019748,0.000000,0.000034,0.131270,0.842973,0.824148,0.149821,0.001756,0.252811,0.043888,0.003794,0.000000,0.000078,0.000037,0.013624,0.000017,0.116214,0.000444,0.485348,0.000000,0.000000,0.000000,0,0,0.000000,0.000000,0.000000,0.000000,0.000000,0.000000,0.000000,0.000000,0.000000,0.000000,0.000000,0.000000,0.000000,0.000000,0,0,0,0,0,0.000000,0.000000,0.000000,0.000000,0.000000,0.000000,0.000000,0.000000,0,0,0,0,0
1017,2,1.923164,0.000970,0.000000,0.000034,0.148014,0.875831,0.872091,0.171139,0.001756,0.248837,0.043989,0.003794,0.000000,0.000078,0.000037,0.013624,0.000017,0.116214,0.000444,0.482537,0.000000,0.000000,0.000000,0,0,0.000000,0.000000,0.000000,0.000000,0.000000,0.000000,0.000000,0.000000,0.000000,0.000000,0.000000,0.000000,0.000000,0.000000,0,0,0,0,0,0.000000,0.000000,0.000000,0.000000,0.000000,0.000000,0.000000,0.000000,0,0,0,0,0
1018,2,2.026164,0.019748,0.000000,0.000034,0.145084,0.845412,0.841671,0.166765,0.001756,0.230560,0.044020,0.003794,0.000000,0.000078,0.000037,0.013624,0.000017,0.116214,0.000444,0.483154,0.000000,0.000000,0.000000,0,0,0.000000,0.000000,0.000000,0.000000,0.000000,0.000000,0.000000,0.000000,0.000000,0.000000,0.000000,0.000000,0.000000,0.000000,0,0,0,0,0,0.000000,0.000000,0.000000,0.000000,0.000000,0.000000,0.000000,0.000000,0,0,0,0,0
1019,2,2.034027,0.000970,0.000000,0.000034,0.151381,0.870294,0.866553,0.168945,0.001756,0.231388,0.044847,0.003794,0.000000,0.000078,0.000037,0.013624,0.000017,0.116214,0.000444,0.486799,0.000000,0.000000,0.000000,0,0,0.000000,0.000000,0.000000,0.000000,0.000000,0.000000,0.000000,0.000000,0.000000,0.000000,0.000000,0.000000,0.000000,0.000000,0,0,0,0,0,0.000000,0.000000,0.000000,0.000000,0.000000,0.000000,0.000000,0.000000,0,0,0,0,0
1020,2,1.946520,0.019748,0.000000,0.000034,0.140574,0.874658,0.870917,0.149200,0.001756,0.252780,0.043779,0.003794,0.000000,0.000078,0.000037,0.013624,0.000017,0.135824,0.000444,0.483816,0.000000,0.000000,0.000000,0,0,0.000000,0.000000,0.000000,0.000000,0.000000,0.000000,0.000000,0.000000,0.000000,0.000000,0.000000,0.000000,0.000000,0.000000,0,0,0,0,0,0.000000,0.000000,0.000000,0.000000,0.000000,0.000000,0.000000,0.000000,0,0,0,0,0
1021,2,1.888953,0.000970,0.000000,0.000034,0.148810,0.834930,0.831190,0.190955,0.001756,0.247409,0.060869,0.003794,0.000000,0.000078,0.000037,0.013624,0.000017,0.116214,0.000444,0.478129,0.000000,0.000000,0.000000,0,0,0.000000,0.000000,0.000000,0.000000,0.000000,0.000000,0.000000,0.000000,0.000000,0.000000,0.000000,0.000000,0.000000,0.000000,0,0,0,0,0,0.000000,0.000000,0.000000,0.000000,0.000000,0.000000,0.000000,0.000000,0,0,0,0,0
1022,2,1.996755,0.019748,0.000000,0.000034,0.131270,0.850264,0.846524,0.149648,0.001756,0.226234,0.043779,0.003794,0.000000,0.000078,0.000037,0.013624,0.000017,0.116214,0.000444,0.481503,0.000000,0.000000,0.000000,0,0,0.000000,0.000000,0.000000,0.000000,0.000000,0.000000,0.000000,0.000000,0.000000,0.000000,0.000000,0.000000,0.000000,0.000000,0,0,0,0,0,0.000000,0.000000,0.000000,0.000000,0.000000,0.000000,0.000000,0.000000,0,0,0,0,0
1023,2,2.144077,0.000970,0.000000,0.000034,0.131270,0.888628,0.884888,0.150530,0.001756,0.244802,0.044145,0.003794,0.000000,0.000078,0.000037,0.013624,0.000017,0.116214,0.000444,0.480069,0.000000,0.000000,0.000000,0,0,0.000000,0.000000,0.000000,0.000000,0.000000,0.000000,0.000000,0.000000,0.000000,0.000000,0.000000,0.000000,0.000000,0.000000,0,0,0,0,0,0.000000,0.000000,0.000000,0.000000,0.000000,0.000000,0.000000,0.000000,0,0,0,0,0
1024,2,2.099789,0.019748,0.000000,0.000034,0.134633,0.834496,0.830756,0.149475,0.001756,0.245304,0.044020,0.003794,0.000000,0.000078,0.000037,0.013624,0.000017,0.116214,0.000444,0.483314,0.000000,0.000000,0.000000,0,0,0.000000,0.000000,0.000000,0.000000,0.000000,0.000000,0.000000,0.000000,0.000000,0.000000,0.000000,0.000000,0.000000,0.000000,0,0,0,0,0,0.000000,0.000000,0.000000,0.000000,0.000000,0.000000,0.000000,0.000000,0,0,0,0,0
1025,2,2.071869,0.000970,0.000000,0.000034,0.133182,0.694916,0.691176,0.162689,0.001756,0.245365,0.044020,0.003794,0.000000,0.000078,0.000037,0.013624,0.000017,0.116214,0.000444,0.485270,0.000000,0.000000,0.000000,0,0,0.000000,0.000000,0.000000,0.000000,0.000000,0.000000,0.000000,0.000000,0.000000,0.000000,0.000000,0.000000,0.000000,0.000000,0,0,0,0,0,0.000000,0.000000,0.000000,0.000000,0.000000,0.000000,0.000000,0.000000,0,0,0,0,0
1026,2,2.248050,0.019748,0.000000,0.000034,0.135644,0.861203,0.857463,0.149028,0.001756,0.226474,0.044020,0.003794,0.000000,0.000078,0.000037,0.013624,0.000017,0.116214,0.000444,0.482802,0.000000,0.000000,0.000000,0,0,0.000000,0.000000,0.000000,0.000000,0.000000,0.000000,0.000000,0.000000,0.000000,0.000000,0.000000,0.000000,0.000000,0.000000,0,0,0,0,0,0.000000,0.000000,0.000000,0.000000,0.000000,0.000000,0.000000,0.000000,0,0,0,0,0
1027,2,2.083842,0.000970,0.000000,0.000034,0.135644,0.862298,0.858558,0.149028,0.001756,0.268009,0.044271,0.003794,0.000000,0.000078,0.000037,0.013624,0.000017,0.116214,0.000444,0.483293,0.000000,0.000000,0.000000,0,0,0.000000,0.000000,0.000000,0.000000,0.000000,0.000000,0.000000,0.000000,0.000000,0.000000,0.000000,0.000000,0.000000,0.000000,0,0,0,0,0,0.000000,0.000000,0.000000,0.000000,0.000000,0.000000,0.000000,0.000000,0,0,0,0,0
1028,2,2.105832,0.019748,0.000000,0.000034,0.136085,0.855004,0.851264,0.150357,0.001756,0.245985,0.044145,0.003794,0.000000,0.000078,0.000037,0.013624,0.000017,0.132521,0.000444,0.483995,0.000000,0.000000,0.000000,0,0,0.000000,0.000000,0.000000,0.000000,0.000000,0.000000,0.000000,0.000000,0.000000,0.000000,0.000000,0.000000,0.000000,0.000000,0,0,0,0,0,0.000000,0.000000,0.000000,0.000000,0.000000,0.000000,0.000000,0.000000,0,0,0,0,0
1029,2,2.047041,0.000970,0.000000,0.000034,0.151818,0.829898,0.826158,0.149295,0.001756,0.241767,0.044020,0.003794,0.000000,0.000078,0.000037,0.013624,0.000017,0.116214,0.000444,0.505052,0.000000,0.000000,0.000000,0,0,0.000000,0.000000,0.000000,0.000000,0.000000,0.000000,0.000000,0.000000,0.000000,0.000000,0.000000,0.000000,0.000000,0.000000,0,0,0,0,0,0.000000,0.000000,0.000000,0.000000,0.000000,0.000000,0.000000,0.000000,0,0,0,0,0
1030,2,5.600905,3.536170,3.516361,0.000034,0.139143,0.869659,0.865919,0.149295,0.001756,0.242876,0.044020,0.003794,0.000000,0.000078,0.000037,0.013624,0.000017,0.116214,0.000444,0.478319,0.000000,0.000000,0.000000,0,0,0.000000,0.000000,0.000000,0.000000,0.000000,0.000000,0.000000,0.000000,0.000000,0.000000,0.000000,0.000000,0.000000,0.000000,0,0,0,0,0,0.000000,0.000000,0.000000,0.000000,0.000000,0.000000,0.000000,0.000000,0,0,0,0,0
1031,2,2.055589,0.000970,0.000000,0.000034,0.133182,0.871965,0.868225,0.148848,0.001756,0.240821,0.061425,0.003794,0.000000,0.000078,0.000037,0.013624,0.000017,0.116214,0.000444,0.508240,0.000000,0.000000,0.000000,0,0,0.000000,0.000000,0.000000,0.000000,0.000000,0.000000,0.000000,0.000000,0.000000,0.000000,0.000000,0.000000,0.000000,0.000000,0,0,0,0,0,0.000000,0.000000,0.000000,0.000000,0.000000,0.000000,0.000000,0.000000,0,0,0,0,0
1032,2,2.074490,0.019748,0.000000,0.000034,0.155114,0.844489,0.840749,0.169461,0.001756,0.223416,0.044020,0.003794,0.000000,0.000078,0.000037,0.013624,0.000017,0.116214,0.000444,0.502289,0.000000,0.000000,0.000000,0,0,0.000000,0.000000,0.000000,0.000000,0.000000,0.000000,0.000000,0.000000,0.000000,0.000000,0.000000,0.000000,0.000000,0.000000,0,0,0,0,0,0.000000,0.000000,0.000000,0.000000,0.000000,0.000000,0.000000,0.000000,0,0,0,0,0
1033,2,2.061462,0.000970,0.000000,0.000034,0.146827,0.864410,0.860670,0.163059,0.001756,0.223660,0.044271,0.003794,0.000000,0.000078,0.000037,0.013624,0.000017,0.116214,0.000444,0.486833,0.000000,0.000000,0.000000,0,0,0.000000,0.000000,0.000000,0.000000,0.000000,0.000000,0.000000,0.000000,0.000000,0.000000,0.000000,0.000000,0.000000,0.000000,0,0,0,0,0,0.000000,0.000000,0.000000,0.000000,0.000000,0.000000,0.000000,0.000000,0,0,0,0,0
1034,2,2.070923,0.019748,0.000000,0.000034,0.154439,0.840573,0.836833,0.169050,0.001756,0.223409,0.044020,0.003794,0.000000,0.000078,0.000037,0.013624,0.000017,0.116214,0.000444,0.483537,0.000000,0.000000,0.000000,0,0,0.000000,0.000000,0.000000,0.000000,0.000000,0.000000,0.000000,0.000000,0.000000,0.000000,0.000000,0.000000,0.000000,0.000000,0,0,0,0,0,0.000000,0.000000,0.000000,0.000000,0.000000,0.000000,0.000000,0.000000,0,0,0,0,0
1035,2,2.079702,0.000970,0.000000,0.000034,0.151618,0.696832,0.693091,0.173594,0.001756,0.224236,0.044847,0.003794,0.000000,0.000078,0.000037,0.013624,0.000017,0.116214,0.000444,0.482968,0.000000,0.000000,0.000000,0,0,0.000000,0.000000,0.000000,0.000000,0.000000,0.000000,0.000000,0.000000,0.000000,0.000000,0.000000,0.000000,0.000000,0.000000,0,0,0,0,0,0.000000,0.000000,0.000000,0.000000,0.000000,0.000000,0.000000,0.000000,0,0,0,0,0
1036,2,2.122504,0.019748,0.000000,0.000034,0.154178,0.704427,0.700687,0.150350,0.001756,0.223660,0.044271,0.003794,0.000000,0.000078,0.000037,0.013624,0.000017,0.129879,0.000444,0.478193,0.000000,0.000000,0.000000,0,0,0.000000,0.000000,0.000000,0.000000,0.000000,0.000000,0.000000,0.000000,0.000000,0.000000,0.000000,0.000000,0.000000,0.000000,0,0,0,0,0,0.000000,0.000000,0.000000,0.000000,0.000000,0.000000,0.000000,0.000000,0,0,0,0,0
1037,2,2.074504,0.000970,0.000000,0.000034,0.150241,0.694648,0.690908,0.149295,0.001756,0.221005,0.044674,0.003794,0.000000,0.000078,0.000037,0.013624,0.000017,0.135105,0.000444,0.464657,0.000000,0.000000,0.000000,0,0,0.000000,0.000000,0.000000,0.000000,0.000000,0.000000,0.000000,0.000000,0.000000,0.000000,0.000000,0.000000,0.000000,0.000000,0,0,0,0,0,0.000000,0.000000,0.000000,0.000000,0.000000,0.000000,0.000000,0.000000,0,0,0,0,0
1038,2,2.050398,0.019748,0.000000,0.000034,0.140574,0.684075,0.680335,0.169393,0.001756,0.220500,0.044169,0.003794,0.000000,0.000078,0.000037,0.013624,0.000017,0.138597,0.000444,0.484589,0.000000,0.000000,0.000000,0,0,0.000000,0.000000,0.000000,0.000000,0.000000,0.000000,0.000000,0.000000,0.000000,0.000000,0.000000,0.000000,0.000000,0.000000,0,0,0,0,0,0.000000,0.000000,0.000000,0.000000,0.000000,0.000000,0.000000,0.000000,0,0,0,0,0
1039,2,2.065701,0.000970,0.000000,0.000034,0.136085,0.704603,0.700863,0.168125,0.001756,0.220649,0.044318,0.003794,0.000000,0.000078,0.000037,0.013624,0.000017,0.133358,0.000444,0.487040,0.000000,0.000000,0.000000,0,0,0.000000,0.000000,0.000000,0.000000,0.000000,0.000000,0.000000,0.000000,0.000000,0.000000,0.000000,0.000000,0.000000,0.000000,0,0,0,0,0,0.000000,0.000000,0.000000,0.000000,0.000000,0.000000,0.000000,0.000000,0,0,0,0,0
1040,2,2.218252,0.019748,0.000000,0.000034,0.134633,0.840149,0.836409,0.148848,0.001756,0.241896,0.044318,0.003794,0.000000,0.000078,0.000037,0.013624,0.000017,0.116214,0.000444,0.478312,0.000000,0.000000,0.000000,0,0,0.000000,0.000000,0.000000,0.000000,0.000000,0.000000,0.000000,0.000000,0.000000,0.000000,0.000000,0.000000,0.000000,0.000000,0,0,0,0,0,0.000000,0.000000,0.000000,0.000000,0.000000,0.000000,0.000000,0.000000,0,0,0,0,0
1041,2,2.322679,0.000970,0.000000,0.000034,0.134633,0.842916,0.839176,0.148848,0.001756,0.221178,0.044847,0.003794,0.000000,0.000078,0.000037,0.013624,0.000017,0.116214,0.000444,0.482866,0.000000,0.000000,0.000000,0,0,0.000000,0.000000,0.000000,0.000000,0.000000,0.000000,0.000000,0.000000,0.000000,0.000000,0.000000,0.000000,0.000000,0.000000,0,0,0,0,0,0.000000,0.000000,0.000000,0.000000,0.000000,0.000000,0.000000,0.000000,0,0,0,0,0
1042,2,2.343601,0.019748,0.000000,0.000034,0.140574,0.864641,0.860901,0.149072,0.001756,0.220350,0.044020,0.003794,0.000000,0.000078,0.000037,0.013624,0.000017,0.116214,0.000444,0.479953,0.000000,0.000000,0.000000,0,0,0.000000,0.000000,0.000000,0.000000,0.000000,0.000000,0.000000,0.000000,0.000000,0.000000,0.000000,0.000000,0.000000,0.000000,0,0,0,0,0,0.000000,0.000000,0.000000,0.000000,0.000000,0.000000,0.000000,0.000000,0,0,0,0,0
1043,2,2.191566,0.000970,0.000000,0.000034,0.155643,0.835273,0.831533,0.149295,0.001756,0.260596,0.067223,0.003794,0.000000,0.000078,0.000037,0.013624,0.000017,0.116214,0.000444,0.487040,0.000000,0.000000,0.000000,0,0,0.000000,0.000000,0.000000,0.000000,0.000000,0.000000,0.000000,0.000000,0.000000,0.000000,0.000000,0.000000,0.000000,0.000000,0,0,0,0,0,0.000000,0.000000,0.000000,0.000000,0.000000,0.000000,0.000000,0.000000,0,0,0,0,0
1044,2,2.207886,0.019748,0.000000,0.000034,0.160078,0.848321,0.844581,0.032284,0.001756,0.954186,0.042152,0.003794,0.000000,0.000078,0.000037,0.013624,0.000017,0.130069,0.000444,0.486454,0.000000,0.000000,0.000000,0,0,0.000000,0.000000,0.000000,0.000000,0.000000,0.000000,0.000000,0.000000,0.000000,0.000000,0.000000,0.000000,0.000000,0.000000,0,0,0,0,0,0.000000,0.000000,0.000000,0.000000,0.000000,0.000000,0.000000,0.000000,0,0,0,0,0
1045,2,2.324897,0.000970,0.000000,0.000034,0.154195,0.822069,0.818329,0.177304,0.001756,0.240702,0.044145,0.003794,0.000000,0.000078,0.000037,0.013624,0.000017,0.116214,0.000444,0.482968,0.000000,0.000000,0.000000,0,0,0.000000,0.000000,0.000000,0.000000,0.000000,0.000000,0.000000,0.000000,0.000000,0.000000,0.000000,0.000000,0.000000,0.000000,0,0,0,0,0,0.000000,0.000000,0.000000,0.000000,0.000000,0.000000,0.000000,0.000000,0,0,0,0,0
1046,2,2.361952,0.019748,0.000000,0.000034,0.134633,0.855289,0.851549,0.032284,0.001756,1.120612,0.042152,0.003794,0.000000,0.000078,0.000037,0.013624,0.000017,0.134060,0.000444,0.504561,0.000000,0.000000,0.000000,0,0,0.000000,0.000000,0.000000,0.000000,0.000000,0.000000,0.000000,0.000000,0.000000,0.000000,0.000000,0.000000,0.000000,0.000000,0,0,0,0,0,0.000000,0.000000,0.000000,0.000000,0.000000,0.000000,0.000000,0.000000,0,0,0,0,0
1047,2,2.314229,0.000970,0.000000,0.000034,0.135000,0.844482,0.840742,0.149295,0.001756,0.220476,0.044145,0.003794,0.000000,0.000078,0.000037,0.013624,0.000017,0.136295,0.000444,0.499990,0.000000,0.000000,0.000000,0,0,0.000000,0.000000,0.000000,0.000000,0.000000,0.000000,0.000000,0.000000,0.000000,0.000000,0.000000,0.000000,0.000000,0.000000,0,0,0,0,0,0.000000,0.000000,0.000000,0.000000,0.000000,0.000000,0.000000,0.000000,0,0,0,0,0
1048,2,6.500163,4.223551,4.203742,0.000034,0.149950,0.835212,0.831472,0.032284,0.001756,1.065626,0.042152,0.003794,0.000000,0.000078,0.000037,0.013624,0.000017,0.114587,0.000444,0.507490,0.000000,0.000000,0.000000,0,0,0.000000,0.000000,0.000000,0.000000,0.000000,0.000000,0.000000,0.000000,0.000000,0.000000,0.000000,0.000000,0.000000,0.000000,0,0,0,0,0,0.000000,0.000000,0.000000,0.000000,0.000000,0.000000,0.000000,0.000000,0,0,0,0,0
1049,2,2.320736,0.000970,0.000000,0.000034,0.155806,0.867442,0.863702,0.164419,0.001756,0.240957,0.044020,0.003794,0.000000,0.000078,0.000037,0.013624,0.000017,0.116214,0.000444,0.590478,0.000000,0.000000,0.000000,0,0,0.000000,0.000000,0.000000,0.000000,0.000000,0.000000,0.000000,0.000000,0.000000,0.000000,0.000000,0.000000,0.000000,0.000000,0,0,0,0,0,0.000000,0.000000,0.000000,0.000000,0.000000,0.000000,0.000000,0.000000,0,0,0,0,0
1050,2,2.192108,0.019748,0.000000,0.000034,0.153900,0.683984,0.680244,0.032284,0.001756,1.083462,0.042152,0.003794,0.000000,0.000078,0.000037,0.013624,0.000017,0.136454,0.000444,0.482886,0.000000,0.000000,0.000000,0,0,0.000000,0.000000,0.000000,0.000000,0.000000,0.000000,0.000000,0.000000,0.000000,0.000000,0.000000,0.000000,0.000000,0.000000,0,0,0,0,0,0.000000,0.000000,0.000000,0.000000,0.000000,0.000000,0.000000,0.000000,0,0,0,0,0
1051,2,2.317773,0.000970,0.000000,0.000034,0.164025,0.690603,0.686863,0.149295,0.001756,0.235450,0.044020,0.003794,0.000000,0.000078,0.000037,0.013624,0.000017,0.116214,0.000444,0.486962,0.000000,0.000000,0.000000,0,0,0.000000,0.000000,0.000000,0.000000,0.000000,0.000000,0.000000,0.000000,0.000000,0.000000,0.000000,0.000000,0.000000,0.000000,0,0,0,0,0,0.000000,0.000000,0.000000,0.000000,0.000000,0.000000,0.000000,0.000000,0,0,0,0,0
1052,2,2.351844,0.019748,0.000000,0.000034,0.150692,0.713918,0.710178,0.032284,0.001756,1.255398,0.057736,0.003794,0.000000,0.000078,0.000037,0.013624,0.000017,0.114587,0.000444,0.480045,0.000000,0.000000,0.000000,0,0,0.000000,0.000000,0.000000,0.000000,0.000000,0.000000,0.000000,0.000000,0.000000,0.000000,0.000000,0.000000,0.000000,0.000000,0,0,0,0,0,0.000000,0.000000,0.000000,0.000000,0.000000,0.000000,0.000000,0.000000,0,0,0,0,0
1053,2,2.438056,0.000970,0.000000,0.000034,0.136129,0.811961,0.808221,0.169084,0.001756,0.220476,0.044145,0.003794,0.000000,0.000078,0.000037,0.013624,0.000017,0.116214,0.000444,0.482944,0.000000,0.000000,0.000000,0,0,0.000000,0.000000,0.000000,0.000000,0.000000,0.000000,0.000000,0.000000,0.000000,0.000000,0.000000,0.000000,0.000000,0.000000,0,0,0,0,0,0.000000,0.000000,0.000000,0.000000,0.000000,0.000000,0.000000,0.000000,0,0,0,0,0
1054,2,2.409943,0.019748,0.000000,0.000034,0.140574,0.773000,0.769260,0.051487,0.001756,1.245531,0.042152,0.003794,0.000000,0.000078,0.000037,0.013624,0.000017,0.114587,0.000444,0.481784,0.000000,0.000000,0.000000,0,0,0.000000,0.000000,0.000000,0.000000,0.000000,0.000000,0.000000,0.000000,0.000000,0.000000,0.000000,0.000000,0.000000,0.000000,0,0,0,0,0,0.000000,0.000000,0.000000,0.000000,0.000000,0.000000,0.000000,0.000000,0,0,0,0,0
1055,2,2.371379,0.000970,0.000000,0.000034,0.133674,0.771471,0.767731,0.164432,0.001756,0.221178,0.044847,0.003794,0.000000,0.000078,0.000037,0.013624,0.000017,0.116214,0.000444,0.487030,0.000000,0.000000,0.000000,0,0,0.000000,0.000000,0.000000,0.000000,0.000000,0.000000,0.000000,0.000000,0.000000,0.000000,0.000000,0.000000,0.000000,0.000000,0,0,0,0,0,0.000000,0.000000,0.000000,0.000000,0.000000,0.000000,0.000000,0.000000,0,0,0,0,0
1056,2,2.564338,0.019748,0.000000,0.000034,0.134633,0.824816,0.821075,0.032284,0.001756,1.354886,0.042152,0.003794,0.000000,0.000078,0.000037,0.031965,0.000017,0.114587,0.000444,0.482812,0.000000,0.000000,0.000000,0,0,0.000000,0.000000,0.000000,0.000000,0.000000,0.000000,0.000000,0.000000,0.000000,0.000000,0.000000,0.000000,0.000000,0.000000,0,0,0,0,0,0.000000,0.000000,0.000000,0.000000,0.000000,0.000000,0.000000,0.000000,0,0,0,0,0
1057,2,2.525696,0.000970,0.000000,0.000034,0.133423,0.829258,0.825517,0.148848,0.001756,0.220601,0.044271,0.024367,0.000000,0.000078,0.000037,0.013624,0.000017,0.116214,0.000444,0.487030,0.000000,0.000000,0.000000,0,0,0.000000,0.000000,0.000000,0.000000,0.000000,0.000000,0.000000,0.000000,0.000000,0.000000,0.000000,0.000000,0.000000,0.000000,0,0,0,0,0,0.000000,0.000000,0.000000,0.000000,0.000000,0.000000,0.000000,0.000000,0,0,0,0,0
1058,2,2.423815,0.019748,0.000000,0.000034,0.136085,0.821133,0.817393,0.032284,0.001756,1.212575,0.042152,0.003794,0.000000,0.000078,0.000037,0.013624,0.000017,0.136970,0.000444,0.483541,0.000000,0.000000,0.000000,0,0,0.000000,0.000000,0.000000,0.000000,0.000000,0.000000,0.000000,0.000000,0.000000,0.000000,0.000000,0.000000,0.000000,0.000000,0,0,0,0,0,0.000000,0.000000,0.000000,0.000000,0.000000,0.000000,0.000000,0.000000,0,0,0,0,0
1059,2,2.450592,0.000970,0.000000,0.000034,0.136475,0.836141,0.832401,0.150350,0.001756,0.221005,0.044674,0.003794,0.000000,0.000078,0.000037,0.013624,0.000017,0.134633,0.000444,0.482866,0.000000,0.000000,0.000000,0,0,0.000000,0.000000,0.000000,0.000000,0.000000,0.000000,0.000000,0.000000,0.000000,0.000000,0.000000,0.000000,0.000000,0.000000,0,0,0,0,0,0.000000,0.000000,0.000000,0.000000,0.000000,0.000000,0.000000,0.000000,0,0,0,0,0
1060,2,3.654843,0.019748,0.000000,0.000034,0.157745,0.660472,0.656731,0.171309,0.001756,0.242886,0.044166,0.003794,0.000000,0.000078,0.000037,0.013624,0.000017,0.116214,0.000444,0.486643,0.000000,0.000000,0.000000,0,0,0.000000,0.000000,0.000000,0.000000,0.000000,0.000000,0.000000,0.000000,0.000000,0.000000,0.000000,0.000000,0.000000,0.000000,0,0,0,0,0,0.000000,0.000000,0.000000,0.000000,0.000000,0.000000,0.000000,0.000000,0,0,0,0,0
1061,2,2.378594,0.000970,0.000000,0.000034,0.134633,0.703756,0.700016,0.149072,0.001756,0.220629,0.044291,0.003794,0.000000,0.000078,0.000037,0.013624,0.000017,0.145369,0.000444,0.487030,0.000000,0.000000,0.000000,0,0,0.000000,0.000000,0.000000,0.000000,0.000000,0.000000,0.000000,0.000000,0.000000,0.000000,0.000000,0.000000,0.000000,0.000000,0,0,0,0,0,0.000000,0.000000,0.000000,0.000000,0.000000,0.000000,0.000000,0.000000,0,0,0,0,0
1062,2,2.508179,0.019748,0.000000,0.000034,0.153612,0.763824,0.760084,0.148451,0.001756,0.256870,0.044868,0.003794,0.000000,0.000078,0.000037,0.013624,0.000017,0.116214,0.000444,0.478316,0.000000,0.000000,0.000000,0,0,0.000000,0.000000,0.000000,0.000000,0.000000,0.000000,0.000000,0.000000,0.000000,0.000000,0.000000,0.000000,0.000000,0.000000,0,0,0,0,0,0.000000,0.000000,0.000000,0.000000,0.000000,0.000000,0.000000,0.000000,0,0,0,0,0
1063,2,2.473195,0.000970,0.000000,0.000034,0.140574,0.783390,0.779650,0.148451,0.001756,0.237318,0.044040,0.003794,0.000000,0.000078,0.000037,0.013624,0.000017,0.116214,0.000444,0.507626,0.000000,0.000000,0.000000,0,0,0.000000,0.000000,0.000000,0.000000,0.000000,0.000000,0.000000,0.000000,0.000000,0.000000,0.000000,0.000000,0.000000,0.000000,0,0,0,0,0,0.000000,0.000000,0.000000,0.000000,0.000000,0.000000,0.000000,0.000000,0,0,0,0,0
1064,2,2.478946,0.019748,0.000000,0.000034,0.146871,0.718994,0.715254,0.148451,0.001756,0.242706,0.044166,0.003794,0.000000,0.000078,0.000037,0.013624,0.000017,0.116214,0.000444,0.492028,0.000000,0.000000,0.000000,0,0,0.000000,0.000000,0.000000,0.000000,0.000000,0.000000,0.000000,0.000000,0.000000,0.000000,0.000000,0.000000,0.000000,0.000000,0,0,0,0,0,0.000000,0.000000,0.000000,0.000000,0.000000,0.000000,0.000000,0.000000,0,0,0,0,0
1065,2,2.562188,0.000970,0.000000,0.000034,0.153792,0.860572,0.856832,0.163184,0.001756,0.221032,0.044868,0.003794,0.000000,0.000078,0.000037,0.013624,0.000017,0.116214,0.000444,0.498969,0.000000,0.000000,0.000000,0,0,0.000000,0.000000,0.000000,0.000000,0.000000,0.000000,0.000000,0.000000,0.000000,0.000000,0.000000,0.000000,0.000000,0.000000,0,0,0,0,0,0.000000,0.000000,0.000000,0.000000,0.000000,0.000000,0.000000,0.000000,0,0,0,0,0
1066,2,2.757640,0.019748,0.000000,0.000034,0.154436,0.899255,0.895515,0.164249,0.001756,0.220456,0.044291,0.003794,0.000000,0.000078,0.000037,0.013624,0.000017,0.135064,0.000444,0.502262,0.000000,0.000000,0.000000,0,0,0.000000,0.000000,0.000000,0.000000,0.000000,0.000000,0.000000,0.000000,0.000000,0.000000,0.000000,0.000000,0.000000,0.000000,0,0,0,0,0,0.000000,0.000000,0.000000,0.000000,0.000000,0.000000,0.000000,0.000000,0,0,0,0,0
1067,2,2.689246,0.000970,0.000000,0.000034,0.154660,0.850254,0.846514,0.169603,0.001756,0.220205,0.044040,0.003794,0.000000,0.000078,0.000037,0.013624,0.000017,0.137488,0.000444,0.497304,0.000000,0.000000,0.000000,0,0,0.000000,0.000000,0.000000,0.000000,0.000000,0.000000,0.000000,0.000000,0.000000,0.000000,0.000000,0.000000,0.000000,0.000000,0,0,0,0,0,0.000000,0.000000,0.000000,0.000000,0.000000,0.000000,0.000000,0.000000,0,0,0,0,0
1068,2,6.424917,3.630320,3.588128,0.000034,0.133409,1.126451,1.122711,0.128014,0.001756,0.239458,0.044291,0.003794,0.000000,0.000078,0.000037,0.013624,0.000017,0.116214,0.000444,0.483487,0.000000,0.000000,0.000000,0,0,0.000000,0.000000,0.000000,0.000000,0.000000,0.000000,0.000000,0.000000,0.000000,0.000000,0.000000,0.000000,0.000000,0.000000,0,0,0,0,0,0.000000,0.000000,0.000000,0.000000,0.000000,0.000000,0.000000,0.000000,0,0,0,0,0
1069,2,3.263004,0.000970,0.000000,0.000034,0.136085,1.463287,1.459547,0.127106,0.001756,0.238909,0.044040,0.003794,0.000000,0.000078,0.000037,0.013624,0.000017,0.116214,0.000444,0.505775,0.000000,0.000000,0.000000,0,0,0.000000,0.000000,0.000000,0.000000,0.000000,0.000000,0.000000,0.000000,0.000000,0.000000,0.000000,0.000000,0.000000,0.000000,0,0,0,0,0,0.000000,0.000000,0.000000,0.000000,0.000000,0.000000,0.000000,0.000000,0,0,0,0,0
1070,2,3.663018,0.019748,0.000000,0.000034,0.135864,1.828996,1.825256,0.126736,0.001756,0.236979,0.060815,0.003794,0.000000,0.000078,0.000037,0.013624,0.000017,0.116214,0.000444,0.484979,0.000000,0.000000,0.000000,0,0,0.000000,0.000000,0.000000,0.000000,0.000000,0.000000,0.000000,0.000000,0.000000,0.000000,0.000000,0.000000,0.000000,0.000000,0,0,0,0,0,0.000000,0.000000,0.000000,0.000000,0.000000,0.000000,0.000000,0.000000,0,0,0,0,0
1071,2,3.649400,0.000970,0.000000,0.000034,0.134633,1.839891,1.836151,0.126960,0.001756,0.240804,0.044868,0.003794,0.000000,0.000078,0.000037,0.013624,0.000017,0.133440,0.000444,0.484300,0.000000,0.000000,0.000000,0,0,0.000000,0.000000,0.000000,0.000000,0.000000,0.000000,0.000000,0.000000,0.000000,0.000000,0.000000,0.000000,0.000000,0.000000,0,0,0,0,0,0.000000,0.000000,0.000000,0.000000,0.000000,0.000000,0.000000,0.000000,0,0,0,0,0
1072,2,3.646729,0.019748,0.000000,0.000034,0.140574,1.849518,1.845856,0.128014,0.001756,0.241553,0.044040,0.003794,0.000000,0.000078,0.000037,0.013624,0.000017,0.116214,0.000444,0.507484,0.000000,0.000000,0.000000,0,0,0.000000,0.000000,0.000000,0.000000,0.000000,0.000000,0.000000,0.000000,0.000000,0.000000,0.000000,0.000000,0.000000,0.000000,0,0,0,0,0,0.000000,0.000000,0.000000,0.000000,0.000000,0.000000,0.000000,0.000000,0,0,0,0,0
1073,2,3.753696,0.000970,0.000000,0.000034,0.133182,1.833486,1.830146,0.126512,0.001756,0.238729,0.063592,0.003794,0.000000,0.000078,0.000037,0.013624,0.000017,0.116214,0.000444,0.497284,0.000000,0.000000,0.000000,0,0,0.000000,0.000000,0.000000,0.000000,0.000000,0.000000,0.000000,0.000000,0.000000,0.000000,0.000000,0.000000,0.000000,0.000000,0,0,0,0,0,0.000000,0.000000,0.000000,0.000000,0.000000,0.000000,0.000000,0.000000,0,0,0,0,0
1074,2,3.640795,0.019748,0.000000,0.000034,0.136085,1.706234,1.702894,0.141541,0.001756,0.238200,0.044868,0.003794,0.000000,0.000078,0.000037,0.013624,0.000017,0.116214,0.000444,0.500834,0.000000,0.000000,0.000000,0,0,0.000000,0.000000,0.000000,0.000000,0.000000,0.000000,0.000000,0.000000,0.000000,0.000000,0.000000,0.000000,0.000000,0.000000,0,0,0,0,0,0.000000,0.000000,0.000000,0.000000,0.000000,0.000000,0.000000,0.000000,0,0,0,0,0
1075,2,3.784000,0.000970,0.000000,0.000034,0.157593,1.667179,1.663839,0.126967,0.001756,0.219303,0.044166,0.003794,0.000000,0.000078,0.000037,0.013624,0.000017,0.116214,0.000444,0.508870,0.000000,0.000000,0.000000,0,0,0.000000,0.000000,0.000000,0.000000,0.000000,0.000000,0.000000,0.000000,0.000000,0.000000,0.000000,0.000000,0.000000,0.000000,0,0,0,0,0,0.000000,0.000000,0.000000,0.000000,0.000000,0.000000,0.000000,0.000000,0,0,0,0,0
1076,2,3.758518,0.019748,0.000000,0.000034,0.134633,1.658135,1.654795,0.126526,0.001756,0.220005,0.044868,0.003794,0.000000,0.000078,0.000037,0.013624,0.000017,0.116214,0.000444,0.480072,0.000000,0.000000,0.000000,0,0,0.000000,0.000000,0.000000,0.000000,0.000000,0.000000,0.000000,0.000000,0.000000,0.000000,0.000000,0.000000,0.000000,0.000000,0,0,0,0,0,0.000000,0.000000,0.000000,0.000000,0.000000,0.000000,0.000000,0.000000,0,0,0,0,0
1077,2,3.624183,0.000970,0.000000,0.000034,0.140574,1.692654,1.689314,0.126973,0.001756,0.236264,0.061127,0.003794,0.000000,0.000078,0.000037,0.013624,0.000017,0.116214,0.000444,0.484511,0.000000,0.000000,0.000000,0,0,0.000000,0.000000,0.000000,0.000000,0.000000,0.000000,0.000000,0.000000,0.000000,0.000000,0.000000,0.000000,0.000000,0.000000,0,0,0,0,0,0.000000,0.000000,0.000000,0.000000,0.000000,0.000000,0.000000,0.000000,0,0,0,0,0
1078,2,3.536241,0.019748,0.000000,0.000034,0.133182,1.715369,1.712029,0.128028,0.001756,0.238837,0.044868,0.003794,0.000000,0.000078,0.000037,0.013624,0.000017,0.116214,0.000444,0.481832,0.000000,0.000000,0.000000,0,0,0.000000,0.000000,0.000000,0.000000,0.000000,0.000000,0.000000,0.000000,0.000000,0.000000,0.000000,0.000000,0.000000,0.000000,0,0,0,0,0,0.000000,0.000000,0.000000,0.000000,0.000000,0.000000,0.000000,0.000000,0,0,0,0,0
1079,2,3.516381,0.000970,0.000000,0.000034,0.140574,1.710276,1.706936,0.128028,0.001756,0.239421,0.064284,0.003794,0.000000,0.000078,0.000037,0.013624,0.000017,0.116214,0.000444,0.483955,0.000000,0.000000,0.000000,0,0,0.000000,0.000000,0.000000,0.000000,0.000000,0.000000,0.000000,0.000000,0.000000,0.000000,0.000000,0.000000,0.000000,0.000000,0,0,0,0,0,0.000000,0.000000,0.000000,0.000000,0.000000,0.000000,0.000000,0.000000,0,0,0,0,0
1200,3,2.755096,0.052965,0.000000,0.000034,0.177460,1.672709,1.669030,0.033386,0.001756,0.614421,0.089003,0.003794,0.000000,0.000078,0.000037,0.034037,0.000017,0.114587,0.000444,0.485908,0.000000,0.000000,0.000000,0,0,0.000000,0.000000,0.000000,0.000000,0.000000,0.000000,0.000000,0.000000,0.000000,0.000000,0.000000,0.000000,0.000000,0.000000,0,0,0,0,0,0.000000,0.000000,0.000000,0.000000,0.000000,0.000000,0.000000,0.000000,0,0,0,0,0
1201,3,2.723043,0.000970,0.000000,0.000034,0.192424,1.669491,1.665812,0.033386,0.001756,0.622616,0.089003,0.003794,0.000000,0.000078,0.000037,0.034037,0.000017,0.114587,0.000444,0.481730,0.000000,0.000000,0.000000,0,0,0.000000,0.000000,0.000000,0.000000,0.000000,0.000000,0.000000,0.000000,0.000000,0.000000,0.000000,0.000000,0.000000,0.000000,0,0,0,0,0,0.000000,0.000000,0.000000,0.000000,0.000000,0.000000,0.000000,0.000000,0,0,0,0,0
1202,3,2.763733,0.031830,0.000000,0.000034,0.177395,1.692312,1.688633,0.033386,0.001756,0.624654,0.089003,0.003794,0.000000,0.000078,0.000037,0.034037,0.000017,0.114587,0.000444,0.480584,0.000000,0.000000,0.000000,0,0,0.000000,0.000000,0.000000,0.000000,0.000000,0.000000,0.000000,0.000000,0.000000,0.000000,0.000000,0.000000,0.000000,0.000000,0,0,0,0,0,0.000000,0.000000,0.000000,0.000000,0.000000,0.000000,0.000000,0.000000,0,0,0,0,0
1203,3,2.691366,0.000970,0.000000,0.000034,0.177395,1.688165,1.684486,0.032800,0.001756,0.587880,0.089003,0.003794,0.000000,0.000078,0.000037,0.034037,0.000017,0.114587,0.000444,0.478916,0.000000,0.000000,0.000000,0,0,0.000000,0.000000,0.000000,0.000000,0.000000,0.000000,0.000000,0.000000,0.000000,0.000000,0.000000,0.000000,0.000000,0.000000,0,0,0,0,0,0.000000,0.000000,0.000000,0.000000,0.000000,0.000000,0.000000,0.000000,0,0,0,0,0
1204,3,2.815155,0.031830,0.000000,0.000034,0.196459,1.689785,1.686106,0.032800,0.001756,0.640313,0.089003,0.003794,0.000000,0.000078,0.000037,0.034037,0.000017,0.134572,0.000444,0.477193,0.000000,0.000000,0.000000,0,0,0.000000,0.000000,0.000000,0.000000,0.000000,0.000000,0.000000,0.000000,0.000000,0.000000,0.000000,0.000000,0.000000,0.000000,0,0,0,0,0,0.000000,0.000000,0.000000,0.000000,0.000000,0.000000,0.000000,0.000000,0,0,0,0,0
1205,3,2.783356,0.000970,0.000000,0.000034,0.191037,1.704939,1.701260,0.032800,0.001756,0.620473,0.089003,0.003794,0.000000,0.000078,0.000037,0.034037,0.000017,0.143741,0.000444,0.478878,0.000000,0.000000,0.000000,0,0,0.000000,0.000000,0.000000,0.000000,0.000000,0.000000,0.000000,0.000000,0.000000,0.000000,0.000000,0.000000,0.000000,0.000000,0,0,0,0,0,0.000000,0.000000,0.000000,0.000000,0.000000,0.000000,0.000000,0.000000,0,0,0,0,0
1206,3,5.427090,2.615167,2.583276,0.000034,0.214966,1.646634,1.642955,0.032800,0.001756,0.713542,0.089003,0.003794,0.000000,0.000078,0.000037,0.034037,0.000017,0.114587,0.000444,0.485908,0.000000,0.000000,0.000000,0,0,0.000000,0.000000,0.000000,0.000000,0.000000,0.000000,0.000000,0.000000,0.000000,0.000000,0.000000,0.000000,0.000000,0.000000,0,0,0,0,0,0.000000,0.000000,0.000000,0.000000,0.000000,0.000000,0.000000,0.000000,0,0,0,0,0
1207,3,2.822262,0.000970,0.000000,0.000034,0.193017,1.692732,1.689053,0.032800,0.001756,0.698761,0.107446,0.003794,0.000000,0.000078,0.000037,0.034037,0.000017,0.114587,0.000444,0.495314,0.000000,0.000000,0.000000,0,0,0.000000,0.000000,0.000000,0.000000,0.000000,0.000000,0.000000,0.000000,0.000000,0.000000,0.000000,0.000000,0.000000,0.000000,0,0,0,0,0,0.000000,0.000000,0.000000,0.000000,0.000000,0.000000,0.000000,0.000000,0,0,0,0,0
1208,3,2.847195,0.051225,0.000000,0.000034,0.176161,1.675279,1.671600,0.032800,0.001756,0.707747,0.089003,0.003794,0.000000,0.000078,0.000037,0.034037,0.000017,0.114587,0.000444,0.501299,0.000000,0.000000,0.000000,0,0,0.000000,0.000000,0.000000,0.000000,0.000000,0.000000,0.000000,0.000000,0.000000,0.000000,0.000000,0.000000,0.000000,0.000000,0,0,0,0,0,0.000000,0.000000,0.000000,0.000000,0.000000,0.000000,0.000000,0.000000,0,0,0,0,0
1209,3,2.821516,0.000970,0.000000,0.000034,0.176426,1.689280,1.685601,0.032800,0.001756,0.718058,0.109623,0.003794,0.000000,0.000078,0.000037,0.034037,0.000017,0.114587,0.000444,0.507019,0.000000,0.000000,0.000000,0,0,0.000000,0.000000,0.000000,0.000000,0.000000,0.000000,0.000000,0.000000,0.000000,0.000000,0.000000,0.000000,0.000000,0.000000,0,0,0,0,0,0.000000,0.000000,0.000000,0.000000,0.000000,0.000000,0.000000,0.000000,0,0,0,0,0
1210,3,2.805379,0.031830,0.000000,0.000034,0.177070,1.662530,1.658851,0.032800,0.001756,0.697167,0.089003,0.003794,0.000000,0.000078,0.000037,0.034037,0.000017,0.114587,0.000444,0.481550,0.000000,0.000000,0.000000,0,0,0.000000,0.000000,0.000000,0.000000,0.000000,0.000000,0.000000,0.000000,0.000000,0.000000,0.000000,0.000000,0.000000,0.000000,0,0,0,0,0,0.000000,0.000000,0.000000,0.000000,0.000000,0.000000,0.000000,0.000000,0,0,0,0,0
1211,3,2.823893,0.000970,0.000000,0.000034,0.175897,1.703583,1.699904,0.032800,0.001756,0.706655,0.111386,0.003794,0.000000,0.000078,0.000037,0.034037,0.000017,0.114587,0.000444,0.480659,0.000000,0.000000,0.000000,0,0,0.000000,0.000000,0.000000,0.000000,0.000000,0.000000,0.000000,0.000000,0.000000,0.000000,0.000000,0.000000,0.000000,0.000000,0,0,0,0,0,0.000000,0.000000,0.000000,0.000000,0.000000,0.000000,0.000000,0.000000,0,0,0,0,0
1212,3,2.827053,0.031830,0.000000,0.000034,0.176161,1.682519,1.678840,0.032800,0.001756,0.680033,0.089003,0.003794,0.000000,0.000078,0.000037,0.034037,0.000017,0.114587,0.000444,0.499410,0.000000,0.000000,0.000000,0,0,0.000000,0.000000,0.000000,0.000000,0.000000,0.000000,0.000000,0.000000,0.000000,0.000000,0.000000,0.000000,0.000000,0.000000,0,0,0,0,0,0.000000,0.000000,0.000000,0.000000,0.000000,0.000000,0.000000,0.000000,0,0,0,0,0
1213,3,2.821001,0.000970,0.000000,0.000034,0.176426,1.695428,1.691749,0.051364,0.001756,0.692824,0.089003,0.003794,0.000000,0.000078,0.000037,0.034037,0.000017,0.114587,0.000444,0.478512,0.000000,0.000000,0.000000,0,0,0.000000,0.000000,0.000000,0.000000,0.000000,0.000000,0.000000,0.000000,0.000000,0.000000,0.000000,0.000000,0.000000,0.000000,0,0,0,0,0,0.000000,0.000000,0.000000,0.000000,0.000000,0.000000,0.000000,0.000000,0,0,0,0,0
1214,3,2.809628,0.031830,0.000000,0.000034,0.177070,1.691108,1.687429,0.032800,0.001756,0.672838,0.089003,0.003794,0.000000,0.000078,0.000037,0.034037,0.000017,0.114587,0.000444,0.480038,0.000000,0.000000,0.000000,0,0,0.000000,0.000000,0.000000,0.000000,0.000000,0.000000,0.000000,0.000000,0.000000,0.000000,0.000000,0.000000,0.000000,0.000000,0,0,0,0,0,0.000000,0.000000,0.000000,0.000000,0.000000,0.000000,0.000000,0.000000,0,0,0,0,0
1215,3,2.810737,0.000970,0.000000,0.000034,0.175897,1.693146,1.689467,0.032800,0.001756,0.688402,0.089003,0.003794,0.000000,0.000078,0.000037,0.034037,0.000017,0.114587,0.000444,0.481981,0.000000,0.000000,0.000000,0,0,0.000000,0.000000,0.000000,0.000000,0.000000,0.000000,0.000000,0.000000,0.000000,0.000000,0.000000,0.000000,0.000000,0.000000,0,0,0,0,0,0.000000,0.000000,0.000000,0.000000,0.000000,0.000000,0.000000,0.000000,0,0,0,0,0
1216,3,2.868534,0.031830,0.000000,0.000034,0.198622,1.677473,1.673794,0.032800,0.001756,0.705604,0.111464,0.003794,0.000000,0.000078,0.000037,0.033949,0.000017,0.132890,0.000444,0.464851,0.000000,0.000000,0.000000,0,0,0.000000,0.000000,0.000000,0.000000,0.000000,0.000000,0.000000,0.000000,0.000000,0.000000,0.000000,0.000000,0.000000,0.000000,0,0,0,0,0,0.000000,0.000000,0.000000,0.000000,0.000000,0.000000,0.000000,0.000000,0,0,0,0,0
1217,3,2.843184,0.000970,0.000000,0.000034,0.191138,1.682173,1.678494,0.032650,0.001756,0.709968,0.089003,0.003794,0.000000,0.000078,0.000037,0.033949,0.000017,0.136970,0.000444,0.464851,0.000000,0.000000,0.000000,0,0,0.000000,0.000000,0.000000,0.000000,0.000000,0.000000,0.000000,0.000000,0.000000,0.000000,0.000000,0.000000,0.000000,0.000000,0,0,0,0,0,0.000000,0.000000,0.000000,0.000000,0.000000,0.000000,0.000000,0.000000,0,0,0,0,0
1218,3,2.848212,0.031830,0.000000,0.000034,0.177070,1.693010,1.689331,0.032650,0.001756,0.690253,0.089003,0.003794,0.000000,0.000078,0.000037,0.033949,0.000017,0.134084,0.000444,0.483734,0.000000,0.000000,0.000000,0,0,0.000000,0.000000,0.000000,0.000000,0.000000,0.000000,0.000000,0.000000,0.000000,0.000000,0.000000,0.000000,0.000000,0.000000,0,0,0,0,0,0.000000,0.000000,0.000000,0.000000,0.000000,0.000000,0.000000,0.000000,0,0,0,0,0
1219,3,2.849433,0.000970,0.000000,0.000034,0.175897,1.720405,1.716726,0.032650,0.001756,0.697249,0.089003,0.003794,0.000000,0.000078,0.000037,0.033949,0.000017,0.132948,0.000444,0.482775,0.000000,0.000000,0.000000,0,0,0.000000,0.000000,0.000000,0.000000,0.000000,0.000000,0.000000,0.000000,0.000000,0.000000,0.000000,0.000000,0.000000,0.000000,0,0,0,0,0,0.000000,0.000000,0.000000,0.000000,0.000000,0.000000,0.000000,0.000000,0,0,0,0,0
1220,3,2.823252,0.031830,0.000000,0.000034,0.176161,1.677768,1.674089,0.032650,0.001756,0.682281,0.089003,0.003794,0.000000,0.000078,0.000037,0.033949,0.000017,0.114587,0.000444,0.504384,0.000000,0.000000,0.000000,0,0,0.000000,0.000000,0.000000,0.000000,0.000000,0.000000,0.000000,0.000000,0.000000,0.000000,0.000000,0.000000,0.000000,0.000000,0,0,0,0,0,0.000000,0.000000,0.000000,0.000000,0.000000,0.000000,0.000000,0.000000,0,0,0,0,0
1221,3,2.832170,0.000970,0.000000,0.000034,0.198808,1.682353,1.678674,0.032650,0.001756,0.685747,0.089003,0.003794,0.000000,0.000078,0.000037,0.046193,0.000017,0.130083,0.000444,0.487233,0.000000,0.000000,0.000000,0,0,0.000000,0.000000,0.000000,0.000000,0.000000,0.000000,0.000000,0.000000,0.000000,0.000000,0.000000,0.000000,0.000000,0.000000,0,0,0,0,0,0.000000,0.000000,0.000000,0.000000,0.000000,0.000000,0.000000,0.000000,0,0,0,0,0
1222,3,5.904029,3.115723,3.083832,0.000034,0.196201,1.663242,1.659563,0.032477,0.001756,0.692485,0.089003,0.003794,0.000000,0.000078,0.000037,0.033949,0.000017,0.114587,0.000444,0.478519,0.000000,0.000000,0.000000,0,0,0.000000,0.000000,0.000000,0.000000,0.000000,0.000000,0.000000,0.000000,0.000000,0.000000,0.000000,0.000000,0.000000,0.000000,0,0,0,0,0,0.000000,0.000000,0.000000,0.000000,0.000000,0.000000,0.000000,0.000000,0,0,0,0,0
1223,3,2.833744,0.000970,0.000000,0.000034,0.197313,1.701850,1.698171,0.032477,0.001756,0.697398,0.089003,0.003794,0.000000,0.000078,0.000037,0.033949,0.000017,0.114587,0.000444,0.492245,0.000000,0.000000,0.000000,0,0,0.000000,0.000000,0.000000,0.000000,0.000000,0.000000,0.000000,0.000000,0.000000,0.000000,0.000000,0.000000,0.000000,0.000000,0,0,0,0,0,0.000000,0.000000,0.000000,0.000000,0.000000,0.000000,0.000000,0.000000,0,0,0,0,0
1224,3,2.821977,0.048201,0.000000,0.000034,0.176097,1.662299,1.658620,0.032501,0.001756,0.699137,0.089003,0.003794,0.000000,0.000078,0.000037,0.033949,0.000017,0.114587,0.000444,0.499780,0.000000,0.000000,0.000000,0,0,0.000000,0.000000,0.000000,0.000000,0.000000,0.000000,0.000000,0.000000,0.000000,0.000000,0.000000,0.000000,0.000000,0.000000,0,0,0,0,0,0.000000,0.000000,0.000000,0.000000,0.000000,0.000000,0.000000,0.000000,0,0,0,0,0
1225,3,2.818617,0.000970,0.000000,0.000034,0.176361,1.693739,1.690060,0.032501,0.001756,0.711304,0.109361,0.003794,0.000000,0.000078,0.000037,0.033949,0.000017,0.114587,0.000444,0.501970,0.000000,0.000000,0.000000,0,0,0.000000,0.000000,0.000000,0.000000,0.000000,0.000000,0.000000,0.000000,0.000000,0.000000,0.000000,0.000000,0.000000,0.000000,0,0,0,0,0,0.000000,0.000000,0.000000,0.000000,0.000000,0.000000,0.000000,0.000000,0,0,0,0,0
1226,3,2.810120,0.031830,0.000000,0.000034,0.177005,1.673926,1.670247,0.032501,0.001756,0.691288,0.103295,0.003794,0.000000,0.000078,0.000037,0.033949,0.000017,0.114587,0.000444,0.481774,0.000000,0.000000,0.000000,0,0,0.000000,0.000000,0.000000,0.000000,0.000000,0.000000,0.000000,0.000000,0.000000,0.000000,0.000000,0.000000,0.000000,0.000000,0,0,0,0,0,0.000000,0.000000,0.000000,0.000000,0.000000,0.000000,0.000000,0.000000,0,0,0,0,0
1227,3,2.772366,0.000970,0.000000,0.000034,0.175832,1.683523,1.679843,0.032501,0.001756,0.676144,0.087741,0.003794,0.000000,0.000078,0.000037,0.033776,0.000017,0.114587,0.000444,0.486966,0.000000,0.000000,0.000000,0,0,0.000000,0.000000,0.000000,0.000000,0.000000,0.000000,0.000000,0.000000,0.000000,0.000000,0.000000,0.000000,0.000000,0.000000,0,0,0,0,0,0.000000,0.000000,0.000000,0.000000,0.000000,0.000000,0.000000,0.000000,0,0,0,0,0
1228,3,2.812666,0.031830,0.000000,0.000034,0.176097,1.687910,1.684231,0.051171,0.001756,0.662262,0.073595,0.003794,0.000000,0.000078,0.000037,0.033776,0.000017,0.114587,0.000444,0.482961,0.000000,0.000000,0.000000,0,0,0.000000,0.000000,0.000000,0.000000,0.000000,0.000000,0.000000,0.000000,0.000000,0.000000,0.000000,0.000000,0.000000,0.000000,0,0,0,0,0,0.000000,0.000000,0.000000,0.000000,0.000000,0.000000,0.000000,0.000000,0,0,0,0,0
1229,3,2.776184,0.000970,0.000000,0.000034,0.176097,1.685204,1.681525,0.046146,0.001756,0.664371,0.073595,0.003794,0.000000,0.000078,0.000037,0.033776,0.000017,0.114587,0.000444,0.487006,0.000000,0.000000,0.000000,0,0,0.000000,0.000000,0.000000,0.000000,0.000000,0.000000,0.000000,0.000000,0.000000,0.000000,0.000000,0.000000,0.000000,0.000000,0,0,0,0,0,0.000000,0.000000,0.000000,0.000000,0.000000,0.000000,0.000000,0.000000,0,0,0,0,0
1230,3,2.807736,0.031830,0.000000,0.000034,0.176097,1.697873,1.694194,0.032508,0.001756,0.666121,0.073595,0.003794,0.000000,0.000078,0.000037,0.033688,0.000017,0.114587,0.000444,0.483449,0.000000,0.000000,0.000000,0,0,0.000000,0.000000,0.000000,0.000000,0.000000,0.000000,0.000000,0.000000,0.000000,0.000000,0.000000,0.000000,0.000000,0.000000,0,0,0,0,0,0.000000,0.000000,0.000000,0.000000,0.000000,0.000000,0.000000,0.000000,0,0,0,0,0
1231,3,2.777812,0.000970,0.000000,0.000034,0.176097,1.687832,1.684153,0.032508,0.001756,0.660099,0.073595,0.003794,0.000000,0.000078,0.000037,0.033688,0.000017,0.114587,0.000444,0.487006,0.000000,0.000000,0.000000,0,0,0.000000,0.000000,0.000000,0.000000,0.000000,0.000000,0.000000,0.000000,0.000000,0.000000,0.000000,0.000000,0.000000,0.000000,0,0,0,0,0,0.000000,0.000000,0.000000,0.000000,0.000000,0.000000,0.000000,0.000000,0,0,0,0,0
1232,3,2.807288,0.031830,0.000000,0.000034,0.196791,1.684021,1.680342,0.032508,0.001756,0.659593,0.084476,0.003794,0.000000,0.000078,0.000037,0.033688,0.000017,0.114587,0.000444,0.478248,0.000000,0.000000,0.000000,0,0,0.000000,0.000000,0.000000,0.000000,0.000000,0.000000,0.000000,0.000000,0.000000,0.000000,0.000000,0.000000,0.000000,0.000000,0,0,0,0,0,0.000000,0.000000,0.000000,0.000000,0.000000,0.000000,0.000000,0.000000,0,0,0,0,0
1233,3,2.800707,0.000970,0.000000,0.000034,0.176097,1.703657,1.699978,0.032508,0.001756,0.684930,0.091773,0.003794,0.000000,0.000078,0.000037,0.033688,0.000017,0.114587,0.021654,0.464623,0.000000,0.000000,0.000000,0,0,0.000000,0.000000,0.000000,0.000000,0.000000,0.000000,0.000000,0.000000,0.000000,0.000000,0.000000,0.000000,0.000000,0.000000,0,0,0,0,0,0.000000,0.000000,0.000000,0.000000,0.000000,0.000000,0.000000,0.000000,0,0,0,0,0
1234,3,2.842129,0.031830,0.000000,0.000034,0.188582,1.687700,1.684021,0.032335,0.001756,0.680264,0.091773,0.003794,0.000000,0.000078,0.000037,0.033688,0.000017,0.133460,0.000444,0.486386,0.000000,0.000000,0.000000,0,0,0.000000,0.000000,0.000000,0.000000,0.000000,0.000000,0.000000,0.000000,0.000000,0.000000,0.000000,0.000000,0.000000,0.000000,0,0,0,0,0,0.000000,0.000000,0.000000,0.000000,0.000000,0.000000,0.000000,0.000000,0,0,0,0,0
1235,3,2.705600,0.000970,0.000000,0.000034,0.176097,1.585293,1.563480,0.032335,0.001756,0.708360,0.091773,0.003794,0.000000,0.000078,0.000037,0.033688,0.000017,0.114587,0.000444,0.483670,0.000000,0.000000,0.000000,0,0,0.000000,0.000000,0.000000,0.000000,0.000000,0.000000,0.000000,0.000000,0.000000,0.000000,0.000000,0.000000,0.000000,0.000000,0,0,0,0,0,0.000000,0.000000,0.000000,0.000000,0.000000,0.000000,0.000000,0.000000,0,0,0,0,0
1236,3,2.725033,0.031830,0.000000,0.000034,0.191240,1.537764,1.534085,0.032335,0.001756,0.688782,0.091773,0.003794,0.000000,0.000078,0.000037,0.033688,0.000017,0.155297,0.000444,0.464623,0.000000,0.000000,0.000000,0,0,0.000000,0.000000,0.000000,0.000000,0.000000,0.000000,0.000000,0.000000,0.000000,0.000000,0.000000,0.000000,0.000000,0.000000,0,0,0,0,0,0.000000,0.000000,0.000000,0.000000,0.000000,0.000000,0.000000,0.000000,0,0,0,0,0
1237,3,2.702277,0.000970,0.000000,0.000034,0.196279,1.584384,1.580705,0.032335,0.001756,0.667426,0.076348,0.003794,0.000000,0.000078,0.000037,0.033688,0.000017,0.133097,0.000444,0.481666,0.000000,0.000000,0.000000,0,0,0.000000,0.000000,0.000000,0.000000,0.000000,0.000000,0.000000,0.000000,0.000000,0.000000,0.000000,0.000000,0.000000,0.000000,0,0,0,0,0,0.000000,0.000000,0.000000,0.000000,0.000000,0.000000,0.000000,0.000000,0,0,0,0,0
1238,3,5.774784,3.092804,3.060913,0.000034,0.194373,1.574683,1.571004,0.032335,0.001756,0.660071,0.076348,0.003794,0.000000,0.000078,0.000037,0.033688,0.000017,0.132731,0.000444,0.484344,0.000000,0.000000,0.000000,0,0,0.000000,0.000000,0.000000,0.000000,0.000000,0.000000,0.000000,0.000000,0.000000,0.000000,0.000000,0.000000,0.000000,0.000000,0,0,0,0,0,0.000000,0.000000,0.000000,0.000000,0.000000,0.000000,0.000000,0.000000,0,0,0,0,0
1239,3,2.688582,0.000970,0.000000,0.000034,0.194889,1.562198,1.558519,0.032406,0.001756,0.676042,0.076348,0.003794,0.000000,0.000078,0.000037,0.033688,0.000017,0.134291,0.000444,0.497935,0.000000,0.000000,0.000000,0,0,0.000000,0.000000,0.000000,0.000000,0.000000,0.000000,0.000000,0.000000,0.000000,0.000000,0.000000,0.000000,0.000000,0.000000,0,0,0,0,0,0.000000,0.000000,0.000000,0.000000,0.000000,0.000000,0.000000,0.000000,0,0,0,0,0
1240,3,2.659587,0.054213,0.000000,0.000034,0.175832,1.527812,1.524133,0.032406,0.001756,0.645511,0.076348,0.003794,0.000000,0.000078,0.000037,0.033688,0.000017,0.136617,0.000444,0.505290,0.000000,0.000000,0.000000,0,0,0.000000,0.000000,0.000000,0.000000,0.000000,0.000000,0.000000,0.000000,0.000000,0.000000,0.000000,0.000000,0.000000,0.000000,0,0,0,0,0,0.000000,0.000000,0.000000,0.000000,0.000000,0.000000,0.000000,0.000000,0,0,0,0,0
1241,3,2.661424,0.000970,0.000000,0.000034,0.177005,1.588921,1.585242,0.032406,0.001756,0.646664,0.076348,0.003794,0.000000,0.000078,0.000037,0.033688,0.000017,0.128262,0.000444,0.487000,0.000000,0.000000,0.000000,0,0,0.000000,0.000000,0.000000,0.000000,0.000000,0.000000,0.000000,0.000000,0.000000,0.000000,0.000000,0.000000,0.000000,0.000000,0,0,0,0,0,0.000000,0.000000,0.000000,0.000000,0.000000,0.000000,0.000000,0.000000,0,0,0,0,0
1242,3,2.677317,0.031830,0.000000,0.000034,0.176361,1.585714,1.582035,0.032406,0.001756,0.649224,0.076348,0.003794,0.000000,0.000078,0.000037,0.033688,0.000017,0.114587,0.000444,0.487000,0.000000,0.000000,0.000000,0,0,0.000000,0.000000,0.000000,0.000000,0.000000,0.000000,0.000000,0.000000,0.000000,0.000000,0.000000,0.000000,0.000000,0.000000,0,0,0,0,0,0.000000,0.000000,0.000000,0.000000,0.000000,0.000000,0.000000,0.000000,0,0,0,0,0
1243,3,2.653388,0.000970,0.000000,0.000034,0.176097,1.574588,1.570909,0.032406,0.001756,0.667545,0.076348,0.003794,0.000000,0.000078,0.000037,0.033688,0.000017,0.114587,0.000444,0.486545,0.000000,0.000000,0.000000,0,0,0.000000,0.000000,0.000000,0.000000,0.000000,0.000000,0.000000,0.000000,0.000000,0.000000,0.000000,0.000000,0.000000,0.000000,0,0,0,0,0,0.000000,0.000000,0.000000,0.000000,0.000000,0.000000,0.000000,0.000000,0,0,0,0,0
1244,3,2.634732,0.031830,0.000000,0.000034,0.175832,1.536726,1.533047,0.032406,0.001756,0.656155,0.080237,0.003794,0.000000,0.000078,0.000037,0.033688,0.000017,0.114587,0.000444,0.480035,0.000000,0.000000,0.000000,0,0,0.000000,0.000000,0.000000,0.000000,0.000000,0.000000,0.000000,0.000000,0.000000,0.000000,0.000000,0.000000,0.000000,0.000000,0,0,0,0,0,0.000000,0.000000,0.000000,0.000000,0.000000,0.000000,0.000000,0.000000,0,0,0,0,0
1245,3,2.660675,0.000970,0.000000,0.000034,0.197120,1.590858,1.587179,0.032406,0.001756,0.637539,0.047146,0.003794,0.000000,0.000078,0.000037,0.033688,0.000017,0.114587,0.000444,0.481649,0.000000,0.000000,0.000000,0,0,0.000000,0.000000,0.000000,0.000000,0.000000,0.000000,0.000000,0.000000,0.000000,0.000000,0.000000,0.000000,0.000000,0.000000,0,0,0,0,0,0.000000,0.000000,0.000000,0.000000,0.000000,0.000000,0.000000,0.000000,0,0,0,0,0
1246,3,2.658400,0.031830,0.000000,0.000034,0.176361,1.570343,1.566664,0.050374,0.001756,0.608958,0.047146,0.003794,0.000000,0.000078,0.000037,0.033688,0.000017,0.114587,0.000444,0.483151,0.000000,0.000000,0.000000,0,0,0.000000,0.000000,0.000000,0.000000,0.000000,0.000000,0.000000,0.000000,0.000000,0.000000,0.000000,0.000000,0.000000,0.000000,0,0,0,0,0,0.000000,0.000000,0.000000,0.000000,0.000000,0.000000,0.000000,0.000000,0,0,0,0,0
1247,3,2.619486,0.000970,0.000000,0.000034,0.176097,1.553935,1.550256,0.032406,0.001756,0.654297,0.060689,0.003794,0.000000,0.000078,0.000037,0.033688,0.000017,0.114587,0.000444,0.483738,0.000000,0.000000,0.000000,0,0,0.000000,0.000000,0.000000,0.000000,0.000000,0.000000,0.000000,0.000000,0.000000,0.000000,0.000000,0.000000,0.000000,0.000000,0,0,0,0,0,0.000000,0.000000,0.000000,0.000000,0.000000,0.000000,0.000000,0.000000,0,0,0,0,0
1248,3,2.633918,0.031830,0.000000,0.000034,0.198293,1.509576,1.505897,0.032406,0.001756,0.637648,0.047146,0.003794,0.000000,0.000078,0.000037,0.033688,0.000017,0.114587,0.000444,0.484290,0.000000,0.000000,0.000000,0,0,0.000000,0.000000,0.000000,0.000000,0.000000,0.000000,0.000000,0.000000,0.000000,0.000000,0.000000,0.000000,0.000000,0.000000,0,0,0,0,0,0.000000,0.000000,0.000000,0.000000,0.000000,0.000000,0.000000,0.000000,0,0,0,0,0
1249,3,2.662601,0.000970,0.000000,0.000034,0.177005,1.590756,1.587077,0.050988,0.001756,0.641093,0.047146,0.003794,0.000000,0.000078,0.000037,0.033688,0.000017,0.114587,0.000444,0.567573,0.000000,0.000000,0.000000,0,0,0.000000,0.000000,0.000000,0.000000,0.000000,0.000000,0.000000,0.000000,0.000000,0.000000,0.000000,0.000000,0.000000,0.000000,0,0,0,0,0,0.000000,0.000000,0.000000,0.000000,0.000000,0.000000,0.000000,0.000000,0,0,0,0,0
1250,3,2.675106,0.031830,0.000000,0.000034,0.193749,1.587833,1.584154,0.032233,0.001756,0.627845,0.047146,0.003794,0.000000,0.000078,0.000037,0.033688,0.000017,0.114587,0.000444,0.486983,0.000000,0.000000,0.000000,0,0,0.000000,0.000000,0.000000,0.000000,0.000000,0.000000,0.000000,0.000000,0.000000,0.000000,0.000000,0.000000,0.000000,0.000000,0,0,0,0,0,0.000000,0.000000,0.000000,0.000000,0.000000,0.000000,0.000000,0.000000,0,0,0,0,0
1251,3,2.644121,0.000970,0.000000,0.000034,0.196282,1.567495,1.563816,0.032305,0.001756,0.631056,0.047146,0.005951,0.000000,0.000078,0.000037,0.045922,0.000017,0.114587,0.000444,0.478349,0.000000,0.000000,0.000000,0,0,0.000000,0.000000,0.000000,0.000000,0.000000,0.000000,0.000000,0.000000,0.000000,0.000000,0.000000,0.000000,0.000000,0.000000,0,0,0,0,0,0.000000,0.000000,0.000000,0.000000,0.000000,0.000000,0.000000,0.000000,0,0,0,0,0
1252,3,2.635139,0.031830,0.000000,0.000034,0.197032,1.529076,1.525397,0.032305,0.001756,0.622572,0.047146,0.003794,0.000000,0.000078,0.000037,0.033688,0.000017,0.135288,0.000444,0.486664,0.000000,0.000000,0.000000,0,0,0.000000,0.000000,0.000000,0.000000,0.000000,0.000000,0.000000,0.000000,0.000000,0.000000,0.000000,0.000000,0.000000,0.000000,0,0,0,0,0,0.000000,0.000000,0.000000,0.000000,0.000000,0.000000,0.000000,0.000000,0,0,0,0,0
1253,3,2.640449,0.000970,0.000000,0.000034,0.195357,1.592611,1.588932,0.032305,0.001756,0.617930,0.047146,0.003794,0.000000,0.000078,0.000037,0.033515,0.000017,0.114587,0.000444,0.500739,0.000000,0.000000,0.000000,0,0,0.000000,0.000000,0.000000,0.000000,0.000000,0.000000,0.000000,0.000000,0.000000,0.000000,0.000000,0.000000,0.000000,0.000000,0,0,0,0,0,0.000000,0.000000,0.000000,0.000000,0.000000,0.000000,0.000000,0.000000,0,0,0,0,0
1254,3,5.734704,3.106578,3.074687,0.000034,0.190830,1.556831,1.553151,0.046041,0.001756,0.610765,0.047146,0.003794,0.000000,0.000078,0.000037,0.033515,0.000017,0.136970,0.000444,0.464684,0.000000,0.000000,0.000000,0,0,0.000000,0.000000,0.000000,0.000000,0.000000,0.000000,0.000000,0.000000,0.000000,0.000000,0.000000,0.000000,0.000000,0.000000,0,0,0,0,0,0.000000,0.000000,0.000000,0.000000,0.000000,0.000000,0.000000,0.000000,0,0,0,0,0
1255,3,2.651452,0.000970,0.000000,0.000034,0.191549,1.580729,1.577050,0.032305,0.001756,0.622274,0.047146,0.003794,0.000000,0.000078,0.000037,0.033515,0.000017,0.136936,0.000444,0.498583,0.000000,0.000000,0.000000,0,0,0.000000,0.000000,0.000000,0.000000,0.000000,0.000000,0.000000,0.000000,0.000000,0.000000,0.000000,0.000000,0.000000,0.000000,0,0,0,0,0,0.000000,0.000000,0.000000,0.000000,0.000000,0.000000,0.000000,0.000000,0,0,0,0,0
1256,3,2.622175,0.050106,0.000000,0.000034,0.175897,1.538595,1.534916,0.034624,0.001756,0.603004,0.047146,0.003794,0.000000,0.000078,0.000037,0.033515,0.000017,0.133850,0.000444,0.498708,0.000000,0.000000,0.000000,0,0,0.000000,0.000000,0.000000,0.000000,0.000000,0.000000,0.000000,0.000000,0.000000,0.000000,0.000000,0.000000,0.000000,0.000000,0,0,0,0,0,0.000000,0.000000,0.000000,0.000000,0.000000,0.000000,0.000000,0.000000,0,0,0,0,0
1257,3,2.622264,0.000970,0.000000,0.000034,0.177070,1.590244,1.586565,0.034624,0.001756,0.596375,0.047146,0.003794,0.000000,0.000078,0.000037,0.033427,0.000017,0.136970,0.000444,0.486131,0.000000,0.000000,0.000000,0,0,0.000000,0.000000,0.000000,0.000000,0.000000,0.000000,0.000000,0.000000,0.000000,0.000000,0.000000,0.000000,0.000000,0.000000,0,0,0,0,0,0.000000,0.000000,0.000000,0.000000,0.000000,0.000000,0.000000,0.000000,0,0,0,0,0
1258,3,2.608992,0.033566,0.000000,0.000034,0.176161,1.537594,1.533915,0.034624,0.001756,0.605984,0.047146,0.003794,0.000000,0.000078,0.000037,0.033427,0.000017,0.135050,0.000444,0.482954,0.000000,0.000000,0.000000,0,0,0.000000,0.000000,0.000000,0.000000,0.000000,0.000000,0.000000,0.000000,0.000000,0.000000,0.000000,0.000000,0.000000,0.000000,0,0,0,0,0,0.000000,0.000000,0.000000,0.000000,0.000000,0.000000,0.000000,0.000000,0,0,0,0,0
1259,3,2.627492,0.000970,0.000000,0.000034,0.177070,1.604170,1.600491,0.034624,0.001756,0.610060,0.060818,0.003794,0.000000,0.000078,0.000037,0.033427,0.000017,0.114587,0.000444,0.483761,0.000000,0.000000,0.000000,0,0,0.000000,0.000000,0.000000,0.000000,0.000000,0.000000,0.000000,0.000000,0.000000,0.000000,0.000000,0.000000,0.000000,0.000000,0,0,0,0,0,0.000000,0.000000,0.000000,0.000000,0.000000,0.000000,0.000000,0.000000,0,0,0,0,0
1260,3,2.613973,0.033566,0.000000,0.000034,0.176161,1.551341,1.547662,0.034624,0.001756,0.617683,0.067539,0.003794,0.000000,0.000078,0.000037,0.033427,0.000017,0.114587,0.000444,0.487067,0.000000,0.000000,0.000000,0,0,0.000000,0.000000,0.000000,0.000000,0.000000,0.000000,0.000000,0.000000,0.000000,0.000000,0.000000,0.000000,0.000000,0.000000,0,0,0,0,0,0.000000,0.000000,0.000000,0.000000,0.000000,0.000000,0.000000,0.000000,0,0,0,0,0
1261,3,2.622423,0.000970,0.000000,0.000034,0.177070,1.597999,1.594320,0.034624,0.001756,0.611162,0.047146,0.003794,0.000000,0.000078,0.000037,0.033427,0.000017,0.114587,0.000444,0.483307,0.000000,0.000000,0.000000,0,0,0.000000,0.000000,0.000000,0.000000,0.000000,0.000000,0.000000,0.000000,0.000000,0.000000,0.000000,0.000000,0.000000,0.000000,0,0,0,0,0,0.000000,0.000000,0.000000,0.000000,0.000000,0.000000,0.000000,0.000000,0,0,0,0,0
1262,3,2.522922,0.033566,0.000000,0.000034,0.176161,1.524923,1.521244,0.034624,0.001756,0.535967,0.047146,0.020877,0.000000,0.000078,0.000037,0.033427,0.000017,0.114587,0.000444,0.478363,0.000000,0.000000,0.000000,0,0,0.000000,0.000000,0.000000,0.000000,0.000000,0.000000,0.000000,0.000000,0.000000,0.000000,0.000000,0.000000,0.000000,0.000000,0,0,0,0,0,0.000000,0.000000,0.000000,0.000000,0.000000,0.000000,0.000000,0.000000,0,0,0,0,0
1263,3,2.547848,0.000970,0.000000,0.000034,0.176426,1.558367,1.554688,0.034624,0.001756,0.554487,0.047146,0.003794,0.000000,0.000078,0.000037,0.033427,0.000017,0.114587,0.000444,0.481778,0.000000,0.000000,0.000000,0,0,0.000000,0.000000,0.000000,0.000000,0.000000,0.000000,0.000000,0.000000,0.000000,0.000000,0.000000,0.000000,0.000000,0.000000,0,0,0,0,0,0.000000,0.000000,0.000000,0.000000,0.000000,0.000000,0.000000,0.000000,0,0,0,0,0
1264,3,2.590074,0.031830,0.000000,0.000034,0.197754,1.557424,1.553745,0.053494,0.001756,0.548974,0.047146,0.003794,0.000000,0.000078,0.000037,0.033427,0.000017,0.114587,0.000444,0.479960,0.000000,0.000000,0.000000,0,0,0.000000,0.000000,0.000000,0.000000,0.000000,0.000000,0.000000,0.000000,0.000000,0.000000,0.000000,0.000000,0.000000,0.000000,0,0,0,0,0,0.000000,0.000000,0.000000,0.000000,0.000000,0.000000,0.000000,0.000000,0,0,0,0,0
1265,3,2.538486,0.000970,0.000000,0.000034,0.175859,1.554810,1.551131,0.054047,0.001756,0.552382,0.047146,0.003794,0.000000,0.000078,0.000037,0.033427,0.000017,0.114587,0.000444,0.481730,0.000000,0.000000,0.000000,0,0,0.000000,0.000000,0.000000,0.000000,0.000000,0.000000,0.000000,0.000000,0.000000,0.000000,0.000000,0.000000,0.000000,0.000000,0,0,0,0,0,0.000000,0.000000,0.000000,0.000000,0.000000,0.000000,0.000000,0.000000,0,0,0,0,0
1266,3,2.566986,0.031830,0.000000,0.000034,0.195065,1.557536,1.553857,0.034451,0.001756,0.547685,0.047146,0.003794,0.000000,0.000078,0.000037,0.033427,0.000017,0.114587,0.000444,0.482808,0.000000,0.000000,0.000000,0,0,0.000000,0.000000,0.000000,0.000000,0.000000,0.000000,0.000000,0.000000,0.000000,0.000000,0.000000,0.000000,0.000000,0.000000,0,0,0,0,0,0.000000,0.000000,0.000000,0.000000,0.000000,0.000000,0.000000,0.000000,0,0,0,0,0
1267,3,2.396132,0.000970,0.000000,0.000034,0.192966,1.420291,1.416612,0.034451,0.024139,0.534085,0.047146,0.003794,0.000000,0.000078,0.000037,0.023994,0.000017,0.114587,0.000444,0.505802,0.000000,0.000000,0.000000,0,0,0.000000,0.000000,0.000000,0.000000,0.000000,0.000000,0.000000,0.000000,0.000000,0.000000,0.000000,0.000000,0.000000,0.000000,0,0,0,0,0,0.000000,0.000000,0.000000,0.000000,0.000000,0.000000,0.000000,0.000000,0,0,0,0,0
1268,3,2.411031,0.033566,0.000000,0.000034,0.195445,1.405304,1.401625,0.048099,0.001756,0.537632,0.047146,0.003794,0.000000,0.000078,0.000037,0.023994,0.000017,0.114587,0.000444,0.504489,0.000000,0.000000,0.000000,0,0,0.000000,0.000000,0.000000,0.000000,0.000000,0.000000,0.000000,0.000000,0.000000,0.000000,0.000000,0.000000,0.000000,0.000000,0,0,0,0,0,0.000000,0.000000,0.000000,0.000000,0.000000,0.000000,0.000000,0.000000,0,0,0,0,0
1269,3,2.409702,0.000970,0.000000,0.000034,0.199415,1.434564,1.430884,0.048116,0.001756,0.535651,0.047146,0.003794,0.000000,0.000078,0.000037,0.023994,0.000017,0.114587,0.000444,0.508650,0.000000,0.000000,0.000000,0,0,0.000000,0.000000,0.000000,0.000000,0.000000,0.000000,0.000000,0.000000,0.000000,0.000000,0.000000,0.000000,0.000000,0.000000,0,0,0,0,0,0.000000,0.000000,0.000000,0.000000,0.000000,0.000000,0.000000,0.000000,0,0,0,0,0
1270,3,5.425076,3.054467,3.020840,0.000034,0.175442,1.446167,1.442488,0.034451,0.001756,0.523563,0.047146,0.003794,0.000000,0.000078,0.000037,0.023994,0.000017,0.114587,0.000444,0.500787,0.000000,0.000000,0.000000,0,0,0.000000,0.000000,0.000000,0.000000,0.000000,0.000000,0.000000,0.000000,0.000000,0.000000,0.000000,0.000000,0.000000,0.000000,0,0,0,0,0,0.000000,0.000000,0.000000,0.000000,0.000000,0.000000,0.000000,0.000000,0,0,0,0,0
1271,3,2.274689,0.000970,0.000000,0.000034,0.198242,1.300351,1.296672,0.034024,0.001756,0.530674,0.047146,0.003794,0.000000,0.000078,0.000037,0.023994,0.000017,0.114587,0.000444,0.487061,0.000000,0.000000,0.000000,0,0,0.000000,0.000000,0.000000,0.000000,0.000000,0.000000,0.000000,0.000000,0.000000,0.000000,0.000000,0.000000,0.000000,0.000000,0,0,0,0,0,0.000000,0.000000,0.000000,0.000000,0.000000,0.000000,0.000000,0.000000,0,0,0,0,0
1272,3,2.250838,0.033566,0.000000,0.000034,0.177032,1.264425,1.260746,0.033596,0.001756,0.530969,0.047146,0.003794,0.000000,0.000078,0.000037,0.023994,0.000017,0.114587,0.000444,0.478227,0.000000,0.000000,0.000000,0,0,0.000000,0.000000,0.000000,0.000000,0.000000,0.000000,0.000000,0.000000,0.000000,0.000000,0.000000,0.000000,0.000000,0.000000,0,0,0,0,0,0.000000,0.000000,0.000000,0.000000,0.000000,0.000000,0.000000,0.000000,0,0,0,0,0
1273,3,2.252214,0.000970,0.000000,0.000034,0.176388,1.303507,1.299828,0.049011,0.001756,0.531704,0.047146,0.003794,0.000000,0.000078,0.000037,0.023994,0.000017,0.114587,0.000444,0.483493,0.000000,0.000000,0.000000,0,0,0.000000,0.000000,0.000000,0.000000,0.000000,0.000000,0.000000,0.000000,0.000000,0.000000,0.000000,0.000000,0.000000,0.000000,0,0,0,0,0,0.000000,0.000000,0.000000,0.000000,0.000000,0.000000,0.000000,0.000000,0,0,0,0,0
1274,3,2.230598,0.031830,0.000000,0.000034,0.176124,1.257239,1.253560,0.054515,0.001756,0.520257,0.047146,0.003794,0.000000,0.000078,0.000037,0.023994,0.000017,0.114587,0.000444,0.487067,0.000000,0.000000,0.000000,0,0,0.000000,0.000000,0.000000,0.000000,0.000000,0.000000,0.000000,0.000000,0.000000,0.000000,0.000000,0.000000,0.000000,0.000000,0,0,0,0,0,0.000000,0.000000,0.000000,0.000000,0.000000,0.000000,0.000000,0.000000,0,0,0,0,0
1275,3,2.248969,0.000970,0.000000,0.000034,0.175859,1.287984,1.284305,0.033596,0.001756,0.537638,0.047146,0.003794,0.000000,0.000078,0.000037,0.023994,0.000017,0.114587,0.000444,0.487067,0.000000,0.000000,0.000000,0,0,0.000000,0.000000,0.000000,0.000000,0.000000,0.000000,0.000000,0.000000,0.000000,0.000000,0.000000,0.000000,0.000000,0.000000,0,0,0,0,0,0.000000,0.000000,0.000000,0.000000,0.000000,0.000000,0.000000,0.000000,0,0,0,0,0
1276,3,2.241021,0.031830,0.000000,0.000034,0.177097,1.264513,1.260834,0.033596,0.001756,0.543494,0.060286,0.003794,0.000000,0.000078,0.000037,0.023994,0.000017,0.114587,0.000444,0.481374,0.000000,0.000000,0.000000,0,0,0.000000,0.000000,0.000000,0.000000,0.000000,0.000000,0.000000,0.000000,0.000000,0.000000,0.000000,0.000000,0.000000,0.000000,0,0,0,0,0,0.000000,0.000000,0.000000,0.000000,0.000000,0.000000,0.000000,0.000000,0,0,0,0,0
1277,3,2.243276,0.000970,0.000000,0.000034,0.176453,1.295068,1.291389,0.161428,0.001756,0.270403,0.068458,0.003794,0.000000,0.000078,0.000037,0.023994,0.000017,0.116214,0.000444,0.481832,0.000000,0.000000,0.000000,0,0,0.000000,0.000000,0.000000,0.000000,0.000000,0.000000,0.000000,0.000000,0.000000,0.000000,0.000000,0.000000,0.000000,0.000000,0,0,0,0,0,0.000000,0.000000,0.000000,0.000000,0.000000,0.000000,0.000000,0.000000,0,0,0,0,0
1278,3,2.226200,0.033566,0.000000,0.000034,0.176727,1.245690,1.242011,0.033596,0.001756,0.543800,0.047146,0.003794,0.000000,0.000078,0.000037,0.023994,0.000017,0.114587,0.000444,0.480869,0.000000,0.000000,0.000000,0,0,0.000000,0.000000,0.000000,0.000000,0.000000,0.000000,0.000000,0.000000,0.000000,0.000000,0.000000,0.000000,0.000000,0.000000,0,0,0,0,0,0.000000,0.000000,0.000000,0.000000,0.000000,0.000000,0.000000,0.000000,0,0,0,0,0
1279,3,2.247074,0.000970,0.000000,0.000034,0.177358,1.300001,1.296322,0.161428,0.001756,0.273224,0.048825,0.003794,0.000000,0.000078,0.000037,0.023994,0.000017,0.116214,0.000444,0.479641,0.000000,0.000000,0.000000,0,0,0.000000,0.000000,0.000000,0.000000,0.000000,0.000000,0.000000,0.000000,0.000000,0.000000,0.000000,0.000000,0.000000,0.000000,0,0,0,0,0,0.000000,0.000000,0.000000,0.000000,0.000000,0.000000,0.000000,0.000000,0,0,0,0,0
1280,3,2.233487,0.033566,0.000000,0.000034,0.193939,1.239431,1.235752,0.033596,0.001756,0.517676,0.047146,0.003794,0.000000,0.000078,0.000037,0.023994,0.000017,0.137048,0.000444,0.484911,0.000000,0.000000,0.000000,0,0,0.000000,0.000000,0.000000,0.000000,0.000000,0.000000,0.000000,0.000000,0.000000,0.000000,0.000000,0.000000,0.000000,0.000000,0,0,0,0,0,0.000000,0.000000,0.000000,0.000000,0.000000,0.000000,0.000000,0.000000,0,0,0,0,0
1281,3,2.230245,0.000970,0.000000,0.000034,0.177233,1.309747,1.306068,0.161428,0.001756,0.250756,0.048825,0.003794,0.000000,0.000078,0.000037,0.023994,0.000017,0.116214,0.000444,0.491682,0.000000,0.000000,0.000000,0,0,0.000000,0.000000,0.000000,0.000000,0.000000,0.000000,0.000000,0.000000,0.000000,0.000000,0.000000,0.000000,0.000000,0.000000,0,0,0,0,0,0.000000,0.000000,0.000000,0.000000,0.000000,0.000000,0.000000,0.000000,0,0,0,0,0
1282,3,2.214284,0.033566,0.000000,0.000034,0.193746,1.241926,1.238247,0.033169,0.001756,0.519053,0.047146,0.003794,0.000000,0.000078,0.000037,0.023994,0.000017,0.114587,0.000444,0.498325,0.000000,0.000000,0.000000,0,0,0.000000,0.000000,0.000000,0.000000,0.000000,0.000000,0.000000,0.000000,0.000000,0.000000,0.000000,0.000000,0.000000,0.000000,0,0,0,0,0,0.000000,0.000000,0.000000,0.000000,0.000000,0.000000,0.000000,0.000000,0,0,0,0,0
1283,3,2.257867,0.000970,0.000000,0.000034,0.197479,1.292013,1.288333,0.161001,0.001756,0.250532,0.048774,0.003794,0.000000,0.000078,0.000037,0.023905,0.000017,0.133348,0.000444,0.506168,0.000000,0.000000,0.000000,0,0,0.000000,0.000000,0.000000,0.000000,0.000000,0.000000,0.000000,0.000000,0.000000,0.000000,0.000000,0.000000,0.000000,0.000000,0,0,0,0,0,0.000000,0.000000,0.000000,0.000000,0.000000,0.000000,0.000000,0.000000,0,0,0,0,0
1284,3,2.229234,0.031830,0.000000,0.000034,0.190426,1.232090,1.228411,0.033169,0.001756,0.526605,0.047146,0.003794,0.000000,0.000078,0.000037,0.023905,0.000017,0.136963,0.000444,0.489892,0.000000,0.000000,0.000000,0,0,0.000000,0.000000,0.000000,0.000000,0.000000,0.000000,0.000000,0.000000,0.000000,0.000000,0.000000,0.000000,0.000000,0.000000,0,0,0,0,0,0.000000,0.000000,0.000000,0.000000,0.000000,0.000000,0.000000,0.000000,0,0,0,0,0
1285,3,2.256595,0.000970,0.000000,0.000034,0.196991,1.294196,1.290517,0.179772,0.001756,0.250576,0.048825,0.003794,0.000000,0.000078,0.000037,0.023905,0.000017,0.136827,0.000444,0.481405,0.000000,0.000000,0.000000,0,0,0.000000,0.000000,0.000000,0.000000,0.000000,0.000000,0.000000,0.000000,0.000000,0.000000,0.000000,0.000000,0.000000,0.000000,0,0,0,0,0,0.000000,0.000000,0.000000,0.000000,0.000000,0.000000,0.000000,0.000000,0,0,0,0,0
1286,3,5.367750,3.115048,3.083157,0.000034,0.196286,1.273146,1.269467,0.033169,0.001756,0.557373,0.047146,0.003794,0.000000,0.000078,0.000037,0.023905,0.000017,0.114587,0.000444,0.480676,0.000000,0.000000,0.000000,0,0,0.000000,0.000000,0.000000,0.000000,0.000000,0.000000,0.000000,0.000000,0.000000,0.000000,0.000000,0.000000,0.000000,0.000000,0,0,0,0,0,0.000000,0.000000,0.000000,0.000000,0.000000,0.000000,0.000000,0.000000,0,0,0,0,0
1287,3,2.223663,0.000970,0.000000,0.000034,0.199002,1.257182,1.253503,0.183346,0.001756,0.250576,0.048825,0.003794,0.000000,0.000078,0.000037,0.023905,0.018497,0.116214,0.000444,0.480910,0.000000,0.000000,0.000000,0,0,0.000000,0.000000,0.000000,0.000000,0.000000,0.000000,0.000000,0.000000,0.000000,0.000000,0.000000,0.000000,0.000000,0.000000,0,0,0,0,0,0.000000,0.000000,0.000000,0.000000,0.000000,0.000000,0.000000,0.000000,0,0,0,0,0
1288,3,2.269477,0.049866,0.000000,0.000034,0.177979,1.285509,1.281830,0.046760,0.001756,0.516629,0.047146,0.003794,0.000000,0.000078,0.000037,0.023905,0.000017,0.114587,0.000444,0.481469,0.000000,0.000000,0.000000,0,0,0.000000,0.000000,0.000000,0.000000,0.000000,0.000000,0.000000,0.000000,0.000000,0.000000,0.000000,0.000000,0.000000,0.000000,0,0,0,0,0,0.000000,0.000000,0.000000,0.000000,0.000000,0.000000,0.000000,0.000000,0,0,0,0,0
1289,3,2.198869,0.000970,0.000000,0.000034,0.179840,1.260864,1.257185,0.177799,0.001756,0.269897,0.048825,0.003794,0.000000,0.000078,0.000037,0.023905,0.000017,0.116214,0.000444,0.482083,0.000000,0.000000,0.000000,0,0,0.000000,0.000000,0.000000,0.000000,0.000000,0.000000,0.000000,0.000000,0.000000,0.000000,0.000000,0.000000,0.000000,0.000000,0,0,0,0,0,0.000000,0.000000,0.000000,0.000000,0.000000,0.000000,0.000000,0.000000,0,0,0,0,0
1290,3,2.250821,0.031830,0.000000,0.000034,0.178616,1.303606,1.299927,0.033169,0.001756,0.510861,0.047146,0.003794,0.000000,0.000078,0.000037,0.023905,0.000017,0.114587,0.000444,0.484911,0.000000,0.000000,0.000000,0,0,0.000000,0.000000,0.000000,0.000000,0.000000,0.000000,0.000000,0.000000,0.000000,0.000000,0.000000,0.000000,0.000000,0.000000,0,0,0,0,0,0.000000,0.000000,0.000000,0.000000,0.000000,0.000000,0.000000,0.000000,0,0,0,0,0
1291,3,2.211131,0.000970,0.000000,0.000034,0.181051,1.264777,1.261098,0.183685,0.001756,0.271135,0.048825,0.003794,0.000000,0.000078,0.000037,0.023905,0.000017,0.116214,0.000444,0.476152,0.000000,0.000000,0.000000,0,0,0.000000,0.000000,0.000000,0.000000,0.000000,0.000000,0.000000,0.000000,0.000000,0.000000,0.000000,0.000000,0.000000,0.000000,0,0,0,0,0,0.000000,0.000000,0.000000,0.000000,0.000000,0.000000,0.000000,0.000000,0,0,0,0,0
1292,3,3.447974,0.031830,0.000000,0.000034,0.178616,1.289558,1.285878,0.162279,0.001756,0.250231,0.048825,0.003794,0.000000,0.000078,0.000037,0.023905,0.000017,0.137214,0.000444,0.476264,0.000000,0.000000,0.000000,0,0,0.000000,0.000000,0.000000,0.000000,0.000000,0.000000,0.000000,0.000000,0.000000,0.000000,0.000000,0.000000,0.000000,0.000000,0,0,0,0,0,0.000000,0.000000,0.000000,0.000000,0.000000,0.000000,0.000000,0.000000,0,0,0,0,0
1293,3,2.214379,0.000970,0.000000,0.000034,0.181051,1.281352,1.277673,0.160777,0.001756,0.281813,0.061778,0.003794,0.000000,0.000078,0.000037,0.023905,0.000017,0.116214,0.000444,0.480998,0.000000,0.000000,0.000000,0,0,0.000000,0.000000,0.000000,0.000000,0.000000,0.000000,0.000000,0.000000,0.000000,0.000000,0.000000,0.000000,0.000000,0.000000,0,0,0,0,0,0.000000,0.000000,0.000000,0.000000,0.000000,0.000000,0.000000,0.000000,0,0,0,0,0
1294,3,2.278086,0.031830,0.000000,0.000034,0.176785,1.305708,1.302029,0.161001,0.001756,0.275021,0.048825,0.003794,0.000000,0.000078,0.000037,0.023905,0.000017,0.116214,0.000444,0.481588,0.000000,0.000000,0.000000,0,0,0.000000,0.000000,0.000000,0.000000,0.000000,0.000000,0.000000,0.000000,0.000000,0.000000,0.000000,0.000000,0.000000,0.000000,0,0,0,0,0,0.000000,0.000000,0.000000,0.000000,0.000000,0.000000,0.000000,0.000000,0,0,0,0,0
1295,3,2.198524,0.000970,0.000000,0.000034,0.195872,1.246117,1.242438,0.161224,0.001756,0.250231,0.048825,0.003794,0.000000,0.000078,0.000037,0.023905,0.000017,0.131616,0.000444,0.484904,0.000000,0.000000,0.000000,0,0,0.000000,0.000000,0.000000,0.000000,0.000000,0.000000,0.000000,0.000000,0.000000,0.000000,0.000000,0.000000,0.000000,0.000000,0,0,0,0,0,0.000000,0.000000,0.000000,0.000000,0.000000,0.000000,0.000000,0.000000,0,0,0,0,0
1296,3,2.280233,0.031830,0.000000,0.000034,0.194621,1.289391,1.285712,0.162279,0.001756,0.250231,0.048825,0.003794,0.000000,0.000078,0.000037,0.023905,0.000017,0.138675,0.000444,0.481005,0.000000,0.000000,0.000000,0,0,0.000000,0.000000,0.000000,0.000000,0.000000,0.000000,0.000000,0.000000,0.000000,0.000000,0.000000,0.000000,0.000000,0.000000,0,0,0,0,0,0.000000,0.000000,0.000000,0.000000,0.000000,0.000000,0.000000,0.000000,0,0,0,0,0
1297,3,2.219303,0.000970,0.000000,0.000034,0.181013,1.299377,1.295698,0.160777,0.001756,0.250058,0.048825,0.003794,0.000000,0.000078,0.000037,0.023905,0.000017,0.116214,0.000444,0.504062,0.000000,0.000000,0.000000,0,0,0.000000,0.000000,0.000000,0.000000,0.000000,0.000000,0.000000,0.000000,0.000000,0.000000,0.000000,0.000000,0.000000,0.000000,0,0,0,0,0,0.000000,0.000000,0.000000,0.000000,0.000000,0.000000,0.000000,0.000000,0,0,0,0,0
1298,3,2.280911,0.031830,0.000000,0.000034,0.192518,1.296590,1.292911,0.161001,0.001756,0.250007,0.048774,0.003794,0.000000,0.000078,0.000037,0.023905,0.000017,0.135922,0.000444,0.502753,0.000000,0.000000,0.000000,0,0,0.000000,0.000000,0.000000,0.000000,0.000000,0.000000,0.000000,0.000000,0.000000,0.000000,0.000000,0.000000,0.000000,0.000000,0,0,0,0,0,0.000000,0.000000,0.000000,0.000000,0.000000,0.000000,0.000000,0.000000,0,0,0,0,0
1299,3,2.042596,0.000970,0.000000,0.000034,0.195991,1.116367,1.112688,0.160777,0.001756,0.264445,0.048825,0.003794,0.000000,0.000078,0.000037,0.023905,0.000017,0.116214,0.000444,0.582811,0.000000,0.000000,0.000000,0,0,0.000000,0.000000,0.000000,0.000000,0.000000,0.000000,0.000000,0.000000,0.000000,0.000000,0.000000,0.000000,0.000000,0.000000,0,0,0,0,0,0.000000,0.000000,0.000000,0.000000,0.000000,0.000000,0.000000,0.000000,0,0,0,0,0
1300,3,2.114499,0.031830,0.000000,0.000034,0.199310,1.144392,1.140713,0.162279,0.001756,0.250058,0.048825,0.003794,0.000000,0.000078,0.000037,0.023905,0.000017,0.116214,0.000444,0.476339,0.000000,0.000000,0.000000,0,0,0.000000,0.000000,0.000000,0.000000,0.000000,0.000000,0.000000,0.000000,0.000000,0.000000,0.000000,0.000000,0.000000,0.000000,0,0,0,0,0,0.000000,0.000000,0.000000,0.000000,0.000000,0.000000,0.000000,0.000000,0,0,0,0,0
1301,3,2.065328,0.000970,0.000000,0.000034,0.202423,1.134023,1.130344,0.161224,0.001756,0.250058,0.048825,0.003794,0.000000,0.000078,0.000037,0.023905,0.000017,0.116214,0.000444,0.485304,0.000000,0.000000,0.000000,0,0,0.000000,0.000000,0.000000,0.000000,0.000000,0.000000,0.000000,0.000000,0.000000,0.000000,0.000000,0.000000,0.000000,0.000000,0,0,0,0,0,0.000000,0.000000,0.000000,0.000000,0.000000,0.000000,0.000000,0.000000,0,0,0,0,0
1302,3,5.498349,3.434536,3.402646,0.000034,0.179270,1.136532,1.132853,0.160777,0.001756,0.269413,0.048825,0.003794,0.000000,0.000078,0.000037,0.023905,0.000017,0.116214,0.000444,0.478326,0.000000,0.000000,0.000000,0,0,0.000000,0.000000,0.000000,0.000000,0.000000,0.000000,0.000000,0.000000,0.000000,0.000000,0.000000,0.000000,0.000000,0.000000,0,0,0,0,0,0.000000,0.000000,0.000000,0.000000,0.000000,0.000000,0.000000,0.000000,0,0,0,0,0
1303,3,2.106903,0.000970,0.000000,0.000034,0.191800,1.148892,1.145213,0.162279,0.001756,0.250007,0.048774,0.003794,0.000000,0.000078,0.000037,0.023905,0.000017,0.138597,0.000444,0.462921,0.000000,0.000000,0.000000,0,0,0.000000,0.000000,0.000000,0.000000,0.000000,0.000000,0.000000,0.000000,0.000000,0.000000,0.000000,0.000000,0.000000,0.000000,0,0,0,0,0,0.000000,0.000000,0.000000,0.000000,0.000000,0.000000,0.000000,0.000000,0,0,0,0,0
1304,3,2.097426,0.031830,0.000000,0.000034,0.182081,1.132239,1.128560,0.161224,0.001756,0.250058,0.048825,0.003794,0.000000,0.000078,0.000037,0.023905,0.000017,0.133365,0.000444,0.482296,0.000000,0.000000,0.000000,0,0,0.000000,0.000000,0.000000,0.000000,0.000000,0.000000,0.000000,0.000000,0.000000,0.000000,0.000000,0.000000,0.000000,0.000000,0,0,0,0,0,0.000000,0.000000,0.000000,0.000000,0.000000,0.000000,0.000000,0.000000,0,0,0,0,0
1305,3,2.100817,0.000970,0.000000,0.000034,0.179097,1.171278,1.167599,0.179667,0.001756,0.250058,0.048825,0.003794,0.000000,0.000078,0.000037,0.023905,0.000017,0.131626,0.000444,0.483531,0.000000,0.000000,0.000000,0,0,0.000000,0.000000,0.000000,0.000000,0.000000,0.000000,0.000000,0.000000,0.000000,0.000000,0.000000,0.000000,0.000000,0.000000,0,0,0,0,0,0.000000,0.000000,0.000000,0.000000,0.000000,0.000000,0.000000,0.000000,0,0,0,0,0
1306,3,2.076972,0.031830,0.000000,0.000034,0.178012,1.113274,1.109595,0.186384,0.001756,0.250058,0.048825,0.003794,0.000000,0.000078,0.000037,0.023905,0.000017,0.133742,0.000444,0.481978,0.000000,0.000000,0.000000,0,0,0.000000,0.000000,0.000000,0.000000,0.000000,0.000000,0.000000,0.000000,0.000000,0.000000,0.000000,0.000000,0.000000,0.000000,0,0,0,0,0,0.000000,0.000000,0.000000,0.000000,0.000000,0.000000,0.000000,0.000000,0,0,0,0,0
1307,3,2.081387,0.000970,0.000000,0.000034,0.177131,1.131636,1.127957,0.180386,0.001756,0.250058,0.048825,0.021908,0.000000,0.000078,0.000037,0.023905,0.000017,0.116214,0.000444,0.482622,0.000000,0.000000,0.000000,0,0,0.000000,0.000000,0.000000,0.000000,0.000000,0.000000,0.000000,0.000000,0.000000,0.000000,0.000000,0.000000,0.000000,0.000000,0,0,0,0,0,0.000000,0.000000,0.000000,0.000000,0.000000,0.000000,0.000000,0.000000,0,0,0,0,0
1308,3,2.096344,0.031830,0.000000,0.000034,0.183102,1.111491,1.107812,0.174889,0.001756,0.294902,0.071286,0.003794,0.000000,0.000078,0.000037,0.023905,0.000017,0.116214,0.000444,0.483198,0.000000,0.000000,0.000000,0,0,0.000000,0.000000,0.000000,0.000000,0.000000,0.000000,0.000000,0.000000,0.000000,0.000000,0.000000,0.000000,0.000000,0.000000,0,0,0,0,0,0.000000,0.000000,0.000000,0.000000,0.000000,0.000000,0.000000,0.000000,0,0,0,0,0
1309,3,2.099392,0.000970,0.000000,0.000034,0.179593,1.145498,1.141819,0.181478,0.001756,0.291846,0.048825,0.003794,0.000000,0.000078,0.000037,0.023905,0.000017,0.116214,0.000444,0.482096,0.000000,0.000000,0.000000,0,0,0.000000,0.000000,0.000000,0.000000,0.000000,0.000000,0.000000,0.000000,0.000000,0.000000,0.000000,0.000000,0.000000,0.000000,0,0,0,0,0,0.000000,0.000000,0.000000,0.000000,0.000000,0.000000,0.000000,0.000000,0,0,0,0,0
1310,3,2.087179,0.031830,0.000000,0.000034,0.178362,1.126536,1.122857,0.160777,0.001756,0.271484,0.048825,0.003794,0.000000,0.000078,0.000037,0.046366,0.000017,0.116214,0.000444,0.476546,0.000000,0.000000,0.000000,0,0,0.000000,0.000000,0.000000,0.000000,0.000000,0.000000,0.000000,0.000000,0.000000,0.000000,0.000000,0.000000,0.000000,0.000000,0,0,0,0,0,0.000000,0.000000,0.000000,0.000000,0.000000,0.000000,0.000000,0.000000,0,0,0,0,0
1311,3,2.077423,0.000970,0.000000,0.000034,0.199771,1.153571,1.149892,0.162279,0.001756,0.265103,0.048825,0.003794,0.000000,0.000078,0.000037,0.023905,0.000017,0.116214,0.000444,0.498756,0.000000,0.000000,0.000000,0,0,0.000000,0.000000,0.000000,0.000000,0.000000,0.000000,0.000000,0.000000,0.000000,0.000000,0.000000,0.000000,0.000000,0.000000,0,0,0,0,0,0.000000,0.000000,0.000000,0.000000,0.000000,0.000000,0.000000,0.000000,0,0,0,0,0
1312,3,2.082523,0.031830,0.000000,0.000034,0.184028,1.140710,1.137031,0.161224,0.001756,0.268995,0.048825,0.003794,0.000000,0.000078,0.000037,0.023905,0.000017,0.116214,0.000444,0.500804,0.000000,0.000000,0.000000,0,0,0.000000,0.000000,0.000000,0.000000,0.000000,0.000000,0.000000,0.000000,0.000000,0.000000,0.000000,0.000000,0.000000,0.000000,0,0,0,0,0,0.000000,0.000000,0.000000,0.000000,0.000000,0.000000,0.000000,0.000000,0,0,0,0,0
1313,3,2.090671,0.000970,0.000000,0.000034,0.180016,1.185109,1.181430,0.161001,0.001756,0.267839,0.048825,0.003794,0.000000,0.000078,0.000037,0.023905,0.000017,0.116214,0.000444,0.509189,0.000000,0.000000,0.000000,0,0,0.000000,0.000000,0.000000,0.000000,0.000000,0.000000,0.000000,0.000000,0.000000,0.000000,0.000000,0.000000,0.000000,0.000000,0,0,0,0,0,0.000000,0.000000,0.000000,0.000000,0.000000,0.000000,0.000000,0.000000,0,0,0,0,0
1314,3,2.089305,0.031830,0.000000,0.000034,0.197849,1.134579,1.130900,0.160777,0.001756,0.268534,0.067654,0.003794,0.000000,0.000078,0.000037,0.023905,0.000017,0.116214,0.000444,0.497264,0.000000,0.000000,0.000000,0,0,0.000000,0.000000,0.000000,0.000000,0.000000,0.000000,0.000000,0.000000,0.000000,0.000000,0.000000,0.000000,0.000000,0.000000,0,0,0,0,0,0.000000,0.000000,0.000000,0.000000,0.000000,0.000000,0.000000,0.000000,0,0,0,0,0
1315,3,2.061937,0.000970,0.000000,0.000034,0.190891,1.139974,1.136295,0.162279,0.001756,0.272088,0.071208,0.003794,0.000000,0.000078,0.000037,0.023905,0.000017,0.116214,0.000444,0.485297,0.000000,0.000000,0.000000,0,0,0.000000,0.000000,0.000000,0.000000,0.000000,0.000000,0.000000,0.000000,0.000000,0.000000,0.000000,0.000000,0.000000,0.000000,0,0,0,0,0,0.000000,0.000000,0.000000,0.000000,0.000000,0.000000,0.000000,0.000000,0,0,0,0,0
1316,3,2.085066,0.031830,0.000000,0.000034,0.202752,1.125526,1.121847,0.161224,0.001756,0.249705,0.048825,0.003794,0.000000,0.000078,0.000037,0.023905,0.000017,0.116214,0.000444,0.481038,0.000000,0.000000,0.000000,0,0,0.000000,0.000000,0.000000,0.000000,0.000000,0.000000,0.000000,0.000000,0.000000,0.000000,0.000000,0.000000,0.000000,0.000000,0,0,0,0,0,0.000000,0.000000,0.000000,0.000000,0.000000,0.000000,0.000000,0.000000,0,0,0,0,0
1317,3,2.087185,0.000970,0.000000,0.000034,0.202399,1.163710,1.160031,0.161001,0.001756,0.249705,0.048825,0.003794,0.000000,0.000078,0.000037,0.023905,0.000017,0.116214,0.000444,0.483236,0.000000,0.000000,0.000000,0,0,0.000000,0.000000,0.000000,0.000000,0.000000,0.000000,0.000000,0.000000,0.000000,0.000000,0.000000,0.000000,0.000000,0.000000,0,0,0,0,0,0.000000,0.000000,0.000000,0.000000,0.000000,0.000000,0.000000,0.000000,0,0,0,0,0
1318,3,5.322530,3.277571,3.245680,0.000034,0.178602,1.107025,1.103346,0.181739,0.001756,0.272166,0.048825,0.003794,0.000000,0.000078,0.000037,0.037587,0.000017,0.116214,0.000444,0.485304,0.000000,0.000000,0.000000,0,0,0.000000,0.000000,0.000000,0.000000,0.000000,0.000000,0.000000,0.000000,0.000000,0.000000,0.000000,0.000000,0.000000,0.000000,0,0,0,0,0,0.000000,0.000000,0.000000,0.000000,0.000000,0.000000,0.000000,0.000000,0,0,0,0,0
1319,3,2.155362,0.000970,0.000000,0.000034,0.202399,1.209520,1.205841,0.182827,0.001756,0.249705,0.048825,0.003794,0.000000,0.000078,0.000037,0.023905,0.000017,0.134410,0.000444,0.482663,0.000000,0.000000,0.000000,0,0,0.000000,0.000000,0.000000,0.000000,0.000000,0.000000,0.000000,0.000000,0.000000,0.000000,0.000000,0.000000,0.000000,0.000000,0,0,0,0,0,0.000000,0.000000,0.000000,0.000000,0.000000,0.000000,0.000000,0.000000,0,0,0,0,0
1320,3,2.144457,0.031830,0.000000,0.000034,0.201124,1.169688,1.166009,0.160777,0.001756,0.272081,0.048825,0.003794,0.000000,0.000078,0.000037,0.023905,0.000017,0.133426,0.000444,0.484694,0.000000,0.000000,0.000000,0,0,0.000000,0.000000,0.000000,0.000000,0.000000,0.000000,0.000000,0.000000,0.000000,0.000000,0.000000,0.000000,0.000000,0.000000,0,0,0,0,0,0.000000,0.000000,0.000000,0.000000,0.000000,0.000000,0.000000,0.000000,0,0,0,0,0
1321,3,2.108212,0.000970,0.000000,0.000034,0.177311,1.170580,1.166901,0.195526,0.001756,0.249705,0.048825,0.003794,0.000000,0.000078,0.000037,0.023905,0.000017,0.138597,0.000444,0.483782,0.000000,0.000000,0.000000,0,0,0.000000,0.000000,0.000000,0.000000,0.000000,0.000000,0.000000,0.000000,0.000000,0.000000,0.000000,0.000000,0.000000,0.000000,0,0,0,0,0,0.000000,0.000000,0.000000,0.000000,0.000000,0.000000,0.000000,0.000000,0,0,0,0,0
1322,3,2.122884,0.031830,0.000000,0.000034,0.184028,1.154422,1.150743,0.191257,0.001756,0.269609,0.048825,0.003794,0.000000,0.000078,0.000037,0.023905,0.000017,0.116214,0.000444,0.476600,0.000000,0.000000,0.000000,0,0,0.000000,0.000000,0.000000,0.000000,0.000000,0.000000,0.000000,0.000000,0.000000,0.000000,0.000000,0.000000,0.000000,0.000000,0,0,0,0,0,0.000000,0.000000,0.000000,0.000000,0.000000,0.000000,0.000000,0.000000,0,0,0,0,0
1323,3,2.118646,0.000970,0.000000,0.000034,0.180054,1.184269,1.180589,0.176059,0.001756,0.272088,0.048825,0.003794,0.000000,0.000078,0.000037,0.023905,0.000017,0.116214,0.000444,0.485304,0.000000,0.000000,0.000000,0,0,0.000000,0.000000,0.000000,0.000000,0.000000,0.000000,0.000000,0.000000,0.000000,0.000000,0.000000,0.000000,0.000000,0.000000,0,0,0,0,0,0.000000,0.000000,0.000000,0.000000,0.000000,0.000000,0.000000,0.000000,0,0,0,0,0
1324,3,2.128672,0.031830,0.000000,0.000034,0.178701,1.155446,1.151767,0.179542,0.001756,0.291416,0.048825,0.003794,0.000000,0.000078,0.000037,0.023905,0.000017,0.116214,0.000444,0.480028,0.000000,0.000000,0.000000,0,0,0.000000,0.000000,0.000000,0.000000,0.000000,0.000000,0.000000,0.000000,0.000000,0.000000,0.000000,0.000000,0.000000,0.000000,0,0,0,0,0,0.000000,0.000000,0.000000,0.000000,0.000000,0.000000,0.000000,0.000000,0,0,0,0,0
1325,3,2.107154,0.000970,0.000000,0.000034,0.177348,1.193315,1.189636,0.162106,0.001756,0.281684,0.048825,0.003794,0.000000,0.000078,0.000037,0.023905,0.000017,0.116214,0.000444,0.481062,0.000000,0.000000,0.000000,0,0,0.000000,0.000000,0.000000,0.000000,0.000000,0.000000,0.000000,0.000000,0.000000,0.000000,0.000000,0.000000,0.000000,0.000000,0,0,0,0,0,0.000000,0.000000,0.000000,0.000000,0.000000,0.000000,0.000000,0.000000,0,0,0,0,0
1326,3,2.151377,0.031830,0.000000,0.000034,0.206526,1.172689,1.169010,0.161045,0.001756,0.270331,0.048825,0.003794,0.000000,0.000078,0.000037,0.023905,0.000017,0.133440,0.000444,0.481628,0.000000,0.000000,0.000000,0,0,0.000000,0.000000,0.000000,0.000000,0.000000,0.000000,0.000000,0.000000,0.000000,0.000000,0.000000,0.000000,0.000000,0.000000,0,0,0,0,0,0.000000,0.000000,0.000000,0.000000,0.000000,0.000000,0.000000,0.000000,0,0,0,0,0
1327,3,2.125014,0.000970,0.000000,0.000034,0.180054,1.223334,1.219655,0.160821,0.001756,0.272081,0.048825,0.003794,0.000000,0.000078,0.000037,0.023905,0.000017,0.116214,0.000444,0.506348,0.000000,0.000000,0.000000,0,0,0.000000,0.000000,0.000000,0.000000,0.000000,0.000000,0.000000,0.000000,0.000000,0.000000,0.000000,0.000000,0.000000,0.000000,0,0,0,0,0,0.000000,0.000000,0.000000,0.000000,0.000000,0.000000,0.000000,0.000000,0,0,0,0,0
1328,3,2.121311,0.031830,0.000000,0.000034,0.178701,1.194539,1.190860,0.160597,0.001756,0.267890,0.048825,0.003794,0.000000,0.000078,0.000037,0.023905,0.000017,0.116214,0.000444,0.503262,0.000000,0.000000,0.000000,0,0,0.000000,0.000000,0.000000,0.000000,0.000000,0.000000,0.000000,0.000000,0.000000,0.000000,0.000000,0.000000,0.000000,0.000000,0,0,0,0,0,0.000000,0.000000,0.000000,0.000000,0.000000,0.000000,0.000000,0.000000,0,0,0,0,0
1329,3,2.101027,0.000970,0.000000,0.000034,0.199724,1.187168,1.183489,0.162099,0.001756,0.249705,0.048825,0.003794,0.000000,0.000078,0.000037,0.023905,0.000017,0.116214,0.000444,0.505653,0.000000,0.000000,0.000000,0,0,0.000000,0.000000,0.000000,0.000000,0.000000,0.000000,0.000000,0.000000,0.000000,0.000000,0.000000,0.000000,0.000000,0.000000,0,0,0,0,0,0.000000,0.000000,0.000000,0.000000,0.000000,0.000000,0.000000,0.000000,0,0,0,0,0
1330,3,2.321472,0.050100,0.000000,0.000034,0.184065,1.167358,1.163679,0.179043,0.001756,0.269172,0.048940,0.003794,0.000000,0.000078,0.000037,0.023905,0.000017,0.116214,0.000444,0.504584,0.000000,0.000000,0.000000,0,0,0.000000,0.000000,0.000000,0.000000,0.000000,0.000000,0.000000,0.000000,0.000000,0.000000,0.000000,0.000000,0.000000,0.000000,0,0,0,0,0,0.000000,0.000000,0.000000,0.000000,0.000000,0.000000,0.000000,0.000000,0,0,0,0,0
1331,3,2.107829,0.000970,0.000000,0.000034,0.197974,1.058994,1.055315,0.160821,0.001756,0.249871,0.048991,0.003794,0.000000,0.000078,0.000037,0.023905,0.000017,0.116214,0.000444,0.476607,0.000000,0.000000,0.000000,0,0,0.000000,0.000000,0.000000,0.000000,0.000000,0.000000,0.000000,0.000000,0.000000,0.000000,0.000000,0.000000,0.000000,0.000000,0,0,0,0,0,0.000000,0.000000,0.000000,0.000000,0.000000,0.000000,0.000000,0.000000,0,0,0,0,0
1332,3,2.069987,0.031830,0.000000,0.000034,0.195085,1.030677,1.026998,0.162099,0.001756,0.249532,0.048825,0.003794,0.000000,0.000078,0.000037,0.023905,0.000017,0.116214,0.000444,0.483490,0.000000,0.000000,0.000000,0,0,0.000000,0.000000,0.000000,0.000000,0.000000,0.000000,0.000000,0.000000,0.000000,0.000000,0.000000,0.000000,0.000000,0.000000,0,0,0,0,0,0.000000,0.000000,0.000000,0.000000,0.000000,0.000000,0.000000,0.000000,0,0,0,0,0
1333,3,2.047228,0.000970,0.000000,0.000034,0.197367,1.048218,1.044539,0.160821,0.001756,0.249532,0.048825,0.003794,0.000000,0.000078,0.000037,0.023905,0.000017,0.116214,0.000444,0.483514,0.000000,0.000000,0.000000,0,0,0.000000,0.000000,0.000000,0.000000,0.000000,0.000000,0.000000,0.000000,0.000000,0.000000,0.000000,0.000000,0.000000,0.000000,0,0,0,0,0,0.000000,0.000000,0.000000,0.000000,0.000000,0.000000,0.000000,0.000000,0,0,0,0,0
1334,3,2.046424,0.031830,0.000000,0.000034,0.188616,1.019345,1.015666,0.162099,0.001756,0.249532,0.048825,0.003794,0.000000,0.000078,0.000037,0.023905,0.000017,0.116214,0.000444,0.481211,0.000000,0.000000,0.000000,0,0,0.000000,0.000000,0.000000,0.000000,0.000000,0.000000,0.000000,0.000000,0.000000,0.000000,0.000000,0.000000,0.000000,0.000000,0,0,0,0,0,0.000000,0.000000,0.000000,0.000000,0.000000,0.000000,0.000000,0.000000,0,0,0,0,0
1335,3,2.045431,0.000970,0.000000,0.000034,0.194726,1.055288,1.051609,0.160821,0.001756,0.249532,0.048825,0.003794,0.000000,0.000078,0.000037,0.023905,0.000017,0.116214,0.000444,0.485304,0.000000,0.000000,0.000000,0,0,0.000000,0.000000,0.000000,0.000000,0.000000,0.000000,0.000000,0.000000,0.000000,0.000000,0.000000,0.000000,0.000000,0.000000,0,0,0,0,0,0.000000,0.000000,0.000000,0.000000,0.000000,0.000000,0.000000,0.000000,0,0,0,0,0
1336,3,5.577776,3.533559,3.501668,0.000034,0.193203,1.027724,1.024044,0.162092,0.001756,0.266452,0.048774,0.003794,0.000000,0.000078,0.000037,0.023905,0.000017,0.116214,0.000444,0.481798,0.000000,0.000000,0.000000,0,0,0.000000,0.000000,0.000000,0.000000,0.000000,0.000000,0.000000,0.000000,0.000000,0.000000,0.000000,0.000000,0.000000,0.000000,0,0,0,0,0,0.000000,0.000000,0.000000,0.000000,0.000000,0.000000,0.000000,0.000000,0,0,0,0,0
1337,3,2.047187,0.000970,0.000000,0.000034,0.175656,1.036062,1.032383,0.160814,0.001756,0.248505,0.048825,0.003794,0.000000,0.000078,0.000037,0.023905,0.000017,0.134569,0.000444,0.481018,0.000000,0.000000,0.000000,0,0,0.000000,0.000000,0.000000,0.000000,0.000000,0.000000,0.000000,0.000000,0.000000,0.000000,0.000000,0.000000,0.000000,0.000000,0,0,0,0,0,0.000000,0.000000,0.000000,0.000000,0.000000,0.000000,0.000000,0.000000,0,0,0,0,0
1338,3,2.064728,0.031830,0.000000,0.000034,0.175656,1.009932,1.006253,0.162092,0.001756,0.248505,0.048825,0.003794,0.000000,0.000078,0.000037,0.023387,0.000017,0.136763,0.000444,0.485304,0.000000,0.000000,0.000000,0,0,0.000000,0.000000,0.000000,0.000000,0.000000,0.000000,0.000000,0.000000,0.000000,0.000000,0.000000,0.000000,0.000000,0.000000,0,0,0,0,0,0.000000,0.000000,0.000000,0.000000,0.000000,0.000000,0.000000,0.000000,0,0,0,0,0
1339,3,2.043993,0.000970,0.000000,0.000034,0.175656,1.035604,1.031925,0.160814,0.001756,0.261719,0.048825,0.003794,0.000000,0.000078,0.000037,0.045770,0.000017,0.116214,0.000444,0.482283,0.000000,0.000000,0.000000,0,0,0.000000,0.000000,0.000000,0.000000,0.000000,0.000000,0.000000,0.000000,0.000000,0.000000,0.000000,0.000000,0.000000,0.000000,0,0,0,0,0,0.000000,0.000000,0.000000,0.000000,0.000000,0.000000,0.000000,0.000000,0,0,0,0,0
1340,3,2.061578,0.031830,0.000000,0.000034,0.175656,1.011458,1.007779,0.178823,0.001756,0.284651,0.048825,0.003794,0.000000,0.000078,0.000037,0.023387,0.000017,0.116214,0.000444,0.485304,0.000000,0.000000,0.000000,0,0,0.000000,0.000000,0.000000,0.000000,0.000000,0.000000,0.000000,0.000000,0.000000,0.000000,0.000000,0.000000,0.000000,0.000000,0,0,0,0,0,0.000000,0.000000,0.000000,0.000000,0.000000,0.000000,0.000000,0.000000,0,0,0,0,0
1341,3,2.037625,0.000970,0.000000,0.000034,0.175656,1.037306,1.033627,0.177778,0.001756,0.260603,0.048825,0.003794,0.000000,0.000078,0.000037,0.023387,0.000017,0.129974,0.000444,0.483331,0.000000,0.000000,0.000000,0,0,0.000000,0.000000,0.000000,0.000000,0.000000,0.000000,0.000000,0.000000,0.000000,0.000000,0.000000,0.000000,0.000000,0.000000,0,0,0,0,0,0.000000,0.000000,0.000000,0.000000,0.000000,0.000000,0.000000,0.000000,0,0,0,0,0
1342,3,2.060730,0.031830,0.000000,0.000034,0.198117,1.008691,1.005012,0.181671,0.001756,0.265347,0.048825,0.003794,0.000000,0.000078,0.000037,0.023387,0.000017,0.116214,0.000444,0.506565,0.000000,0.000000,0.000000,0,0,0.000000,0.000000,0.000000,0.000000,0.000000,0.000000,0.000000,0.000000,0.000000,0.000000,0.000000,0.000000,0.000000,0.000000,0,0,0,0,0,0.000000,0.000000,0.000000,0.000000,0.000000,0.000000,0.000000,0.000000,0,0,0,0,0
1343,3,2.056607,0.000970,0.000000,0.000034,0.175656,1.065460,1.061781,0.179257,0.001756,0.266754,0.048825,0.003794,0.000000,0.000078,0.000037,0.023387,0.000017,0.116214,0.000444,0.495338,0.000000,0.000000,0.000000,0,0,0.000000,0.000000,0.000000,0.000000,0.000000,0.000000,0.000000,0.000000,0.000000,0.000000,0.000000,0.000000,0.000000,0.000000,0,0,0,0,0,0.000000,0.000000,0.000000,0.000000,0.000000,0.000000,0.000000,0.000000,0,0,0,0,0
1344,3,2.061781,0.031830,0.000000,0.000034,0.175608,1.031789,1.028110,0.180450,0.001756,0.267209,0.048825,0.003794,0.000000,0.000078,0.000037,0.023387,0.000017,0.116214,0.000444,0.504123,0.000000,0.000000,0.000000,0,0,0.000000,0.000000,0.000000,0.000000,0.000000,0.000000,0.000000,0.000000,0.000000,0.000000,0.000000,0.000000,0.000000,0.000000,0,0,0,0,0,0.000000,0.000000,0.000000,0.000000,0.000000,0.000000,0.000000,0.000000,0,0,0,0,0
1345,3,2.052778,0.000970,0.000000,0.000034,0.175608,1.037906,1.034227,0.183102,0.001756,0.248332,0.048825,0.003794,0.000000,0.000078,0.000037,0.023387,0.000017,0.135383,0.000444,0.479997,0.000000,0.000000,0.000000,0,0,0.000000,0.000000,0.000000,0.000000,0.000000,0.000000,0.000000,0.000000,0.000000,0.000000,0.000000,0.000000,0.000000,0.000000,0,0,0,0,0,0.000000,0.000000,0.000000,0.000000,0.000000,0.000000,0.000000,0.000000,0,0,0,0,0
1346,3,2.049238,0.031830,0.000000,0.000034,0.189240,1.020786,1.017107,0.161919,0.001756,0.270715,0.048825,0.003794,0.000000,0.000078,0.000037,0.023387,0.000017,0.116214,0.000444,0.484707,0.000000,0.000000,0.000000,0,0,0.000000,0.000000,0.000000,0.000000,0.000000,0.000000,0.000000,0.000000,0.000000,0.000000,0.000000,0.000000,0.000000,0.000000,0,0,0,0,0,0.000000,0.000000,0.000000,0.000000,0.000000,0.000000,0.000000,0.000000,0,0,0,0,0
1347,3,1.895172,0.000970,0.000000,0.000034,0.194214,0.875895,0.872216,0.180464,0.001756,0.267348,0.048825,0.003794,0.000000,0.000078,0.000037,0.023387,0.000017,0.116214,0.000444,0.481839,0.000000,0.000000,0.000000,0,0,0.000000,0.000000,0.000000,0.000000,0.000000,0.000000,0.000000,0.000000,0.000000,0.000000,0.000000,0.000000,0.000000,0.000000,0,0,0,0,0,0.000000,0.000000,0.000000,0.000000,0.000000,0.000000,0.000000,0.000000,0,0,0,0,0
1348,3,1.915466,0.031830,0.000000,0.000034,0.192793,0.861481,0.857802,0.182553,0.001756,0.270715,0.048825,0.003794,0.000000,0.000078,0.000037,0.023387,0.000017,0.116214,0.000444,0.482164,0.000000,0.000000,0.000000,0,0,0.000000,0.000000,0.000000,0.000000,0.000000,0.000000,0.000000,0.000000,0.000000,0.000000,0.000000,0.000000,0.000000,0.000000,0,0,0,0,0,0.000000,0.000000,0.000000,0.000000,0.000000,0.000000,0.000000,0.000000,0,0,0,0,0
1349,3,2.028619,0.000970,0.000000,0.000034,0.194726,0.870212,0.866533,0.182309,0.001756,0.248522,0.049015,0.003794,0.000000,0.000078,0.000037,0.023387,0.000017,0.116214,0.000444,0.564134,0.000000,0.000000,0.000000,0,0,0.000000,0.000000,0.000000,0.000000,0.000000,0.000000,0.000000,0.000000,0.000000,0.000000,0.000000,0.000000,0.000000,0.000000,0,0,0,0,0,0.000000,0.000000,0.000000,0.000000,0.000000,0.000000,0.000000,0.000000,0,0,0,0,0
1350,3,1.900045,0.047078,0.000000,0.000034,0.176422,0.860291,0.856611,0.182878,0.001756,0.269216,0.048825,0.003794,0.000000,0.000078,0.000037,0.023387,0.000017,0.116214,0.000444,0.476196,0.000000,0.000000,0.000000,0,0,0.000000,0.000000,0.000000,0.000000,0.000000,0.000000,0.000000,0.000000,0.000000,0.000000,0.000000,0.000000,0.000000,0.000000,0,0,0,0,0,0.000000,0.000000,0.000000,0.000000,0.000000,0.000000,0.000000,0.000000,0,0,0,0,0
1351,3,1.862440,0.000970,0.000000,0.000034,0.188219,0.846629,0.842950,0.176829,0.001756,0.265066,0.048825,0.003794,0.000000,0.000078,0.000037,0.023387,0.000017,0.116214,0.000444,0.483849,0.000000,0.000000,0.000000,0,0,0.000000,0.000000,0.000000,0.000000,0.000000,0.000000,0.000000,0.000000,0.000000,0.000000,0.000000,0.000000,0.000000,0.000000,0,0,0,0,0,0.000000,0.000000,0.000000,0.000000,0.000000,0.000000,0.000000,0.000000,0,0,0,0,0
1352,3,1.878977,0.031830,0.000000,0.000034,0.175656,0.859992,0.856313,0.160417,0.001756,0.266581,0.067420,0.003794,0.000000,0.000078,0.000037,0.023387,0.000017,0.116214,0.000444,0.483232,0.000000,0.000000,0.000000,0,0,0.000000,0.000000,0.000000,0.000000,0.000000,0.000000,0.000000,0.000000,0.000000,0.000000,0.000000,0.000000,0.000000,0.000000,0,0,0,0,0,0.000000,0.000000,0.000000,0.000000,0.000000,0.000000,0.000000,0.000000,0,0,0,0,0
1353,3,1.853265,0.000970,0.000000,0.000034,0.175656,0.861206,0.857527,0.160417,0.001756,0.289330,0.067708,0.003794,0.000000,0.000078,0.000037,0.023387,0.000017,0.116214,0.000444,0.478458,0.000000,0.000000,0.000000,0,0,0.000000,0.000000,0.000000,0.000000,0.000000,0.000000,0.000000,0.000000,0.000000,0.000000,0.000000,0.000000,0.000000,0.000000,0,0,0,0,0,0.000000,0.000000,0.000000,0.000000,0.000000,0.000000,0.000000,0.000000,0,0,0,0,0
1354,3,5.146739,3.233649,3.201758,0.000034,0.179372,0.922987,0.919308,0.160641,0.001756,0.247986,0.048825,0.003794,0.000000,0.000078,0.000037,0.042013,0.000017,0.116214,0.000444,0.481913,0.000000,0.000000,0.000000,0,0,0.000000,0.000000,0.000000,0.000000,0.000000,0.000000,0.000000,0.000000,0.000000,0.000000,0.000000,0.000000,0.000000,0.000000,0,0,0,0,0,0.000000,0.000000,0.000000,0.000000,0.000000,0.000000,0.000000,0.000000,0,0,0,0,0
1355,3,1.866848,0.000970,0.000000,0.000034,0.175656,0.882806,0.879127,0.160641,0.001756,0.247986,0.048825,0.003794,0.000000,0.000078,0.000037,0.023387,0.000017,0.131660,0.000444,0.483307,0.000000,0.000000,0.000000,0,0,0.000000,0.000000,0.000000,0.000000,0.000000,0.000000,0.000000,0.000000,0.000000,0.000000,0.000000,0.000000,0.000000,0.000000,0,0,0,0,0,0.000000,0.000000,0.000000,0.000000,0.000000,0.000000,0.000000,0.000000,0,0,0,0,0
1356,3,1.903263,0.031830,0.000000,0.000034,0.175656,0.884132,0.880452,0.160641,0.001756,0.247986,0.048825,0.003794,0.000000,0.000078,0.000037,0.023387,0.000017,0.135308,0.000444,0.500960,0.000000,0.000000,0.000000,0,0,0.000000,0.000000,0.000000,0.000000,0.000000,0.000000,0.000000,0.000000,0.000000,0.000000,0.000000,0.000000,0.000000,0.000000,0,0,0,0,0,0.000000,0.000000,0.000000,0.000000,0.000000,0.000000,0.000000,0.000000,0,0,0,0,0
1357,3,1.885579,0.000970,0.000000,0.000034,0.191077,0.878944,0.875264,0.160641,0.001756,0.247986,0.048825,0.003794,0.000000,0.000078,0.000037,0.023387,0.000017,0.135088,0.000444,0.483724,0.000000,0.000000,0.000000,0,0,0.000000,0.000000,0.000000,0.000000,0.000000,0.000000,0.000000,0.000000,0.000000,0.000000,0.000000,0.000000,0.000000,0.000000,0,0,0,0,0,0.000000,0.000000,0.000000,0.000000,0.000000,0.000000,0.000000,0.000000,0,0,0,0,0
1358,3,2.042477,0.031830,0.000000,0.000034,0.189382,0.884606,0.880927,0.160641,0.001756,0.269775,0.049266,0.003794,0.000000,0.000078,0.000037,0.023387,0.000017,0.116214,0.000444,0.507412,0.000000,0.000000,0.000000,0,0,0.000000,0.000000,0.000000,0.000000,0.000000,0.000000,0.000000,0.000000,0.000000,0.000000,0.000000,0.000000,0.000000,0.000000,0,0,0,0,0,0.000000,0.000000,0.000000,0.000000,0.000000,0.000000,0.000000,0.000000,0,0,0,0,0
1359,3,1.994300,0.000970,0.000000,0.000034,0.176432,0.874010,0.870331,0.160865,0.001756,0.261664,0.049842,0.003794,0.000000,0.000078,0.000037,0.023387,0.000017,0.116214,0.000444,0.499447,0.000000,0.000000,0.000000,0,0,0.000000,0.000000,0.000000,0.000000,0.000000,0.000000,0.000000,0.000000,0.000000,0.000000,0.000000,0.000000,0.000000,0.000000,0,0,0,0,0,0.000000,0.000000,0.000000,0.000000,0.000000,0.000000,0.000000,0.000000,0,0,0,0,0
1360,3,2.072225,0.031830,0.000000,0.000034,0.177412,0.894796,0.891117,0.182526,0.001756,0.273061,0.053562,0.003794,0.000000,0.000078,0.000037,0.023387,0.000017,0.116214,0.000444,0.500448,0.000000,0.000000,0.000000,0,0,0.000000,0.000000,0.000000,0.000000,0.000000,0.000000,0.000000,0.000000,0.000000,0.000000,0.000000,0.000000,0.000000,0.000000,0,0,0,0,0,0.000000,0.000000,0.000000,0.000000,0.000000,0.000000,0.000000,0.000000,0,0,0,0,0
1361,3,1.858181,0.000970,0.000000,0.000034,0.175937,0.876183,0.872504,0.160244,0.001756,0.246958,0.048825,0.003794,0.000000,0.000078,0.000037,0.023387,0.000017,0.134599,0.000444,0.483226,0.000000,0.000000,0.000000,0,0,0.000000,0.000000,0.000000,0.000000,0.000000,0.000000,0.000000,0.000000,0.000000,0.000000,0.000000,0.000000,0.000000,0.000000,0,0,0,0,0,0.000000,0.000000,0.000000,0.000000,0.000000,0.000000,0.000000,0.000000,0,0,0,0,0
1362,3,1.897881,0.031830,0.000000,0.000034,0.195136,0.863553,0.859873,0.178925,0.001756,0.266184,0.048825,0.003794,0.000000,0.000078,0.000037,0.023387,0.000017,0.116214,0.000444,0.480184,0.000000,0.000000,0.000000,0,0,0.000000,0.000000,0.000000,0.000000,0.000000,0.000000,0.000000,0.000000,0.000000,0.000000,0.000000,0.000000,0.000000,0.000000,0,0,0,0,0,0.000000,0.000000,0.000000,0.000000,0.000000,0.000000,0.000000,0.000000,0,0,0,0,0
1363,3,1.730299,0.000970,0.000000,0.000034,0.194116,0.725355,0.721676,0.160692,0.001756,0.246958,0.048825,0.003794,0.000000,0.000078,0.000037,0.023387,0.000017,0.138597,0.000444,0.487176,0.000000,0.000000,0.000000,0,0,0.000000,0.000000,0.000000,0.000000,0.000000,0.000000,0.000000,0.000000,0.000000,0.000000,0.000000,0.000000,0.000000,0.000000,0,0,0,0,0,0.000000,0.000000,0.000000,0.000000,0.000000,0.000000,0.000000,0.000000,0,0,0,0,0
1364,3,1.905009,0.031830,0.000000,0.000034,0.194709,0.733419,0.729740,0.179077,0.001756,0.266663,0.049842,0.003794,0.000000,0.000078,0.000037,0.023387,0.000017,0.116214,0.000444,0.481927,0.000000,0.000000,0.000000,0,0,0.000000,0.000000,0.000000,0.000000,0.000000,0.000000,0.000000,0.000000,0.000000,0.000000,0.000000,0.000000,0.000000,0.000000,0,0,0,0,0,0.000000,0.000000,0.000000,0.000000,0.000000,0.000000,0.000000,0.000000,0,0,0,0,0
1365,3,1.885708,0.000970,0.000000,0.000034,0.198778,0.728007,0.724328,0.195485,0.001756,0.261637,0.049842,0.003794,0.000000,0.000078,0.000037,0.023387,0.000017,0.116214,0.000444,0.485392,0.000000,0.000000,0.000000,0,0,0.000000,0.000000,0.000000,0.000000,0.000000,0.000000,0.000000,0.000000,0.000000,0.000000,0.000000,0.000000,0.000000,0.000000,0,0,0,0,0,0.000000,0.000000,0.000000,0.000000,0.000000,0.000000,0.000000,0.000000,0,0,0,0,0
1366,3,1.911285,0.031799,0.000000,0.000034,0.194499,0.719303,0.715624,0.173903,0.001756,0.268483,0.049842,0.003794,0.000000,0.000078,0.000037,0.023387,0.000017,0.116214,0.000444,0.487176,0.000000,0.000000,0.000000,0,0,0.000000,0.000000,0.000000,0.000000,0.000000,0.000000,0.000000,0.000000,0.000000,0.000000,0.000000,0.000000,0.000000,0.000000,0,0,0,0,0,0.000000,0.000000,0.000000,0.000000,0.000000,0.000000,0.000000,0.000000,0,0,0,0,0
1367,3,1.888607,0.023353,0.000000,0.000034,0.176395,0.726261,0.722582,0.179365,0.001756,0.266503,0.049842,0.003794,0.000000,0.000078,0.000037,0.023298,0.000017,0.116214,0.000444,0.483354,0.000000,0.000000,0.000000,0,0,0.000000,0.000000,0.000000,0.000000,0.000000,0.000000,0.000000,0.000000,0.000000,0.000000,0.000000,0.000000,0.000000,0.000000,0,0,0,0,0,0.000000,0.000000,0.000000,0.000000,0.000000,0.000000,0.000000,0.000000,0,0,0,0,0
1368,3,1.896450,0.031799,0.000000,0.000034,0.176395,0.725091,0.721412,0.179891,0.001756,0.247976,0.049842,0.003794,0.000000,0.000078,0.000037,0.023298,0.000017,0.116214,0.000444,0.485419,0.000000,0.000000,0.000000,0,0,0.000000,0.000000,0.000000,0.000000,0.000000,0.000000,0.000000,0.000000,0.000000,0.000000,0.000000,0.000000,0.000000,0.000000,0,0,0,0,0,0.000000,0.000000,0.000000,0.000000,0.000000,0.000000,0.000000,0.000000,0,0,0,0,0
1369,3,1.731730,0.000970,0.000000,0.000034,0.176395,0.727441,0.723762,0.175852,0.001756,0.291019,0.048774,0.003794,0.000000,0.000078,0.000037,0.023298,0.000017,0.116214,0.000444,0.484572,0.000000,0.000000,0.000000,0,0,0.000000,0.000000,0.000000,0.000000,0.000000,0.000000,0.000000,0.000000,0.000000,0.000000,0.000000,0.000000,0.000000,0.000000,0,0,0,0,0,0.000000,0.000000,0.000000,0.000000,0.000000,0.000000,0.000000,0.000000,0,0,0,0,0
1370,3,1.927066,0.031799,0.000000,0.000034,0.175527,0.770599,0.766920,0.161747,0.001756,0.265432,0.049140,0.003794,0.000000,0.000078,0.000037,0.023298,0.000017,0.116214,0.000444,0.482927,0.000000,0.000000,0.000000,0,0,0.000000,0.000000,0.000000,0.000000,0.000000,0.000000,0.000000,0.000000,0.000000,0.000000,0.000000,0.000000,0.000000,0.000000,0,0,0,0,0,0.000000,0.000000,0.000000,0.000000,0.000000,0.000000,0.000000,0.000000,0,0,0,0,0
1371,3,1.875119,0.000970,0.000000,0.000034,0.175527,0.744158,0.740479,0.161747,0.001756,0.247274,0.049140,0.003794,0.000000,0.000078,0.000037,0.023298,0.000017,0.138675,0.000444,0.480048,0.000000,0.000000,0.000000,0,0,0.000000,0.000000,0.000000,0.000000,0.000000,0.000000,0.000000,0.000000,0.000000,0.000000,0.000000,0.000000,0.000000,0.000000,0,0,0,0,0,0.000000,0.000000,0.000000,0.000000,0.000000,0.000000,0.000000,0.000000,0,0,0,0,0
1372,3,5.582001,3.471432,3.439572,0.000034,0.177667,0.878666,0.874986,0.160244,0.001756,0.247399,0.049266,0.003794,0.000000,0.000078,0.000037,0.023298,0.000017,0.136620,0.000444,0.496677,0.000000,0.000000,0.000000,0,0,0.000000,0.000000,0.000000,0.000000,0.000000,0.000000,0.000000,0.000000,0.000000,0.000000,0.000000,0.000000,0.000000,0.000000,0,0,0,0,0,0.000000,0.000000,0.000000,0.000000,0.000000,0.000000,0.000000,0.000000,0,0,0,0,0
1373,3,1.977654,0.000970,0.000000,0.000034,0.194071,0.846090,0.842411,0.160692,0.001756,0.247023,0.048882,0.003794,0.000000,0.000078,0.000037,0.023298,0.000017,0.134854,0.000444,0.503743,0.000000,0.000000,0.000000,0,0,0.000000,0.000000,0.000000,0.000000,0.000000,0.000000,0.000000,0.000000,0.000000,0.000000,0.000000,0.000000,0.000000,0.000000,0,0,0,0,0,0.000000,0.000000,0.000000,0.000000,0.000000,0.000000,0.000000,0.000000,0,0,0,0,0
1374,3,2.062883,0.031799,0.000000,0.000034,0.194475,0.889292,0.885613,0.161747,0.001756,0.266340,0.048933,0.003794,0.000000,0.000078,0.000037,0.023298,0.000017,0.116214,0.000444,0.504357,0.000000,0.000000,0.000000,0,0,0.000000,0.000000,0.000000,0.000000,0.000000,0.000000,0.000000,0.000000,0.000000,0.000000,0.000000,0.000000,0.000000,0.000000,0,0,0,0,0,0.000000,0.000000,0.000000,0.000000,0.000000,0.000000,0.000000,0.000000,0,0,0,0,0
1375,3,1.979801,0.000970,0.000000,0.000034,0.175527,0.868368,0.864688,0.160244,0.001756,0.269508,0.048984,0.003794,0.000000,0.000078,0.000037,0.023298,0.000017,0.116214,0.000444,0.507440,0.000000,0.000000,0.000000,0,0,0.000000,0.000000,0.000000,0.000000,0.000000,0.000000,0.000000,0.000000,0.000000,0.000000,0.000000,0.000000,0.000000,0.000000,0,0,0,0,0,0.000000,0.000000,0.000000,0.000000,0.000000,0.000000,0.000000,0.000000,0,0,0,0,0
1376,3,2.013170,0.031799,0.000000,0.000034,0.175527,0.873508,0.869829,0.160468,0.001756,0.265869,0.049106,0.003794,0.000000,0.000078,0.000037,0.023298,0.000017,0.116214,0.000444,0.503821,0.000000,0.000000,0.000000,0,0,0.000000,0.000000,0.000000,0.000000,0.000000,0.000000,0.000000,0.000000,0.000000,0.000000,0.000000,0.000000,0.000000,0.000000,0,0,0,0,0,0.000000,0.000000,0.000000,0.000000,0.000000,0.000000,0.000000,0.000000,0,0,0,0,0
1377,3,1.972358,0.000970,0.000000,0.000034,0.175527,0.869754,0.866075,0.160519,0.001756,0.260664,0.048882,0.003794,0.000000,0.000078,0.000037,0.023298,0.000017,0.116214,0.000444,0.485396,0.000000,0.000000,0.000000,0,0,0.000000,0.000000,0.000000,0.000000,0.000000,0.000000,0.000000,0.000000,0.000000,0.000000,0.000000,0.000000,0.000000,0.000000,0,0,0,0,0,0.000000,0.000000,0.000000,0.000000,0.000000,0.000000,0.000000,0.000000,0,0,0,0,0
1378,3,2.182766,0.031799,0.000000,0.000034,0.197829,0.887661,0.883982,0.181861,0.001756,0.247281,0.049140,0.003794,0.000000,0.000078,0.000037,0.023298,0.000017,0.116214,0.000444,0.484470,0.000000,0.000000,0.000000,0,0,0.000000,0.000000,0.000000,0.000000,0.000000,0.000000,0.000000,0.000000,0.000000,0.000000,0.000000,0.000000,0.000000,0.000000,0,0,0,0,0,0.000000,0.000000,0.000000,0.000000,0.000000,0.000000,0.000000,0.000000,0,0,0,0,0
1379,3,2.102264,0.000970,0.000000,0.000034,0.201274,0.845764,0.842085,0.174422,0.001756,0.247982,0.049842,0.003794,0.000000,0.000078,0.000037,0.023298,0.000017,0.116214,0.000444,0.483181,0.000000,0.000000,0.000000,0,0,0.000000,0.000000,0.000000,0.000000,0.000000,0.000000,0.000000,0.000000,0.000000,0.000000,0.000000,0.000000,0.000000,0.000000,0,0,0,0,0,0.000000,0.000000,0.000000,0.000000,0.000000,0.000000,0.000000,0.000000,0,0,0,0,0
1380,3,2.055620,0.031799,0.000000,0.000034,0.202939,0.904487,0.900808,0.161574,0.001756,0.246914,0.048774,0.003794,0.000000,0.000078,0.000037,0.023298,0.000017,0.116214,0.000444,0.487105,0.000000,0.000000,0.000000,0,0,0.000000,0.000000,0.000000,0.000000,0.000000,0.000000,0.000000,0.000000,0.000000,0.000000,0.000000,0.000000,0.000000,0.000000,0,0,0,0,0,0.000000,0.000000,0.000000,0.000000,0.000000,0.000000,0.000000,0.000000,0,0,0,0,0
1381,3,1.997789,0.000970,0.000000,0.000034,0.197910,0.849870,0.846191,0.190728,0.001756,0.265696,0.067556,0.003794,0.000000,0.000078,0.000037,0.023298,0.000017,0.116214,0.000444,0.485280,0.000000,0.000000,0.000000,0,0,0.000000,0.000000,0.000000,0.000000,0.000000,0.000000,0.000000,0.000000,0.000000,0.000000,0.000000,0.000000,0.000000,0.000000,0,0,0,0,0,0.000000,0.000000,0.000000,0.000000,0.000000,0.000000,0.000000,0.000000,0,0,0,0,0
1382,3,2.155084,0.050737,0.000000,0.000034,0.175564,0.865919,0.862240,0.179966,0.001756,0.242828,0.048774,0.003794,0.000000,0.000078,0.000037,0.023298,0.000017,0.136631,0.000444,0.478397,0.000000,0.000000,0.000000,0,0,0.000000,0.000000,0.000000,0.000000,0.000000,0.000000,0.000000,0.000000,0.000000,0.000000,0.000000,0.000000,0.000000,0.000000,0,0,0,0,0,0.000000,0.000000,0.000000,0.000000,0.000000,0.000000,0.000000,0.000000,0,0,0,0,0
1383,3,2.196347,0.000970,0.000000,0.000034,0.175564,0.867377,0.863698,0.161401,0.001756,0.260223,0.049140,0.003794,0.000000,0.000078,0.000037,0.023298,0.000017,0.116214,0.000444,0.485562,0.000000,0.000000,0.000000,0,0,0.000000,0.000000,0.000000,0.000000,0.000000,0.000000,0.000000,0.000000,0.000000,0.000000,0.000000,0.000000,0.000000,0.000000,0,0,0,0,0,0.000000,0.000000,0.000000,0.000000,0.000000,0.000000,0.000000,0.000000,0,0,0,0,0
1384,3,2.212585,0.031799,0.000000,0.000034,0.178982,0.847683,0.844004,0.160122,0.001756,0.262041,0.049842,0.003794,0.000000,0.000078,0.000037,0.023298,0.000017,0.116214,0.000444,0.481856,0.000000,0.000000,0.000000,0,0,0.000000,0.000000,0.000000,0.000000,0.000000,0.000000,0.000000,0.000000,0.000000,0.000000,0.000000,0.000000,0.000000,0.000000,0,0,0,0,0,0.000000,0.000000,0.000000,0.000000,0.000000,0.000000,0.000000,0.000000,0,0,0,0,0
1385,3,2.185306,0.000970,0.000000,0.000034,0.184923,0.686805,0.683126,0.182729,0.001756,0.262027,0.049266,0.003794,0.000000,0.000078,0.000037,0.023298,0.000017,0.116214,0.000444,0.483300,0.000000,0.000000,0.000000,0,0,0.000000,0.000000,0.000000,0.000000,0.000000,0.000000,0.000000,0.000000,0.000000,0.000000,0.000000,0.000000,0.000000,0.000000,0,0,0,0,0,0.000000,0.000000,0.000000,0.000000,0.000000,0.000000,0.000000,0.000000,0,0,0,0,0
1386,3,2.344059,0.031799,0.000000,0.000034,0.177972,0.834927,0.831248,0.160122,0.001756,0.243195,0.049140,0.003794,0.000000,0.000078,0.000037,0.023298,0.000017,0.116214,0.000444,0.483602,0.000000,0.000000,0.000000,0,0,0.000000,0.000000,0.000000,0.000000,0.000000,0.000000,0.000000,0.000000,0.000000,0.000000,0.000000,0.000000,0.000000,0.000000,0,0,0,0,0,0.000000,0.000000,0.000000,0.000000,0.000000,0.000000,0.000000,0.000000,0,0,0,0,0
1387,3,2.144904,0.000970,0.000000,0.000034,0.183723,0.840159,0.836480,0.159899,0.001756,0.284214,0.049266,0.003794,0.000000,0.000078,0.000037,0.023298,0.000017,0.116214,0.000444,0.486213,0.000000,0.000000,0.000000,0,0,0.000000,0.000000,0.000000,0.000000,0.000000,0.000000,0.000000,0.000000,0.000000,0.000000,0.000000,0.000000,0.000000,0.000000,0,0,0,0,0,0.000000,0.000000,0.000000,0.000000,0.000000,0.000000,0.000000,0.000000,0,0,0,0,0
1388,3,2.184743,0.031799,0.000000,0.000034,0.180433,0.840864,0.837185,0.160173,0.001756,0.284322,0.049015,0.003794,0.000000,0.000078,0.000037,0.023298,0.000017,0.116214,0.000444,0.483320,0.000000,0.000000,0.000000,0,0,0.000000,0.000000,0.000000,0.000000,0.000000,0.000000,0.000000,0.000000,0.000000,0.000000,0.000000,0.000000,0.000000,0.000000,0,0,0,0,0,0.000000,0.000000,0.000000,0.000000,0.000000,0.000000,0.000000,0.000000,0,0,0,0,0
1389,3,2.164507,0.000970,0.000000,0.000034,0.199992,0.855326,0.851647,0.159719,0.001756,0.253933,0.049266,0.003794,0.000000,0.000078,0.000037,0.023298,0.000017,0.133443,0.000444,0.485324,0.000000,0.000000,0.000000,0,0,0.000000,0.000000,0.000000,0.000000,0.000000,0.000000,0.000000,0.000000,0.000000,0.000000,0.000000,0.000000,0.000000,0.000000,0,0,0,0,0,0.000000,0.000000,0.000000,0.000000,0.000000,0.000000,0.000000,0.000000,0,0,0,0,0
1390,3,5.791263,3.640798,3.608938,0.000034,0.178667,0.864071,0.860392,0.161221,0.015442,0.240136,0.049140,0.003794,0.000000,0.000078,0.000037,0.023298,0.000017,0.116214,0.000444,0.509559,0.000000,0.000000,0.000000,0,0,0.000000,0.000000,0.000000,0.000000,0.000000,0.000000,0.000000,0.000000,0.000000,0.000000,0.000000,0.000000,0.000000,0.000000,0,0,0,0,0,0.000000,0.000000,0.000000,0.000000,0.000000,0.000000,0.000000,0.000000,0,0,0,0,0
1391,3,2.134298,0.000970,0.000000,0.000034,0.178982,0.863352,0.859673,0.159719,0.001756,0.260773,0.049266,0.003794,0.000000,0.000078,0.000037,0.023298,0.000017,0.116214,0.000444,0.500858,0.000000,0.000000,0.000000,0,0,0.000000,0.000000,0.000000,0.000000,0.000000,0.000000,0.000000,0.000000,0.000000,0.000000,0.000000,0.000000,0.000000,0.000000,0,0,0,0,0,0.000000,0.000000,0.000000,0.000000,0.000000,0.000000,0.000000,0.000000,0,0,0,0,0
1392,3,2.163062,0.031799,0.000000,0.000034,0.196662,0.852247,0.848568,0.032284,0.001756,0.862610,0.066749,0.003794,0.000000,0.000078,0.000037,0.023298,0.000017,0.114587,0.000444,0.506429,0.000000,0.000000,0.000000,0,0,0.000000,0.000000,0.000000,0.000000,0.000000,0.000000,0.000000,0.000000,0.000000,0.000000,0.000000,0.000000,0.000000,0.000000,0,0,0,0,0,0.000000,0.000000,0.000000,0.000000,0.000000,0.000000,0.000000,0.000000,0,0,0,0,0
1393,3,2.135952,0.000970,0.000000,0.000034,0.183285,0.865506,0.845035,0.173760,0.001756,0.240255,0.049266,0.003794,0.000000,0.000078,0.000037,0.023298,0.000017,0.116214,0.000444,0.485335,0.000000,0.000000,0.000000,0,0,0.000000,0.000000,0.000000,0.000000,0.000000,0.000000,0.000000,0.000000,0.000000,0.000000,0.000000,0.000000,0.000000,0.000000,0,0,0,0,0,0.000000,0.000000,0.000000,0.000000,0.000000,0.000000,0.000000,0.000000,0,0,0,0,0
1394,3,2.165833,0.031799,0.000000,0.000034,0.194112,0.852241,0.848562,0.032284,0.001756,0.865601,0.047146,0.003794,0.000000,0.000078,0.000037,0.023298,0.000017,0.114587,0.000444,0.483419,0.000000,0.000000,0.000000,0,0,0.000000,0.000000,0.000000,0.000000,0.000000,0.000000,0.000000,0.000000,0.000000,0.000000,0.000000,0.000000,0.000000,0.000000,0,0,0,0,0,0.000000,0.000000,0.000000,0.000000,0.000000,0.000000,0.000000,0.000000,0,0,0,0,0
1395,3,2.152015,0.000970,0.000000,0.000034,0.180925,0.687459,0.683780,0.178602,0.001756,0.256171,0.049842,0.003794,0.000000,0.000078,0.000037,0.023298,0.000017,0.116214,0.000444,0.486993,0.000000,0.000000,0.000000,0,0,0.000000,0.000000,0.000000,0.000000,0.000000,0.000000,0.000000,0.000000,0.000000,0.000000,0.000000,0.000000,0.000000,0.000000,0,0,0,0,0,0.000000,0.000000,0.000000,0.000000,0.000000,0.000000,0.000000,0.000000,0,0,0,0,0
1396,3,2.192305,0.031799,0.000000,0.000034,0.194390,0.699551,0.695872,0.032284,0.001756,1.022861,0.067064,0.003794,0.000000,0.000078,0.000037,0.023298,0.000017,0.136254,0.000444,0.483544,0.000000,0.000000,0.000000,0,0,0.000000,0.000000,0.000000,0.000000,0.000000,0.000000,0.000000,0.000000,0.000000,0.000000,0.000000,0.000000,0.000000,0.000000,0,0,0,0,0,0.000000,0.000000,0.000000,0.000000,0.000000,0.000000,0.000000,0.000000,0,0,0,0,0
1397,3,2.189077,0.000970,0.000000,0.000034,0.199988,0.706648,0.702969,0.160166,0.001756,0.237600,0.049669,0.003794,0.000000,0.000078,0.000037,0.023298,0.000017,0.135006,0.000444,0.483354,0.000000,0.000000,0.000000,0,0,0.000000,0.000000,0.000000,0.000000,0.000000,0.000000,0.000000,0.000000,0.000000,0.000000,0.000000,0.000000,0.000000,0.000000,0,0,0,0,0,0.000000,0.000000,0.000000,0.000000,0.000000,0.000000,0.000000,0.000000,0,0,0,0,0
1398,3,2.200840,0.045810,0.000000,0.000034,0.184859,0.684347,0.680667,0.032284,0.001756,1.044447,0.047146,0.003794,0.000000,0.000078,0.000037,0.042603,0.000017,0.114587,0.000444,0.483643,0.000000,0.000000,0.000000,0,0,0.000000,0.000000,0.000000,0.000000,0.000000,0.000000,0.000000,0.000000,0.000000,0.000000,0.000000,0.000000,0.000000,0.000000,0,0,0,0,0,0.000000,0.000000,0.000000,0.000000,0.000000,0.000000,0.000000,0.000000,0,0,0,0,0
1399,3,2.128733,0.000970,0.000000,0.000034,0.177809,0.680898,0.677219,0.180020,0.001756,0.237244,0.049313,0.003794,0.000000,0.000078,0.000037,0.023298,0.000017,0.138597,0.000444,0.567871,0.000000,0.000000,0.000000,0,0,0.000000,0.000000,0.000000,0.000000,0.000000,0.000000,0.000000,0.000000,0.000000,0.000000,0.000000,0.000000,0.000000,0.000000,0,0,0,0,0,0.000000,0.000000,0.000000,0.000000,0.000000,0.000000,0.000000,0.000000,0,0,0,0,0
1400,3,2.343214,0.031799,0.000000,0.000034,0.178918,0.865512,0.861833,0.032284,0.001756,1.045058,0.047146,0.003794,0.000000,0.000078,0.000037,0.023126,0.000017,0.114587,0.000444,0.483259,0.000000,0.000000,0.000000,0,0,0.000000,0.000000,0.000000,0.000000,0.000000,0.000000,0.000000,0.000000,0.000000,0.000000,0.000000,0.000000,0.000000,0.000000,0,0,0,0,0,0.000000,0.000000,0.000000,0.000000,0.000000,0.000000,0.000000,0.000000,0,0,0,0,0
1401,3,2.395759,0.000970,0.000000,0.000034,0.185754,0.827922,0.824242,0.159719,0.001756,0.237773,0.049842,0.003794,0.000000,0.000078,0.000037,0.023126,0.000017,0.116214,0.000444,0.485172,0.000000,0.000000,0.000000,0,0,0.000000,0.000000,0.000000,0.000000,0.000000,0.000000,0.000000,0.000000,0.000000,0.000000,0.000000,0.000000,0.000000,0.000000,0,0,0,0,0,0.000000,0.000000,0.000000,0.000000,0.000000,0.000000,0.000000,0.000000,0,0,0,0,0
1402,3,2.461914,0.031799,0.000000,0.000034,0.184859,0.844130,0.840451,0.032284,0.001756,1.157586,0.047146,0.003794,0.000000,0.000078,0.000037,0.023126,0.000017,0.136197,0.000444,0.464613,0.000000,0.000000,0.000000,0,0,0.000000,0.000000,0.000000,0.000000,0.000000,0.000000,0.000000,0.000000,0.000000,0.000000,0.000000,0.000000,0.000000,0.000000,0,0,0,0,0,0.000000,0.000000,0.000000,0.000000,0.000000,0.000000,0.000000,0.000000,0,0,0,0,0
1403,3,2.265995,0.000970,0.000000,0.000034,0.180861,0.836707,0.833028,0.160166,0.001756,0.279117,0.068726,0.003794,0.000000,0.000078,0.000037,0.023126,0.000017,0.116214,0.000444,0.480123,0.000000,0.000000,0.000000,0,0,0.000000,0.000000,0.000000,0.000000,0.000000,0.000000,0.000000,0.000000,0.000000,0.000000,0.000000,0.000000,0.000000,0.000000,0,0,0,0,0,0.000000,0.000000,0.000000,0.000000,0.000000,0.000000,0.000000,0.000000,0,0,0,0,0
1404,3,2.325446,0.031799,0.000000,0.000034,0.207319,0.826321,0.822642,0.032284,0.001756,1.038100,0.047146,0.003794,0.000000,0.000078,0.000037,0.023126,0.000017,0.114587,0.000444,0.484026,0.000000,0.000000,0.000000,0,0,0.000000,0.000000,0.000000,0.000000,0.000000,0.000000,0.000000,0.000000,0.000000,0.000000,0.000000,0.000000,0.000000,0.000000,0,0,0,0,0,0.000000,0.000000,0.000000,0.000000,0.000000,0.000000,0.000000,0.000000,0,0,0,0,0
1405,3,2.425886,0.000970,0.000000,0.000034,0.177707,0.854601,0.850922,0.159719,0.001756,0.251146,0.049842,0.003794,0.000000,0.000078,0.000037,0.023126,0.000017,0.136841,0.000444,0.484138,0.000000,0.000000,0.000000,0,0,0.000000,0.000000,0.000000,0.000000,0.000000,0.000000,0.000000,0.000000,0.000000,0.000000,0.000000,0.000000,0.000000,0.000000,0,0,0,0,0,0.000000,0.000000,0.000000,0.000000,0.000000,0.000000,0.000000,0.000000,0,0,0,0,0
1406,3,2.471802,0.031799,0.000000,0.000034,0.184859,0.861413,0.857734,0.032284,0.001756,1.130761,0.047146,0.003794,0.000000,0.000078,0.000037,0.041874,0.000017,0.137048,0.000444,0.483317,0.000000,0.000000,0.000000,0,0,0.000000,0.000000,0.000000,0.000000,0.000000,0.000000,0.000000,0.000000,0.000000,0.000000,0.000000,0.000000,0.000000,0.000000,0,0,0,0,0,0.000000,0.000000,0.000000,0.000000,0.000000,0.000000,0.000000,0.000000,0,0,0,0,0
1407,3,2.412720,0.000970,0.000000,0.000034,0.180861,0.854221,0.850542,0.160166,0.001756,0.237071,0.049140,0.003794,0.000000,0.000078,0.000037,0.023126,0.000017,0.135390,0.000444,0.501109,0.000000,0.000000,0.000000,0,0,0.000000,0.000000,0.000000,0.000000,0.000000,0.000000,0.000000,0.000000,0.000000,0.000000,0.000000,0.000000,0.000000,0.000000,0,0,0,0,0,0.000000,0.000000,0.000000,0.000000,0.000000,0.000000,0.000000,0.000000,0,0,0,0,0
1408,3,7.873898,4.253567,4.221707,0.000034,0.200304,0.847466,0.843787,0.173848,0.001756,0.236945,0.049015,0.003794,0.000000,0.000078,0.000037,0.023126,0.000017,0.116214,0.000444,0.481513,0.000000,0.000000,0.000000,0,0,0.000000,0.000000,0.000000,0.000000,0.000000,0.000000,0.000000,0.000000,0.000000,0.000000,0.000000,0.000000,0.000000,0.000000,0,0,0,0,0,0.000000,0.000000,0.000000,0.000000,0.000000,0.000000,0.000000,0.000000,0,0,0,0,0
1409,3,2.397481,0.000970,0.000000,0.000034,0.194797,0.858554,0.854875,0.177443,0.001756,0.254228,0.049015,0.003794,0.000000,0.000078,0.000037,0.023126,0.000017,0.116214,0.000444,0.505870,0.000000,0.000000,0.000000,0,0,0.000000,0.000000,0.000000,0.000000,0.000000,0.000000,0.000000,0.000000,0.000000,0.000000,0.000000,0.000000,0.000000,0.000000,0,0,0,0,0,0.000000,0.000000,0.000000,0.000000,0.000000,0.000000,0.000000,0.000000,0,0,0,0,0
1410,3,2.315565,0.031799,0.000000,0.000034,0.195797,0.722263,0.718584,0.161221,0.001756,0.237773,0.049842,0.003794,0.000000,0.000078,0.000037,0.023126,0.000017,0.129886,0.000444,0.487091,0.000000,0.000000,0.000000,0,0,0.000000,0.000000,0.000000,0.000000,0.000000,0.000000,0.000000,0.000000,0.000000,0.000000,0.000000,0.000000,0.000000,0.000000,0,0,0,0,0,0.000000,0.000000,0.000000,0.000000,0.000000,0.000000,0.000000,0.000000,0,0,0,0,0
1411,3,2.409519,0.000970,0.000000,0.000034,0.205444,0.689416,0.685737,0.182627,0.001756,0.258725,0.049015,0.003794,0.000000,0.000078,0.000037,0.023126,0.000017,0.116214,0.000444,0.482791,0.000000,0.000000,0.000000,0,0,0.000000,0.000000,0.000000,0.000000,0.000000,0.000000,0.000000,0.000000,0.000000,0.000000,0.000000,0.000000,0.000000,0.000000,0,0,0,0,0,0.000000,0.000000,0.000000,0.000000,0.000000,0.000000,0.000000,0.000000,0,0,0,0,0
1412,3,2.428897,0.031799,0.000000,0.000034,0.202555,0.688256,0.684577,0.160166,0.001756,0.252330,0.049015,0.003794,0.000000,0.000078,0.000037,0.023126,0.000017,0.116214,0.000444,0.486905,0.000000,0.000000,0.000000,0,0,0.000000,0.000000,0.000000,0.000000,0.000000,0.000000,0.000000,0.000000,0.000000,0.000000,0.000000,0.000000,0.000000,0.000000,0,0,0,0,0,0.000000,0.000000,0.000000,0.000000,0.000000,0.000000,0.000000,0.000000,0,0,0,0,0
1413,3,2.541239,0.000970,0.000000,0.000034,0.198619,0.810733,0.807054,0.179284,0.001756,0.237071,0.049140,0.003794,0.000000,0.000078,0.000037,0.023126,0.000017,0.116214,0.000444,0.480075,0.000000,0.000000,0.000000,0,0,0.000000,0.000000,0.000000,0.000000,0.000000,0.000000,0.000000,0.000000,0.000000,0.000000,0.000000,0.000000,0.000000,0.000000,0,0,0,0,0,0.000000,0.000000,0.000000,0.000000,0.000000,0.000000,0.000000,0.000000,0,0,0,0,0
1414,3,2.527642,0.050741,0.000000,0.000034,0.184943,0.791680,0.788001,0.177032,0.001756,0.237196,0.049266,0.003794,0.000000,0.000078,0.000037,0.023126,0.000017,0.116214,0.000444,0.499135,0.000000,0.000000,0.000000,0,0,0.000000,0.000000,0.000000,0.000000,0.000000,0.000000,0.000000,0.000000,0.000000,0.000000,0.000000,0.000000,0.000000,0.000000,0,0,0,0,0,0.000000,0.000000,0.000000,0.000000,0.000000,0.000000,0.000000,0.000000,0,0,0,0,0
1415,3,2.466146,0.000970,0.000000,0.000034,0.177551,0.773526,0.769847,0.179213,0.001756,0.237773,0.049842,0.003794,0.000000,0.000078,0.000037,0.023126,0.000017,0.116214,0.000444,0.480540,0.000000,0.000000,0.000000,0,0,0.000000,0.000000,0.000000,0.000000,0.000000,0.000000,0.000000,0.000000,0.000000,0.000000,0.000000,0.000000,0.000000,0.000000,0,0,0,0,0,0.000000,0.000000,0.000000,0.000000,0.000000,0.000000,0.000000,0.000000,0,0,0,0,0
1416,3,2.649116,0.031799,0.000000,0.000034,0.179003,0.833920,0.830241,0.160166,0.001756,0.253815,0.049015,0.003794,0.000000,0.000078,0.000037,0.023126,0.000017,0.116214,0.000444,0.485782,0.000000,0.000000,0.000000,0,0,0.000000,0.000000,0.000000,0.000000,0.000000,0.000000,0.000000,0.000000,0.000000,0.000000,0.000000,0.000000,0.000000,0.000000,0,0,0,0,0,0.000000,0.000000,0.000000,0.000000,0.000000,0.000000,0.000000,0.000000,0,0,0,0,0
1417,3,2.618863,0.000970,0.000000,0.000034,0.177551,0.824666,0.820987,0.159719,0.001756,0.255781,0.049266,0.003794,0.000000,0.000078,0.000037,0.023126,0.000017,0.116214,0.000444,0.481476,0.000000,0.000000,0.000000,0,0,0.000000,0.000000,0.000000,0.000000,0.000000,0.000000,0.000000,0.000000,0.000000,0.000000,0.000000,0.000000,0.000000,0.000000,0,0,0,0,0,0.000000,0.000000,0.000000,0.000000,0.000000,0.000000,0.000000,0.000000,0,0,0,0,0
1418,3,2.503062,0.031799,0.000000,0.000034,0.180454,0.830326,0.826647,0.160166,0.001756,0.237094,0.049164,0.003794,0.000000,0.000078,0.000037,0.023126,0.000017,0.131629,0.000444,0.476963,0.000000,0.000000,0.000000,0,0,0.000000,0.000000,0.000000,0.000000,0.000000,0.000000,0.000000,0.000000,0.000000,0.000000,0.000000,0.000000,0.000000,0.000000,0,0,0,0,0,0.000000,0.000000,0.000000,0.000000,0.000000,0.000000,0.000000,0.000000,0,0,0,0,0
1419,3,2.556112,0.000970,0.000000,0.000034,0.202915,0.834839,0.831160,0.161221,0.001756,0.237600,0.049669,0.003794,0.000000,0.000078,0.000037,0.045508,0.000017,0.116214,0.000444,0.484338,0.000000,0.000000,0.000000,0,0,0.000000,0.000000,0.000000,0.000000,0.000000,0.000000,0.000000,0.000000,0.000000,0.000000,0.000000,0.000000,0.000000,0.000000,0,0,0,0,0,0.000000,0.000000,0.000000,0.000000,0.000000,0.000000,0.000000,0.000000,0,0,0,0,0
1420,3,2.521054,0.031799,0.000000,0.000034,0.200331,0.663822,0.660143,0.183655,0.001756,0.256680,0.049035,0.003794,0.000000,0.000078,0.000037,0.023126,0.000017,0.116214,0.000444,0.504717,0.000000,0.000000,0.000000,0,0,0.000000,0.000000,0.000000,0.000000,0.000000,0.000000,0.000000,0.000000,0.000000,0.000000,0.000000,0.000000,0.000000,0.000000,0,0,0,0,0,0.000000,0.000000,0.000000,0.000000,0.000000,0.000000,0.000000,0.000000,0,0,0,0,0
1421,3,2.497138,0.000970,0.000000,0.000034,0.177551,0.698493,0.694814,0.161221,0.001756,0.236972,0.049035,0.026255,0.000000,0.000078,0.000037,0.041836,0.000017,0.116214,0.000444,0.482127,0.000000,0.000000,0.000000,0,0,0.000000,0.000000,0.000000,0.000000,0.000000,0.000000,0.000000,0.000000,0.000000,0.000000,0.000000,0.000000,0.000000,0.000000,0,0,0,0,0,0.000000,0.000000,0.000000,0.000000,0.000000,0.000000,0.000000,0.000000,0,0,0,0,0
1422,3,2.608504,0.031799,0.000000,0.000034,0.177551,0.798170,0.794491,0.159322,0.001756,0.267860,0.049035,0.003794,0.000000,0.000078,0.000037,0.023126,0.000017,0.116214,0.000444,0.477010,0.000000,0.000000,0.000000,0,0,0.000000,0.000000,0.000000,0.000000,0.000000,0.000000,0.000000,0.000000,0.000000,0.000000,0.000000,0.000000,0.000000,0.000000,0,0,0,0,0,0.000000,0.000000,0.000000,0.000000,0.000000,0.000000,0.000000,0.000000,0,0,0,0,0
1423,3,2.542589,0.000970,0.000000,0.000034,0.177551,0.772393,0.768714,0.159322,0.001756,0.259349,0.049035,0.003794,0.000000,0.000078,0.000037,0.023126,0.000017,0.116214,0.000444,0.503001,0.000000,0.000000,0.000000,0,0,0.000000,0.000000,0.000000,0.000000,0.000000,0.000000,0.000000,0.000000,0.000000,0.000000,0.000000,0.000000,0.000000,0.000000,0,0,0,0,0,0.000000,0.000000,0.000000,0.000000,0.000000,0.000000,0.000000,0.000000,0,0,0,0,0
1424,3,2.558811,0.031799,0.000000,0.000034,0.197164,0.743032,0.739353,0.159322,0.001756,0.253916,0.049035,0.003794,0.000000,0.000078,0.000037,0.023126,0.000017,0.116214,0.000444,0.497670,0.000000,0.000000,0.000000,0,0,0.000000,0.000000,0.000000,0.000000,0.000000,0.000000,0.000000,0.000000,0.000000,0.000000,0.000000,0.000000,0.000000,0.000000,0,0,0,0,0,0.000000,0.000000,0.000000,0.000000,0.000000,0.000000,0.000000,0.000000,0,0,0,0,0
1425,3,2.693702,0.000970,0.000000,0.000034,0.191193,0.894870,0.891191,0.179582,0.001756,0.236925,0.049160,0.003794,0.000000,0.000078,0.000037,0.023126,0.000017,0.116214,0.000444,0.497599,0.000000,0.000000,0.000000,0,0,0.000000,0.000000,0.000000,0.000000,0.000000,0.000000,0.000000,0.000000,0.000000,0.000000,0.000000,0.000000,0.000000,0.000000,0,0,0,0,0,0.000000,0.000000,0.000000,0.000000,0.000000,0.000000,0.000000,0.000000,0,0,0,0,0
1426,3,2.830302,0.031799,0.000000,0.000034,0.198012,0.839047,0.835368,0.182326,0.001756,0.237627,0.049862,0.003794,0.000000,0.000078,0.000037,0.023126,0.000017,0.134460,0.000444,0.492516,0.000000,0.000000,0.000000,0,0,0.000000,0.000000,0.000000,0.000000,0.000000,0.000000,0.000000,0.000000,0.000000,0.000000,0.000000,0.000000,0.000000,0.000000,0,0,0,0,0,0.000000,0.000000,0.000000,0.000000,0.000000,0.000000,0.000000,0.000000,0,0,0,0,0
1427,3,2.782756,0.000970,0.000000,0.000034,0.202084,0.881002,0.877323,0.150798,0.001756,0.236799,0.049035,0.003794,0.000000,0.000078,0.000037,0.023126,0.000017,0.134898,0.000444,0.504530,0.000000,0.000000,0.000000,0,0,0.000000,0.000000,0.000000,0.000000,0.000000,0.000000,0.000000,0.000000,0.000000,0.000000,0.000000,0.000000,0.000000,0.000000,0,0,0,0,0,0.000000,0.000000,0.000000,0.000000,0.000000,0.000000,0.000000,0.000000,0,0,0,0,0
1428,3,6.579241,3.647525,3.615665,0.000034,0.196469,1.129188,1.125509,0.136054,0.001756,0.255188,0.067424,0.003794,0.000000,0.000078,0.000037,0.023126,0.000017,0.116214,0.000444,0.482334,0.000000,0.000000,0.000000,0,0,0.000000,0.000000,0.000000,0.000000,0.000000,0.000000,0.000000,0.000000,0.000000,0.000000,0.000000,0.000000,0.000000,0.000000,0,0,0,0,0,0.000000,0.000000,0.000000,0.000000,0.000000,0.000000,0.000000,0.000000,0,0,0,0,0
1429,3,3.342645,0.000970,0.000000,0.000034,0.201385,1.442939,1.439260,0.135796,0.001756,0.258664,0.049286,0.003794,0.000000,0.000078,0.000037,0.023126,0.000017,0.116214,0.000444,0.505585,0.000000,0.000000,0.000000,0,0,0.000000,0.000000,0.000000,0.000000,0.000000,0.000000,0.000000,0.000000,0.000000,0.000000,0.000000,0.000000,0.000000,0.000000,0,0,0,0,0,0.000000,0.000000,0.000000,0.000000,0.000000,0.000000,0.000000,0.000000,0,0,0,0,0
1430,3,3.756331,0.031799,0.000000,0.000034,0.180454,1.834262,1.830583,0.136054,0.001756,0.278073,0.049286,0.003794,0.000000,0.000078,0.000037,0.023037,0.000017,0.116214,0.000444,0.480516,0.000000,0.000000,0.000000,0,0,0.000000,0.000000,0.000000,0.000000,0.000000,0.000000,0.000000,0.000000,0.000000,0.000000,0.000000,0.000000,0.000000,0.000000,0,0,0,0,0,0.000000,0.000000,0.000000,0.000000,0.000000,0.000000,0.000000,0.000000,0,0,0,0,0
1431,3,3.737668,0.000970,0.000000,0.000034,0.180400,1.818054,1.814375,0.151449,0.001756,0.256778,0.049862,0.003794,0.000000,0.000078,0.000037,0.045498,0.000017,0.116214,0.000444,0.482418,0.000000,0.000000,0.000000,0,0,0.000000,0.000000,0.000000,0.000000,0.000000,0.000000,0.000000,0.000000,0.000000,0.000000,0.000000,0.000000,0.000000,0.000000,0,0,0,0,0,0.000000,0.000000,0.000000,0.000000,0.000000,0.000000,0.000000,0.000000,0,0,0,0,0
1432,3,3.773543,0.031799,0.000000,0.000034,0.184889,1.840166,1.836568,0.136054,0.001756,0.256280,0.049862,0.003794,0.000000,0.000078,0.000037,0.023037,0.000017,0.138675,0.000444,0.482944,0.000000,0.000000,0.000000,0,0,0.000000,0.000000,0.000000,0.000000,0.000000,0.000000,0.000000,0.000000,0.000000,0.000000,0.000000,0.000000,0.000000,0.000000,0,0,0,0,0,0.000000,0.000000,0.000000,0.000000,0.000000,0.000000,0.000000,0.000000,0,0,0,0,0
1433,3,3.838284,0.000970,0.000000,0.000034,0.184889,1.839152,1.835812,0.136054,0.001756,0.256307,0.069570,0.003794,0.000000,0.000078,0.000037,0.023037,0.000017,0.116214,0.000444,0.505788,0.000000,0.000000,0.000000,0,0,0.000000,0.000000,0.000000,0.000000,0.000000,0.000000,0.000000,0.000000,0.000000,0.000000,0.000000,0.000000,0.000000,0.000000,0,0,0,0,0,0.000000,0.000000,0.000000,0.000000,0.000000,0.000000,0.000000,0.000000,0,0,0,0,0
1434,3,3.718814,0.031799,0.000000,0.000034,0.177460,1.655863,1.652523,0.178226,0.001756,0.256378,0.049035,0.003794,0.000000,0.000078,0.000037,0.023037,0.000017,0.116214,0.000444,0.502998,0.000000,0.000000,0.000000,0,0,0.000000,0.000000,0.000000,0.000000,0.000000,0.000000,0.000000,0.000000,0.000000,0.000000,0.000000,0.000000,0.000000,0.000000,0,0,0,0,0,0.000000,0.000000,0.000000,0.000000,0.000000,0.000000,0.000000,0.000000,0,0,0,0,0
1435,3,3.862918,0.000970,0.000000,0.000034,0.194105,1.666538,1.663198,0.136061,0.001756,0.235897,0.049160,0.003794,0.000000,0.000078,0.000037,0.023037,0.000017,0.116214,0.000444,0.494371,0.000000,0.000000,0.000000,0,0,0.000000,0.000000,0.000000,0.000000,0.000000,0.000000,0.000000,0.000000,0.000000,0.000000,0.000000,0.000000,0.000000,0.000000,0,0,0,0,0,0.000000,0.000000,0.000000,0.000000,0.000000,0.000000,0.000000,0.000000,0,0,0,0,0
1436,3,3.876912,0.031799,0.000000,0.000034,0.178911,1.696937,1.693597,0.137122,0.001756,0.236023,0.049286,0.003794,0.000000,0.000078,0.000037,0.023037,0.000017,0.116214,0.000444,0.507867,0.000000,0.000000,0.000000,0,0,0.000000,0.000000,0.000000,0.000000,0.000000,0.000000,0.000000,0.000000,0.000000,0.000000,0.000000,0.000000,0.000000,0.000000,0,0,0,0,0,0.000000,0.000000,0.000000,0.000000,0.000000,0.000000,0.000000,0.000000,0,0,0,0,0
1437,3,3.684252,0.000970,0.000000,0.000034,0.180362,1.661719,1.658379,0.135620,0.001756,0.255246,0.049286,0.003794,0.000000,0.000078,0.000037,0.023037,0.000017,0.116214,0.000444,0.482520,0.000000,0.000000,0.000000,0,0,0.000000,0.000000,0.000000,0.000000,0.000000,0.000000,0.000000,0.000000,0.000000,0.000000,0.000000,0.000000,0.000000,0.000000,0,0,0,0,0,0.000000,0.000000,0.000000,0.000000,0.000000,0.000000,0.000000,0.000000,0,0,0,0,0
1438,3,3.578918,0.031799,0.000000,0.000034,0.180362,1.660489,1.657149,0.135620,0.001756,0.256246,0.049035,0.003794,0.000000,0.000078,0.000037,0.023037,0.000017,0.116214,0.000444,0.483124,0.000000,0.000000,0.000000,0,0,0.000000,0.000000,0.000000,0.000000,0.000000,0.000000,0.000000,0.000000,0.000000,0.000000,0.000000,0.000000,0.000000,0.000000,0,0,0,0,0,0.000000,0.000000,0.000000,0.000000,0.000000,0.000000,0.000000,0.000000,0,0,0,0,0
1439,3,3.591777,0.000970,0.000000,0.000034,0.177460,1.712307,1.708967,0.137122,0.001756,0.255327,0.049862,0.003794,0.000000,0.000078,0.000037,0.023037,0.000017,0.116214,0.000444,0.480506,0.000000,0.000000,0.000000,0,0,0.000000,0.000000,0.000000,0.000000,0.000000,0.000000,0.000000,0.000000,0.000000,0.000000,0.000000,0.000000,0.000000,0.000000,0,0,0,0,0,0.000000,0.000000,0.000000,0.000000,0.000000,0.000000,0.000000,0.000000,0,0,0,0,0
