[    0.0150] Program Path: /home/spider/tyrax2-debugger-linux-v1/squashfs-root/usr/bin/pcsx2-qt
[    0.0150] AppRoot Directory: /home/spider/tyrax2-debugger-linux-v1/squashfs-root/usr/bin
[    0.0150] Resources Directory: /home/spider/tyrax2-debugger-linux-v1/squashfs-root/usr/bin/resources
[    0.0150] DataRoot Directory: /home/spider/paused-clock-production-v3/profile/PCSX2
[    0.0150] Loading config from /home/spider/paused-clock-production-v3/profile/PCSX2/inis/PCSX2.ini.
[    0.0152] Loading secrets from /home/spider/paused-clock-production-v3/profile/PCSX2/inis/secrets.ini.
[    0.0157] BIOS Directory: /mnt/c/Users/pawel/OneDrive/Documents/PCSX2/bios
[    0.0157] Snapshots Directory: /home/spider/paused-clock-production-v3/profile/PCSX2/snaps
[    0.0157] Savestates Directory: /home/spider/paused-clock-production-v3/profile/PCSX2/sstates
[    0.0157] MemoryCards Directory: /home/spider/paused-clock-production-v3/profile/PCSX2/memcards
[    0.0157] Logs Directory: /home/spider/paused-clock-production-v3/profile/PCSX2/logs
[    0.0157] Cheats Directory: /home/spider/paused-clock-production-v3/profile/PCSX2/cheats
[    0.0157] Patches Directory: /home/spider/paused-clock-production-v3/profile/PCSX2/patches
[    0.0157] Covers Directory: /home/spider/paused-clock-production-v3/profile/PCSX2/covers
[    0.0157] Game Settings Directory: /home/spider/paused-clock-production-v3/profile/PCSX2/gamesettings
[    0.0157] Resources Directory: /home/spider/tyrax2-debugger-linux-v1/squashfs-root/usr/bin/resources
[    0.0157] User Resources Directory: /home/spider/paused-clock-production-v3/profile/PCSX2/resources
[    0.0157] Cache Directory: /home/spider/paused-clock-production-v3/profile/PCSX2/cache
[    0.0157] Textures Directory: /home/spider/paused-clock-production-v3/profile/PCSX2/textures
[    0.0157] Input Profile Directory: /home/spider/paused-clock-production-v3/profile/PCSX2/inputprofiles
[    0.0157] Video Dumping Directory: /home/spider/paused-clock-production-v3/profile/PCSX2/videos
[    0.0157] Debugger Layouts Directory: /home/spider/paused-clock-production-v3/profile/PCSX2/inis/debuggerlayouts
[    0.0157] Debugger Settings Directory: /home/spider/paused-clock-production-v3/profile/PCSX2/inis/debuggersettings
[    0.0296] Loaded translation file for language en-US
[    0.0387] PCSX2 v2.9.93
[    0.0388] Savestate version: 0x9a590000
[    0.0388] 
[    0.0388] 
[    0.0388] Host Machine Init:
[    0.0389]   Operating System = Ubuntu 22.04
[    0.0389]   Available RAM    = 49173 MB (48.02 GB)
[    0.0389]   Physical RAM     = 50191 MB (49.02 GB)
[    0.0389] 
[    0.0389]   Processor        = AMD Ryzen Threadripper 1920X
[    0.0389]   Core Count       = 24 cores
[    0.0389]   Thread Count     = 24 threads
[    0.0389]   Cluster Count    = 1 clusters
[    0.0389] CPU Extensions Detected:
[    0.0389]   AVX AVX2
[    0.0389] 
[    0.0389] Allocating host memory for virtual systems...
[    0.0392]   EE Main Memory                   @ 0x00007F244B200000 -> 0x00007F2454100000 [143mb]
[    0.0392]   IOP Main Memory                  @ 0x00007F2454100000 -> 0x00007F245C200000 [129mb]
[    0.0392]   VU0/1 On-Chip Memory             @ 0x00007F245C200000 -> 0x00007F245C300000 [1mb]
[    0.0392]   VTLB Virtual Map                 @ 0x00007F245C300000 -> 0x00007F245CB00000 [8mb]
[    0.0392]   VTLB Address Map                 @ 0x00007F245CB00000 -> 0x00007F245CF00000 [4mb]
[    0.0392]   R5900 Recompiler Cache           @ 0x00007F245CF00000 -> 0x00007F2460F00000 [64mb]
[    0.0392]   R3000A Recompiler Cache          @ 0x00007F2460F00000 -> 0x00007F2462F00000 [32mb]
[    0.0392]   Micro VU0 Recompiler Cache       @ 0x00007F2463F00000 -> 0x00007F2467F00000 [64mb]
[    0.0392]   Micro VU1 Recompiler Cache       @ 0x00007F2467F00000 -> 0x00007F246BF00000 [64mb]
[    0.0393]   VIF0 Unpack Recompiler Cache     @ 0x00007F2462F00000 -> 0x00007F2463700000 [8mb]
[    0.0393]   VIF1 Unpack Recompiler Cache     @ 0x00007F2463700000 -> 0x00007F2463F00000 [8mb]
[    0.0393]   VIF Unpack Recompiler Cache      @ 0x00007F246BF00000 -> 0x00007F246C000000 [1mb]
[    0.0393]   GS Software Renderer             @ 0x00007F246C000000 -> 0x00007F2470000000 [64mb]
[    0.0422] Fastmem area: 0x7f234b200000 - 0x7f244b1fffff
[    0.0428] Generating SSE-optimized unpacking functions for VIF interpreters...
[    0.0431] Unpack function generation complete.  Generated function statistics:
[    0.0431]   Reserved buffer    : 1048576 bytes @ 0x00007F246BF00000
[    0.0431]   x86 code generated : 7422 bytes
[    0.0431] 
[    0.0434] SDLInputSource: Using Controller DB from resources.
[    0.0619] SDLInputSource: 765 gamepad mappings are loaded.
[    0.0620] Invalid binding: 'XInput-0/DPadUp'
[    0.0620] Invalid binding: 'XInput-0/DPadRight'
[    0.0620] Invalid binding: 'XInput-0/DPadDown'
[    0.0620] Invalid binding: 'XInput-0/DPadLeft'
[    0.0620] Invalid binding: 'XInput-0/Y'
[    0.0620] Invalid binding: 'XInput-0/B'
[    0.0620] Invalid binding: 'XInput-0/A'
[    0.0620] Invalid binding: 'XInput-0/X'
[    0.0620] Invalid binding: 'XInput-0/Back'
[    0.0620] Invalid binding: 'XInput-0/Start'
[    0.0620] Invalid binding: 'XInput-0/LeftShoulder'
[    0.0620] Invalid binding: 'XInput-0/+LeftTrigger'
[    0.0620] Invalid binding: 'XInput-0/RightShoulder'
[    0.0620] Invalid binding: 'XInput-0/+RightTrigger'
[    0.0620] Invalid binding: 'XInput-0/LeftStick'
[    0.0620] Invalid binding: 'XInput-0/RightStick'
[    0.0620] Invalid binding: 'XInput-0/Guide'
[    0.0620] Invalid binding: 'XInput-0/-LeftY'
[    0.0620] Invalid binding: 'XInput-0/+LeftX'
[    0.0620] Invalid binding: 'XInput-0/+LeftY'
[    0.0620] Invalid binding: 'XInput-0/-LeftX'
[    0.0621] Invalid binding: 'XInput-0/-RightY'
[    0.0621] Invalid binding: 'XInput-0/+RightX'
[    0.0621] Invalid binding: 'XInput-0/+RightY'
[    0.0621] Invalid binding: 'XInput-0/-RightX'
[    0.0626] Settings: Advanced Settings are enabled; only proceed if you know what you're doing! No support will be provided if you have the option enabled.
[    0.1112] Scanning F:\PS2\Games (recursively)
[    0.1143] Loading BIOS...
[    0.1254] BIOS Found: Europe  v02.00(14/06/2004)  Console 20040614-100914
[    0.1739] Mechacon version: 0x00020603
[    0.1751] Opening CDVD...
[    0.2051] Initializing Elf: 4625628 bytes
[    0.2061] Disc changed to .
[    0.2062]   Name: vehicle-playground [?]
[    0.2062]   Serial: vehicle-playground
[    0.2062]   Version: 
[    0.2062]   CRC: 982BE0A0
[    0.2062] No game settings found (tried '/home/spider/paused-clock-production-v3/profile/PCSX2/gamesettings/982BE0A0.ini')
[    0.2062] Applying settings...
[    0.2065] Invalid binding: 'XInput-0/DPadUp'
[    0.2065] Invalid binding: 'XInput-0/DPadRight'
[    0.2065] Invalid binding: 'XInput-0/DPadDown'
[    0.2065] Invalid binding: 'XInput-0/DPadLeft'
[    0.2065] Invalid binding: 'XInput-0/Y'
[    0.2065] Invalid binding: 'XInput-0/B'
[    0.2065] Invalid binding: 'XInput-0/A'
[    0.2065] Invalid binding: 'XInput-0/X'
[    0.2065] Invalid binding: 'XInput-0/Back'
[    0.2065] Invalid binding: 'XInput-0/Start'
[    0.2065] Invalid binding: 'XInput-0/LeftShoulder'
[    0.2065] Invalid binding: 'XInput-0/+LeftTrigger'
[    0.2065] Invalid binding: 'XInput-0/RightShoulder'
[    0.2065] Invalid binding: 'XInput-0/+RightTrigger'
[    0.2066] Invalid binding: 'XInput-0/LeftStick'
[    0.2066] Invalid binding: 'XInput-0/RightStick'
[    0.2066] Invalid binding: 'XInput-0/Guide'
[    0.2066] Invalid binding: 'XInput-0/-LeftY'
[    0.2066] Invalid binding: 'XInput-0/+LeftX'
[    0.2066] Invalid binding: 'XInput-0/+LeftY'
[    0.2066] Invalid binding: 'XInput-0/-LeftX'
[    0.2066] Invalid binding: 'XInput-0/-RightY'
[    0.2066] Invalid binding: 'XInput-0/+RightX'
[    0.2066] Invalid binding: 'XInput-0/+RightY'
[    0.2066] Invalid binding: 'XInput-0/-RightX'
[    0.2068] GameDB: Has not been initialized yet, initializing...
[    0.2522] GameDB: 12841 games on record (loaded in 45.42ms)
[    0.2547] Reopening memory cards...
[    0.2548] (FileMcd) Creating new 8MB memory card: /home/spider/paused-clock-production-v3/profile/PCSX2/memcards/Mcd001.ps2
[    0.2640] McdSlot 0 [File]: Mcd001.ps2 [8 MB, UNFORMATTED]
[    0.2640] McdSlot 1 [File]: [disabled/empty filename]
[    0.2695] HLE Host: Set 'host:' root path to: /mnt/f/Projects/tyrax2-lab-20261001/paused-clock-production-vehicle-v1/game/bin
[    0.2699] EE/iR5900 Recompiler Reset
[    0.2938] iR3000A Recompiler reset.
[    0.3002] mVU Reset
[    0.3007] mVU Reset
[    0.3048] Resetting host memory for virtual systems...
[    0.5432] Time Zone Offset: GMT+01:00
[    0.5432] Time Zone Location: Berlin
[    0.5432] DST: Winter Time
[    0.5432] Time Format: 24-Hour
[    0.5432] Date Format: DD/MM/YYYY
[    0.5433] System Time Basis: Operating System Time
[    0.5433] Resulting System Time: 2026-10-05 23:20:51
[    0.5433] Close virtual disk tray
[    0.5433] Media already loaded (fast boot)
[    0.5433] Opening GS...
[    0.5805] VK: Enabling extension: VK_KHR_get_surface_capabilities2
[    0.5908] Using Vulkan GPU 'llvmpipe (LLVM 15.0.7, 256 bits)' for automatic renderer check.
[    0.5908] Not using Vulkan for software renderer.
[    0.5909] acquireRenderWindow() recreate=true fullscreen=false render_to_main=false surfaceless=false
[    0.5961] (GetRefreshRateFromXRandR) Modeline is invalid: 0/0/0
[    0.5961] Surface refresh rate: 60 Hz
[    0.5962] Loading EGL from libEGL.so...
[    0.5976] GLAD EGL Version: 1.0
[    0.5976] Using EGL platform EGL_EXT_platform_x11.
[    0.6072] eglInitialize() version: 1.5
[    0.6073] GLAD EGL Version: 1.5
[    0.6073] Trying GL version 4.6
[    0.6074] eglCreateContext() failed: 0x3009
[    0.6074] Trying GL version 4.5
[    0.6174] Got GL version 4.5
[    0.6174] EGL_MIN_SWAP_INTERVAL = 1
[    0.6175] EGL_MAX_SWAP_INTERVAL = 1
[    0.6175] Negative swap interval/tear-control is NOT supported
[    0.6199] GL_VENDOR: Mesa
[    0.6199] GL_VERSION: 4.5 (Core Profile) Mesa 23.2.1-1ubuntu3.1~22.04.4
[    0.6199] GL_RENDERER: llvmpipe (LLVM 15.0.7, 256 bits)
[    0.6199] GL_SHADING_LANGUAGE_VERSION: 4.50
[    0.6200] GL_MAX_VERTEX_SHADER_STORAGE_BLOCKS: 16
[    0.6200] GL: Viewport Array:            Supported       => Using: GL_ARB_viewport_array
[    0.6200] GL: Direct State Access:       Supported       => Using: OpenGL 4.5 Core
[    0.6200] GL: Copy Image:                Supported       => Using: OpenGL 4.3 Core
[    0.6200] GL: Clip Control:              Supported       => Using: OpenGL 4.5 Core
[    0.6200] GL: Conservative Depth:        Supported       => Using: OpenGL 4.2 Core
[    0.6200] GL: CAS Sharpening:            Supported       => Using: OpenGL 4.2 Core
[    0.6200] GL: Texture Barriers:          Auto            => Using: Framebuffer Fetch
[    0.6200] GL: RGBA16 HW Blending:        Supported       => Using: RGBA16 UNORM
[    0.6200] GL: Point Expansion:           Supported       => Using: Hardware
[    0.6200] GL: Line Expansion:            Fallback        => Using: Vertex Expansion
[    0.6200] GL: Sprite Expansion:          Supported       => Using: Vertex Expansion
[    0.6200] GL: DXTn Texture Compression:  Supported       => Using: GL_EXT_texture_compression_s3tc
[    0.6200] GL: BC6/7 Texture Compression: Supported       => Using: OpenGL 4.2 Core
[    0.6223] 1 program binary formats supported by driver
[    0.6435] Program binary retrieved, 4105 bytes, format 34655
[    0.6439] Program binary retrieved, 4121 bytes, format 34655
[    0.6443] Program binary retrieved, 4249 bytes, format 34655
[    0.6446] Program binary retrieved, 4013 bytes, format 34655
[    0.6450] Program binary retrieved, 4013 bytes, format 34655
[    0.6454] Program binary retrieved, 4017 bytes, format 34655
[    0.6457] Program binary retrieved, 4017 bytes, format 34655
[    0.6461] Program binary retrieved, 4185 bytes, format 34655
[    0.6465] Program binary retrieved, 4217 bytes, format 34655
[    0.6468] Program binary retrieved, 4137 bytes, format 34655
[    0.6472] Program binary retrieved, 4125 bytes, format 34655
[    0.6475] Program binary retrieved, 4121 bytes, format 34655
[    0.6481] Program binary retrieved, 4253 bytes, format 34655
[    0.6487] Program binary retrieved, 4237 bytes, format 34655
[    0.6491] Program binary retrieved, 4245 bytes, format 34655
[    0.6494] Program binary retrieved, 4261 bytes, format 34655
[    0.6499] Program binary retrieved, 4965 bytes, format 34655
[    0.6504] Program binary retrieved, 4981 bytes, format 34655
[    0.6508] Program binary retrieved, 4261 bytes, format 34655
[    0.6512] Program binary retrieved, 4277 bytes, format 34655
[    0.6516] Program binary retrieved, 5005 bytes, format 34655
[    0.6521] Program binary retrieved, 5021 bytes, format 34655
[    0.6525] Program binary retrieved, 4257 bytes, format 34655
[    0.6529] Program binary retrieved, 4273 bytes, format 34655
[    0.6534] Program binary retrieved, 5001 bytes, format 34655
[    0.6538] Program binary retrieved, 5017 bytes, format 34655
[    0.6542] Program binary retrieved, 4277 bytes, format 34655
[    0.6546] Program binary retrieved, 4293 bytes, format 34655
[    0.6551] Program binary retrieved, 5057 bytes, format 34655
[    0.6556] Program binary retrieved, 5073 bytes, format 34655
[    0.6559] Program binary retrieved, 4153 bytes, format 34655
[    0.6563] Program binary retrieved, 4169 bytes, format 34655
[    0.6567] Program binary retrieved, 4233 bytes, format 34655
[    0.6572] Program binary retrieved, 5781 bytes, format 34655
[    0.6578] Program binary retrieved, 5373 bytes, format 34655
[    0.6584] Program binary retrieved, 6389 bytes, format 34655
[    0.6588] Program binary retrieved, 4917 bytes, format 34655
[    0.6592] Program binary retrieved, 4845 bytes, format 34655
[    0.6596] Program binary retrieved, 4997 bytes, format 34655
[    0.6600] Program binary retrieved, 4101 bytes, format 34655
[    0.6630] Program binary retrieved, 4137 bytes, format 34655
[    0.6663] Program binary retrieved, 4109 bytes, format 34655
[    0.6667] Program binary retrieved, 5389 bytes, format 34655
[    0.6672] Program binary retrieved, 5829 bytes, format 34655
[    0.6675] Program binary retrieved, 5857 bytes, format 34655
[    0.6679] Program binary retrieved, 4289 bytes, format 34655
[    0.6703] Program binary retrieved, 21205 bytes, format 34655
[    0.6706] Program binary retrieved, 4765 bytes, format 34655
[    0.6711] Program binary retrieved, 5685 bytes, format 34655
[    0.6714] Program binary retrieved, 4141 bytes, format 34655
[    0.6717] Program binary retrieved, 4537 bytes, format 34655
[    0.6720] Program binary retrieved, 4889 bytes, format 34655
[    0.6724] Program binary retrieved, 4117 bytes, format 34655
[    0.6727] Program binary retrieved, 4741 bytes, format 34655
[    0.6730] Program binary retrieved, 4965 bytes, format 34655
[    0.6738] Program binary retrieved, 6613 bytes, format 34655
[    0.6741] Program binary retrieved, 4797 bytes, format 34655
[    0.6757] Program binary retrieved, 13085 bytes, format 34655
[    0.6817] Program binary retrieved, 7285 bytes, format 34655
[    0.6872] Program binary retrieved, 5497 bytes, format 34655
[    0.6874] Program binary retrieved, 4141 bytes, format 34655
[    0.6878] Program binary retrieved, 4141 bytes, format 34655
[    0.6881] Program binary retrieved, 4145 bytes, format 34655
[    0.6885] Program binary retrieved, 4145 bytes, format 34655
[    0.7085] Program binary retrieved, 5369 bytes, format 34655
[    0.7099] OpenGL Graphics Driver Info:
[    0.7099] OpenGL Context:
[    0.7099] 4.5 (Core Profile) Mesa 23.2.1-1ubuntu3.1~22.04.4
[    0.7099] Mesa llvmpipe (LLVM 15.0.7, 256 bits)
[    0.7099] GLSL: 4.50
[    0.7127] Processor count: 24 cores, 24 processors, 1 clusters
[    0.7127] Ordered processor list: 12, 23, 22, 21, 20, 19, 18, 17, 16, 15, 14, 13, 0, 11, 10, 9, 8, 7, 6, 5, 4, 3, 2, 1
[    0.7127] Not pinning SW threads, we need 4 processors, but only have 0
[    0.7135] Opening SPU2...
[    0.7150] Creating Null audio stream, sample rate = 48000, expansion = Disabled, buffer = 50, latency = 32, stretching enabled, driver = wasapi, device = 
[    0.7150] Allocated buffer of 2432 frames for buffer of 50 ms [expansion Disabled (block size 2048), stretch disabled, target size 2432].
[    0.7150] Initializing Pad...
[    0.7151] Initializing SIO2...
[    0.7151] Initializing SIO0...
[    0.7151] Opening DEV9...
[    0.7151] DEV9: DEV9init
[    0.7152] DEV9: DEV9init2
[    0.7152] DEV9: DEV9init3
[    0.7171] DEV9: DEV9init ok
[    0.7171] DEV9: DEV9open
[    0.7171] Opening USB...
[    0.7171] Opening FW...
[    0.7174] Frame rate: 59.94, target speed: 1, target frame rate: 59.94, ticks per frame: 16683350
[    0.7210] VM subsystems initialized in 607.12 ms
[    0.7232] MultiPause time: 142ns
[    0.7241] MultiPause time: 142ns
[    0.7242] MultiPause time: 202ns
[    0.7242] MultiPause time: 142ns
[    0.7308] Failed to inhibit screen saver.
[    0.7308] Processor order assignment: EE=12, VU=23, GS=22
[    0.7308]   EE thread is on processor 12 (0x1000)
[    0.7308]   VU thread is on processor 23 (0x800000)
[    0.7309]   GS thread is on processor 22 (0x400000)
[    0.7406] Failed to inhibit screen saver.
[    0.7655] # Initialize memory (rev:3.70, ctm:197Mhz, cpuclk:147Mhz detected)
[    0.7743] R3000 Debugger: Branch to 0x890 (SYSMEM). Clearing modules.
[    0.7759] RegisterLibraryEntries: excepman version 1.01
[    0.7767] RegisterLibraryEntries:  intrman version 1.02
[    0.7768] RegisterLibraryEntries:   ssbusc version 1.01
[    0.7772] RegisterLibraryEntries:  dmacman version 1.02
[    0.7775] RegisterLibraryEntries:  timrman version 1.01
[    0.7778] RegisterLibraryEntries:  sysclib version 1.01
[    0.7779] RegisterLibraryEntries:    stdio version 1.01
[    0.7780] RegisterLibraryEntries:  heaplib version 1.01
[    0.7784] FW: read mem 0x1f80847c: 0x10000001
[    0.7784] FW: write mem 0x1f808414: 0x417f0000
[    0.7784] FW: read mem 0x1f808400: 0xffc00001
[    0.7784] FW: write mem 0x1f80844c: 0xffffffff
[    0.7784] FW: write mem 0x1f808420: 0xffffffff
[    0.7784] FW: write mem 0x1f808428: 0xffffffff
[    0.7784] FW: write mem 0x1f808430: 0xffffffff
[    0.7795] RegisterLibraryEntries:   thbase version 1.01
[    0.7795] RegisterLibraryEntries:  thevent version 1.01
[    0.7796] RegisterLibraryEntries:  thsemap version 1.01
[    0.7796] RegisterLibraryEntries:  thmsgbx version 1.01
[    0.7796] RegisterLibraryEntries:  thfpool version 1.01
[    0.7797] RegisterLibraryEntries:  thvpool version 1.01
[    0.7805] RegisterLibraryEntries:   vblank version 1.01
[    0.7810] RegisterLibraryEntries:    ioman version 1.02
[    0.7817] RegisterLibraryEntries:  modload version 1.01
[    0.7821] RegisterLibraryEntries:   romdrv version 2.01
[    0.7823] RegisterLibraryEntries:    stdio version 1.02
[    0.7827] RegisterLibraryEntries:   sifman version 1.01
[    0.7830] 
[    0.7830] PlayStation 2 ======== Hard reset boot
[    0.7832]  ROMGEN=2004-0614, IOP info (CPUID=1f, CACH_CONFIG=0, 2MB, IOP mode)
[    0.7834]  <20040614-100914,ROMconf,PS20200EC20040614.bin:11696>
[    0.7920] # Total accessable memory size: 32 MB (B:2:8:0) (370:2:7c30)
[    0.7930] # TLB spad=0 kernel=1:12 default=13:30 extended=31:38
[    0.8554] # Initialize Start.
[    0.8559] # Initialize GS ...
[    0.8559] # Initialize INTC ...
[    0.8559] # Initialize TIMER ...
[    0.8560] # Initialize DMAC ...
[    0.8561] # Initialize VU1 ...
[    0.8563] # Initialize VIF1 ...
[    0.8564] # Initialize GIF ...
[    0.8564] # Initialize VU0 ...
[    0.8566] # Initialize VIF0 ...
[    0.8566] # Initialize IPU ...
[    0.8568] # Initialize FPU ...
[    0.8568] # Initialize User Memory ...
[    0.9105] # Initialize Scratch Pad ...
[    0.9105] # Initialize Done.
[    0.9114] 
[    0.9114] EE DECI2 Manager version 0.06 Feb  6 2003 08:38:48
[    0.9114]   CPUID=2e20, BoardID=0, ROMGEN=2004-0614, 32M
[    0.9114] 
[    0.9117] RegisterLibraryEntries:   sifcmd version 1.01
[    0.9404] Initializing Elf: 4625628 bytes
[    0.9428] ELF Loading: host:vehicle-playground.elf, Game CRC = 982BE0A0, EntryPoint = 0x00100E78
[    0.9455] RegisterLibraryEntries:  cdvdman version 1.01
[    0.9518] RegisterLibraryEntries:  cdvdfsv version 1.01
[    0.9534] RegisterLibraryEntries:  secrman version 1.03
[    0.9535] RegisterLibraryEntries:   eesync version 1.01
[    0.9536] 
[    0.9536] IOP Realtime Kernel Ver.0.9.1
[    0.9536]     Copyright 1999 (C) Sony Computer Entertainment Inc. 
[    0.9542] Reboot service module.(99/11/10)
[    0.9563] cdvd driver module version 0.1.1 (C)SCEI
[    0.9568] Load File service.(99/11/05)
[    0.9568] Multi Threaded Fileio module.(99/11/15) 
[    0.9569] iop heap service (99/11/03)
[    0.9704] loadelf: fname host:vehicle-playground.elf secname all
[    0.9705] loadelf version 3.30
[    0.9730] Input ELF format filename = host:vehicle-playground.elf
[    1.0154] 1 00100000 0041cf3c ..................................................................
[    1.0154] Loaded, host:vehicle-playground.elf
[    1.0155] start address 0x100e78
[    1.0155] gp address 00000000
[    1.0164] # Restart Without Memory Clear.
[    1.0217] # Initialize GS ...
[    1.0218] # Initialize INTC ...
[    1.0218] # Initialize TIMER ...
[    1.0218] # Initialize DMAC ...
[    1.0218] # Initialize VU1 ...
[    1.0221] # Initialize VIF1 ...
[    1.0222] # Initialize GIF ...
[    1.0222] # Initialize VU0 ...
[    1.0222] # Initialize VIF0 ...
[    1.0222] # Initialize IPU ...
[    1.0222] # Initialize FPU ...
[    1.0222] # Initialize Scratch Pad ...
[    1.0222] # Restart Without Memory Clear Done.
[    1.0223] ELF host:vehicle-playground.elf with entry point at 0x00100E78 is executing.
[    1.0224] ELF changed, active CRC 982BE0A0 (host:vehicle-playground.elf)
[    1.0226] Applying core settings...
[    1.0230] Updating CPU configuration...
[    1.0230] iR3000A Recompiler reset.
[    1.0264] mVU Reset
[    1.0268] mVU Reset
[    1.0440] iR3000A Recompiler reset.
[    1.0471] mVU Reset
[    1.0471] mVU Reset
[    1.0504] EE/iR5900 Recompiler Reset
[    1.0655] BIOS: Successfully found the instruction pattern. Assuming the thread list is here: 8001a640
[    1.0678] Warning: GetOsdConfigParam2 Reading extended language/version configs, may be incorrect!
[    1.0774] read/write allocate memory 4000
[    1.0775] open name host:/ps2link.run flag 1 data 41378
[    1.0788] open fd = -5
[    1.0819] Get Reboot Request From EE
[    1.0832] R3000 Debugger: Branch to 0x890 (SYSMEM). Clearing modules.
[    1.0851] RegisterLibraryEntries: excepman version 1.01
[    1.0862] RegisterLibraryEntries:  intrman version 1.02
[    1.0863] RegisterLibraryEntries:   ssbusc version 1.01
[    1.0869] RegisterLibraryEntries:  dmacman version 1.02
[    1.0875] RegisterLibraryEntries:  timrman version 1.01
[    1.0880] RegisterLibraryEntries:  sysclib version 1.01
[    1.0881] RegisterLibraryEntries:    stdio version 1.01
[    1.0883] RegisterLibraryEntries:  heaplib version 1.01
[    1.0904] RegisterLibraryEntries:   thbase version 1.01
[    1.0905] RegisterLibraryEntries:  thevent version 1.01
[    1.0906] RegisterLibraryEntries:  thsemap version 1.01
[    1.0906] RegisterLibraryEntries:  thmsgbx version 1.01
[    1.0907] RegisterLibraryEntries:  thfpool version 1.01
[    1.0907] RegisterLibraryEntries:  thvpool version 1.01
[    1.0917] RegisterLibraryEntries:   vblank version 1.01
[    1.0921] RegisterLibraryEntries:    ioman version 1.02
[    1.0931] RegisterLibraryEntries:  modload version 1.01
[    1.0984] RegisterLibraryEntries:   romdrv version 2.01
[    1.0988] RegisterLibraryEntries:    stdio version 1.02
[    1.0992] RegisterLibraryEntries:   sifman version 1.01
[    1.0997] 
[    1.0997] PlayStation 2 ======== Soft reboot
[    1.1005] RegisterLibraryEntries:   sifcmd version 1.01
[    1.1041] RegisterLibraryEntries:  cdvdman version 1.01
[    1.1057] RegisterLibraryEntries:  cdvdfsv version 1.01
[    1.1121] RegisterLibraryEntries:  secrman version 1.03
[    1.1122] RegisterLibraryEntries:   eesync version 1.01
[    1.1125] 
[    1.1125] IOP Realtime Kernel Ver.0.9.1
[    1.1126]     Copyright 1999 (C) Sony Computer Entertainment Inc. 
[    1.1130] Reboot service module.(99/11/10)
[    1.1148] [EE] Skipping timeout loop at 0x002F7200 -> 0x002F7220
[    1.1148] cdvd driver module version 0.1.1 (C)SCEI
[    1.1151] Load File service.(99/11/05)
[    1.1152] Multi Threaded Fileio module.(99/11/15) 
[    1.1152] iop heap service (99/11/03)
[    1.1351] RegisterLibraryEntries:   iomanx version 1.01
[    1.1364] fileXio: fileXio: fileXio RPC Server v1.00
[    1.1364] Copyright (c) 2003 adresd
[    1.1367] RegisterLibraryEntries:  sio2man version 2.07
[    1.1371] RegisterLibraryEntries:  sio2man version 1.02
[    1.1379] RegisterLibraryEntries:   padman version 1.02
[    1.1381] Pad Driver for OSD
[    1.1385] FREESD v1.01
[    1.1386] RegisterLibraryEntries:    libsd version 1.04
[    1.1508] debug_level = 1 (ps2snd 0.1
[    1.1520] read/write allocate memory 4000
[    1.1520] open name host:/log.txt flag 302 data 41378
[    1.1540] open fd = 256
[    1.1580] greetings from version 0.93 !
[    1.1581] RegisterLibraryEntries:   audsrv version 1.04
[    1.1581] audsrv_adpcm_init()
[    1.1585] open name host:/log.txt flag 302 data 41378
[    1.1600] open fd = 256
[    1.1621] open name host:/log.txt flag 302 data 41378
[    1.1637] open fd = 256
[    1.1663] open name host:/log.txt flag 302 data 41378
[    1.1678] open fd = 256
[    1.1694] UpdateVSyncRate: Mode Changed to SDTV 480p.
[    1.1694] Frame rate: 59.94, target speed: 1, target frame rate: 59.94, ticks per frame: 16683350
[    1.1694] Set GS CRTC configuration. SDTV   720x480 @ 59.94 Progressive (FRAME)
[    1.1703] open name host:/log.txt flag 302 data 41378
[    1.1718] open fd = 256
[    1.1737] open name host:/log.txt flag 302 data 41378
[    1.1751] open fd = 256
[    1.1765] open name host:/log.txt flag 302 data 41378
[    1.1779] open fd = 256
[    1.1797] open name host:/log.txt flag 302 data 41378
[    1.1812] open fd = 256
[    1.1831] open name host:/log.txt flag 302 data 41378
[    1.1849] open fd = 256
[    1.1870] open name host:/log.txt flag 302 data 41378
[    1.1885] open fd = 256
[    1.1903] open name host:/log.txt flag 302 data 41378
[    1.1919] open fd = 256
[    1.1938] open name host:/log.txt flag 302 data 41378
[    1.1954] open fd = 256
[    1.1972] open name host:/log.txt flag 302 data 41378
[    1.1991] open fd = 256
[    1.2010] open name host:/log.txt flag 302 data 41378
[    1.2027] open fd = 256
[    3.2737] 
[    3.2739] -----------------------------------------
[    3.2740]         _____        ____   ___
[    3.2740]           |     /   ____| |___|
[    3.2741]           |     |   |     |   |
[    3.2741] -----------------------------------------
[    3.2742] Copyright 2022
[    3.2742] Repository: https://github.com/h4570/tyra
[    3.2743] Licensed under Apache License 2.0
[    3.2746] Version: 2.2.0
[    3.2747] -----------------------------------------
[    3.2747] 
[    3.4401] open name host:/log.txt flag 302 data 41378
[    3.4418] open fd = 256
[    3.4438] open name host:/log.txt flag 302 data 41378
[    3.4455] open fd = 256
[    3.4474] audsrv_adpcm_init()
[    3.4486] open name host:/log.txt flag 302 data 41378
[    3.4502] open fd = 256
[    3.4518] [EE] Skipping timeout loop at 0x00102F60 -> 0x00102F80
[    3.4740] open name host:/log.txt flag 302 data 41378
[    3.4757] open fd = 256
[    3.4771] open name host:/log.txt flag 302 data 41378
[    3.4776] open fd = 256
[    3.4796] Curent pad(0,0) status: EXECCMD
[    3.6715] Pad: DS2 Config Finished - P1/S1 - AL: Off - AB: Usable - VS: Disabled - VL: Disabled - RB: D (0x00000000)
[    3.7052] open name host:/log.txt flag 302 data 41378
[    3.7068] open fd = 256
[    3.7088] open name host:/log.txt flag 302 data 41378
[    3.7106] open fd = 256
[    3.7125] open name host:/log.txt flag 302 data 41378
[    3.7141] open fd = 256
[    3.7160] Curent pad(0,0) status: EXECCMD
[    3.7716] Pad: DS2 Config Finished - P1/S1 - AL: On - AB: Locked - VS: Disabled - VL: Disabled - RB: D (0x00000000)
[    3.9720] Pad: DS2 Config Finished - P1/S1 - AL: On - AB: Locked - VS: Disabled - VL: Disabled - RB: D (0x00000000)
[    4.0064] open name host:/log.txt flag 302 data 41378
[    4.0069] open fd = 256
[    4.0084] open name host:/log.txt flag 302 data 41378
[    4.0088] open fd = 256
[    4.0105] open name host:/log.txt flag 302 data 41378
[    4.0121] open fd = 256
[    4.0134] Curent pad(0,0) status: EXECCMD
[    4.2720] Pad: DS2 Config Finished - P1/S1 - AL: On - AB: Locked - VS: Disabled - VL: Disabled - RB: D+A+P (0x0003FFFF)
[    4.4725] Pad: DS2 Config Finished - P1/S1 - AL: On - AB: Locked - VS: Disabled - VL: Disabled - RB: D+A+P (0x0003FFFF)
[    4.5067] open name host:/log.txt flag 302 data 41378
[    4.5086] open fd = 256
[    4.5109] open name host:/log.txt flag 302 data 41378
[    4.5126] open fd = 256
[    4.5143] open name host:/log.txt flag 302 data 41378
[    4.5160] open fd = 256
[    4.5181] open name host:/log.txt flag 302 data 41378
[    4.5196] open fd = 256
[    4.5210] Curent pad(0,0) status: EXECCMD
[    4.5721] Pad: DS2 Config Finished - P1/S1 - AL: On - AB: Locked - VS: Normal - VL: Normal - RB: D+A+P (0x0003FFFF)
[    4.5897] open name host:/log.txt flag 302 data 41378
[    4.5916] open fd = 256
[    4.5933] open name host:/log.txt flag 302 data 41378
[    4.5949] open fd = 256
[    4.6015] open name host:/log.txt flag 302 data 41378
[    4.6030] open fd = 256
[    4.6058] open name host:/log.txt flag 302 data 41378
[    4.6073] open fd = 256
[    4.6095] open name host:/log.txt flag 302 data 41378
[    4.6112] open fd = 256
[    4.6131] open name host:/log.txt flag 302 data 41378
[    4.6148] open fd = 256
[    4.6206] loadmodule: fname rom0:XMCMAN args 0 arg 
[    4.6300] RegisterLibraryEntries:    mcman version 2.03
[    4.6308] loadmodule: id 32, ret 0
[    4.6309] loadmodule: fname rom0:XMCSERV args 0 arg 
[    4.6393] RegisterLibraryEntries:   mcserv version 1.01
[    4.6395] loadmodule: id 33, ret 0
[    4.6397] [EE] Skipping timeout loop at 0x00104BF0 -> 0x00104C10
[    5.0087] (FileMcd) Warning: checksum sector overwritten. (0)
[    5.0088] OSD [MemoryCardSave0]: Memory Card 'Mcd001.ps2' was saved to storage.
[    5.4774] (FileMcd) Warning: checksum sector overwritten. (0)
[    5.5926] open name host:/save/icon.sys flag 1 data 41378
[    5.5942] open fd = 256
[    5.6634] open name host:/save/list.icn flag 1 data 41378
[    5.6656] open fd = 256
[    5.8305] open name host:/log.txt flag 302 data 41378
[    5.8326] open fd = 256
[    5.8406] open name host:/log.txt flag 302 data 41378
[    5.8422] open fd = 256
[    5.8465] open name host:/menus/save.png flag 1 data 41378
[    5.8485] open fd = 256
[    5.8905] open name host:/hud/save-cursor.png flag 1 data 41378
[    5.8931] open fd = 256
[    5.8958] open name host:/hud/save-used.png flag 1 data 41378
[    5.8978] open fd = 256
[    5.9008] open name host:/hud/save-saved.png flag 1 data 41378
[    5.9034] open fd = 256
[    5.9068] open name host:/hud/save-loaded.png flag 1 data 41378
[    5.9093] open fd = 256
[    5.9125] open name host:/hud/save-error.png flag 1 data 41378
[    5.9146] open fd = 256
[    5.9237] open name host:/hud/save-busy.png flag 1 data 41378
[    5.9257] open fd = 256
[    5.9498] open name host:/hud/save-spinner.png flag 1 data 41378
[    5.9520] open fd = 256
[    5.9632] open name host:/menus/save.png flag 1 data 41378
[    5.9652] open fd = 256
[    6.0077] open name host:/menus/district-pause.png flag 1 data 41378
[    6.0098] open fd = 256
[    6.0273] open name host:/menus/district-pause-values.png flag 1 data 41378
[    6.0294] open fd = 256
[    6.0414] open name host:/hud/save-cursor.png flag 1 data 41378
[    6.0434] open fd = 256
[    6.0458] open name host:/hud/save-cursor.png flag 1 data 41378
[    6.0477] open fd = 256
[    6.0497] open name host:/hud/save-cursor.png flag 1 data 41378
[    6.0516] open fd = 256
[    6.0535] open name host:/hud/menu-dim.png flag 1 data 41378
[    6.0554] open fd = 256
[    6.0577] open name host:/hud/flare-corona.png flag 1 data 41378
[    6.0599] open fd = 256
[    6.0730] open name host:/hud/flashlight-gobo.png flag 1 data 41378
[    6.0751] open fd = 256
[    6.0874] open name host:/hud/flare-glow.png flag 1 data 41378
[    6.0894] open fd = 256
[    6.0991] open name host:/hud/sun-disc.png flag 1 data 41378
[    6.1011] open fd = 256
[    6.1044] open name host:/hud/moon-disc.png flag 1 data 41378
[    6.1063] open fd = 256
[    6.1338] open name host:/hud/use-text.png flag 1 data 41378
[    6.1358] open fd = 256
[    6.1388] open name host:/hud/pick-text.png flag 1 data 41378
[    6.1407] open fd = 256
[    6.1436] open name host:/sfx/engine_idle.adpcm flag 1 data 41378
[    6.1455] open fd = 256
[    6.1615] open name host:/log.txt flag 302 data 41378
[    6.1631] open fd = 256
[    6.1645] open name host:/sfx/engine_high.adpcm flag 1 data 41378
[    6.1664] open fd = 256
[    6.1830] open name host:/log.txt flag 302 data 41378
[    6.1847] open fd = 256
[    6.1862] open name host:/sfx/tires_screech.adpcm flag 1 data 41378
[    6.1881] open fd = 256
[    6.1927] open name host:/log.txt flag 302 data 41378
[    6.1942] open fd = 256
[    6.1958] open name host:/sfx/gear-shift.adpcm flag 1 data 41378
[    6.1979] open fd = 256
[    6.2065] open name host:/log.txt flag 302 data 41378
[    6.2081] open fd = 256
[    6.2095] open name host:/hardware-trace.cfg flag 1 data 41378
[    6.2105] open fd = -5
[    6.2115] open name host:/livepad.bin flag 1 data 41378
[    6.2126] open fd = -5
[    6.2129] open name host:/launch.scene flag 1 data 41378
[    6.2139] open fd = -5
[    6.2142] open name host:/hud/loading.png flag 1 data 41378
[    6.2161] open fd = 256
[    6.2224] FRAMEARENA allocated=1 bytes=1048576
[    6.2281] open name host:/log.txt flag 302 data 41378
[    6.2296] open fd = 256
[    6.2313] open name host:/livepad.bin flag 1 data 41378
[    6.2323] open fd = -5
[    6.2414] open name host:/livepad.bin flag 1 data 41378
[    6.2426] open fd = -5
[    6.2561] open name host:/livepad.bin flag 1 data 41378
[    6.2572] open fd = -5
[    6.2693] open name host:/livepad.bin flag 1 data 41378
[    6.2705] open fd = -5
[    6.2867] open name host:/vehicles/veh-ravager000001-shadow.png flag 1 data 41378
[    6.2890] open fd = 256
[    6.2900] open name host:/vehicles/veh-ravager000001-shadow.png flag 1 data 41378
[    6.2920] open fd = 256
[    6.3056] open name host:/vehicles/veh-pica00000001-shadow.png flag 1 data 41378
[    6.3076] open fd = 256
[    6.3084] open name host:/vehicles/veh-pica00000001-shadow.png flag 1 data 41378
[    6.3102] open fd = 256
[    6.3152] open name host:/vehicles/veh-strix0000001-shadow.png flag 1 data 41378
[    6.3173] open fd = 256
[    6.3181] open name host:/vehicles/veh-strix0000001-shadow.png flag 1 data 41378
[    6.3200] open fd = 256
[    6.3330] open name host:/shadowatlas/scene0-0.png flag 1 data 41378
[    6.3354] open fd = 256
[    6.3361] open name host:/shadowatlas/scene0-0.png flag 1 data 41378
[    6.3379] open fd = 256
[    6.3517] open name host:/shadowatlas/scene0-1.png flag 1 data 41378
[    6.3541] open fd = 256
[    6.3548] open name host:/shadowatlas/scene0-1.png flag 1 data 41378
[    6.3566] open fd = 256
[    6.3702] open name host:/textures/district-ground.png flag 1 data 41378
[    6.3724] open fd = 256
[    6.3733] open name host:/textures/district-ground.png flag 1 data 41378
[    6.3751] open fd = 256
[    6.3961] open name host:/materials/district-asphalt.mtl flag 1 data 41378
[    6.3985] open fd = 256
[    6.4056] open name host:/textures/district-asphalt.png flag 1 data 41378
[    6.4077] open fd = 256
[    6.4084] open name host:/textures/district-asphalt.png flag 1 data 41378
[    6.4103] open fd = 256
[    6.4265] open name host:/materials/district-sign.mtl flag 1 data 41378
[    6.4286] open fd = 256
[    6.4309] open name host:/textures/district-sign.png flag 1 data 41378
[    6.4331] open fd = 256
[    6.4340] open name host:/textures/district-sign.png flag 1 data 41378
[    6.4356] open fd = 256
[    6.4392] open name host:/materials/night-warm.mtl flag 1 data 41378
[    6.4414] open fd = 256
[    6.4441] open name host:/materials/night-cyan.mtl flag 1 data 41378
[    6.4465] open fd = 256
[    6.4543] open name host:/materials/night-pink.mtl flag 1 data 41378
[    6.4567] open fd = 256
[    6.4591] open name host:/models/urban/district-workshop.tmdl flag 1 data 41378
[    6.4618] open fd = 256
[    6.4659] open name host:/models/urban/Textures/district-facades.png flag 1 data 41378
[    6.4688] open fd = 256
[    6.4698] open name host:/models/urban/Textures/district-facades.png flag 1 data 41378
[    6.4727] open fd = 256
[    6.4986] open name host:/models/urban/district-tower.tmdl flag 1 data 41378
[    6.5016] open fd = 256
[    6.5048] open name host:/models/urban/district-loft.tmdl flag 1 data 41378
[    6.5074] open fd = 256
[    6.5102] open name host:/models/urban/detail-light-double.tmdl flag 1 data 41378
[    6.5129] open fd = 256
[    6.5222] open name host:/models/urban/Textures/metal.png flag 1 data 41378
[    6.5252] open fd = 256
[    6.5263] open name host:/models/urban/Textures/metal.png flag 1 data 41378
[    6.5290] open fd = 256
[    6.5397] open name host:/models/urban/detail-light-traffic.tmdl flag 1 data 41378
[    6.5421] open fd = 256
[    6.5531] open name host:/models/urban/Textures/roof.png flag 1 data 41378
[    6.5561] open fd = 256
[    6.5571] open name host:/models/urban/Textures/roof.png flag 1 data 41378
[    6.5601] open fd = 256
[    6.5633] open name host:/models/urban/tree-park-large.tmdl flag 1 data 41378
[    6.5656] open fd = 256
[    6.5732] open name host:/models/urban/Textures/treeA.png flag 1 data 41378
[    6.5764] open fd = 256
[    6.5774] open name host:/models/urban/Textures/treeA.png flag 1 data 41378
[    6.5801] open fd = 256
[    6.5907] open name host:/models/urban/Textures/tiles.png flag 1 data 41378
[    6.5938] open fd = 256
[    6.5948] open name host:/models/urban/Textures/tiles.png flag 1 data 41378
[    6.5977] open fd = 256
[    6.6008] open name host:/models/urban/Textures/dirt.png flag 1 data 41378
[    6.6036] open fd = 256
[    6.6047] open name host:/models/urban/Textures/dirt.png flag 1 data 41378
[    6.6074] open fd = 256
[    6.6104] open name host:/models/urban/tree-park-pine-large.tmdl flag 1 data 41378
[    6.6128] open fd = 256
[    6.6199] open name host:/models/urban/Textures/treeB.png flag 1 data 41378
[    6.6228] open fd = 256
[    6.6238] open name host:/models/urban/Textures/treeB.png flag 1 data 41378
[    6.6266] open fd = 256
[    6.6293] open name host:/models/urban/detail-barrier-type-a.tmdl flag 1 data 41378
[    6.6317] open fd = 256
[    6.6439] open name host:/models/urban/Textures/signs.png flag 1 data 41378
[    6.6465] open fd = 256
[    6.6477] open name host:/models/urban/Textures/signs.png flag 1 data 41378
[    6.6504] open fd = 256
[    6.6531] open name host:/models/urban/detail-dumpster-closed.tmdl flag 1 data 41378
[    6.6557] open fd = 256
[    6.6591] open name host:/models/urban/Textures/metal_wall.png flag 1 data 41378
[    6.6620] open fd = 256
[    6.6633] open name host:/models/urban/Textures/metal_wall.png flag 1 data 41378
[    6.6661] open fd = 256
[    6.6691] open name host:/models/urban/Textures/wall.png flag 1 data 41378
[    6.6723] open fd = 256
[    6.6733] open name host:/models/urban/Textures/wall.png flag 1 data 41378
[    6.6762] open fd = 256
[    6.6791] open name host:/models/urban/detail-bench.tmdl flag 1 data 41378
[    6.6814] open fd = 256
[    6.6974] open name host:/models/urban/Textures/planks.png flag 1 data 41378
[    6.7003] open fd = 256
[    6.7012] open name host:/models/urban/Textures/planks.png flag 1 data 41378
[    6.7041] open fd = 256
[    6.7072] open name host:/models/urban/pallet.tmdl flag 1 data 41378
[    6.7098] open fd = 256
[    6.7179] open name host:/vehicles/veh-ravager000001-body.tmdl flag 1 data 41378
[    6.7200] open fd = 256
[    6.8385] open name host:/vehicles/veh-ravager000001-palette.png flag 1 data 41378
[    6.8406] open fd = 256
[    6.8414] open name host:/vehicles/veh-ravager000001-palette.png flag 1 data 41378
[    6.8432] open fd = 256
[    6.8629] open name host:/vehicles/veh-ravager000001-palette-image-0.png flag 1 data 41378
[    6.8648] open fd = 256
[    6.8657] open name host:/vehicles/veh-ravager000001-palette-image-0.png flag 1 data 41378
[    6.8675] open fd = 256
[    6.8874] open name host:/vehicles/veh-pica00000001-body.tmdl flag 1 data 41378
[    6.8897] open fd = 256
[    6.9996] open name host:/vehicles/veh-pica00000001-palette.png flag 1 data 41378
[    7.0017] open fd = 256
[    7.0024] open name host:/vehicles/veh-pica00000001-palette.png flag 1 data 41378
[    7.0043] open fd = 256
[    7.0066] open name host:/vehicles/veh-pica00000001-palette-image-0.png flag 1 data 41378
[    7.0093] open fd = 256
[    7.0100] open name host:/vehicles/veh-pica00000001-palette-image-0.png flag 1 data 41378
[    7.0119] open fd = 256
[    7.0375] open name host:/vehicles/veh-strix0000001-body.tmdl flag 1 data 41378
[    7.0398] open fd = 256
[    7.1544] open name host:/vehicles/veh-strix0000001-palette.png flag 1 data 41378
[    7.1565] open fd = 256
[    7.1573] open name host:/vehicles/veh-strix0000001-palette.png flag 1 data 41378
[    7.1594] open fd = 256
[    7.1614] open name host:/vehicles/veh-strix0000001-palette-image-0.png flag 1 data 41378
[    7.1634] open fd = 256
[    7.1642] open name host:/vehicles/veh-strix0000001-palette-image-0.png flag 1 data 41378
[    7.1658] open fd = 256
[    7.1888] open name host:/sky/scene0.png flag 1 data 41378
[    7.1909] open fd = 256
[    7.1916] open name host:/sky/scene0.png flag 1 data 41378
[    7.1938] open fd = 256
[    7.4622] open name host:/vehicles/fx-skid.png flag 1 data 41378
[    7.4649] open fd = 256
[    7.4665] open name host:/vehicles/fx-skid.png flag 1 data 41378
[    7.4688] open fd = 256
[    7.4838] open name host:/vehicles/fx-smoke.png flag 1 data 41378
[    7.4857] open fd = 256
[    7.4865] open name host:/vehicles/fx-smoke.png flag 1 data 41378
[    7.4885] open fd = 256
[    7.4927] open name host:/log.txt flag 302 data 41378
[    7.4943] open fd = 256
[    7.4959] open name host:/vehicles/veh-ravager000001-wheel.tmdl flag 1 data 41378
[    7.4982] open fd = 256
[    7.5061] open name host:/vehicles/veh-ravager000001-wheelfast.tmdl flag 1 data 41378
[    7.5084] open fd = 256
[    7.5154] open name host:/fonts/atlas-default.png flag 1 data 41378
[    7.5176] open fd = 256
[    7.5310] open name host:/hud/icons.png flag 1 data 41378
[    7.5330] open fd = 256
[    7.5472] open name host:/hud/loading-white.png flag 1 data 41378
[    7.5492] open fd = 256
[    7.5517] open name host:/log.txt flag 302 data 41378
[    7.5533] open fd = 256
[    7.5548] open name host:/vehicles/veh-pica00000001-wheel.tmdl flag 1 data 41378
[    7.5567] open fd = 256
[    7.5644] open name host:/vehicles/veh-pica00000001-wheelfast.tmdl flag 1 data 41378
[    7.5666] open fd = 256
[    7.5794] open name host:/log.txt flag 302 data 41378
[    7.5812] open fd = 256
[    7.5827] open name host:/vehicles/veh-strix0000001-wheel.tmdl flag 1 data 41378
[    7.5846] open fd = 256
[    7.5925] open name host:/vehicles/veh-strix0000001-wheelfast.tmdl flag 1 data 41378
[    7.5945] open fd = 256
[    7.6050] open name host:/log.txt flag 302 data 41378
[    7.6066] open fd = 256
[    7.6084] open name host:/log.txt flag 302 data 41378
[    7.6098] open fd = 256
[    7.6114] open name host:/log.txt flag 302 data 41378
[    7.6130] open fd = 256
[    7.6156] open name host:/textures/district-road.png flag 1 data 41378
[    7.6177] open fd = 256
[    7.6184] open name host:/textures/district-road.png flag 1 data 41378
[    7.6204] open fd = 256
[    7.7438] open name host:/textures/district-asphalt.png flag 1 data 41378
[    7.7462] open fd = 256
[    7.7471] open name host:/textures/district-asphalt.png flag 1 data 41378
[    7.7492] open fd = 256
[    7.7551] open name host:/textures/district-plaza.png flag 1 data 41378
[    7.7572] open fd = 256
[    7.7579] open name host:/textures/district-plaza.png flag 1 data 41378
[    7.7600] open fd = 256
[    7.7761] open name host:/log.txt flag 302 data 41378
[    7.7779] open fd = 256
[    7.7920] open name host:/log.txt flag 302 data 41378
[    7.7936] open fd = 256
[    7.7952] open name host:/log.txt flag 302 data 41378
[    7.7959] open fd = 256
[    7.8049] open name host:/gshadow/s0_2_1.png flag 1 data 41378
[    7.8069] open fd = 256
[    7.8077] open name host:/gshadow/s0_2_1.png flag 1 data 41378
[    7.8096] open fd = 256
[    7.8215] open name host:/log.txt flag 302 data 41378
[    7.8232] open fd = 256
[    7.8256] open name host:/log.txt flag 302 data 41378
[    7.8271] open fd = 256
[    7.8289] open name host:/gshadow/s0_1_1.png flag 1 data 41378
[    7.8314] open fd = 256
[    7.8324] open name host:/gshadow/s0_1_1.png flag 1 data 41378
[    7.8344] open fd = 256
[    7.8440] open name host:/log.txt flag 302 data 41378
[    7.8456] open fd = 256
[    7.8474] open name host:/gshadow/s0_3_1.png flag 1 data 41378
[    7.8494] open fd = 256
[    7.8501] open name host:/gshadow/s0_3_1.png flag 1 data 41378
[    7.8521] open fd = 256
[    7.8552] open name host:/log.txt flag 302 data 41378
[    7.8567] open fd = 256
[    7.8585] open name host:/log.txt flag 302 data 41378
[    7.8600] open fd = 256
[    7.8616] open name host:/gshadow/s0_2_2.png flag 1 data 41378
[    7.8640] open fd = 256
[    7.8648] open name host:/gshadow/s0_2_2.png flag 1 data 41378
[    7.8668] open fd = 256
[    7.8790] open name host:/log.txt flag 302 data 41378
[    7.8808] open fd = 256
[    7.8825] open name host:/log.txt flag 302 data 41378
[    7.8840] open fd = 256
[    7.8854] open name host:/gshadow/s0_1_2.png flag 1 data 41378
[    7.8872] open fd = 256
[    7.8880] open name host:/gshadow/s0_1_2.png flag 1 data 41378
[    7.8898] open fd = 256
[    7.8927] open name host:/log.txt flag 302 data 41378
[    7.8946] open fd = 256
[    7.8965] open name host:/gshadow/s0_3_2.png flag 1 data 41378
[    7.8987] open fd = 256
[    7.8994] open name host:/gshadow/s0_3_2.png flag 1 data 41378
[    7.9010] open fd = 256
[    7.9264] open name host:/log.txt flag 302 data 41378
[    7.9280] open fd = 256
[    7.9295] open name host:/gshadow/s0_0_1.png flag 1 data 41378
[    7.9318] open fd = 256
[    7.9326] open name host:/gshadow/s0_0_1.png flag 1 data 41378
[    7.9344] open fd = 256
[    7.9373] open name host:/log.txt flag 302 data 41378
[    7.9388] open fd = 256
[    7.9404] open name host:/gshadow/s0_4_1.png flag 1 data 41378
[    7.9424] open fd = 256
[    7.9431] open name host:/gshadow/s0_4_1.png flag 1 data 41378
[    7.9449] open fd = 256
[    7.9481] open name host:/log.txt flag 302 data 41378
[    7.9498] open fd = 256
[    7.9602] open name host:/log.txt flag 302 data 41378
[    7.9617] open fd = 256
[    7.9636] open name host:/gshadow/s0_4_0.png flag 1 data 41378
[    7.9661] open fd = 256
[    7.9669] open name host:/gshadow/s0_4_0.png flag 1 data 41378
[    7.9688] open fd = 256
[    7.9716] open name host:/log.txt flag 302 data 41378
[    7.9731] open fd = 256
[    7.9748] open name host:/gshadow/s0_2_3.png flag 1 data 41378
[    7.9769] open fd = 256
[    7.9777] open name host:/gshadow/s0_2_3.png flag 1 data 41378
[    7.9795] open fd = 256
[    7.9824] open name host:/log.txt flag 302 data 41378
[    7.9841] open fd = 256
[    7.9857] open name host:/gshadow/s0_0_2.png flag 1 data 41378
[    7.9876] open fd = 256
[    7.9883] open name host:/gshadow/s0_0_2.png flag 1 data 41378
[    7.9902] open fd = 256
[    8.0004] open name host:/log.txt flag 302 data 41378
[    8.0019] open fd = 256
[    8.0033] open name host:/gshadow/s0_4_2.png flag 1 data 41378
[    8.0050] open fd = 256
[    8.0061] open name host:/gshadow/s0_4_2.png flag 1 data 41378
[    8.0080] open fd = 256
[    8.0108] open name host:/log.txt flag 302 data 41378
[    8.0122] open fd = 256
[    8.0140] open name host:/gshadow/s0_1_3.png flag 1 data 41378
[    8.0159] open fd = 256
[    8.0166] open name host:/gshadow/s0_1_3.png flag 1 data 41378
[    8.0183] open fd = 256
[    8.0438] open name host:/log.txt flag 302 data 41378
[    8.0458] open fd = 256
[    8.0472] open name host:/gshadow/s0_3_3.png flag 1 data 41378
[    8.0492] open fd = 256
[    8.0499] open name host:/gshadow/s0_3_3.png flag 1 data 41378
[    8.0519] open fd = 256
[    8.0550] open name host:/log.txt flag 302 data 41378
[    8.0564] open fd = 256
[    8.0579] open name host:/gshadow/s0_0_3.png flag 1 data 41378
[    8.0597] open fd = 256
[    8.0605] open name host:/gshadow/s0_0_3.png flag 1 data 41378
[    8.0623] open fd = 256
[    8.0653] open name host:/log.txt flag 302 data 41378
[    8.0669] open fd = 256
[    8.0687] open name host:/gshadow/s0_4_3.png flag 1 data 41378
[    8.0705] open fd = 256
[    8.0715] open name host:/gshadow/s0_4_3.png flag 1 data 41378
[    8.0734] open fd = 256
[    8.0841] open name host:/log.txt flag 302 data 41378
[    8.0857] open fd = 256
[    8.0877] open name host:/log.txt flag 302 data 41378
[    8.0891] open fd = 256
[    8.0908] open name host:/livepad.bin flag 1 data 41378
[    8.0918] open fd = -5
[    8.1017] open name host:/livepad.bin flag 1 data 41378
[    8.1027] open fd = -5
[    8.1154] open name host:/livepad.bin flag 1 data 41378
[    8.1164] open fd = -5
[    8.1284] open name host:/livepad.bin flag 1 data 41378
[    8.1295] open fd = -5
[    8.1448] open name host:/livepad.bin flag 1 data 41378
[    8.1460] open fd = -5
[    8.1614] open name host:/livepad.bin flag 1 data 41378
[    8.1628] open fd = -5
[    8.1788] open name host:/livepad.bin flag 1 data 41378
[    8.1800] open fd = -5
[    8.1951] open name host:/livepad.bin flag 1 data 41378
[    8.1962] open fd = -5
[    8.2121] open name host:/livepad.bin flag 1 data 41378
[    8.2128] open fd = -5
[    8.2286] open name host:/livepad.bin flag 1 data 41378
[    8.2296] open fd = -5
[    8.2449] open name host:/livepad.bin flag 1 data 41378
[    8.2463] open fd = -5
[    8.2620] open name host:/livepad.bin flag 1 data 41378
[    8.2631] open fd = -5
[    8.2778] open name host:/livepad.bin flag 1 data 41378
[    8.2790] open fd = -5
[    8.2948] open name host:/livepad.bin flag 1 data 41378
[    8.2959] open fd = -5
[    8.3119] open name host:/livepad.bin flag 1 data 41378
[    8.3130] open fd = -5
[    8.3284] open name host:/livepad.bin flag 1 data 41378
[    8.3296] open fd = -5
[    8.3458] open name host:/livepad.bin flag 1 data 41378
[    8.3469] open fd = -5
[    8.3628] open name host:/livepad.bin flag 1 data 41378
[    8.3640] open fd = -5
[    8.3791] open name host:/livepad.bin flag 1 data 41378
[    8.3803] open fd = -5
[    8.3952] open name host:/livepad.bin flag 1 data 41378
[    8.3963] open fd = -5
[    8.4121] open name host:/livepad.bin flag 1 data 41378
[    8.4136] open fd = -5
[    8.4283] open name host:/livepad.bin flag 1 data 41378
[    8.4296] open fd = -5
[    8.4454] open name host:/livepad.bin flag 1 data 41378
[    8.4464] open fd = -5
[    8.4617] open name host:/livepad.bin flag 1 data 41378
[    8.4655] open fd = -5
[    8.4790] open name host:/livepad.bin flag 1 data 41378
[    8.4800] open fd = -5
[    8.4950] open name host:/livepad.bin flag 1 data 41378
[    8.4961] open fd = -5
[    8.5117] open name host:/livepad.bin flag 1 data 41378
[    8.5131] open fd = -5
[    8.5293] open name host:/livepad.bin flag 1 data 41378
[    8.5297] open fd = -5
[    8.5452] open name host:/livepad.bin flag 1 data 41378
[    8.5464] open fd = -5
[    8.5622] open name host:/livepad.bin flag 1 data 41378
[    8.5636] open fd = -5
[    8.5787] open name host:/livepad.bin flag 1 data 41378
[    8.5801] open fd = -5
[    8.5958] open name host:/livepad.bin flag 1 data 41378
[    8.5971] open fd = -5
[    8.6120] open name host:/livepad.bin flag 1 data 41378
[    8.6132] open fd = -5
[    8.6285] open name host:/livepad.bin flag 1 data 41378
[    8.6297] open fd = -5
[    8.6464] open name host:/livepad.bin flag 1 data 41378
[    8.6477] open fd = -5
[    8.6622] open name host:/livepad.bin flag 1 data 41378
[    8.6637] open fd = -5
[    8.6788] open name host:/livepad.bin flag 1 data 41378
[    8.6800] open fd = -5
[    8.6813] open name host:/livedbg.bin flag 602 data 41378
[    8.6835] open fd = 256
[    8.6885] open name host:/log.txt flag 302 data 41378
[    8.6899] open fd = 256
[    8.7013] open name host:/log.txt flag 302 data 41378
[    8.7033] open fd = 256
[    8.7224] open name host:/log.txt flag 302 data 41378
[    8.7241] open fd = 256
[    8.7325] open name host:/log.txt flag 302 data 41378
[    8.7346] open fd = 256
[    8.7368] open name host:/log.txt flag 302 data 41378
[    8.7377] open fd = 256
[    8.7391] open name host:/log.txt flag 302 data 41378
[    8.7396] open fd = 256
[    8.7474] open name host:/log.txt flag 302 data 41378
[    8.7491] open fd = 256
[    8.7509] open name host:/log.txt flag 302 data 41378
[    8.7523] open fd = 256
[    8.7578] open name host:/log.txt flag 302 data 41378
[    8.7599] open fd = 256
[    8.8008] open name host:/log.txt flag 302 data 41378
[    8.8029] open fd = 256
[    8.8114] open name host:/log.txt flag 302 data 41378
[    8.8130] open fd = 256
[    8.8486] open name host:/log.txt flag 302 data 41378
[    8.8502] open fd = 256
[    8.8942] microVU1: Cached Prog = [000] [PC=2590] [List=01] (Cache=0.000%) [0.0mb]
[    8.8950] microVU1: 3 cycle stall on branch instruction [2b28]
[    8.8957] microVU1: Cached Prog = [001] [PC=1a30] [List=01] (Cache=0.130%) [0.1mb]
[    8.8957] microVU1: 1 cycle stall on branch instruction [1ae8]
[    8.8958] microVU1: 3 cycle stall on branch instruction [1ba0]
[    8.8962] microVU1: 3 cycle stall on branch instruction [2520]
[    8.8963] microVU1: 3 cycle stall on branch instruction [1ba0]
[    8.8966] microVU1: 3 cycle stall on branch instruction [2520]
[    8.8966] microVU1: 3 cycle stall on branch instruction [1ba0]
[    8.8968] microVU1: 3 cycle stall on branch instruction [2520]
[    8.8968] microVU1: 3 cycle stall on branch instruction [1ba0]
[    8.8973] microVU1: 3 cycle stall on branch instruction [2520]
[    8.8974] microVU1: 3 cycle stall on branch instruction [1ba0]
[    8.8978] microVU1: 3 cycle stall on branch instruction [2520]
[    8.8978] microVU1: 3 cycle stall on branch instruction [1ba0]
[    8.8981] microVU1: 3 cycle stall on branch instruction [2520]
[    8.8981] microVU1: 3 cycle stall on branch instruction [1ba0]
[    8.8984] microVU1: 3 cycle stall on branch instruction [2520]
[    8.8985] microVU1: 3 cycle stall on branch instruction [1ba0]
[    8.8985] microVU1: 3 cycle stall on branch instruction [1fc0]
[    8.8987] microVU1: 3 cycle stall on branch instruction [2520]
[    8.8987] microVU1: 3 cycle stall on branch instruction [1ba0]
[    8.8989] microVU1: 3 cycle stall on branch instruction [2520]
[    8.8989] microVU1: 3 cycle stall on branch instruction [1ba0]
[    8.8994] microVU1: 3 cycle stall on branch instruction [2520]
[    8.8995] microVU1: 3 cycle stall on branch instruction [1ba0]
[    8.8997] microVU1: 3 cycle stall on branch instruction [2520]
[    8.8998] microVU1: 3 cycle stall on branch instruction [1ba0]
[    8.9007] microVU1: 3 cycle stall on branch instruction [2520]
[    8.9008] microVU1: 3 cycle stall on branch instruction [1ba0]
[    8.9011] microVU1: 3 cycle stall on branch instruction [2520]
[    8.9011] microVU1: 3 cycle stall on branch instruction [1ba0]
[    8.9017] microVU1: 3 cycle stall on branch instruction [2520]
[    8.9018] microVU1: 3 cycle stall on branch instruction [1ba0]
[    8.9027] microVU1: 3 cycle stall on branch instruction [1fc0]
[    8.9029] microVU1: 3 cycle stall on branch instruction [2520]
[    8.9029] microVU1: 3 cycle stall on branch instruction [1ba0]
[    8.9031] microVU1: 3 cycle stall on branch instruction [1fc0]
[    8.9034] microVU1: 3 cycle stall on branch instruction [1fc0]
[    8.9035] microVU1: 3 cycle stall on branch instruction [2520]
[    8.9035] microVU1: 3 cycle stall on branch instruction [1ba0]
[    8.9037] microVU1: 3 cycle stall on branch instruction [1fc0]
[    8.9039] microVU1: 3 cycle stall on branch instruction [1fc0]
[    8.9043] microVU1: 3 cycle stall on branch instruction [1fc0]
[    8.9044] microVU1: 3 cycle stall on branch instruction [1fc0]
[    8.9047] microVU1: 3 cycle stall on branch instruction [1fc0]
[    8.9048] microVU1: 3 cycle stall on branch instruction [1fc0]
[    8.9050] microVU1: 3 cycle stall on branch instruction [1fc0]
[    8.9052] microVU1: 3 cycle stall on branch instruction [1fc0]
[    8.9053] microVU1: 3 cycle stall on branch instruction [1fc0]
[    8.9055] microVU1: 3 cycle stall on branch instruction [1fc0]
[    8.9057] microVU1: 3 cycle stall on branch instruction [1fc0]
[    8.9058] microVU1: 3 cycle stall on branch instruction [1fc0]
[    8.9060] microVU1: 3 cycle stall on branch instruction [1ba0]
[    8.9060] microVU1: Cached Prog = [002] [PC=2578] [List=01] (Cache=0.850%) [0.5mb]
[    8.9061] microVU1: 1 cycle stall on branch instruction [1ae8]
[    8.9061] microVU1: 3 cycle stall on branch instruction [1ba0]
[    8.9065] microVU1: 3 cycle stall on branch instruction [2520]
[    8.9065] microVU1: 3 cycle stall on branch instruction [1ba0]
[    8.9069] microVU1: 3 cycle stall on branch instruction [2520]
[    8.9069] microVU1: 3 cycle stall on branch instruction [1ba0]
[    8.9070] microVU1: 3 cycle stall on branch instruction [2520]
[    8.9070] microVU1: 3 cycle stall on branch instruction [1ba0]
[    8.9074] microVU1: 3 cycle stall on branch instruction [2520]
[    8.9075] microVU1: 3 cycle stall on branch instruction [1ba0]
[    8.9078] microVU1: 3 cycle stall on branch instruction [2520]
[    8.9078] microVU1: 3 cycle stall on branch instruction [1ba0]
[    8.9080] microVU1: 3 cycle stall on branch instruction [2520]
[    8.9080] microVU1: 3 cycle stall on branch instruction [1ba0]
[    8.9083] microVU1: 3 cycle stall on branch instruction [2520]
[    8.9083] microVU1: 3 cycle stall on branch instruction [1ba0]
[    8.9083] microVU1: 3 cycle stall on branch instruction [1fc0]
[    8.9085] microVU1: 3 cycle stall on branch instruction [2520]
[    8.9085] microVU1: 3 cycle stall on branch instruction [1ba0]
[    8.9087] microVU1: 3 cycle stall on branch instruction [2520]
[    8.9087] microVU1: 3 cycle stall on branch instruction [1ba0]
[    8.9091] microVU1: 3 cycle stall on branch instruction [2520]
[    8.9092] microVU1: 3 cycle stall on branch instruction [1ba0]
[    8.9093] microVU1: 3 cycle stall on branch instruction [2520]
[    8.9093] microVU1: 3 cycle stall on branch instruction [1ba0]
[    8.9100] microVU1: 3 cycle stall on branch instruction [2520]
[    8.9100] microVU1: 3 cycle stall on branch instruction [1ba0]
[    8.9103] microVU1: 3 cycle stall on branch instruction [2520]
[    8.9103] microVU1: 3 cycle stall on branch instruction [1ba0]
[    8.9108] microVU1: 3 cycle stall on branch instruction [2520]
[    8.9108] microVU1: 3 cycle stall on branch instruction [1ba0]
[    8.9114] microVU1: 3 cycle stall on branch instruction [1fc0]
[    8.9115] microVU1: 3 cycle stall on branch instruction [2520]
[    8.9115] microVU1: 3 cycle stall on branch instruction [1ba0]
[    8.9117] microVU1: 3 cycle stall on branch instruction [1fc0]
[    8.9119] microVU1: 3 cycle stall on branch instruction [1fc0]
[    8.9119] microVU1: 3 cycle stall on branch instruction [2520]
[    8.9120] microVU1: 3 cycle stall on branch instruction [1ba0]
[    8.9121] microVU1: 3 cycle stall on branch instruction [1fc0]
[    8.9123] microVU1: 3 cycle stall on branch instruction [1fc0]
[    8.9125] microVU1: 3 cycle stall on branch instruction [1fc0]
[    8.9127] microVU1: 3 cycle stall on branch instruction [1fc0]
[    8.9129] microVU1: 3 cycle stall on branch instruction [1fc0]
[    8.9130] microVU1: 3 cycle stall on branch instruction [1fc0]
[    8.9131] microVU1: 3 cycle stall on branch instruction [1fc0]
[    8.9133] microVU1: 3 cycle stall on branch instruction [1fc0]
[    8.9134] microVU1: 3 cycle stall on branch instruction [1fc0]
[    8.9135] microVU1: 3 cycle stall on branch instruction [1fc0]
[    8.9137] microVU1: 3 cycle stall on branch instruction [1fc0]
[    8.9138] microVU1: 3 cycle stall on branch instruction [1fc0]
[    8.9139] microVU1: 3 cycle stall on branch instruction [1ba0]
[    8.9140] microVU1: Cached Prog = [003] [PC=2f08] [List=01] (Cache=1.570%) [1.0mb]
[    8.9147] microVU1: 3 cycle stall on branch instruction [2b28]
[    8.9166] microVU1: Cached Prog = [004] [PC=0000] [List=01] (Cache=1.700%) [1.0mb]
[    8.9180] microVU1: Cached Prog = [005] [PC=0710] [List=01] (Cache=1.793%) [1.1mb]
[    8.9180] microVU1: 2 cycle stall on branch instruction [07c8]
[    8.9184] microVU1: 3 cycle stall on branch instruction [1108]
[    8.9184] microVU1: 3 cycle stall on branch instruction [1130]
[    8.9187] microVU1: 3 cycle stall on branch instruction [1108]
[    8.9188] microVU1: 3 cycle stall on branch instruction [1130]
[    8.9189] microVU1: 3 cycle stall on branch instruction [1108]
[    8.9189] microVU1: 3 cycle stall on branch instruction [1130]
[    8.9194] microVU1: 3 cycle stall on branch instruction [1108]
[    8.9194] microVU1: 3 cycle stall on branch instruction [1130]
[    8.9197] microVU1: 3 cycle stall on branch instruction [1108]
[    8.9197] microVU1: 3 cycle stall on branch instruction [1130]
[    8.9199] microVU1: 3 cycle stall on branch instruction [1108]
[    8.9199] microVU1: 3 cycle stall on branch instruction [1130]
[    8.9201] microVU1: 3 cycle stall on branch instruction [1108]
[    8.9201] microVU1: 3 cycle stall on branch instruction [1130]
[    8.9202] microVU1: 3 cycle stall on branch instruction [09e8]
[    8.9202] microVU1: 3 cycle stall on branch instruction [0a70]
[    8.9204] microVU1: 3 cycle stall on branch instruction [1108]
[    8.9204] microVU1: 3 cycle stall on branch instruction [1130]
[    8.9208] microVU1: 3 cycle stall on branch instruction [1108]
[    8.9209] microVU1: 3 cycle stall on branch instruction [1130]
[    8.9210] microVU1: 3 cycle stall on branch instruction [1108]
[    8.9210] microVU1: 3 cycle stall on branch instruction [1130]
[    8.9216] microVU1: 3 cycle stall on branch instruction [1108]
[    8.9216] microVU1: 3 cycle stall on branch instruction [1130]
[    8.9219] microVU1: 3 cycle stall on branch instruction [1108]
[    8.9219] microVU1: 3 cycle stall on branch instruction [1130]
[    8.9220] microVU1: 3 cycle stall on branch instruction [1108]
[    8.9221] microVU1: 3 cycle stall on branch instruction [1130]
[    8.9229] microVU1: 3 cycle stall on branch instruction [1108]
[    8.9229] microVU1: 3 cycle stall on branch instruction [1130]
[    8.9230] microVU1: 3 cycle stall on branch instruction [09e8]
[    8.9230] microVU1: 3 cycle stall on branch instruction [0a70]
[    8.9234] microVU1: 3 cycle stall on branch instruction [09e8]
[    8.9235] microVU1: 3 cycle stall on branch instruction [0a70]
[    8.9236] microVU1: 3 cycle stall on branch instruction [09e8]
[    8.9237] microVU1: 3 cycle stall on branch instruction [0a70]
[    8.9239] microVU1: 3 cycle stall on branch instruction [1108]
[    8.9239] microVU1: 3 cycle stall on branch instruction [1130]
[    8.9240] microVU1: 3 cycle stall on branch instruction [09e8]
[    8.9241] microVU1: 3 cycle stall on branch instruction [0a70]
[    8.9243] microVU1: 3 cycle stall on branch instruction [09e8]
[    8.9243] microVU1: 3 cycle stall on branch instruction [0a70]
[    8.9245] microVU1: 3 cycle stall on branch instruction [1108]
[    8.9246] microVU1: 3 cycle stall on branch instruction [1130]
[    8.9247] microVU1: 3 cycle stall on branch instruction [09e8]
[    8.9247] microVU1: 3 cycle stall on branch instruction [0a70]
[    8.9249] microVU1: 3 cycle stall on branch instruction [09e8]
[    8.9250] microVU1: 3 cycle stall on branch instruction [0a70]
[    8.9251] microVU1: 3 cycle stall on branch instruction [09e8]
[    8.9251] microVU1: 3 cycle stall on branch instruction [0a70]
[    8.9255] microVU1: 3 cycle stall on branch instruction [09e8]
[    8.9255] microVU1: 3 cycle stall on branch instruction [0a70]
[    8.9259] microVU1: 3 cycle stall on branch instruction [09e8]
[    8.9260] microVU1: 3 cycle stall on branch instruction [0a70]
[    8.9262] microVU1: 3 cycle stall on branch instruction [09e8]
[    8.9263] microVU1: 3 cycle stall on branch instruction [0a70]
[    8.9266] microVU1: 3 cycle stall on branch instruction [09e8]
[    8.9266] microVU1: 3 cycle stall on branch instruction [0a70]
[    8.9269] microVU1: 3 cycle stall on branch instruction [09e8]
[    8.9270] microVU1: 3 cycle stall on branch instruction [0a70]
[    8.9272] microVU1: 3 cycle stall on branch instruction [09e8]
[    8.9272] microVU1: 3 cycle stall on branch instruction [0a70]
[    8.9276] microVU1: 3 cycle stall on branch instruction [09e8]
[    8.9276] microVU1: 3 cycle stall on branch instruction [0a70]
[    8.9279] microVU1: 3 cycle stall on branch instruction [07f0]
[    8.9280] microVU1: Cached Prog = [006] [PC=1188] [List=01] (Cache=2.594%) [1.6mb]
[    8.9281] microVU1: 2 cycle stall on branch instruction [07c8]
[    8.9286] microVU1: 3 cycle stall on branch instruction [1108]
[    8.9286] microVU1: 3 cycle stall on branch instruction [1130]
[    8.9291] microVU1: 3 cycle stall on branch instruction [1108]
[    8.9291] microVU1: 3 cycle stall on branch instruction [1130]
[    8.9293] microVU1: 3 cycle stall on branch instruction [1108]
[    8.9294] microVU1: 3 cycle stall on branch instruction [1130]
[    8.9299] microVU1: 3 cycle stall on branch instruction [1108]
[    8.9300] microVU1: 3 cycle stall on branch instruction [1130]
[    8.9305] microVU1: 3 cycle stall on branch instruction [1108]
[    8.9305] microVU1: 3 cycle stall on branch instruction [1130]
[    8.9307] microVU1: 3 cycle stall on branch instruction [1108]
[    8.9307] microVU1: 3 cycle stall on branch instruction [1130]
[    8.9309] microVU1: 3 cycle stall on branch instruction [1108]
[    8.9310] microVU1: 3 cycle stall on branch instruction [1130]
[    8.9310] microVU1: 3 cycle stall on branch instruction [09e8]
[    8.9310] microVU1: 3 cycle stall on branch instruction [0a70]
[    8.9311] microVU1: 3 cycle stall on branch instruction [1108]
[    8.9311] microVU1: 3 cycle stall on branch instruction [1130]
[    8.9317] microVU1: 3 cycle stall on branch instruction [1108]
[    8.9317] microVU1: 3 cycle stall on branch instruction [1130]
[    8.9318] microVU1: 3 cycle stall on branch instruction [1108]
[    8.9319] microVU1: 3 cycle stall on branch instruction [1130]
[    8.9325] microVU1: 3 cycle stall on branch instruction [1108]
[    8.9325] microVU1: 3 cycle stall on branch instruction [1130]
[    8.9328] microVU1: 3 cycle stall on branch instruction [1108]
[    8.9328] microVU1: 3 cycle stall on branch instruction [1130]
[    8.9329] microVU1: 3 cycle stall on branch instruction [1108]
[    8.9330] microVU1: 3 cycle stall on branch instruction [1130]
[    8.9337] microVU1: 3 cycle stall on branch instruction [1108]
[    8.9337] microVU1: 3 cycle stall on branch instruction [1130]
[    8.9338] microVU1: 3 cycle stall on branch instruction [09e8]
[    8.9339] microVU1: 3 cycle stall on branch instruction [0a70]
[    8.9344] microVU1: 3 cycle stall on branch instruction [09e8]
[    8.9344] microVU1: 3 cycle stall on branch instruction [0a70]
[    8.9346] microVU1: 3 cycle stall on branch instruction [09e8]
[    8.9346] microVU1: 3 cycle stall on branch instruction [0a70]
[    8.9348] microVU1: 3 cycle stall on branch instruction [1108]
[    8.9348] microVU1: 3 cycle stall on branch instruction [1130]
[    8.9350] microVU1: 3 cycle stall on branch instruction [09e8]
[    8.9350] microVU1: 3 cycle stall on branch instruction [0a70]
[    8.9352] microVU1: 3 cycle stall on branch instruction [09e8]
[    8.9352] microVU1: 3 cycle stall on branch instruction [0a70]
[    8.9355] microVU1: 3 cycle stall on branch instruction [1108]
[    8.9355] microVU1: 3 cycle stall on branch instruction [1130]
[    8.9356] microVU1: 3 cycle stall on branch instruction [09e8]
[    8.9356] microVU1: 3 cycle stall on branch instruction [0a70]
[    8.9358] microVU1: 3 cycle stall on branch instruction [09e8]
[    8.9359] microVU1: 3 cycle stall on branch instruction [0a70]
[    8.9361] microVU1: 3 cycle stall on branch instruction [09e8]
[    8.9361] microVU1: 3 cycle stall on branch instruction [0a70]
[    8.9364] microVU1: 3 cycle stall on branch instruction [09e8]
[    8.9364] microVU1: 3 cycle stall on branch instruction [0a70]
[    8.9366] microVU1: 3 cycle stall on branch instruction [09e8]
[    8.9367] microVU1: 3 cycle stall on branch instruction [0a70]
[    8.9369] microVU1: 3 cycle stall on branch instruction [09e8]
[    8.9369] microVU1: 3 cycle stall on branch instruction [0a70]
[    8.9371] microVU1: 3 cycle stall on branch instruction [09e8]
[    8.9371] microVU1: 3 cycle stall on branch instruction [0a70]
[    8.9373] microVU1: 3 cycle stall on branch instruction [09e8]
[    8.9374] microVU1: 3 cycle stall on branch instruction [0a70]
[    8.9375] microVU1: 3 cycle stall on branch instruction [09e8]
[    8.9376] microVU1: 3 cycle stall on branch instruction [0a70]
[    8.9378] microVU1: 3 cycle stall on branch instruction [09e8]
[    8.9378] microVU1: 3 cycle stall on branch instruction [0a70]
[    8.9380] microVU1: 3 cycle stall on branch instruction [07f0]
[    9.0167] open name host:/log.txt flag 302 data 41378
[    9.0188] open fd = 256
[    9.0219] open name host:/log.txt flag 302 data 41378
[    9.0234] open fd = 256
[    9.0372] open name host:/log.txt flag 302 data 41378
[    9.0387] open fd = 256
[    9.0476] open name host:/log.txt flag 302 data 41378
[    9.0494] open fd = 256
[    9.0631] microVU1: Cached Prog = [007] [PC=0700] [List=01] (Cache=3.396%) [2.1mb]
[    9.0642] microVU1: Cached Prog = [008] [PC=2f20] [List=01] (Cache=3.489%) [2.1mb]
[    9.0647] microVU1: Cached Prog = [009] [PC=3300] [List=01] (Cache=3.541%) [2.2mb]
[    9.0955] open name host:/hud/debugfont.png flag 1 data 41378
[    9.0976] open fd = 256
[    9.1031] open name host:/livepad.bin flag 1 data 41378
[    9.1044] open fd = -5
[    9.1162] open name host:/log.txt flag 302 data 41378
[    9.1178] open fd = 256
[    9.1200] open name host:/log.txt flag 302 data 41378
[    9.1216] open fd = 256
[    9.1259] open name host:/log.txt flag 302 data 41378
[    9.1275] open fd = 256
[    9.1300] open name host:/log.txt flag 302 data 41378
[    9.1316] open fd = 256
[    9.1538] open name host:/livepad.bin flag 1 data 41378
[    9.1551] open fd = -5
[    9.1578] open name host:/log.txt flag 302 data 41378
[    9.1593] open fd = 256
[    9.1613] open name host:/log.txt flag 302 data 41378
[    9.1634] open fd = 256
[    9.1914] open name host:/livepad.bin flag 1 data 41378
[    9.1928] open fd = -5
[    9.1956] open name host:/log.txt flag 302 data 41378
[    9.1973] open fd = 256
[    9.1993] open name host:/log.txt flag 302 data 41378
[    9.2011] open fd = 256
[    9.2173] open name host:/livepad.bin flag 1 data 41378
[    9.2186] open fd = -5
[    9.2214] open name host:/log.txt flag 302 data 41378
[    9.2231] open fd = 256
[    9.2251] open name host:/log.txt flag 302 data 41378
[    9.2269] open fd = 256
[    9.2435] open name host:/livepad.bin flag 1 data 41378
[    9.2449] open fd = -5
[    9.2473] open name host:/log.txt flag 302 data 41378
[    9.2490] open fd = 256
[    9.2508] open name host:/log.txt flag 302 data 41378
[    9.2526] open fd = 256
[    9.2697] open name host:/livepad.bin flag 1 data 41378
[    9.2714] open fd = -5
[    9.2758] open name host:/log.txt flag 302 data 41378
[    9.2775] open fd = 256
[    9.2793] open name host:/log.txt flag 302 data 41378
[    9.2809] open fd = 256
[    9.3090] open name host:/livepad.bin flag 1 data 41378
[    9.3104] open fd = -5
[    9.3125] open name host:/log.txt flag 302 data 41378
[    9.3143] open fd = 256
[    9.3163] open name host:/log.txt flag 302 data 41378
[    9.3179] open fd = 256
[    9.3359] open name host:/livepad.bin flag 1 data 41378
[    9.3372] open fd = -5
[    9.3399] open name host:/log.txt flag 302 data 41378
[    9.3415] open fd = 256
[    9.3432] open name host:/log.txt flag 302 data 41378
[    9.3447] open fd = 256
[    9.3639] open name host:/livepad.bin flag 1 data 41378
[    9.3653] open fd = -5
[    9.3670] microVU1: Cached Prog = [010] [PC=3610] [List=01] (Cache=3.593%) [2.2mb]
[    9.3671] open name host:/log.txt flag 302 data 41378
[    9.3672] microVU1: Cached Prog = [011] [PC=3970] [List=01] (Cache=3.609%) [2.2mb]
[    9.3687] open fd = 256
[    9.3862] open name host:/livepad.bin flag 1 data 41378
[    9.3878] open fd = -5
[    9.4047] open name host:/livepad.bin flag 1 data 41378
[    9.4061] open fd = -5
[    9.4227] open name host:/livepad.bin flag 1 data 41378
[    9.4241] open fd = -5
[    9.4413] open name host:/livepad.bin flag 1 data 41378
[    9.4425] open fd = -5
[    9.4596] open name host:/livepad.bin flag 1 data 41378
[    9.4608] open fd = -5
[    9.4774] open name host:/livepad.bin flag 1 data 41378
[    9.4788] open fd = -5
[    9.4953] open name host:/livepad.bin flag 1 data 41378
[    9.4966] open fd = -5
[    9.5144] open name host:/livepad.bin flag 1 data 41378
[    9.5158] open fd = -5
[    9.5339] open name host:/livepad.bin flag 1 data 41378
[    9.5352] open fd = -5
[    9.5515] open name host:/livepad.bin flag 1 data 41378
[    9.5527] open fd = -5
[    9.5548] open name host:/log.txt flag 302 data 41378
[    9.5564] open fd = 256
[    9.5738] open name host:/livepad.bin flag 1 data 41378
[    9.5752] open fd = -5
[    9.5757] open name host:/livedbg.cmd flag 1 data 41378
[    9.5766] open fd = -5
[    9.5810] open name host:/log.txt flag 302 data 41378
[    9.5827] open fd = 256
[    9.5986] open name host:/livepad.bin flag 1 data 41378
[    9.6000] open fd = -5
[    9.6033] open name host:/log.txt flag 302 data 41378
[    9.6048] open fd = 256
[    9.6206] open name host:/livepad.bin flag 1 data 41378
[    9.6218] open fd = -5
[    9.6396] open name host:/livepad.bin flag 1 data 41378
[    9.6409] open fd = -5
[    9.6579] open name host:/livepad.bin flag 1 data 41378
[    9.6592] open fd = -5
[    9.6767] open name host:/livepad.bin flag 1 data 41378
[    9.6781] open fd = -5
[    9.6949] open name host:/livepad.bin flag 1 data 41378
[    9.6954] open fd = -5
[    9.6959] open name host:/livedbg.cmd flag 1 data 41378
[    9.6963] open fd = -5
[    9.7129] open name host:/livepad.bin flag 1 data 41378
[    9.7143] open fd = -5
[    9.7319] open name host:/livepad.bin flag 1 data 41378
[    9.7334] open fd = -5
[    9.7501] open name host:/livepad.bin flag 1 data 41378
[    9.7515] open fd = -5
[    9.7683] open name host:/livepad.bin flag 1 data 41378
[    9.7694] open fd = -5
[    9.7855] open name host:/livepad.bin flag 1 data 41378
[    9.7865] open fd = -5
[    9.8054] open name host:/livepad.bin flag 1 data 41378
[    9.8066] open fd = -5
[    9.8068] open name host:/livedbg.cmd flag 1 data 41378
[    9.8081] open fd = -5
[    9.8251] open name host:/livepad.bin flag 1 data 41378
[    9.8264] open fd = -5
[    9.8437] open name host:/livepad.bin flag 1 data 41378
[    9.8451] open fd = -5
[    9.8634] open name host:/livepad.bin flag 1 data 41378
[    9.8647] open fd = -5
[    9.8833] open name host:/livepad.bin flag 1 data 41378
[    9.8848] open fd = -5
[    9.9016] open name host:/livepad.bin flag 1 data 41378
[    9.9030] open fd = -5
[    9.9195] open name host:/livepad.bin flag 1 data 41378
[    9.9208] open fd = -5
[    9.9211] open name host:/livedbg.cmd flag 1 data 41378
[    9.9220] open fd = -5
[    9.9406] open name host:/livepad.bin flag 1 data 41378
[    9.9420] open fd = -5
[    9.9582] open name host:/livepad.bin flag 1 data 41378
[    9.9593] open fd = -5
[    9.9755] open name host:/livepad.bin flag 1 data 41378
[    9.9769] open fd = -5
[    9.9938] open name host:/livepad.bin flag 1 data 41378
[    9.9951] open fd = -5
[   10.0118] open name host:/livepad.bin flag 1 data 41378
[   10.0124] open fd = -5
[   10.0292] open name host:/livepad.bin flag 1 data 41378
[   10.0305] open fd = -5
[   10.0308] open name host:/livedbg.cmd flag 1 data 41378
[   10.0319] open fd = -5
[   10.0331] open name host:/log.txt flag 302 data 41378
[   10.0346] open fd = 256
[   10.0517] open name host:/livepad.bin flag 1 data 41378
[   10.0531] open fd = -5
[   10.0703] open name host:/livepad.bin flag 1 data 41378
[   10.0715] open fd = -5
[   10.0882] open name host:/livepad.bin flag 1 data 41378
[   10.0893] open fd = -5
[   10.1060] open name host:/livepad.bin flag 1 data 41378
[   10.1073] open fd = -5
[   10.1096] open name host:/log.txt flag 302 data 41378
[   10.1112] open fd = 256
[   10.1273] open name host:/livepad.bin flag 1 data 41378
[   10.1284] open fd = -5
[   10.1319] open name host:/log.txt flag 302 data 41378
[   10.1335] open fd = 256
[   10.1532] open name host:/livepad.bin flag 1 data 41378
[   10.1544] open fd = -5
[   10.1548] open name host:/livedbg.cmd flag 1 data 41378
[   10.1558] open fd = -5
[   10.1733] open name host:/livepad.bin flag 1 data 41378
[   10.1746] open fd = -5
[   10.1923] open name host:/livepad.bin flag 1 data 41378
[   10.1937] open fd = -5
[   10.2104] open name host:/livepad.bin flag 1 data 41378
[   10.2118] open fd = -5
[   10.2291] open name host:/livepad.bin flag 1 data 41378
[   10.2296] open fd = -5
[   10.2462] FRAMEARENA frames=120 peak=1037904 resets=2 fallbacks=0 maxFrameBytes=2731360 maxBorrowed=2025568 freeKiB=10569
[   10.2465] NATIVEVIF frames=120 batches=122
[   10.2467] ORDEREDFRAME frames=120 splitFrames=1
[   10.2469] FRAMEPIPELINE starts=120 dmaBusyStarts=0
[   10.2471] open name host:/livepad.bin flag 1 data 41378
[   10.2484] open fd = -5
[   10.2645] open name host:/livepad.bin flag 1 data 41378
[   10.2656] open fd = -5
[   10.2658] open name host:/livedbg.cmd flag 1 data 41378
[   10.2668] open fd = -5
[   10.2840] open name host:/livepad.bin flag 1 data 41378
[   10.2853] open fd = -5
[   10.3029] open name host:/livepad.bin flag 1 data 41378
[   10.3041] open fd = -5
[   10.3226] open name host:/livepad.bin flag 1 data 41378
[   10.3238] open fd = -5
[   10.3263] open name host:/log.txt flag 302 data 41378
[   10.3279] open fd = 256
[   10.3458] open name host:/livepad.bin flag 1 data 41378
[   10.3473] open fd = -5
[   10.3687] open name host:/livepad.bin flag 1 data 41378
[   10.3701] open fd = -5
[   10.3897] open name host:/livepad.bin flag 1 data 41378
[   10.3911] open fd = -5
[   10.3915] open name host:/livedbg.cmd flag 1 data 41378
[   10.3926] open fd = -5
[   10.4090] open name host:/livepad.bin flag 1 data 41378
[   10.4103] open fd = -5
[   10.4292] open name host:/livepad.bin flag 1 data 41378
[   10.4303] open fd = -5
[   10.4469] open name host:/livepad.bin flag 1 data 41378
[   10.4482] open fd = -5
[   10.4669] open name host:/livepad.bin flag 1 data 41378
[   10.4680] open fd = -5
[   10.4858] open name host:/livepad.bin flag 1 data 41378
[   10.4874] open fd = -5
[   10.5049] open name host:/livepad.bin flag 1 data 41378
[   10.5064] open fd = -5
[   10.5066] open name host:/livedbg.cmd flag 1 data 41378
[   10.5076] open fd = -5
[   10.5259] open name host:/livepad.bin flag 1 data 41378
[   10.5272] open fd = -5
[   10.5286] open name host:/log.txt flag 302 data 41378
[   10.5305] open fd = 256
[   10.5504] open name host:/livepad.bin flag 1 data 41378
[   10.5516] open fd = -5
[   10.5696] open name host:/livepad.bin flag 1 data 41378
[   10.5710] open fd = -5
[   10.5873] open name host:/livepad.bin flag 1 data 41378
[   10.5886] open fd = -5
[   10.6056] open name host:/livepad.bin flag 1 data 41378
[   10.6069] open fd = -5
[   10.6247] open name host:/livepad.bin flag 1 data 41378
[   10.6262] open fd = -5
[   10.6266] open name host:/livedbg.cmd flag 1 data 41378
[   10.6278] open fd = -5
[   10.6457] open name host:/livepad.bin flag 1 data 41378
[   10.6472] open fd = -5
[   10.6651] open name host:/livepad.bin flag 1 data 41378
[   10.6663] open fd = -5
[   10.6840] open name host:/livepad.bin flag 1 data 41378
[   10.6854] open fd = -5
[   10.7024] open name host:/livepad.bin flag 1 data 41378
[   10.7040] open fd = -5
[   10.7220] open name host:/livepad.bin flag 1 data 41378
[   10.7225] open fd = -5
[   10.7404] open name host:/livepad.bin flag 1 data 41378
[   10.7416] open fd = -5
[   10.7419] open name host:/livedbg.cmd flag 1 data 41378
[   10.7429] open fd = -5
[   10.7602] open name host:/livepad.bin flag 1 data 41378
[   10.7617] open fd = -5
[   10.7800] open name host:/livepad.bin flag 1 data 41378
[   10.7815] open fd = -5
[   10.7990] open name host:/livepad.bin flag 1 data 41378
[   10.8004] open fd = -5
[   10.8214] open name host:/livepad.bin flag 1 data 41378
[   10.8232] open fd = -5
[   10.8510] open name host:/livepad.bin flag 1 data 41378
[   10.8525] open fd = -5
[   10.8690] open name host:/livepad.bin flag 1 data 41378
[   10.8704] open fd = -5
[   10.8707] open name host:/livedbg.cmd flag 1 data 41378
[   10.8717] open fd = -5
[   10.8884] open name host:/livepad.bin flag 1 data 41378
[   10.8899] open fd = -5
[   10.9067] open name host:/livepad.bin flag 1 data 41378
[   10.9080] open fd = -5
[   10.9259] open name host:/livepad.bin flag 1 data 41378
[   10.9272] open fd = -5
[   10.9438] open name host:/livepad.bin flag 1 data 41378
[   10.9454] open fd = -5
[   10.9634] open name host:/livepad.bin flag 1 data 41378
[   10.9649] open fd = -5
[   10.9822] open name host:/livepad.bin flag 1 data 41378
[   10.9840] open fd = -5
[   10.9843] open name host:/livedbg.cmd flag 1 data 41378
[   10.9854] open fd = -5
[   11.0015] open name host:/livepad.bin flag 1 data 41378
[   11.0030] open fd = -5
[   11.0194] open name host:/livepad.bin flag 1 data 41378
[   11.0209] open fd = -5
[   11.0223] open name host:/log.txt flag 302 data 41378
[   11.0240] open fd = 256
[   11.0429] open name host:/livepad.bin flag 1 data 41378
[   11.0445] open fd = -5
[   11.0622] open name host:/livepad.bin flag 1 data 41378
[   11.0639] open fd = -5
[   11.0808] open name host:/livepad.bin flag 1 data 41378
[   11.0821] open fd = -5
[   11.0998] open name host:/livepad.bin flag 1 data 41378
[   11.1010] open fd = -5
[   11.1013] open name host:/livedbg.cmd flag 1 data 41378
[   11.1023] open fd = -5
[   11.1206] open name host:/livepad.bin flag 1 data 41378
[   11.1219] open fd = -5
[   11.1249] open name host:/log.txt flag 302 data 41378
[   11.1267] open fd = 256
[   11.1448] open name host:/livepad.bin flag 1 data 41378
[   11.1451] open fd = -5
[   11.1637] open name host:/livepad.bin flag 1 data 41378
[   11.1650] open fd = -5
[   11.1828] open name host:/livepad.bin flag 1 data 41378
[   11.1843] open fd = -5
[   11.2010] open name host:/livepad.bin flag 1 data 41378
[   11.2024] open fd = -5
[   11.2202] open name host:/livepad.bin flag 1 data 41378
[   11.2218] open fd = -5
[   11.2221] open name host:/livedbg.cmd flag 1 data 41378
[   11.2232] open fd = -5
[   11.2411] open name host:/livepad.bin flag 1 data 41378
[   11.2424] open fd = -5
[   11.2593] open name host:/livepad.bin flag 1 data 41378
[   11.2610] open fd = -5
[   11.2775] open name host:/livepad.bin flag 1 data 41378
[   11.2789] open fd = -5
[   11.2960] open name host:/livepad.bin flag 1 data 41378
[   11.2972] open fd = -5
[   11.3142] open name host:/livepad.bin flag 1 data 41378
[   11.3155] open fd = -5
[   11.3318] open name host:/livepad.bin flag 1 data 41378
[   11.3332] open fd = -5
[   11.3335] open name host:/livedbg.cmd flag 1 data 41378
[   11.3345] open fd = -5
[   11.3503] open name host:/livepad.bin flag 1 data 41378
[   11.3517] open fd = -5
[   11.3695] open name host:/livepad.bin flag 1 data 41378
[   11.3709] open fd = -5
[   11.3880] open name host:/livepad.bin flag 1 data 41378
[   11.3894] open fd = -5
[   11.4072] open name host:/livepad.bin flag 1 data 41378
[   11.4087] open fd = -5
[   11.4266] open name host:/livepad.bin flag 1 data 41378
[   11.4281] open fd = -5
[   11.4466] open name host:/livepad.bin flag 1 data 41378
[   11.4480] open fd = -5
[   11.4483] open name host:/livedbg.cmd flag 1 data 41378
[   11.4494] open fd = -5
[   11.4667] open name host:/livepad.bin flag 1 data 41378
[   11.4678] open fd = -5
[   11.4845] open name host:/livepad.bin flag 1 data 41378
[   11.4859] open fd = -5
[   11.5028] open name host:/livepad.bin flag 1 data 41378
[   11.5040] open fd = -5
[   11.5046] open name host:/log.txt flag 302 data 41378
[   11.5061] open fd = 256
[   11.5088] open name host:/log.txt flag 302 data 41378
[   11.5103] open fd = 256
[   11.5127] open name host:/log.txt flag 302 data 41378
[   11.5146] open fd = 256
[   11.5522] open name host:/livepad.bin flag 1 data 41378
[   11.5539] open fd = -5
[   11.5732] open name host:/livepad.bin flag 1 data 41378
[   11.5743] open fd = -5
[   11.6026] open name host:/livepad.bin flag 1 data 41378
[   11.6041] open fd = -5
[   11.6044] open name host:/livedbg.cmd flag 1 data 41378
[   11.6054] open fd = -5
[   11.6247] open name host:/livepad.bin flag 1 data 41378
[   11.6259] open fd = -5
[   11.6451] open name host:/livepad.bin flag 1 data 41378
[   11.6463] open fd = -5
[   11.6690] open name host:/livepad.bin flag 1 data 41378
[   11.6702] open fd = -5
[   11.6873] open name host:/livepad.bin flag 1 data 41378
[   11.6887] open fd = -5
[   11.7065] open name host:/livepad.bin flag 1 data 41378
[   11.7078] open fd = -5
[   11.7263] open name host:/livepad.bin flag 1 data 41378
[   11.7279] open fd = -5
[   11.7284] open name host:/livedbg.cmd flag 1 data 41378
[   11.7298] open fd = -5
[   11.7478] open name host:/livepad.bin flag 1 data 41378
[   11.7492] open fd = -5
[   11.7677] open name host:/livepad.bin flag 1 data 41378
[   11.7690] open fd = -5
[   11.7874] open name host:/livepad.bin flag 1 data 41378
[   11.7887] open fd = -5
[   11.8065] open name host:/livepad.bin flag 1 data 41378
[   11.8077] open fd = -5
[   11.8264] open name host:/livepad.bin flag 1 data 41378
[   11.8277] open fd = -5
[   11.8475] open name host:/livepad.bin flag 1 data 41378
[   11.8489] open fd = -5
[   11.8493] open name host:/livedbg.cmd flag 1 data 41378
[   11.8507] open fd = -5
[   11.8678] open name host:/livepad.bin flag 1 data 41378
[   11.8691] open fd = -5
[   11.8866] open name host:/livepad.bin flag 1 data 41378
[   11.8878] open fd = -5
[   11.9050] open name host:/livepad.bin flag 1 data 41378
[   11.9062] open fd = -5
[   11.9237] open name host:/livepad.bin flag 1 data 41378
[   11.9250] open fd = -5
[   11.9434] open name host:/livepad.bin flag 1 data 41378
[   11.9448] open fd = -5
[   11.9634] open name host:/livepad.bin flag 1 data 41378
[   11.9647] open fd = -5
[   11.9649] open name host:/livedbg.cmd flag 1 data 41378
[   11.9659] open fd = -5
[   11.9832] open name host:/livepad.bin flag 1 data 41378
[   11.9846] open fd = -5
[   12.0023] open name host:/livepad.bin flag 1 data 41378
[   12.0035] open fd = -5
[   12.0211] open name host:/livepad.bin flag 1 data 41378
[   12.0224] open fd = -5
[   12.0235] open name host:/log.txt flag 302 data 41378
[   12.0251] open fd = 256
[   12.0428] open name host:/livepad.bin flag 1 data 41378
[   12.0443] open fd = -5
[   12.0625] open name host:/livepad.bin flag 1 data 41378
[   12.0630] open fd = -5
[   12.0802] open name host:/livepad.bin flag 1 data 41378
[   12.0815] open fd = -5
[   12.0819] open name host:/livedbg.cmd flag 1 data 41378
[   12.0829] open fd = -5
[   12.0995] open name host:/livepad.bin flag 1 data 41378
[   12.1006] open fd = -5
[   12.1179] open name host:/livepad.bin flag 1 data 41378
[   12.1191] open fd = -5
[   12.1360] open name host:/livepad.bin flag 1 data 41378
[   12.1373] open fd = -5
[   12.1409] open name host:/log.txt flag 302 data 41378
[   12.1425] open fd = 256
[   12.1582] open name host:/livepad.bin flag 1 data 41378
[   12.1595] open fd = -5
[   12.1777] open name host:/livepad.bin flag 1 data 41378
[   12.1791] open fd = -5
[   12.1967] open name host:/livepad.bin flag 1 data 41378
[   12.1979] open fd = -5
[   12.1981] open name host:/livedbg.cmd flag 1 data 41378
[   12.1992] open fd = -5
[   12.2171] open name host:/livepad.bin flag 1 data 41378
[   12.2185] open fd = -5
[   12.2359] open name host:/livepad.bin flag 1 data 41378
[   12.2370] open fd = -5
[   12.2549] open name host:/livepad.bin flag 1 data 41378
[   12.2561] open fd = -5
[   12.2743] open name host:/livepad.bin flag 1 data 41378
[   12.2753] open fd = -5
[   12.2926] open name host:/livepad.bin flag 1 data 41378
[   12.2937] open fd = -5
[   12.3121] open name host:/livepad.bin flag 1 data 41378
[   12.3135] open fd = -5
[   12.3138] open name host:/livedbg.cmd flag 1 data 41378
[   12.3148] open fd = -5
[   12.3326] open name host:/livepad.bin flag 1 data 41378
[   12.3339] open fd = -5
[   12.3514] open name host:/livepad.bin flag 1 data 41378
[   12.3528] open fd = -5
[   12.3708] open name host:/livepad.bin flag 1 data 41378
[   12.3721] open fd = -5
[   12.3892] open name host:/livepad.bin flag 1 data 41378
[   12.3904] open fd = -5
[   12.4081] open name host:/livepad.bin flag 1 data 41378
[   12.4093] open fd = -5
[   12.4270] open name host:/livepad.bin flag 1 data 41378
[   12.4282] open fd = -5
[   12.4286] open name host:/livedbg.cmd flag 1 data 41378
[   12.4296] open fd = -5
[   12.4460] open name host:/livepad.bin flag 1 data 41378
[   12.4471] open fd = -5
[   12.4647] open name host:/livepad.bin flag 1 data 41378
[   12.4659] open fd = -5
[   12.4853] open name host:/livepad.bin flag 1 data 41378
[   12.4900] open fd = -5
[   12.5077] open name host:/livepad.bin flag 1 data 41378
[   12.5091] open fd = -5
[   12.5102] open name host:/log.txt flag 302 data 41378
[   12.5128] open fd = 256
[   12.5331] open name host:/livepad.bin flag 1 data 41378
[   12.5346] open fd = -5
[   12.5535] open name host:/livepad.bin flag 1 data 41378
[   12.5548] open fd = -5
[   12.5551] open name host:/livedbg.cmd flag 1 data 41378
[   12.5562] open fd = -5
[   12.5742] open name host:/livepad.bin flag 1 data 41378
[   12.5757] open fd = -5
[   12.5926] open name host:/livepad.bin flag 1 data 41378
[   12.5939] open fd = -5
[   12.6112] open name host:/livepad.bin flag 1 data 41378
[   12.6125] open fd = -5
[   12.6312] open name host:/livepad.bin flag 1 data 41378
[   12.6325] open fd = -5
[   12.6501] FRAMEARENA frames=240 peak=1037904 resets=2 fallbacks=0 maxFrameBytes=2731360 maxBorrowed=2120800 freeKiB=10399
[   12.6503] NATIVEVIF frames=240 batches=242
[   12.6505] ORDEREDFRAME frames=240 splitFrames=1
[   12.6507] FRAMEPIPELINE starts=240 dmaBusyStarts=0
[   12.6509] open name host:/livepad.bin flag 1 data 41378
[   12.6520] open fd = -5
[   12.6696] open name host:/livepad.bin flag 1 data 41378
[   12.6709] open fd = -5
[   12.6712] open name host:/livedbg.cmd flag 1 data 41378
[   12.6722] open fd = -5
[   12.6895] open name host:/livepad.bin flag 1 data 41378
[   12.6908] open fd = -5
[   12.7087] open name host:/livepad.bin flag 1 data 41378
[   12.7100] open fd = -5
[   12.7280] open name host:/livepad.bin flag 1 data 41378
[   12.7292] open fd = -5
[   12.7304] open name host:/log.txt flag 302 data 41378
[   12.7321] open fd = 256
[   12.7490] open name host:/livepad.bin flag 1 data 41378
[   12.7502] open fd = -5
[   12.7669] open name host:/livepad.bin flag 1 data 41378
[   12.7680] open fd = -5
[   12.7852] open name host:/livepad.bin flag 1 data 41378
[   12.7865] open fd = -5
[   12.7867] open name host:/livedbg.cmd flag 1 data 41378
[   12.7877] open fd = -5
[   12.8041] open name host:/livepad.bin flag 1 data 41378
[   12.8055] open fd = -5
[   12.8222] open name host:/livepad.bin flag 1 data 41378
[   12.8235] open fd = -5
[   12.8408] open name host:/livepad.bin flag 1 data 41378
[   12.8423] open fd = -5
[   12.8620] open name host:/livepad.bin flag 1 data 41378
[   12.8633] open fd = -5
[   12.8819] open name host:/livepad.bin flag 1 data 41378
[   12.8832] open fd = -5
[   12.9010] open name host:/livepad.bin flag 1 data 41378
[   12.9024] open fd = -5
[   12.9027] open name host:/livedbg.cmd flag 1 data 41378
[   12.9038] open fd = -5
[   12.9216] open name host:/livepad.bin flag 1 data 41378
[   12.9229] open fd = -5
[   12.9403] open name host:/livepad.bin flag 1 data 41378
[   12.9416] open fd = -5
[   12.9595] open name host:/livepad.bin flag 1 data 41378
[   12.9608] open fd = -5
[   12.9788] open name host:/livepad.bin flag 1 data 41378
[   12.9804] open fd = -5
[   12.9977] open name host:/livepad.bin flag 1 data 41378
[   12.9993] open fd = -5
[   13.0006] open name host:/log.txt flag 302 data 41378
[   13.0025] open fd = 256
[   13.0212] open name host:/livepad.bin flag 1 data 41378
[   13.0216] open fd = -5
[   13.0219] open name host:/livedbg.cmd flag 1 data 41378
[   13.0222] open fd = -5
[   13.0397] open name host:/livepad.bin flag 1 data 41378
[   13.0412] open fd = -5
[   13.0592] open name host:/livepad.bin flag 1 data 41378
[   13.0606] open fd = -5
[   13.0791] open name host:/livepad.bin flag 1 data 41378
[   13.0804] open fd = -5
[   13.0980] open name host:/livepad.bin flag 1 data 41378
[   13.0994] open fd = -5
[   13.1014] open name host:/log.txt flag 302 data 41378
[   13.1031] open fd = 256
[   13.1205] open name host:/livepad.bin flag 1 data 41378
[   13.1219] open fd = -5
[   13.1248] open name host:/log.txt flag 302 data 41378
[   13.1265] open fd = 256
[   13.1444] open name host:/livepad.bin flag 1 data 41378
[   13.1459] open fd = -5
[   13.1463] open name host:/livedbg.cmd flag 1 data 41378
[   13.1473] open fd = -5
[   13.1651] open name host:/livepad.bin flag 1 data 41378
[   13.1667] open fd = -5
[   13.1831] open name host:/livepad.bin flag 1 data 41378
[   13.1845] open fd = -5
[   13.2035] open name host:/livepad.bin flag 1 data 41378
[   13.2050] open fd = -5
[   13.2221] open name host:/livepad.bin flag 1 data 41378
[   13.2234] open fd = -5
[   13.2425] open name host:/livepad.bin flag 1 data 41378
[   13.2439] open fd = -5
[   13.2625] open name host:/livepad.bin flag 1 data 41378
[   13.2639] open fd = -5
[   13.2644] open name host:/livedbg.cmd flag 1 data 41378
[   13.2655] open fd = -5
[   13.2845] open name host:/livepad.bin flag 1 data 41378
[   13.2859] open fd = -5
[   13.3042] open name host:/livepad.bin flag 1 data 41378
[   13.3056] open fd = -5
[   13.3238] open name host:/livepad.bin flag 1 data 41378
[   13.3253] open fd = -5
[   13.3427] open name host:/livepad.bin flag 1 data 41378
[   13.3440] open fd = -5
[   13.3617] open name host:/livepad.bin flag 1 data 41378
[   13.3631] open fd = -5
[   13.3806] open name host:/livepad.bin flag 1 data 41378
[   13.3820] open fd = -5
[   13.3825] open name host:/livedbg.cmd flag 1 data 41378
[   13.3836] open fd = -5
[   13.4006] open name host:/livepad.bin flag 1 data 41378
[   13.4019] open fd = -5
[   13.4188] open name host:/livepad.bin flag 1 data 41378
[   13.4203] open fd = -5
[   13.4376] open name host:/livepad.bin flag 1 data 41378
[   13.4390] open fd = -5
[   13.4565] open name host:/livepad.bin flag 1 data 41378
[   13.4578] open fd = -5
[   13.4761] open name host:/livepad.bin flag 1 data 41378
[   13.4776] open fd = -5
[   13.4959] open name host:/livepad.bin flag 1 data 41378
[   13.4973] open fd = -5
[   13.4976] open name host:/livedbg.cmd flag 1 data 41378
[   13.4986] open fd = -5
[   13.5002] open name host:/log.txt flag 302 data 41378
[   13.5023] open fd = 256
[   13.5214] open name host:/livepad.bin flag 1 data 41378
[   13.5228] open fd = -5
[   13.5409] open name host:/livepad.bin flag 1 data 41378
[   13.5423] open fd = -5
[   13.5595] open name host:/livepad.bin flag 1 data 41378
[   13.5611] open fd = -5
[   13.5804] open name host:/livepad.bin flag 1 data 41378
[   13.5819] open fd = -5
[   13.5992] open name host:/livepad.bin flag 1 data 41378
[   13.6005] open fd = -5
[   13.6178] open name host:/livepad.bin flag 1 data 41378
[   13.6191] open fd = -5
[   13.6194] open name host:/livedbg.cmd flag 1 data 41378
[   13.6205] open fd = -5
[   13.6380] open name host:/livepad.bin flag 1 data 41378
[   13.6397] open fd = -5
[   13.6587] open name host:/livepad.bin flag 1 data 41378
[   13.6593] open fd = -5
[   13.6785] open name host:/livepad.bin flag 1 data 41378
[   13.6800] open fd = -5
[   13.6980] open name host:/livepad.bin flag 1 data 41378
[   13.6993] open fd = -5
[   13.7175] open name host:/livepad.bin flag 1 data 41378
[   13.7188] open fd = -5
[   13.7369] open name host:/livepad.bin flag 1 data 41378
[   13.7381] open fd = -5
[   13.7384] open name host:/livedbg.cmd flag 1 data 41378
[   13.7394] open fd = -5
[   13.7578] open name host:/livepad.bin flag 1 data 41378
[   13.7592] open fd = -5
[   13.7778] open name host:/livepad.bin flag 1 data 41378
[   13.7791] open fd = -5
[   13.7974] open name host:/livepad.bin flag 1 data 41378
[   13.7986] open fd = -5
[   13.8159] open name host:/livepad.bin flag 1 data 41378
[   13.8171] open fd = -5
[   13.8349] open name host:/livepad.bin flag 1 data 41378
[   13.8362] open fd = -5
[   13.8532] open name host:/livepad.bin flag 1 data 41378
[   13.8549] open fd = -5
[   13.8553] open name host:/livedbg.cmd flag 1 data 41378
[   13.8564] open fd = -5
[   13.8735] open name host:/livepad.bin flag 1 data 41378
[   13.8741] open fd = -5
[   13.8914] open name host:/livepad.bin flag 1 data 41378
[   13.8926] open fd = -5
[   13.9094] open name host:/livepad.bin flag 1 data 41378
[   13.9108] open fd = -5
[   13.9119] open name host:/log.txt flag 302 data 41378
[   13.9135] open fd = 256
[   13.9314] open name host:/livepad.bin flag 1 data 41378
[   13.9328] open fd = -5
[   13.9524] open name host:/livepad.bin flag 1 data 41378
[   13.9537] open fd = -5
[   13.9725] open name host:/livepad.bin flag 1 data 41378
[   13.9737] open fd = -5
[   13.9740] open name host:/livedbg.cmd flag 1 data 41378
[   13.9749] open fd = -5
[   13.9927] open name host:/livepad.bin flag 1 data 41378
[   13.9941] open fd = -5
[   13.9950] open name host:/log.txt flag 302 data 41378
[   13.9969] open fd = 256
[   14.0167] open name host:/livepad.bin flag 1 data 41378
[   14.0180] open fd = -5
[   14.0371] open name host:/livepad.bin flag 1 data 41378
[   14.0385] open fd = -5
[   14.0559] open name host:/livepad.bin flag 1 data 41378
[   14.0573] open fd = -5
[   14.0759] open name host:/livepad.bin flag 1 data 41378
[   14.0772] open fd = -5
[   14.0959] open name host:/livepad.bin flag 1 data 41378
[   14.0971] open fd = -5
[   14.0973] open name host:/livedbg.cmd flag 1 data 41378
[   14.0983] open fd = -5
[   14.1160] open name host:/livepad.bin flag 1 data 41378
[   14.1172] open fd = -5
[   14.1202] open name host:/log.txt flag 302 data 41378
[   14.1219] open fd = 256
[   14.1408] open name host:/livepad.bin flag 1 data 41378
[   14.1420] open fd = -5
[   14.1589] open name host:/livepad.bin flag 1 data 41378
[   14.1601] open fd = -5
[   14.1775] open name host:/livepad.bin flag 1 data 41378
[   14.1787] open fd = -5
[   14.1965] open name host:/livepad.bin flag 1 data 41378
[   14.1978] open fd = -5
[   14.2164] open name host:/livepad.bin flag 1 data 41378
[   14.2176] open fd = -5
[   14.2180] open name host:/livedbg.cmd flag 1 data 41378
[   14.2188] open fd = -5
[   14.2350] open name host:/livepad.bin flag 1 data 41378
[   14.2361] open fd = -5
[   14.2542] open name host:/livepad.bin flag 1 data 41378
[   14.2555] open fd = -5
[   14.2745] open name host:/livepad.bin flag 1 data 41378
[   14.2757] open fd = -5
[   14.2941] open name host:/livepad.bin flag 1 data 41378
[   14.2953] open fd = -5
[   14.3116] open name host:/livepad.bin flag 1 data 41378
[   14.3129] open fd = -5
[   14.3309] open name host:/livepad.bin flag 1 data 41378
[   14.3322] open fd = -5
[   14.3325] open name host:/livedbg.cmd flag 1 data 41378
[   14.3342] open fd = -5
[   14.3523] open name host:/livepad.bin flag 1 data 41378
[   14.3538] open fd = -5
[   14.3725] open name host:/livepad.bin flag 1 data 41378
[   14.3739] open fd = -5
[   14.3939] open name host:/livepad.bin flag 1 data 41378
[   14.3951] open fd = -5
[   14.4147] open name host:/livepad.bin flag 1 data 41378
[   14.4159] open fd = -5
[   14.4336] open name host:/livepad.bin flag 1 data 41378
[   14.4348] open fd = -5
[   14.4527] open name host:/livepad.bin flag 1 data 41378
[   14.4540] open fd = -5
[   14.4543] open name host:/livedbg.cmd flag 1 data 41378
[   14.4554] open fd = -5
[   14.4719] open name host:/livepad.bin flag 1 data 41378
[   14.4733] open fd = -5
[   14.4914] open name host:/livepad.bin flag 1 data 41378
[   14.4925] open fd = -5
[   14.4934] open name host:/log.txt flag 302 data 41378
[   14.4951] open fd = 256
[   14.5201] open name host:/livepad.bin flag 1 data 41378
[   14.5213] open fd = -5
[   14.5386] open name host:/livepad.bin flag 1 data 41378
[   14.5398] open fd = -5
[   14.5574] open name host:/livepad.bin flag 1 data 41378
[   14.5585] open fd = -5
[   14.5751] open name host:/livepad.bin flag 1 data 41378
[   14.5762] open fd = -5
[   14.5764] open name host:/livedbg.cmd flag 1 data 41378
[   14.5774] open fd = -5
[   14.5949] open name host:/livepad.bin flag 1 data 41378
[   14.5963] open fd = -5
[   14.6135] open name host:/livepad.bin flag 1 data 41378
[   14.6140] open fd = -5
[   14.6322] open name host:/livepad.bin flag 1 data 41378
[   14.6334] open fd = -5
[   14.6529] open name host:/livepad.bin flag 1 data 41378
[   14.6543] open fd = -5
[   14.6738] open name host:/livepad.bin flag 1 data 41378
[   14.6751] open fd = -5
[   14.6935] open name host:/livepad.bin flag 1 data 41378
[   14.6947] open fd = -5
[   14.6951] open name host:/livedbg.cmd flag 1 data 41378
[   14.6962] open fd = -5
[   14.7170] open name host:/livepad.bin flag 1 data 41378
[   14.7183] open fd = -5
[   14.7378] open name host:/livepad.bin flag 1 data 41378
[   14.7390] open fd = -5
[   14.7582] open name host:/livepad.bin flag 1 data 41378
[   14.7594] open fd = -5
[   14.7767] open name host:/livepad.bin flag 1 data 41378
[   14.7778] open fd = -5
[   14.7951] open name host:/livepad.bin flag 1 data 41378
[   14.7967] open fd = -5
[   14.8155] open name host:/livepad.bin flag 1 data 41378
[   14.8168] open fd = -5
[   14.8173] open name host:/livedbg.cmd flag 1 data 41378
[   14.8183] open fd = -5
[   14.8345] open name host:/livepad.bin flag 1 data 41378
[   14.8356] open fd = -5
[   14.8554] open name host:/livepad.bin flag 1 data 41378
[   14.8568] open fd = -5
[   14.8763] open name host:/livepad.bin flag 1 data 41378
[   14.8776] open fd = -5
[   14.8959] open name host:/livepad.bin flag 1 data 41378
[   14.8971] open fd = -5
[   14.9141] open name host:/livepad.bin flag 1 data 41378
[   14.9151] open fd = -5
[   14.9343] open name host:/livepad.bin flag 1 data 41378
[   14.9348] open fd = -5
[   14.9351] open name host:/livedbg.cmd flag 1 data 41378
[   14.9355] open fd = -5
[   14.9524] open name host:/livepad.bin flag 1 data 41378
[   14.9536] open fd = -5
[   14.9715] open name host:/livepad.bin flag 1 data 41378
[   14.9728] open fd = -5
[   14.9921] open name host:/livepad.bin flag 1 data 41378
[   14.9935] open fd = -5
[   14.9942] open name host:/log.txt flag 302 data 41378
[   14.9961] open fd = 256
[   15.0158] open name host:/livepad.bin flag 1 data 41378
[   15.0170] open fd = -5
[   15.0339] FRAMEARENA frames=360 peak=1037904 resets=2 fallbacks=0 maxFrameBytes=2731360 maxBorrowed=2120800 freeKiB=10468
[   15.0341] NATIVEVIF frames=360 batches=362
[   15.0343] ORDEREDFRAME frames=360 splitFrames=1
[   15.0345] FRAMEPIPELINE starts=360 dmaBusyStarts=54
[   15.0348] open name host:/livepad.bin flag 1 data 41378
[   15.0359] open fd = -5
[   15.0519] open name host:/livepad.bin flag 1 data 41378
[   15.0531] open fd = -5
[   15.0534] open name host:/livedbg.cmd flag 1 data 41378
[   15.0544] open fd = -5
[   15.0736] open name host:/livepad.bin flag 1 data 41378
[   15.0752] open fd = -5
[   15.0922] open name host:/livepad.bin flag 1 data 41378
[   15.0934] open fd = -5
[   15.1104] open name host:/livepad.bin flag 1 data 41378
[   15.1116] open fd = -5
[   15.1122] open name host:/log.txt flag 302 data 41378
[   15.1138] open fd = 256
[   15.1164] open name host:/log.txt flag 302 data 41378
[   15.1180] open fd = 256
[   15.1213] open name host:/log.txt flag 302 data 41378
[   15.1234] open fd = 256
[   15.1423] open name host:/livepad.bin flag 1 data 41378
[   15.1427] open fd = -5
[   15.1594] open name host:/livepad.bin flag 1 data 41378
[   15.1606] open fd = -5
[   15.1773] open name host:/livepad.bin flag 1 data 41378
[   15.1785] open fd = -5
[   15.1787] open name host:/livedbg.cmd flag 1 data 41378
[   15.1801] open fd = -5
[   15.1977] open name host:/livepad.bin flag 1 data 41378
[   15.1991] open fd = -5
[   15.2169] open name host:/livepad.bin flag 1 data 41378
[   15.2182] open fd = -5
[   15.2352] open name host:/livepad.bin flag 1 data 41378
[   15.2365] open fd = -5
[   15.2531] open name host:/livepad.bin flag 1 data 41378
[   15.2541] open fd = -5
[   15.2707] open name host:/livepad.bin flag 1 data 41378
[   15.2718] open fd = -5
[   15.2879] open name host:/livepad.bin flag 1 data 41378
[   15.2890] open fd = -5
[   15.2893] open name host:/livedbg.cmd flag 1 data 41378
[   15.2903] open fd = -5
[   15.3063] open name host:/livepad.bin flag 1 data 41378
[   15.3075] open fd = -5
[   15.3238] open name host:/livepad.bin flag 1 data 41378
[   15.3250] open fd = -5
[   15.3414] open name host:/livepad.bin flag 1 data 41378
[   15.3426] open fd = -5
[   15.3588] open name host:/livepad.bin flag 1 data 41378
[   15.3592] open fd = -5
[   15.3750] open name host:/livepad.bin flag 1 data 41378
[   15.3763] open fd = -5
[   15.3939] open name host:/livepad.bin flag 1 data 41378
[   15.3951] open fd = -5
[   15.3958] open name host:/livedbg.cmd flag 1 data 41378
[   15.3968] open fd = -5
[   15.4136] open name host:/livepad.bin flag 1 data 41378
[   15.4147] open fd = -5
[   15.4335] open name host:/livepad.bin flag 1 data 41378
[   15.4347] open fd = -5
[   15.4509] open name host:/livepad.bin flag 1 data 41378
[   15.4521] open fd = -5
[   15.4693] open name host:/livepad.bin flag 1 data 41378
[   15.4708] open fd = -5
[   15.4714] open name host:/log.txt flag 302 data 41378
[   15.4730] open fd = 256
[   15.4954] open name host:/livepad.bin flag 1 data 41378
[   15.4966] open fd = -5
[   15.5146] open name host:/livepad.bin flag 1 data 41378
[   15.5159] open fd = -5
[   15.5162] open name host:/livedbg.cmd flag 1 data 41378
[   15.5172] open fd = -5
[   15.5342] open name host:/livepad.bin flag 1 data 41378
[   15.5356] open fd = -5
[   15.5529] open name host:/livepad.bin flag 1 data 41378
[   15.5543] open fd = -5
[   15.5710] open name host:/livepad.bin flag 1 data 41378
[   15.5715] open fd = -5
[   15.5882] open name host:/livepad.bin flag 1 data 41378
[   15.5896] open fd = -5
[   15.6060] open name host:/livepad.bin flag 1 data 41378
[   15.6074] open fd = -5
[   15.6259] open name host:/livepad.bin flag 1 data 41378
[   15.6272] open fd = -5
[   15.6275] open name host:/livedbg.cmd flag 1 data 41378
[   15.6286] open fd = -5
[   15.6466] open name host:/livepad.bin flag 1 data 41378
[   15.6481] open fd = -5
[   15.6663] open name host:/livepad.bin flag 1 data 41378
[   15.6677] open fd = -5
[   15.6867] open name host:/livepad.bin flag 1 data 41378
[   15.6879] open fd = -5
[   15.7062] open name host:/livepad.bin flag 1 data 41378
[   15.7074] open fd = -5
[   15.7241] open name host:/livepad.bin flag 1 data 41378
[   15.7254] open fd = -5
[   15.7430] open name host:/livepad.bin flag 1 data 41378
[   15.7445] open fd = -5
[   15.7448] open name host:/livedbg.cmd flag 1 data 41378
[   15.7459] open fd = -5
[   15.7644] open name host:/livepad.bin flag 1 data 41378
[   15.7659] open fd = -5
[   15.7833] open name host:/livepad.bin flag 1 data 41378
[   15.7838] open fd = -5
[   15.8011] open name host:/livepad.bin flag 1 data 41378
[   15.8024] open fd = -5
[   15.8190] open name host:/livepad.bin flag 1 data 41378
[   15.8203] open fd = -5
[   15.8367] open name host:/livepad.bin flag 1 data 41378
[   15.8380] open fd = -5
[   15.8548] open name host:/livepad.bin flag 1 data 41378
[   15.8561] open fd = -5
[   15.8564] open name host:/livedbg.cmd flag 1 data 41378
[   15.8574] open fd = -5
[   15.8740] open name host:/livepad.bin flag 1 data 41378
[   15.8753] open fd = -5
[   15.8933] open name host:/livepad.bin flag 1 data 41378
[   15.8944] open fd = -5
[   15.9126] open name host:/livepad.bin flag 1 data 41378
[   15.9141] open fd = -5
[   15.9311] open name host:/livepad.bin flag 1 data 41378
[   15.9323] open fd = -5
[   15.9493] open name host:/livepad.bin flag 1 data 41378
[   15.9505] open fd = -5
[   15.9512] open name host:/log.txt flag 302 data 41378
[   15.9530] open fd = 256
[   15.9728] open name host:/livepad.bin flag 1 data 41378
[   15.9740] open fd = -5
[   15.9744] open name host:/livedbg.cmd flag 1 data 41378
[   15.9755] open fd = -5
[   15.9934] open name host:/livepad.bin flag 1 data 41378
[   15.9941] open fd = -5
[   16.0117] open name host:/livepad.bin flag 1 data 41378
[   16.0129] open fd = -5
[   16.0304] open name host:/livepad.bin flag 1 data 41378
[   16.0317] open fd = -5
[   16.0485] open name host:/livepad.bin flag 1 data 41378
[   16.0495] open fd = -5
[   16.0511] open name host:/log.txt flag 302 data 41378
[   16.0527] open fd = 256
[   16.0701] open name host:/livepad.bin flag 1 data 41378
[   16.0712] open fd = -5
[   16.0740] open name host:/log.txt flag 302 data 41378
[   16.0760] open fd = 256
[   16.0931] open name host:/livepad.bin flag 1 data 41378
[   16.0943] open fd = -5
[   16.0946] open name host:/livedbg.cmd flag 1 data 41378
[   16.0956] open fd = -5
[   16.1121] open name host:/livepad.bin flag 1 data 41378
[   16.1136] open fd = -5
[   16.1295] open name host:/livepad.bin flag 1 data 41378
[   16.1310] open fd = -5
[   16.1474] open name host:/livepad.bin flag 1 data 41378
[   16.1484] open fd = -5
[   16.1666] open name host:/livepad.bin flag 1 data 41378
[   16.1682] open fd = -5
[   16.1848] open name host:/livepad.bin flag 1 data 41378
[   16.1863] open fd = -5
[   16.2031] open name host:/livepad.bin flag 1 data 41378
[   16.2035] open fd = -5
[   16.2038] open name host:/livedbg.cmd flag 1 data 41378
[   16.2041] open fd = -5
[   16.2221] open name host:/livepad.bin flag 1 data 41378
[   16.2234] open fd = -5
[   16.2402] open name host:/livepad.bin flag 1 data 41378
[   16.2415] open fd = -5
[   16.2586] open name host:/livepad.bin flag 1 data 41378
[   16.2599] open fd = -5
[   16.2610] open name host:/log.txt flag 302 data 41378
[   16.2626] open fd = 256
[   16.2816] open name host:/livepad.bin flag 1 data 41378
[   16.2828] open fd = -5
[   16.3007] open name host:/livepad.bin flag 1 data 41378
[   16.3018] open fd = -5
[   16.3186] open name host:/livepad.bin flag 1 data 41378
[   16.3197] open fd = -5
[   16.3200] open name host:/livedbg.cmd flag 1 data 41378
[   16.3213] open fd = -5
[   16.3391] open name host:/livepad.bin flag 1 data 41378
[   16.3402] open fd = -5
[   16.3570] open name host:/livepad.bin flag 1 data 41378
[   16.3581] open fd = -5
[   16.3746] open name host:/livepad.bin flag 1 data 41378
[   16.3758] open fd = -5
[   16.3917] open name host:/livepad.bin flag 1 data 41378
[   16.3929] open fd = -5
[   16.4098] open name host:/livepad.bin flag 1 data 41378
[   16.4111] open fd = -5
[   16.4275] open name host:/livepad.bin flag 1 data 41378
[   16.4287] open fd = -5
[   16.4290] open name host:/livedbg.cmd flag 1 data 41378
[   16.4302] open fd = -5
[   16.4309] open name host:/log.txt flag 302 data 41378
[   16.4324] open fd = 256
[   16.4494] open name host:/livepad.bin flag 1 data 41378
[   16.4505] open fd = -5
[   16.4667] open name host:/livepad.bin flag 1 data 41378
[   16.4678] open fd = -5
[   16.4847] open name host:/livepad.bin flag 1 data 41378
[   16.4859] open fd = -5
[   16.5024] open name host:/livepad.bin flag 1 data 41378
[   16.5036] open fd = -5
[   16.5208] open name host:/livepad.bin flag 1 data 41378
[   16.5215] open fd = -5
[   16.5377] open name host:/livepad.bin flag 1 data 41378
[   16.5389] open fd = -5
[   16.5391] open name host:/livedbg.cmd flag 1 data 41378
[   16.5400] open fd = -5
[   16.5587] open name host:/livepad.bin flag 1 data 41378
[   16.5602] open fd = -5
[   16.5776] open name host:/livepad.bin flag 1 data 41378
[   16.5788] open fd = -5
[   16.5958] open name host:/livepad.bin flag 1 data 41378
[   16.5970] open fd = -5
[   16.6154] open name host:/livepad.bin flag 1 data 41378
[   16.6166] open fd = -5
[   16.6344] open name host:/livepad.bin flag 1 data 41378
[   16.6358] open fd = -5
[   16.6537] open name host:/livepad.bin flag 1 data 41378
[   16.6548] open fd = -5
[   16.6551] open name host:/livedbg.cmd flag 1 data 41378
[   16.6561] open fd = -5
[   16.6743] open name host:/livepad.bin flag 1 data 41378
[   16.6758] open fd = -5
[   16.6924] open name host:/livepad.bin flag 1 data 41378
[   16.6935] open fd = -5
[   16.7097] open name host:/livepad.bin flag 1 data 41378
[   16.7109] open fd = -5
[   16.7271] open name host:/livepad.bin flag 1 data 41378
[   16.7285] open fd = -5
[   16.7462] open name host:/livepad.bin flag 1 data 41378
[   16.7475] open fd = -5
[   16.7638] open name host:/livepad.bin flag 1 data 41378
[   16.7650] open fd = -5
[   16.7654] open name host:/livedbg.cmd flag 1 data 41378
[   16.7664] open fd = -5
[   16.7834] open name host:/livepad.bin flag 1 data 41378
[   16.7847] open fd = -5
[   16.8005] open name host:/livepad.bin flag 1 data 41378
[   16.8017] open fd = -5
[   16.8181] open name host:/livepad.bin flag 1 data 41378
[   16.8194] open fd = -5
[   16.8358] open name host:/livepad.bin flag 1 data 41378
[   16.8362] open fd = -5
[   16.8527] open name host:/livepad.bin flag 1 data 41378
[   16.8540] open fd = -5
[   16.8700] open name host:/livepad.bin flag 1 data 41378
[   16.8713] open fd = -5
[   16.8717] open name host:/livedbg.cmd flag 1 data 41378
[   16.8727] open fd = -5
[   16.8901] open name host:/livepad.bin flag 1 data 41378
[   16.8915] open fd = -5
[   16.8923] open name host:/log.txt flag 302 data 41378
[   16.8937] open fd = 256
[   16.9139] open name host:/livepad.bin flag 1 data 41378
[   16.9152] open fd = -5
[   16.9323] open name host:/livepad.bin flag 1 data 41378
[   16.9338] open fd = -5
[   16.9516] open name host:/livepad.bin flag 1 data 41378
[   16.9529] open fd = -5
[   16.9692] open name host:/livepad.bin flag 1 data 41378
[   16.9706] open fd = -5
[   16.9889] open name host:/livepad.bin flag 1 data 41378
[   16.9901] open fd = -5
[   16.9904] open name host:/livedbg.cmd flag 1 data 41378
[   16.9915] open fd = -5
[   17.0091] open name host:/livepad.bin flag 1 data 41378
[   17.0103] open fd = -5
[   17.0131] open name host:/log.txt flag 302 data 41378
[   17.0147] open fd = 256
[   17.0319] open name host:/livepad.bin flag 1 data 41378
[   17.0331] open fd = -5
[   17.0500] open name host:/livepad.bin flag 1 data 41378
[   17.0504] open fd = -5
[   17.0675] open name host:/livepad.bin flag 1 data 41378
[   17.0686] open fd = -5
[   17.0848] open name host:/livepad.bin flag 1 data 41378
[   17.0861] open fd = -5
[   17.1036] open name host:/livepad.bin flag 1 data 41378
[   17.1048] open fd = -5
[   17.1051] open name host:/livedbg.cmd flag 1 data 41378
[   17.1062] open fd = -5
[   17.1230] open name host:/livepad.bin flag 1 data 41378
[   17.1241] open fd = -5
[   17.1402] open name host:/livepad.bin flag 1 data 41378
[   17.1413] open fd = -5
[   17.1577] open name host:/livepad.bin flag 1 data 41378
[   17.1582] open fd = -5
[   17.1744] open name host:/livepad.bin flag 1 data 41378
[   17.1756] open fd = -5
[   17.1943] open name host:/livepad.bin flag 1 data 41378
[   17.1955] open fd = -5
[   17.2152] open name host:/livepad.bin flag 1 data 41378
[   17.2166] open fd = -5
[   17.2169] open name host:/livedbg.cmd flag 1 data 41378
[   17.2179] open fd = -5
[   17.2357] open name host:/livepad.bin flag 1 data 41378
[   17.2369] open fd = -5
[   17.2557] open name host:/livepad.bin flag 1 data 41378
[   17.2570] open fd = -5
[   17.2749] open name host:/livepad.bin flag 1 data 41378
[   17.2762] open fd = -5
[   17.2937] open name host:/livepad.bin flag 1 data 41378
[   17.2951] open fd = -5
[   17.3133] FRAMEARENA frames=480 peak=1037904 resets=2 fallbacks=0 maxFrameBytes=2731360 maxBorrowed=2120800 freeKiB=10471
[   17.3135] NATIVEVIF frames=480 batches=482
[   17.3137] ORDEREDFRAME frames=480 splitFrames=1
[   17.3140] FRAMEPIPELINE starts=480 dmaBusyStarts=148
[   17.3143] open name host:/livepad.bin flag 1 data 41378
[   17.3157] open fd = -5
[   17.3334] open name host:/livepad.bin flag 1 data 41378
[   17.3346] open fd = -5
[   17.3349] open name host:/livedbg.cmd flag 1 data 41378
[   17.3361] open fd = -5
[   17.3554] open name host:/livepad.bin flag 1 data 41378
[   17.3567] open fd = -5
[   17.3738] open name host:/livepad.bin flag 1 data 41378
[   17.3752] open fd = -5
[   17.3761] open name host:/log.txt flag 302 data 41378
[   17.3776] open fd = 256
[   17.3956] open name host:/livepad.bin flag 1 data 41378
[   17.3971] open fd = -5
[   17.4136] open name host:/livepad.bin flag 1 data 41378
[   17.4147] open fd = -5
[   17.4272] open name host:/livepad.bin flag 1 data 41378
[   17.4283] open fd = -5
[   17.4415] open name host:/livepad.bin flag 1 data 41378
[   17.4425] open fd = -5
[   17.4426] open name host:/livedbg.cmd flag 1 data 41378
[   17.4436] open fd = -5
[   17.4563] open name host:/livepad.bin flag 1 data 41378
[   17.4574] open fd = -5
[   17.4877] microVU1: Cached Prog = [012] [PC=3fd0] [List=01] (Cache=3.623%) [2.2mb]
[   17.4889] open name host:/vehicles/veh-ravager000001-shadow.png flag 1 data 41378
[   17.4914] open fd = 256
[   17.4924] open name host:/vehicles/veh-ravager000001-shadow.png flag 1 data 41378
[   17.4945] open fd = 256
[   17.5117] open name host:/sky/scene1.png flag 1 data 41378
[   17.5195] open fd = 256
[   17.5202] open name host:/sky/scene1.png flag 1 data 41378
[   17.5222] open fd = 256
[   17.8891] open name host:/vehicles/fx-skid.png flag 1 data 41378
[   17.8914] open fd = 256
[   17.8923] open name host:/vehicles/fx-skid.png flag 1 data 41378
[   17.8944] open fd = 256
[   17.9092] open name host:/vehicles/fx-smoke.png flag 1 data 41378
[   17.9113] open fd = 256
[   17.9121] open name host:/vehicles/fx-smoke.png flag 1 data 41378
[   17.9141] open fd = 256
[   17.9183] open name host:/log.txt flag 302 data 41378
[   17.9201] open fd = 256
[   17.9214] open name host:/vehicles/veh-ravager000001-wheel.tmdl flag 1 data 41378
[   17.9237] open fd = 256
[   17.9315] open name host:/vehicles/veh-ravager000001-wheelfast.tmdl flag 1 data 41378
[   17.9335] open fd = 256
[   17.9494] open name host:/log.txt flag 302 data 41378
[   17.9511] open fd = 256
[   17.9525] open name host:/log.txt flag 302 data 41378
[   17.9542] open fd = 256
[   17.9556] open name host:/log.txt flag 302 data 41378
[   17.9572] open fd = 256
[   18.0563] open name host:/log.txt flag 302 data 41378
[   18.0581] open fd = 256
[   18.0720] open name host:/log.txt flag 302 data 41378
[   18.0737] open fd = 256
[   18.0751] open name host:/log.txt flag 302 data 41378
[   18.0767] open fd = 256
[   18.0794] open name host:/log.txt flag 302 data 41378
[   18.0810] open fd = 256
[   18.0830] open name host:/log.txt flag 302 data 41378
[   18.0846] open fd = 256
[   18.0930] open name host:/log.txt flag 302 data 41378
[   18.0946] open fd = 256
[   18.0965] open name host:/log.txt flag 302 data 41378
[   18.0980] open fd = 256
[   18.0998] open name host:/log.txt flag 302 data 41378
[   18.1013] open fd = 256
[   18.1030] open name host:/log.txt flag 302 data 41378
[   18.1046] open fd = 256
[   18.1059] open name host:/log.txt flag 302 data 41378
[   18.1063] open fd = 256
[   18.1074] open name host:/log.txt flag 302 data 41378
[   18.1078] open fd = 256
[   18.1091] open name host:/log.txt flag 302 data 41378
[   18.1098] open fd = 256
[   18.1109] open name host:/log.txt flag 302 data 41378
[   18.1113] open fd = 256
[   18.1124] open name host:/log.txt flag 302 data 41378
[   18.1130] open fd = 256
[   18.1201] open name host:/log.txt flag 302 data 41378
[   18.1206] open fd = 256
[   18.1222] open name host:/log.txt flag 302 data 41378
[   18.1227] open fd = 256
[   18.1242] open name host:/log.txt flag 302 data 41378
[   18.1249] open fd = 256
[   18.1262] open name host:/log.txt flag 302 data 41378
[   18.1266] open fd = 256
[   18.1275] open name host:/log.txt flag 302 data 41378
[   18.1280] open fd = 256
[   18.1292] open name host:/log.txt flag 302 data 41378
[   18.1298] open fd = 256
[   18.1310] open name host:/log.txt flag 302 data 41378
[   18.1314] open fd = 256
[   18.1327] open name host:/log.txt flag 302 data 41378
[   18.1333] open fd = 256
[   18.1345] open name host:/log.txt flag 302 data 41378
[   18.1349] open fd = 256
[   18.1359] open name host:/log.txt flag 302 data 41378
[   18.1363] open fd = 256
[   18.1373] open name host:/log.txt flag 302 data 41378
[   18.1377] open fd = 256
[   18.1387] open name host:/log.txt flag 302 data 41378
[   18.1391] open fd = 256
[   18.1402] open name host:/log.txt flag 302 data 41378
[   18.1406] open fd = 256
[   18.1496] open name host:/log.txt flag 302 data 41378
[   18.1502] open fd = 256
[   18.1646] open name host:/livepad.bin flag 1 data 41378
[   18.1651] open fd = -5
[   18.1657] open name host:/log.txt flag 302 data 41378
[   18.1661] open fd = 256
[   18.1811] open name host:/livepad.bin flag 1 data 41378
[   18.1823] open fd = -5
[   18.1961] open name host:/livepad.bin flag 1 data 41378
[   18.1971] open fd = -5
[   18.2093] open name host:/livepad.bin flag 1 data 41378
[   18.2104] open fd = -5
[   18.2228] open name host:/livepad.bin flag 1 data 41378
[   18.2243] open fd = -5
[   18.2244] open name host:/livedbg.cmd flag 1 data 41378
[   18.2254] open fd = -5
[   18.2393] open name host:/livepad.bin flag 1 data 41378
[   18.2404] open fd = -5
[   18.2557] open name host:/livepad.bin flag 1 data 41378
[   18.2568] open fd = -5
[   18.2725] open name host:/livepad.bin flag 1 data 41378
[   18.2736] open fd = -5
[   18.2893] open name host:/livepad.bin flag 1 data 41378
[   18.2904] open fd = -5
[   18.3050] open name host:/livepad.bin flag 1 data 41378
[   18.3060] open fd = -5
[   18.3221] open name host:/livepad.bin flag 1 data 41378
[   18.3232] open fd = -5
[   18.3234] open name host:/livedbg.cmd flag 1 data 41378
[   18.3245] open fd = -5
[   18.3381] open name host:/livepad.bin flag 1 data 41378
[   18.3391] open fd = -5
[   18.3555] open name host:/livepad.bin flag 1 data 41378
[   18.3566] open fd = -5
[   18.3721] open name host:/livepad.bin flag 1 data 41378
[   18.3732] open fd = -5
[   18.3888] open name host:/livepad.bin flag 1 data 41378
[   18.3902] open fd = -5
[   18.4057] open name host:/livepad.bin flag 1 data 41378
[   18.4069] open fd = -5
[   18.4224] open name host:/livepad.bin flag 1 data 41378
[   18.4238] open fd = -5
[   18.4238] open name host:/livedbg.cmd flag 1 data 41378
[   18.4248] open fd = -5
[   18.4382] open name host:/livepad.bin flag 1 data 41378
[   18.4393] open fd = -5
[   18.4551] open name host:/livepad.bin flag 1 data 41378
[   18.4562] open fd = -5
[   18.4718] open name host:/livepad.bin flag 1 data 41378
[   18.4729] open fd = -5
[   18.4890] open name host:/livepad.bin flag 1 data 41378
[   18.4903] open fd = -5
[   18.5058] open name host:/livepad.bin flag 1 data 41378
[   18.5071] open fd = -5
[   18.5220] open name host:/livepad.bin flag 1 data 41378
[   18.5258] open fd = -5
[   18.5260] open name host:/livedbg.cmd flag 1 data 41378
[   18.5271] open fd = -5
[   18.5399] open name host:/livepad.bin flag 1 data 41378
[   18.5414] open fd = -5
[   18.5552] open name host:/livepad.bin flag 1 data 41378
[   18.5566] open fd = -5
[   18.5716] open name host:/livepad.bin flag 1 data 41378
[   18.5730] open fd = -5
[   18.5897] open name host:/livepad.bin flag 1 data 41378
[   18.5902] open fd = -5
[   18.6059] open name host:/livepad.bin flag 1 data 41378
[   18.6072] open fd = -5
[   18.6226] open name host:/livepad.bin flag 1 data 41378
[   18.6238] open fd = -5
[   18.6239] open name host:/livedbg.cmd flag 1 data 41378
[   18.6249] open fd = -5
[   18.6394] open name host:/livepad.bin flag 1 data 41378
[   18.6406] open fd = -5
[   18.6554] open name host:/livepad.bin flag 1 data 41378
[   18.6565] open fd = -5
[   18.6721] open name host:/livepad.bin flag 1 data 41378
[   18.6733] open fd = -5
[   18.6886] open name host:/livepad.bin flag 1 data 41378
[   18.6900] open fd = -5
[   18.7055] open name host:/livepad.bin flag 1 data 41378
[   18.7066] open fd = -5
[   18.7219] open name host:/livepad.bin flag 1 data 41378
[   18.7229] open fd = -5
[   18.7230] open name host:/livedbg.cmd flag 1 data 41378
[   18.7239] open fd = -5
[   18.7389] open name host:/livepad.bin flag 1 data 41378
[   18.7401] open fd = -5
[   18.7569] open name host:/livepad.bin flag 1 data 41378
[   18.7580] open fd = -5
[   18.7588] open name host:/log.txt flag 302 data 41378
[   18.7604] open fd = 256
[   18.7761] open name host:/log.txt flag 302 data 41378
[   18.7777] open fd = 256
[   18.7794] open name host:/log.txt flag 302 data 41378
[   18.7812] open fd = 256
[   18.7833] open name host:/log.txt flag 302 data 41378
[   18.7850] open fd = 256
[   18.7967] open name host:/log.txt flag 302 data 41378
[   18.7977] open fd = 256
[   18.7997] open name host:/log.txt flag 302 data 41378
[   18.8007] open fd = 256
[   18.9060] open name host:/log.txt flag 302 data 41378
[   18.9078] open fd = 256
[   19.0044] open name host:/log.txt flag 302 data 41378
[   19.0062] open fd = 256
[   19.0110] open name host:/livepad.bin flag 1 data 41378
[   19.0123] open fd = -5
[   19.0248] open name host:/log.txt flag 302 data 41378
[   19.0268] open fd = 256
[   19.0284] open name host:/log.txt flag 302 data 41378
[   19.0302] open fd = 256
[   19.0424] open name host:/livepad.bin flag 1 data 41378
[   19.0440] open fd = -5
[   19.0456] open name host:/log.txt flag 302 data 41378
[   19.0477] open fd = 256
[   19.0496] open name host:/log.txt flag 302 data 41378
[   19.0512] open fd = 256
[   19.0692] open name host:/livepad.bin flag 1 data 41378
[   19.0704] open fd = -5
[   19.0720] open name host:/log.txt flag 302 data 41378
[   19.0736] open fd = 256
[   19.0751] open name host:/log.txt flag 302 data 41378
[   19.0771] open fd = 256
[   19.0944] open name host:/livepad.bin flag 1 data 41378
[   19.0956] open fd = -5
[   19.0962] open name host:/livedbg.cmd flag 1 data 41378
[   19.0973] open fd = -5
[   19.0989] open name host:/log.txt flag 302 data 41378
[   19.1005] open fd = 256
[   19.1023] open name host:/log.txt flag 302 data 41378
[   19.1039] open fd = 256
[   19.1212] open name host:/livepad.bin flag 1 data 41378
[   19.1224] open fd = -5
[   19.1239] open name host:/log.txt flag 302 data 41378
[   19.1259] open fd = 256
[   19.1280] open name host:/log.txt flag 302 data 41378
[   19.1296] open fd = 256
[   19.1469] open name host:/livepad.bin flag 1 data 41378
[   19.1482] open fd = -5
[   19.1497] open name host:/log.txt flag 302 data 41378
[   19.1513] open fd = 256
[   19.1531] open name host:/log.txt flag 302 data 41378
[   19.1552] open fd = 256
[   19.1719] open name host:/livepad.bin flag 1 data 41378
[   19.1733] open fd = -5
[   19.1747] open name host:/log.txt flag 302 data 41378
[   19.1764] open fd = 256
[   19.1782] open name host:/log.txt flag 302 data 41378
[   19.1799] open fd = 256
[   19.1959] open name host:/livepad.bin flag 1 data 41378
[   19.1966] open fd = -5
[   19.1983] open name host:/log.txt flag 302 data 41378
[   19.1988] open fd = 256
[   19.2006] open name host:/log.txt flag 302 data 41378
[   19.2023] open fd = 256
[   19.2188] open name host:/livepad.bin flag 1 data 41378
[   19.2201] open fd = -5
[   19.2218] open name host:/log.txt flag 302 data 41378
[   19.2236] open fd = 256
[   19.2253] open name host:/log.txt flag 302 data 41378
[   19.2269] open fd = 256
[   19.2422] open name host:/livepad.bin flag 1 data 41378
[   19.2437] open fd = -5
[   19.2440] open name host:/livedbg.cmd flag 1 data 41378
[   19.2450] open fd = -5
[   19.2467] open name host:/log.txt flag 302 data 41378
[   19.2485] open fd = 256
[   19.2636] open name host:/livepad.bin flag 1 data 41378
[   19.2652] open fd = -5
[   19.2813] open name host:/livepad.bin flag 1 data 41378
[   19.2825] open fd = -5
[   19.2987] open name host:/livepad.bin flag 1 data 41378
[   19.3001] open fd = -5
[   19.3162] open name host:/livepad.bin flag 1 data 41378
[   19.3176] open fd = -5
[   19.3324] open name host:/livepad.bin flag 1 data 41378
[   19.3338] open fd = -5
[   19.3512] open name host:/livepad.bin flag 1 data 41378
[   19.3524] open fd = -5
[   19.3526] open name host:/livedbg.cmd flag 1 data 41378
[   19.3536] open fd = -5
[   19.3699] open name host:/livepad.bin flag 1 data 41378
[   19.3711] open fd = -5
[   19.3873] open name host:/livepad.bin flag 1 data 41378
[   19.3886] open fd = -5
[   19.4050] open name host:/livepad.bin flag 1 data 41378
[   19.4061] open fd = -5
[   19.4237] open name host:/livepad.bin flag 1 data 41378
[   19.4251] open fd = -5
[   19.4422] open name host:/livepad.bin flag 1 data 41378
[   19.4437] open fd = -5
[   19.4588] open name host:/livepad.bin flag 1 data 41378
[   19.4599] open fd = -5
[   19.4602] open name host:/livedbg.cmd flag 1 data 41378
[   19.4612] open fd = -5
[   19.4624] open name host:/log.txt flag 302 data 41378
[   19.4639] open fd = 256
[   19.4809] open name host:/livepad.bin flag 1 data 41378
[   19.4822] open fd = -5
[   19.4982] open name host:/livepad.bin flag 1 data 41378
[   19.4997] open fd = -5
[   19.5156] open name host:/livepad.bin flag 1 data 41378
[   19.5160] open fd = -5
[   19.5333] open name host:/livepad.bin flag 1 data 41378
[   19.5345] open fd = -5
[   19.5509] open name host:/livepad.bin flag 1 data 41378
[   19.5524] open fd = -5
[   19.5692] open name host:/livepad.bin flag 1 data 41378
[   19.5704] open fd = -5
[   19.5707] open name host:/livedbg.cmd flag 1 data 41378
[   19.5717] open fd = -5
[   19.5875] open name host:/livepad.bin flag 1 data 41378
[   19.5889] open fd = -5
[   19.6051] open name host:/livepad.bin flag 1 data 41378
[   19.6066] open fd = -5
[   19.6094] open name host:/log.txt flag 302 data 41378
[   19.6113] open fd = 256
[   19.6276] open name host:/livepad.bin flag 1 data 41378
[   19.6290] open fd = -5
[   19.6475] open name host:/livepad.bin flag 1 data 41378
[   19.6491] open fd = -5
[   19.6659] open name host:/livepad.bin flag 1 data 41378
[   19.6673] open fd = -5
[   19.6862] open name host:/livepad.bin flag 1 data 41378
[   19.6876] open fd = -5
[   19.6879] open name host:/livedbg.cmd flag 1 data 41378
[   19.6889] open fd = -5
[   19.7054] open name host:/livepad.bin flag 1 data 41378
[   19.7065] open fd = -5
[   19.7228] open name host:/livepad.bin flag 1 data 41378
[   19.7241] open fd = -5
[   19.7416] open name host:/livepad.bin flag 1 data 41378
[   19.7430] open fd = -5
[   19.7600] open name host:/livepad.bin flag 1 data 41378
[   19.7614] open fd = -5
[   19.7786] open name host:/livepad.bin flag 1 data 41378
[   19.7803] open fd = -5
[   19.7978] open name host:/livepad.bin flag 1 data 41378
[   19.7992] open fd = -5
[   19.7995] open name host:/livedbg.cmd flag 1 data 41378
[   19.8005] open fd = -5
[   19.8157] open name host:/livepad.bin flag 1 data 41378
[   19.8168] open fd = -5
[   19.8330] open name host:/livepad.bin flag 1 data 41378
[   19.8341] open fd = -5
[   19.8518] open name host:/livepad.bin flag 1 data 41378
[   19.8531] open fd = -5
[   19.8695] open name host:/livepad.bin flag 1 data 41378
[   19.8710] open fd = -5
[   19.8874] open name host:/livepad.bin flag 1 data 41378
[   19.8887] open fd = -5
[   19.9065] open name host:/livepad.bin flag 1 data 41378
[   19.9079] open fd = -5
[   19.9083] open name host:/livedbg.cmd flag 1 data 41378
[   19.9094] open fd = -5
[   19.9268] open name host:/livepad.bin flag 1 data 41378
[   19.9282] open fd = -5
[   19.9294] open name host:/log.txt flag 302 data 41378
[   19.9310] open fd = 256
[   19.9478] open name host:/livepad.bin flag 1 data 41378
[   19.9490] open fd = -5
[   19.9652] open name host:/livepad.bin flag 1 data 41378
[   19.9665] open fd = -5
[   19.9687] open name host:/log.txt flag 302 data 41378
[   19.9705] open fd = 256
[   19.9887] FRAMEARENA frames=600 peak=1037904 resets=3 fallbacks=0 maxFrameBytes=2731360 maxBorrowed=2120800 freeKiB=10347
[   19.9890] NATIVEVIF frames=600 batches=603
[   19.9893] ORDEREDFRAME frames=600 splitFrames=2
[   19.9896] FRAMEPIPELINE starts=600 dmaBusyStarts=150
[   19.9902] open name host:/livepad.bin flag 1 data 41378
[   19.9914] open fd = -5
[   20.0082] open name host:/livepad.bin flag 1 data 41378
[   20.0096] open fd = -5
[   20.0294] open name host:/livepad.bin flag 1 data 41378
[   20.0307] open fd = -5
[   20.0310] open name host:/livedbg.cmd flag 1 data 41378
[   20.0320] open fd = -5
[   20.0497] open name host:/livepad.bin flag 1 data 41378
[   20.0503] open fd = -5
[   20.0664] open name host:/livepad.bin flag 1 data 41378
[   20.0677] open fd = -5
[   20.0859] open name host:/livepad.bin flag 1 data 41378
[   20.0872] open fd = -5
[   20.1052] open name host:/livepad.bin flag 1 data 41378
[   20.1067] open fd = -5
[   20.1247] open name host:/livepad.bin flag 1 data 41378
[   20.1262] open fd = -5
[   20.1439] open name host:/livepad.bin flag 1 data 41378
[   20.1451] open fd = -5
[   20.1457] open name host:/livedbg.cmd flag 1 data 41378
[   20.1467] open fd = -5
[   20.1645] open name host:/livepad.bin flag 1 data 41378
[   20.1658] open fd = -5
[   20.1825] open name host:/livepad.bin flag 1 data 41378
[   20.1841] open fd = -5
[   20.1852] open name host:/log.txt flag 302 data 41378
[   20.1872] open fd = 256
[   20.2055] open name host:/livepad.bin flag 1 data 41378
[   20.2068] open fd = -5
[   20.2249] open name host:/livepad.bin flag 1 data 41378
[   20.2263] open fd = -5
[   20.2435] open name host:/livepad.bin flag 1 data 41378
[   20.2448] open fd = -5
[   20.2623] open name host:/livepad.bin flag 1 data 41378
[   20.2639] open fd = -5
[   20.2644] open name host:/livedbg.cmd flag 1 data 41378
[   20.2657] open fd = -5
[   20.2832] open name host:/livepad.bin flag 1 data 41378
[   20.2845] open fd = -5
[   20.3017] open name host:/livepad.bin flag 1 data 41378
[   20.3030] open fd = -5
[   20.3209] open name host:/livepad.bin flag 1 data 41378
[   20.3220] open fd = -5
[   20.3398] open name host:/livepad.bin flag 1 data 41378
[   20.3412] open fd = -5
[   20.3583] open name host:/livepad.bin flag 1 data 41378
[   20.3595] open fd = -5
[   20.3769] open name host:/livepad.bin flag 1 data 41378
[   20.3785] open fd = -5
[   20.3787] open name host:/livedbg.cmd flag 1 data 41378
[   20.3800] open fd = -5
[   20.3967] open name host:/livepad.bin flag 1 data 41378
[   20.3979] open fd = -5
[   20.4158] open name host:/livepad.bin flag 1 data 41378
[   20.4172] open fd = -5
[   20.4186] open name host:/log.txt flag 302 data 41378
[   20.4203] open fd = 256
[   20.4384] open name host:/livepad.bin flag 1 data 41378
[   20.4396] open fd = -5
[   20.4562] open name host:/livepad.bin flag 1 data 41378
[   20.4574] open fd = -5
[   20.4746] open name host:/livepad.bin flag 1 data 41378
[   20.4750] open fd = -5
[   20.4936] open name host:/livepad.bin flag 1 data 41378
[   20.4948] open fd = -5
[   20.4952] open name host:/livedbg.cmd flag 1 data 41378
[   20.4964] open fd = -5
[   20.5141] open name host:/livepad.bin flag 1 data 41378
[   20.5154] open fd = -5
[   20.5314] open name host:/livepad.bin flag 1 data 41378
[   20.5370] open fd = -5
[   20.5579] open name host:/livepad.bin flag 1 data 41378
[   20.5593] open fd = -5
[   20.5766] open name host:/livepad.bin flag 1 data 41378
[   20.5774] open fd = -5
[   20.5804] open name host:/log.txt flag 302 data 41378
[   20.5808] open fd = 256
[   20.5956] open name host:/livepad.bin flag 1 data 41378
[   20.5968] open fd = -5
[   20.6139] open name host:/livepad.bin flag 1 data 41378
[   20.6150] open fd = -5
[   20.6152] open name host:/livedbg.cmd flag 1 data 41378
[   20.6164] open fd = -5
[   20.6335] open name host:/livepad.bin flag 1 data 41378
[   20.6348] open fd = -5
[   20.6510] open name host:/livepad.bin flag 1 data 41378
[   20.6523] open fd = -5
[   20.6684] open name host:/livepad.bin flag 1 data 41378
[   20.6697] open fd = -5
[   20.6864] open name host:/livepad.bin flag 1 data 41378
[   20.6868] open fd = -5
[   20.7046] open name host:/livepad.bin flag 1 data 41378
[   20.7059] open fd = -5
[   20.7224] open name host:/livepad.bin flag 1 data 41378
[   20.7236] open fd = -5
[   20.7238] open name host:/livedbg.cmd flag 1 data 41378
[   20.7248] open fd = -5
[   20.7422] open name host:/livepad.bin flag 1 data 41378
[   20.7436] open fd = -5
[   20.7609] open name host:/livepad.bin flag 1 data 41378
[   20.7622] open fd = -5
[   20.7801] open name host:/livepad.bin flag 1 data 41378
[   20.7813] open fd = -5
[   20.7986] open name host:/livepad.bin flag 1 data 41378
[   20.7997] open fd = -5
[   20.8154] open name host:/livepad.bin flag 1 data 41378
[   20.8167] open fd = -5
[   20.8323] open name host:/livepad.bin flag 1 data 41378
[   20.8337] open fd = -5
[   20.8340] open name host:/livedbg.cmd flag 1 data 41378
[   20.8351] open fd = -5
[   20.8524] open name host:/livepad.bin flag 1 data 41378
[   20.8540] open fd = -5
[   20.8693] open name host:/livepad.bin flag 1 data 41378
[   20.8704] open fd = -5
[   20.8856] open name host:/livepad.bin flag 1 data 41378
[   20.8868] open fd = -5
[   20.8878] open name host:/log.txt flag 302 data 41378
[   20.8893] open fd = 256
[   20.9069] open name host:/livepad.bin flag 1 data 41378
[   20.9081] open fd = -5
[   20.9234] open name host:/livepad.bin flag 1 data 41378
[   20.9251] open fd = -5
[   20.9402] open name host:/livepad.bin flag 1 data 41378
[   20.9416] open fd = -5
[   20.9418] open name host:/livedbg.cmd flag 1 data 41378
[   20.9428] open fd = -5
[   20.9585] open name host:/livepad.bin flag 1 data 41378
[   20.9596] open fd = -5
[   20.9754] open name host:/livepad.bin flag 1 data 41378
[   20.9766] open fd = -5
[   20.9922] open name host:/livepad.bin flag 1 data 41378
[   20.9933] open fd = -5
[   21.0100] open name host:/livepad.bin flag 1 data 41378
[   21.0111] open fd = -5
[   21.0266] open name host:/livepad.bin flag 1 data 41378
[   21.0278] open fd = -5
[   21.0431] open name host:/livepad.bin flag 1 data 41378
[   21.0447] open fd = -5
[   21.0450] open name host:/livedbg.cmd flag 1 data 41378
[   21.0461] open fd = -5
[   21.0612] open name host:/livepad.bin flag 1 data 41378
[   21.0624] open fd = -5
[   21.0786] open name host:/livepad.bin flag 1 data 41378
[   21.0801] open fd = -5
[   21.0959] open name host:/livepad.bin flag 1 data 41378
[   21.0971] open fd = -5
[   21.1136] open name host:/livepad.bin flag 1 data 41378
[   21.1148] open fd = -5
[   21.1308] open name host:/livepad.bin flag 1 data 41378
[   21.1321] open fd = -5
[   21.1481] open name host:/livepad.bin flag 1 data 41378
[   21.1495] open fd = -5
[   21.1497] open name host:/livedbg.cmd flag 1 data 41378
[   21.1508] open fd = -5
[   21.1669] open name host:/livepad.bin flag 1 data 41378
[   21.1681] open fd = -5
[   21.1836] open name host:/livepad.bin flag 1 data 41378
[   21.1847] open fd = -5
[   21.2008] open name host:/livepad.bin flag 1 data 41378
[   21.2020] open fd = -5
[   21.2180] open name host:/livepad.bin flag 1 data 41378
[   21.2190] open fd = -5
[   21.2352] open name host:/livepad.bin flag 1 data 41378
[   21.2363] open fd = -5
[   21.2522] open name host:/livepad.bin flag 1 data 41378
[   21.2533] open fd = -5
[   21.2536] open name host:/livedbg.cmd flag 1 data 41378
[   21.2546] open fd = -5
[   21.2701] open name host:/livepad.bin flag 1 data 41378
[   21.2713] open fd = -5
[   21.2718] open name host:/log.txt flag 302 data 41378
[   21.2733] open fd = 256
[   21.3035] open name host:/livepad.bin flag 1 data 41378
[   21.3048] open fd = -5
[   21.3063] open name host:/log.txt flag 302 data 41378
[   21.3079] open fd = 256
[   21.3249] open name host:/livepad.bin flag 1 data 41378
[   21.3259] open fd = -5
[   21.3273] open name host:/log.txt flag 302 data 41378
[   21.3286] open fd = 256
[   21.3525] open name host:/livepad.bin flag 1 data 41378
[   21.3540] open fd = -5
[   21.3725] open name host:/livepad.bin flag 1 data 41378
[   21.3736] open fd = -5
[   21.3894] open name host:/livepad.bin flag 1 data 41378
[   21.3906] open fd = -5
[   21.3909] open name host:/livedbg.cmd flag 1 data 41378
[   21.3924] open fd = -5
[   21.4111] open name host:/livepad.bin flag 1 data 41378
[   21.4125] open fd = -5
[   21.4288] open name host:/livepad.bin flag 1 data 41378
[   21.4299] open fd = -5
[   21.4475] open name host:/livepad.bin flag 1 data 41378
[   21.4486] open fd = -5
[   21.4650] open name host:/livepad.bin flag 1 data 41378
[   21.4662] open fd = -5
[   21.4843] open name host:/livepad.bin flag 1 data 41378
[   21.4856] open fd = -5
[   21.5042] open name host:/livepad.bin flag 1 data 41378
[   21.5056] open fd = -5
[   21.5058] open name host:/livedbg.cmd flag 1 data 41378
[   21.5067] open fd = -5
[   21.5099] open name host:/log.txt flag 302 data 41378
[   21.5117] open fd = 256
[   21.5284] open name host:/livepad.bin flag 1 data 41378
[   21.5301] open fd = -5
[   21.5473] open name host:/livepad.bin flag 1 data 41378
[   21.5486] open fd = -5
[   21.5664] open name host:/livepad.bin flag 1 data 41378
[   21.5675] open fd = -5
[   21.5847] open name host:/livepad.bin flag 1 data 41378
[   21.5858] open fd = -5
[   21.6037] open name host:/livepad.bin flag 1 data 41378
[   21.6048] open fd = -5
[   21.6216] open name host:/livepad.bin flag 1 data 41378
[   21.6229] open fd = -5
[   21.6232] open name host:/livedbg.cmd flag 1 data 41378
[   21.6244] open fd = -5
[   21.6402] open name host:/livepad.bin flag 1 data 41378
[   21.6414] open fd = -5
[   21.6586] open name host:/livepad.bin flag 1 data 41378
[   21.6599] open fd = -5
[   21.6770] open name host:/livepad.bin flag 1 data 41378
[   21.6783] open fd = -5
[   21.6954] open name host:/livepad.bin flag 1 data 41378
[   21.6969] open fd = -5
[   21.7138] open name host:/livepad.bin flag 1 data 41378
[   21.7151] open fd = -5
[   21.7315] open name host:/livepad.bin flag 1 data 41378
[   21.7329] open fd = -5
[   21.7333] open name host:/livedbg.cmd flag 1 data 41378
[   21.7342] open fd = -5
[   21.7502] open name host:/livepad.bin flag 1 data 41378
[   21.7513] open fd = -5
[   21.7682] open name host:/livepad.bin flag 1 data 41378
[   21.7694] open fd = -5
[   21.7858] open name host:/livepad.bin flag 1 data 41378
[   21.7870] open fd = -5
[   21.8040] open name host:/livepad.bin flag 1 data 41378
[   21.8052] open fd = -5
[   21.8063] open name host:/log.txt flag 302 data 41378
[   21.8081] open fd = 256
[   21.8266] open name host:/livepad.bin flag 1 data 41378
[   21.8280] open fd = -5
[   21.8441] open name host:/livepad.bin flag 1 data 41378
[   21.8453] open fd = -5
[   21.8456] open name host:/livedbg.cmd flag 1 data 41378
[   21.8466] open fd = -5
[   21.8625] open name host:/livepad.bin flag 1 data 41378
[   21.8631] open fd = -5
[   21.8791] open name host:/livepad.bin flag 1 data 41378
[   21.8803] open fd = -5
[   21.8977] open name host:/livepad.bin flag 1 data 41378
[   21.8991] open fd = -5
[   21.9157] open name host:/livepad.bin flag 1 data 41378
[   21.9168] open fd = -5
[   21.9336] open name host:/livepad.bin flag 1 data 41378
[   21.9348] open fd = -5
[   21.9509] open name host:/livepad.bin flag 1 data 41378
[   21.9521] open fd = -5
[   21.9523] open name host:/livedbg.cmd flag 1 data 41378
[   21.9536] open fd = -5
[   21.9708] open name host:/livepad.bin flag 1 data 41378
[   21.9719] open fd = -5
[   21.9885] open name host:/livepad.bin flag 1 data 41378
[   21.9898] open fd = -5
[   22.0074] open name host:/livepad.bin flag 1 data 41378
[   22.0087] open fd = -5
[   22.0251] open name host:/livepad.bin flag 1 data 41378
[   22.0265] open fd = -5
[   22.0452] open name host:/livepad.bin flag 1 data 41378
[   22.0465] open fd = -5
[   22.0650] open name host:/livepad.bin flag 1 data 41378
[   22.0664] open fd = -5
[   22.0668] open name host:/livedbg.cmd flag 1 data 41378
[   22.0679] open fd = -5
[   22.0858] open name host:/livepad.bin flag 1 data 41378
[   22.0870] open fd = -5
[   22.1033] open name host:/livepad.bin flag 1 data 41378
[   22.1045] open fd = -5
[   22.1216] open name host:/livepad.bin flag 1 data 41378
[   22.1228] open fd = -5
[   22.1388] open name host:/livepad.bin flag 1 data 41378
[   22.1401] open fd = -5
[   22.1566] open name host:/livepad.bin flag 1 data 41378
[   22.1578] open fd = -5
[   22.1747] open name host:/livepad.bin flag 1 data 41378
[   22.1760] open fd = -5
[   22.1762] open name host:/livedbg.cmd flag 1 data 41378
[   22.1767] open fd = -5
[   22.1922] open name host:/livepad.bin flag 1 data 41378
[   22.1935] open fd = -5
[   22.2104] open name host:/livepad.bin flag 1 data 41378
[   22.2115] open fd = -5
[   22.2277] open name host:/livepad.bin flag 1 data 41378
[   22.2290] open fd = -5
[   22.2451] FRAMEARENA frames=720 peak=1037904 resets=3 fallbacks=0 maxFrameBytes=2731360 maxBorrowed=2120800 freeKiB=10354
[   22.2454] NATIVEVIF frames=720 batches=723
[   22.2456] ORDEREDFRAME frames=720 splitFrames=2
[   22.2458] FRAMEPIPELINE starts=720 dmaBusyStarts=150
[   22.2461] open name host:/livepad.bin flag 1 data 41378
[   22.2475] open fd = -5
[   22.2645] open name host:/livepad.bin flag 1 data 41378
[   22.2657] open fd = -5
[   22.2667] open name host:/log.txt flag 302 data 41378
[   22.2681] open fd = 256
[   22.2848] open name host:/livepad.bin flag 1 data 41378
[   22.2853] open fd = -5
[   22.2856] open name host:/livedbg.cmd flag 1 data 41378
[   22.2859] open fd = -5
[   22.3019] open name host:/livepad.bin flag 1 data 41378
[   22.3033] open fd = -5
[   22.3202] open name host:/livepad.bin flag 1 data 41378
[   22.3215] open fd = -5
[   22.3380] open name host:/livepad.bin flag 1 data 41378
[   22.3392] open fd = -5
[   22.3556] open name host:/livepad.bin flag 1 data 41378
[   22.3569] open fd = -5
[   22.3746] open name host:/livepad.bin flag 1 data 41378
[   22.3758] open fd = -5
[   22.3929] open name host:/livepad.bin flag 1 data 41378
[   22.3941] open fd = -5
[   22.3943] open name host:/livedbg.cmd flag 1 data 41378
[   22.3953] open fd = -5
[   22.4108] open name host:/livepad.bin flag 1 data 41378
[   22.4122] open fd = -5
[   22.4287] open name host:/livepad.bin flag 1 data 41378
[   22.4300] open fd = -5
[   22.4313] open name host:/log.txt flag 302 data 41378
[   22.4329] open fd = 256
[   22.4368] open name host:/log.txt flag 302 data 41378
[   22.4384] open fd = 256
[   22.4540] open name host:/livepad.bin flag 1 data 41378
[   22.4552] open fd = -5
[   22.4720] open name host:/livepad.bin flag 1 data 41378
[   22.4732] open fd = -5
[   22.4908] open name host:/livepad.bin flag 1 data 41378
[   22.4921] open fd = -5
[   22.5069] open name host:/livepad.bin flag 1 data 41378
[   22.5080] open fd = -5
[   22.5083] open name host:/livedbg.cmd flag 1 data 41378
[   22.5093] open fd = -5
[   22.5269] open name host:/livepad.bin flag 1 data 41378
[   22.5281] open fd = -5
[   22.5437] open name host:/livepad.bin flag 1 data 41378
[   22.5483] open fd = -5
[   22.5646] open name host:/livepad.bin flag 1 data 41378
[   22.5658] open fd = -5
[   22.5826] open name host:/livepad.bin flag 1 data 41378
[   22.5839] open fd = -5
[   22.6017] open name host:/livepad.bin flag 1 data 41378
[   22.6023] open fd = -5
[   22.6180] open name host:/livepad.bin flag 1 data 41378
[   22.6191] open fd = -5
[   22.6194] open name host:/livedbg.cmd flag 1 data 41378
[   22.6203] open fd = -5
[   22.6368] open name host:/livepad.bin flag 1 data 41378
[   22.6381] open fd = -5
[   22.6546] open name host:/livepad.bin flag 1 data 41378
[   22.6559] open fd = -5
[   22.6721] open name host:/livepad.bin flag 1 data 41378
[   22.6735] open fd = -5
[   22.6903] open name host:/livepad.bin flag 1 data 41378
[   22.6914] open fd = -5
[   22.7100] open name host:/livepad.bin flag 1 data 41378
[   22.7112] open fd = -5
[   22.7282] open name host:/livepad.bin flag 1 data 41378
[   22.7296] open fd = -5
[   22.7300] open name host:/livedbg.cmd flag 1 data 41378
[   22.7311] open fd = -5
[   22.7321] open name host:/log.txt flag 302 data 41378
[   22.7336] open fd = 256
[   22.7526] open name host:/livepad.bin flag 1 data 41378
[   22.7542] open fd = -5
[   22.7709] open name host:/livepad.bin flag 1 data 41378
[   22.7721] open fd = -5
[   22.7890] open name host:/livepad.bin flag 1 data 41378
[   22.7904] open fd = -5
[   22.7922] open name host:/log.txt flag 302 data 41378
[   22.7938] open fd = 256
[   22.8117] open name host:/livepad.bin flag 1 data 41378
[   22.8126] open fd = -5
[   22.8320] open name host:/livepad.bin flag 1 data 41378
[   22.8335] open fd = -5
[   22.8506] open name host:/livepad.bin flag 1 data 41378
[   22.8518] open fd = -5
[   22.8521] open name host:/livedbg.cmd flag 1 data 41378
[   22.8532] open fd = -5
[   22.8705] open name host:/livepad.bin flag 1 data 41378
[   22.8718] open fd = -5
[   22.8883] open name host:/livepad.bin flag 1 data 41378
[   22.8897] open fd = -5
[   22.9068] open name host:/livepad.bin flag 1 data 41378
[   22.9080] open fd = -5
[   22.9256] open name host:/livepad.bin flag 1 data 41378
[   22.9267] open fd = -5
[   22.9425] open name host:/livepad.bin flag 1 data 41378
[   22.9439] open fd = -5
[   22.9605] open name host:/livepad.bin flag 1 data 41378
[   22.9616] open fd = -5
[   22.9618] open name host:/livedbg.cmd flag 1 data 41378
[   22.9629] open fd = -5
[   22.9795] open name host:/livepad.bin flag 1 data 41378
[   22.9808] open fd = -5
[   22.9967] open name host:/livepad.bin flag 1 data 41378
[   22.9979] open fd = -5
[   23.0140] open name host:/livepad.bin flag 1 data 41378
[   23.0155] open fd = -5
[   23.0341] open name host:/livepad.bin flag 1 data 41378
[   23.0354] open fd = -5
[   23.0513] open name host:/livepad.bin flag 1 data 41378
[   23.0525] open fd = -5
[   23.0690] open name host:/livepad.bin flag 1 data 41378
[   23.0701] open fd = -5
[   23.0704] open name host:/livedbg.cmd flag 1 data 41378
[   23.0713] open fd = -5
[   23.0887] open name host:/livepad.bin flag 1 data 41378
[   23.0900] open fd = -5
[   23.1066] open name host:/livepad.bin flag 1 data 41378
[   23.1076] open fd = -5
[   23.1244] open name host:/livepad.bin flag 1 data 41378
[   23.1255] open fd = -5
[   23.1419] open name host:/livepad.bin flag 1 data 41378
[   23.1431] open fd = -5
[   23.1589] open name host:/livepad.bin flag 1 data 41378
[   23.1600] open fd = -5
[   23.1779] open name host:/livepad.bin flag 1 data 41378
[   23.1794] open fd = -5
[   23.1796] open name host:/livedbg.cmd flag 1 data 41378
[   23.1806] open fd = -5
[   23.1971] open name host:/livepad.bin flag 1 data 41378
[   23.1983] open fd = -5
[   23.1993] open name host:/log.txt flag 302 data 41378
[   23.2009] open fd = 256
[   23.2194] open name host:/livepad.bin flag 1 data 41378
[   23.2206] open fd = -5
[   23.2368] open name host:/livepad.bin flag 1 data 41378
[   23.2378] open fd = -5
[   23.2560] open name host:/livepad.bin flag 1 data 41378
[   23.2572] open fd = -5
[   23.2757] open name host:/livepad.bin flag 1 data 41378
[   23.2769] open fd = -5
[   23.2957] open name host:/livepad.bin flag 1 data 41378
[   23.2969] open fd = -5
[   23.2972] open name host:/livedbg.cmd flag 1 data 41378
[   23.2982] open fd = -5
[   23.3155] open name host:/livepad.bin flag 1 data 41378
[   23.3167] open fd = -5
[   23.3381] open name host:/livepad.bin flag 1 data 41378
[   23.3385] open fd = -5
[   23.3633] open name host:/livepad.bin flag 1 data 41378
[   23.3649] open fd = -5
[   23.3816] open name host:/livepad.bin flag 1 data 41378
[   23.3828] open fd = -5
[   23.3858] open name host:/log.txt flag 302 data 41378
[   23.3873] open fd = 256
[   23.4043] open name host:/livepad.bin flag 1 data 41378
[   23.4058] open fd = -5
[   23.4236] open name host:/livepad.bin flag 1 data 41378
[   23.4248] open fd = -5
[   23.4251] open name host:/livedbg.cmd flag 1 data 41378
[   23.4262] open fd = -5
[   23.4426] open name host:/livepad.bin flag 1 data 41378
[   23.4433] open fd = -5
[   23.4604] open name host:/livepad.bin flag 1 data 41378
[   23.4615] open fd = -5
[   23.4782] open name host:/livepad.bin flag 1 data 41378
[   23.4794] open fd = -5
[   23.4952] open name host:/livepad.bin flag 1 data 41378
[   23.4964] open fd = -5
[   23.5138] open name host:/livepad.bin flag 1 data 41378
[   23.5148] open fd = -5
[   23.5311] open name host:/livepad.bin flag 1 data 41378
[   23.5323] open fd = -5
[   23.5326] open name host:/livedbg.cmd flag 1 data 41378
[   23.5340] open fd = -5
[   23.5509] open name host:/livepad.bin flag 1 data 41378
[   23.5546] open fd = -5
[   23.5720] open name host:/livepad.bin flag 1 data 41378
[   23.5732] open fd = -5
[   23.5742] open name host:/log.txt flag 302 data 41378
[   23.5759] open fd = 256
[   23.5940] open name host:/livepad.bin flag 1 data 41378
[   23.5953] open fd = -5
[   23.6115] open name host:/livepad.bin flag 1 data 41378
[   23.6128] open fd = -5
[   23.6301] open name host:/livepad.bin flag 1 data 41378
[   23.6316] open fd = -5
[   23.6485] open name host:/livepad.bin flag 1 data 41378
[   23.6499] open fd = -5
[   23.6502] open name host:/livedbg.cmd flag 1 data 41378
[   23.6512] open fd = -5
[   23.6675] open name host:/livepad.bin flag 1 data 41378
[   23.6688] open fd = -5
[   23.6863] open name host:/livepad.bin flag 1 data 41378
[   23.6876] open fd = -5
[   23.6887] open name host:/log.txt flag 302 data 41378
[   23.6903] open fd = 256
[   23.7083] open name host:/livepad.bin flag 1 data 41378
[   23.7098] open fd = -5
[   23.7265] open name host:/livepad.bin flag 1 data 41378
[   23.7279] open fd = -5
[   23.7450] open name host:/livepad.bin flag 1 data 41378
[   23.7463] open fd = -5
[   23.7632] open name host:/livepad.bin flag 1 data 41378
[   23.7645] open fd = -5
[   23.7646] open name host:/livedbg.cmd flag 1 data 41378
[   23.7649] open fd = -5
[   23.7819] open name host:/livepad.bin flag 1 data 41378
[   23.7834] open fd = -5
[   23.7997] open name host:/livepad.bin flag 1 data 41378
[   23.8011] open fd = -5
[   23.8172] open name host:/livepad.bin flag 1 data 41378
[   23.8187] open fd = -5
[   23.8351] open name host:/livepad.bin flag 1 data 41378
[   23.8364] open fd = -5
[   23.8531] open name host:/livepad.bin flag 1 data 41378
[   23.8544] open fd = -5
[   23.8712] open name host:/livepad.bin flag 1 data 41378
[   23.8716] open fd = -5
[   23.8718] open name host:/livedbg.cmd flag 1 data 41378
[   23.8727] open fd = -5
[   23.8884] open name host:/livepad.bin flag 1 data 41378
[   23.8896] open fd = -5
[   23.9078] open name host:/livepad.bin flag 1 data 41378
[   23.9090] open fd = -5
[   23.9258] open name host:/livepad.bin flag 1 data 41378
[   23.9271] open fd = -5
[   23.9448] open name host:/livepad.bin flag 1 data 41378
[   23.9463] open fd = -5
[   23.9626] open name host:/livepad.bin flag 1 data 41378
[   23.9639] open fd = -5
[   23.9819] open name host:/livepad.bin flag 1 data 41378
[   23.9829] open fd = -5
[   23.9832] open name host:/livedbg.cmd flag 1 data 41378
[   23.9843] open fd = -5
[   24.0007] open name host:/livepad.bin flag 1 data 41378
[   24.0019] open fd = -5
[   24.0181] open name host:/livepad.bin flag 1 data 41378
[   24.0194] open fd = -5
[   24.0380] open name host:/livepad.bin flag 1 data 41378
[   24.0392] open fd = -5
[   24.0559] open name host:/livepad.bin flag 1 data 41378
[   24.0571] open fd = -5
[   24.0735] open name host:/livepad.bin flag 1 data 41378
[   24.0746] open fd = -5
[   24.0913] open name host:/livepad.bin flag 1 data 41378
[   24.0924] open fd = -5
[   24.0926] open name host:/livedbg.cmd flag 1 data 41378
[   24.0936] open fd = -5
[   24.1109] open name host:/livepad.bin flag 1 data 41378
[   24.1123] open fd = -5
[   24.1292] open name host:/livepad.bin flag 1 data 41378
[   24.1305] open fd = -5
[   24.1477] open name host:/livepad.bin flag 1 data 41378
[   24.1487] open fd = -5
[   24.1496] open name host:/log.txt flag 302 data 41378
[   24.1512] open fd = 256
[   24.1695] open name host:/livepad.bin flag 1 data 41378
[   24.1708] open fd = -5
[   24.1865] open name host:/livepad.bin flag 1 data 41378
[   24.1874] open fd = -5
[   24.2039] open name host:/livepad.bin flag 1 data 41378
[   24.2050] open fd = -5
[   24.2053] open name host:/livedbg.cmd flag 1 data 41378
[   24.2063] open fd = -5
[   24.2229] open name host:/livepad.bin flag 1 data 41378
[   24.2243] open fd = -5
[   24.2406] open name host:/livepad.bin flag 1 data 41378
[   24.2418] open fd = -5
[   24.2582] open name host:/livepad.bin flag 1 data 41378
[   24.2594] open fd = -5
[   24.2762] open name host:/livepad.bin flag 1 data 41378
[   24.2774] open fd = -5
[   24.2937] open name host:/livepad.bin flag 1 data 41378
[   24.2940] open fd = -5
[   24.3106] open name host:/livepad.bin flag 1 data 41378
[   24.3116] open fd = -5
[   24.3119] open name host:/livedbg.cmd flag 1 data 41378
[   24.3130] open fd = -5
[   24.3162] open name host:/log.txt flag 302 data 41378
[   24.3180] open fd = 256
[   24.3328] open name host:/livepad.bin flag 1 data 41378
[   24.3340] open fd = -5
[   24.3504] open name host:/livepad.bin flag 1 data 41378
[   24.3515] open fd = -5
[   24.3686] open name host:/livepad.bin flag 1 data 41378
[   24.3697] open fd = -5
[   24.3858] open name host:/livepad.bin flag 1 data 41378
[   24.3871] open fd = -5
[   24.4041] open name host:/livepad.bin flag 1 data 41378
[   24.4051] open fd = -5
[   24.4211] open name host:/livepad.bin flag 1 data 41378
[   24.4224] open fd = -5
[   24.4227] open name host:/livedbg.cmd flag 1 data 41378
[   24.4241] open fd = -5
[   24.4399] open name host:/livepad.bin flag 1 data 41378
[   24.4410] open fd = -5
[   24.4576] open name host:/livepad.bin flag 1 data 41378
[   24.4587] open fd = -5
[   24.4754] open name host:/livepad.bin flag 1 data 41378
[   24.4766] open fd = -5
[   24.4957] FRAMEARENA frames=840 peak=1037904 resets=3 fallbacks=0 maxFrameBytes=2731360 maxBorrowed=2120800 freeKiB=12826
[   24.4959] NATIVEVIF frames=840 batches=843
[   24.4962] ORDEREDFRAME frames=840 splitFrames=2
[   24.4964] FRAMEPIPELINE starts=840 dmaBusyStarts=150
[   24.4966] open name host:/livepad.bin flag 1 data 41378
[   24.4977] open fd = -5
[   24.5151] open name host:/livepad.bin flag 1 data 41378
[   24.5162] open fd = -5
[   24.5333] open name host:/livepad.bin flag 1 data 41378
[   24.5346] open fd = -5
[   24.5348] open name host:/livedbg.cmd flag 1 data 41378
[   24.5360] open fd = -5
[   24.5534] open name host:/livepad.bin flag 1 data 41378
[   24.5599] open fd = -5
[   24.5770] open name host:/livepad.bin flag 1 data 41378
[   24.5782] open fd = -5
[   24.5948] open name host:/livepad.bin flag 1 data 41378
[   24.5960] open fd = -5
[   24.6138] open name host:/livepad.bin flag 1 data 41378
[   24.6143] open fd = -5
[   24.6154] open name host:/log.txt flag 302 data 41378
[   24.6159] open fd = 256
[   24.6349] open name host:/livepad.bin flag 1 data 41378
[   24.6360] open fd = -5
[   24.6529] open name host:/livepad.bin flag 1 data 41378
[   24.6541] open fd = -5
[   24.6545] open name host:/livedbg.cmd flag 1 data 41378
[   24.6556] open fd = -5
[   24.6724] open name host:/livepad.bin flag 1 data 41378
[   24.6736] open fd = -5
[   24.6742] open name host:/log.txt flag 302 data 41378
[   24.6760] open fd = 256
[   24.6950] open name host:/livepad.bin flag 1 data 41378
[   24.6962] open fd = -5
[   24.6972] open name host:/log.txt flag 302 data 41378
[   24.6990] open fd = 256
[   24.7152] open name host:/livepad.bin flag 1 data 41378
[   24.7165] open fd = -5
[   24.7334] open name host:/livepad.bin flag 1 data 41378
[   24.7347] open fd = -5
[   24.7497] open name host:/livepad.bin flag 1 data 41378
[   24.7510] open fd = -5
[   24.7671] open name host:/livepad.bin flag 1 data 41378
[   24.7683] open fd = -5
[   24.7687] open name host:/livedbg.cmd flag 1 data 41378
[   24.7698] open fd = -5
[   24.7861] open name host:/livepad.bin flag 1 data 41378
[   24.7874] open fd = -5
[   24.8038] open name host:/livepad.bin flag 1 data 41378
[   24.8050] open fd = -5
[   24.8200] open name host:/livepad.bin flag 1 data 41378
[   24.8212] open fd = -5
[   24.8371] open name host:/livepad.bin flag 1 data 41378
[   24.8381] open fd = -5
[   24.8547] open name host:/livepad.bin flag 1 data 41378
[   24.8559] open fd = -5
[   24.8718] open name host:/livepad.bin flag 1 data 41378
[   24.8730] open fd = -5
[   24.8733] open name host:/livedbg.cmd flag 1 data 41378
[   24.8745] open fd = -5
[   24.8912] open name host:/livepad.bin flag 1 data 41378
[   24.8925] open fd = -5
[   24.9084] open name host:/livepad.bin flag 1 data 41378
[   24.9094] open fd = -5
[   24.9250] open name host:/livepad.bin flag 1 data 41378
[   24.9261] open fd = -5
[   24.9418] open name host:/livepad.bin flag 1 data 41378
[   24.9430] open fd = -5
[   24.9580] open name host:/livepad.bin flag 1 data 41378
[   24.9591] open fd = -5
[   24.9743] open name host:/livepad.bin flag 1 data 41378
[   24.9757] open fd = -5
[   24.9762] open name host:/livedbg.cmd flag 1 data 41378
[   24.9773] open fd = -5
[   24.9932] open name host:/livepad.bin flag 1 data 41378
[   24.9945] open fd = -5
[   25.0114] open name host:/livepad.bin flag 1 data 41378
[   25.0126] open fd = -5
[   25.0285] open name host:/livepad.bin flag 1 data 41378
[   25.0298] open fd = -5
[   25.0448] open name host:/livepad.bin flag 1 data 41378
[   25.0461] open fd = -5
[   25.0612] open name host:/livepad.bin flag 1 data 41378
[   25.0626] open fd = -5
[   25.0632] open name host:/log.txt flag 302 data 41378
[   25.0647] open fd = 256
[   25.0826] open name host:/livepad.bin flag 1 data 41378
[   25.0839] open fd = -5
[   25.0842] open name host:/livedbg.cmd flag 1 data 41378
[   25.0851] open fd = -5
[   25.1018] open name host:/livepad.bin flag 1 data 41378
[   25.1030] open fd = -5
[   25.1184] open name host:/livepad.bin flag 1 data 41378
[   25.1199] open fd = -5
[   25.1356] open name host:/livepad.bin flag 1 data 41378
[   25.1369] open fd = -5
[   25.1526] open name host:/livepad.bin flag 1 data 41378
[   25.1539] open fd = -5
[   25.1698] open name host:/livepad.bin flag 1 data 41378
[   25.1709] open fd = -5
[   25.1864] open name host:/livepad.bin flag 1 data 41378
[   25.1876] open fd = -5
[   25.1879] open name host:/livedbg.cmd flag 1 data 41378
[   25.1888] open fd = -5
[   25.2042] open name host:/livepad.bin flag 1 data 41378
[   25.2053] open fd = -5
[   25.2224] open name host:/livepad.bin flag 1 data 41378
[   25.2236] open fd = -5
[   25.2261] open name host:/log.txt flag 302 data 41378
[   25.2276] open fd = 256
[   25.2435] open name host:/livepad.bin flag 1 data 41378
[   25.2449] open fd = -5
[   25.2619] open name host:/livepad.bin flag 1 data 41378
[   25.2631] open fd = -5
[   25.2787] open name host:/livepad.bin flag 1 data 41378
[   25.2799] open fd = -5
[   25.2959] open name host:/livepad.bin flag 1 data 41378
[   25.2970] open fd = -5
[   25.2973] open name host:/livedbg.cmd flag 1 data 41378
[   25.2982] open fd = -5
[   25.3139] open name host:/livepad.bin flag 1 data 41378
[   25.3151] open fd = -5
[   25.3310] open name host:/livepad.bin flag 1 data 41378
[   25.3325] open fd = -5
[   25.3481] open name host:/livepad.bin flag 1 data 41378
[   25.3493] open fd = -5
[   25.3647] open name host:/livepad.bin flag 1 data 41378
[   25.3659] open fd = -5
[   25.3821] open name host:/livepad.bin flag 1 data 41378
[   25.3834] open fd = -5
[   25.3985] open name host:/livepad.bin flag 1 data 41378
[   25.4000] open fd = -5
[   25.4003] open name host:/livedbg.cmd flag 1 data 41378
[   25.4012] open fd = -5
[   25.4164] open name host:/livepad.bin flag 1 data 41378
[   25.4175] open fd = -5
[   25.4324] open name host:/livepad.bin flag 1 data 41378
[   25.4336] open fd = -5
[   25.4488] open name host:/livepad.bin flag 1 data 41378
[   25.4499] open fd = -5
[   25.4654] open name host:/livepad.bin flag 1 data 41378
[   25.4666] open fd = -5
[   25.4822] open name host:/livepad.bin flag 1 data 41378
[   25.4834] open fd = -5
[   25.4989] open name host:/livepad.bin flag 1 data 41378
[   25.5001] open fd = -5
[   25.5003] open name host:/livedbg.cmd flag 1 data 41378
[   25.5014] open fd = -5
[   25.5022] open name host:/log.txt flag 302 data 41378
[   25.5037] open fd = 256
[   25.5208] open name host:/livepad.bin flag 1 data 41378
[   25.5220] open fd = -5
[   25.5379] open name host:/livepad.bin flag 1 data 41378
[   25.5396] open fd = -5
[   25.5550] open name host:/livepad.bin flag 1 data 41378
[   25.5563] open fd = -5
[   25.5584] open name host:/log.txt flag 302 data 41378
[   25.5679] open fd = 256
[   25.5849] open name host:/livepad.bin flag 1 data 41378
[   25.5863] open fd = -5
[   25.6018] open name host:/livepad.bin flag 1 data 41378
[   25.6030] open fd = -5
[   25.6186] open name host:/livepad.bin flag 1 data 41378
[   25.6198] open fd = -5
[   25.6201] open name host:/livedbg.cmd flag 1 data 41378
[   25.6210] open fd = -5
[   25.6362] open name host:/livepad.bin flag 1 data 41378
[   25.6374] open fd = -5
[   25.6528] open name host:/livepad.bin flag 1 data 41378
[   25.6542] open fd = -5
[   25.6695] open name host:/livepad.bin flag 1 data 41378
[   25.6708] open fd = -5
[   25.6869] open name host:/livepad.bin flag 1 data 41378
[   25.6881] open fd = -5
[   25.7046] open name host:/livepad.bin flag 1 data 41378
[   25.7060] open fd = -5
[   25.7222] open name host:/livepad.bin flag 1 data 41378
[   25.7233] open fd = -5
[   25.7236] open name host:/livedbg.cmd flag 1 data 41378
[   25.7245] open fd = -5
[   25.7402] open name host:/livepad.bin flag 1 data 41378
[   25.7417] open fd = -5
[   25.7568] open name host:/livepad.bin flag 1 data 41378
[   25.7579] open fd = -5
[   25.7588] open name host:/log.txt flag 302 data 41378
[   25.7604] open fd = 256
[   25.7783] open name host:/livepad.bin flag 1 data 41378
[   25.7795] open fd = -5
[   25.7958] open name host:/livepad.bin flag 1 data 41378
[   25.7971] open fd = -5
[   25.8131] open name host:/livepad.bin flag 1 data 41378
[   25.8143] open fd = -5
[   25.8304] open name host:/livepad.bin flag 1 data 41378
[   25.8317] open fd = -5
[   25.8319] open name host:/livedbg.cmd flag 1 data 41378
[   25.8329] open fd = -5
[   25.8482] open name host:/livepad.bin flag 1 data 41378
[   25.8496] open fd = -5
[   25.8656] open name host:/livepad.bin flag 1 data 41378
[   25.8669] open fd = -5
[   25.8832] open name host:/livepad.bin flag 1 data 41378
[   25.8839] open fd = -5
[   25.8994] open name host:/livepad.bin flag 1 data 41378
[   25.9006] open fd = -5
[   25.9161] open name host:/livepad.bin flag 1 data 41378
[   25.9172] open fd = -5
[   25.9324] open name host:/livepad.bin flag 1 data 41378
[   25.9338] open fd = -5
[   25.9341] open name host:/livedbg.cmd flag 1 data 41378
[   25.9353] open fd = -5
[   25.9512] open name host:/livepad.bin flag 1 data 41378
[   25.9525] open fd = -5
[   25.9533] open name host:/log.txt flag 302 data 41378
[   25.9551] open fd = 256
[   25.9729] open name host:/livepad.bin flag 1 data 41378
[   25.9743] open fd = -5
[   25.9905] open name host:/livepad.bin flag 1 data 41378
[   25.9911] open fd = -5
[   26.0069] open name host:/livepad.bin flag 1 data 41378
[   26.0080] open fd = -5
[   26.0244] open name host:/livepad.bin flag 1 data 41378
[   26.0255] open fd = -5
[   26.0403] open name host:/livepad.bin flag 1 data 41378
[   26.0416] open fd = -5
[   26.0419] open name host:/livedbg.cmd flag 1 data 41378
[   26.0430] open fd = -5
[   26.0596] open name host:/livepad.bin flag 1 data 41378
[   26.0609] open fd = -5
[   26.0761] open name host:/livepad.bin flag 1 data 41378
[   26.0772] open fd = -5
[   26.0933] open name host:/livepad.bin flag 1 data 41378
[   26.0944] open fd = -5
[   26.1096] open name host:/livepad.bin flag 1 data 41378
[   26.1107] open fd = -5
[   26.1134] open name host:/log.txt flag 302 data 41378
[   26.1150] open fd = 256
[   26.1316] open name host:/livepad.bin flag 1 data 41378
[   26.1331] open fd = -5
[   26.1490] open name host:/livepad.bin flag 1 data 41378
[   26.1502] open fd = -5
[   26.1505] open name host:/livedbg.cmd flag 1 data 41378
[   26.1514] open fd = -5
[   26.1669] open name host:/livepad.bin flag 1 data 41378
[   26.1682] open fd = -5
[   26.1857] open name host:/livepad.bin flag 1 data 41378
[   26.1869] open fd = -5
[   26.2030] open name host:/livepad.bin flag 1 data 41378
[   26.2034] open fd = -5
[   26.2192] open name host:/livepad.bin flag 1 data 41378
[   26.2205] open fd = -5
[   26.2362] open name host:/livepad.bin flag 1 data 41378
[   26.2376] open fd = -5
[   26.2535] open name host:/livepad.bin flag 1 data 41378
[   26.2546] open fd = -5
[   26.2549] open name host:/livedbg.cmd flag 1 data 41378
[   26.2559] open fd = -5
[   26.2718] open name host:/livepad.bin flag 1 data 41378
[   26.2731] open fd = -5
[   26.2886] open name host:/livepad.bin flag 1 data 41378
[   26.2898] open fd = -5
[   26.3055] open name host:/livepad.bin flag 1 data 41378
[   26.3060] open fd = -5
[   26.3216] open name host:/livepad.bin flag 1 data 41378
[   26.3230] open fd = -5
[   26.3403] open name host:/livepad.bin flag 1 data 41378
[   26.3416] open fd = -5
[   26.3576] open name host:/livepad.bin flag 1 data 41378
[   26.3588] open fd = -5
[   26.3591] open name host:/livedbg.cmd flag 1 data 41378
[   26.3601] open fd = -5
[   26.3757] open name host:/livepad.bin flag 1 data 41378
[   26.3768] open fd = -5
[   26.3923] open name host:/livepad.bin flag 1 data 41378
[   26.3935] open fd = -5
[   26.3942] open name host:/log.txt flag 302 data 41378
[   26.3960] open fd = 256
[   26.4129] open name host:/livepad.bin flag 1 data 41378
[   26.4141] open fd = -5
[   26.4307] open name host:/livepad.bin flag 1 data 41378
[   26.4319] open fd = -5
[   26.4472] open name host:/livepad.bin flag 1 data 41378
[   26.4485] open fd = -5
[   26.4641] open name host:/log.txt flag 302 data 41378
[   26.4662] open fd = 256
[   26.4687] open name host:/livepad.bin flag 1 data 41378
[   26.4697] open fd = -5
[   26.4698] open name host:/livedbg.cmd flag 1 data 41378
[   26.4710] open fd = -5
[   26.4856] open name host:/livepad.bin flag 1 data 41378
[   26.4871] open fd = -5
[   26.5025] open name host:/livepad.bin flag 1 data 41378
[   26.5036] open fd = -5
[   26.5196] open name host:/livepad.bin flag 1 data 41378
[   26.5209] open fd = -5
[   26.5361] open name host:/livepad.bin flag 1 data 41378
[   26.5373] open fd = -5
[   26.5528] open name host:/livepad.bin flag 1 data 41378
[   26.5539] open fd = -5
[   26.5692] open name host:/livepad.bin flag 1 data 41378
[   26.5731] open fd = -5
[   26.5734] open name host:/livedbg.cmd flag 1 data 41378
[   26.5743] open fd = -5
[   26.5907] open name host:/livepad.bin flag 1 data 41378
[   26.5918] open fd = -5
[   26.6073] open name host:/livepad.bin flag 1 data 41378
[   26.6084] open fd = -5
[   26.6240] open name host:/livepad.bin flag 1 data 41378
[   26.6247] open fd = -5
[   26.6411] FRAMEARENA frames=960 peak=1037904 resets=3 fallbacks=0 maxFrameBytes=2731360 maxBorrowed=2120800 freeKiB=12830
[   26.6413] NATIVEVIF frames=960 batches=963
[   26.6417] ORDEREDFRAME frames=960 splitFrames=2
[   26.6419] FRAMEPIPELINE starts=960 dmaBusyStarts=150
[   26.6421] open name host:/livepad.bin flag 1 data 41378
[   26.6433] open fd = -5
[   26.6577] open name host:/livepad.bin flag 1 data 41378
[   26.6589] open fd = -5
[   26.6745] open name host:/livepad.bin flag 1 data 41378
[   26.6757] open fd = -5
[   26.6760] open name host:/livedbg.cmd flag 1 data 41378
[   26.6770] open fd = -5
[   26.6918] open name host:/livepad.bin flag 1 data 41378
[   26.6932] open fd = -5
[   26.7092] open name host:/livepad.bin flag 1 data 41378
[   26.7107] open fd = -5
[   26.7272] open name host:/livepad.bin flag 1 data 41378
[   26.7284] open fd = -5
[   26.7445] open name host:/livepad.bin flag 1 data 41378
[   26.7458] open fd = -5
[   26.7613] open name host:/livepad.bin flag 1 data 41378
[   26.7627] open fd = -5
[   26.7777] open name host:/livepad.bin flag 1 data 41378
[   26.7791] open fd = -5
[   26.7795] open name host:/livedbg.cmd flag 1 data 41378
[   26.7806] open fd = -5
[   26.7962] open name host:/livepad.bin flag 1 data 41378
[   26.7974] open fd = -5
[   26.8135] open name host:/livepad.bin flag 1 data 41378
[   26.8149] open fd = -5
[   26.8281] open name host:/livepad.bin flag 1 data 41378
[   26.8295] open fd = -5
[   26.8417] open name host:/livepad.bin flag 1 data 41378
[   26.8427] open fd = -5
[   26.8547] open name host:/livepad.bin flag 1 data 41378
[   26.8559] open fd = -5
[   26.8829] open name host:/vehicles/veh-ravager000001-shadow.png flag 1 data 41378
[   26.8852] open fd = 256
[   26.8861] open name host:/vehicles/veh-ravager000001-shadow.png flag 1 data 41378
[   26.8881] open fd = 256
[   26.8930] open name host:/vehicles/veh-pica00000001-shadow.png flag 1 data 41378
[   26.8951] open fd = 256
[   26.8960] open name host:/vehicles/veh-pica00000001-shadow.png flag 1 data 41378
[   26.8980] open fd = 256
[   26.9101] open name host:/vehicles/veh-strix0000001-shadow.png flag 1 data 41378
[   26.9122] open fd = 256
[   26.9131] open name host:/vehicles/veh-strix0000001-shadow.png flag 1 data 41378
[   26.9151] open fd = 256
[   26.9277] open name host:/models/urban/procgen-procpain-district-workshop-xm2zm2.tmdl flag 1 data 41378
[   26.9304] open fd = 256
[   26.9399] open name host:/models/urban/Textures/district-facades.png flag 1 data 41378
[   26.9429] open fd = 256
[   26.9441] open name host:/models/urban/Textures/district-facades.png flag 1 data 41378
[   26.9469] open fd = 256
[   26.9720] open name host:/models/urban/procgen-procpain-district-workshop-xm2zm1.tmdl flag 1 data 41378
[   26.9749] open fd = 256
[   26.9781] open name host:/models/urban/procgen-procpain-district-workshop-xm2z0.tmdl flag 1 data 41378
[   26.9808] open fd = 256
[   26.9837] open name host:/models/urban/procgen-procpain-district-workshop-xm2z1.tmdl flag 1 data 41378
[   26.9863] open fd = 256
[   26.9886] open name host:/models/urban/procgen-procpain-district-workshop-xm1zm1.tmdl flag 1 data 41378
[   26.9911] open fd = 256
[   26.9934] open name host:/models/urban/procgen-procpain-district-workshop-xm1z0.tmdl flag 1 data 41378
[   26.9959] open fd = 256
[   26.9983] open name host:/models/urban/procgen-procpain-district-workshop-xm1z1.tmdl flag 1 data 41378
[   27.0008] open fd = 256
[   27.0033] open name host:/models/urban/procgen-procpain-district-workshop-x0zm2.tmdl flag 1 data 41378
[   27.0056] open fd = 256
[   27.0091] open name host:/models/urban/procgen-procpain-district-workshop-x1zm2.tmdl flag 1 data 41378
[   27.0114] open fd = 256
[   27.0139] open name host:/models/urban/procgen-procpain-district-workshop-x1z0.tmdl flag 1 data 41378
[   27.0163] open fd = 256
[   27.0187] open name host:/models/urban/procgen-procpain-district-workshop-x1z1.tmdl flag 1 data 41378
[   27.0211] open fd = 256
[   27.0325] open name host:/models/urban/procgen-procpain-district-loft-xm2zm2.tmdl flag 1 data 41378
[   27.0352] open fd = 256
[   27.0385] open name host:/models/urban/procgen-procpain-district-loft-xm2zm1.tmdl flag 1 data 41378
[   27.0408] open fd = 256
[   27.0436] open name host:/models/urban/procgen-procpain-district-loft-xm2z0.tmdl flag 1 data 41378
[   27.0460] open fd = 256
[   27.0485] open name host:/models/urban/procgen-procpain-district-loft-xm2z1.tmdl flag 1 data 41378
[   27.0507] open fd = 256
[   27.0536] open name host:/models/urban/procgen-procpain-district-loft-xm1zm2.tmdl flag 1 data 41378
[   27.0559] open fd = 256
[   27.0586] open name host:/models/urban/procgen-procpain-district-loft-xm1zm1.tmdl flag 1 data 41378
[   27.0608] open fd = 256
[   27.0637] open name host:/models/urban/procgen-procpain-district-loft-xm1z0.tmdl flag 1 data 41378
[   27.0660] open fd = 256
[   27.0682] open name host:/models/urban/procgen-procpain-district-loft-x0zm2.tmdl flag 1 data 41378
[   27.0707] open fd = 256
[   27.0732] open name host:/models/urban/procgen-procpain-district-loft-x0zm1.tmdl flag 1 data 41378
[   27.0761] open fd = 256
[   27.0796] open name host:/models/urban/procgen-procpain-district-loft-x0z0.tmdl flag 1 data 41378
[   27.0819] open fd = 256
[   27.0848] open name host:/models/urban/procgen-procpain-district-loft-x0z1.tmdl flag 1 data 41378
[   27.0871] open fd = 256
[   27.0984] open name host:/models/urban/procgen-procpain-district-loft-x1zm2.tmdl flag 1 data 41378
[   27.1011] open fd = 256
[   27.1040] open name host:/models/urban/procgen-procpain-district-loft-x1zm1.tmdl flag 1 data 41378
[   27.1066] open fd = 256
[   27.1090] open name host:/models/urban/procgen-procpain-district-loft-x1z0.tmdl flag 1 data 41378
[   27.1112] open fd = 256
[   27.1136] open name host:/models/urban/procgen-procpain-district-loft-x1z1.tmdl flag 1 data 41378
[   27.1161] open fd = 256
[   27.1190] open name host:/models/urban/procgen-procpain-district-tower-xm2zm1.tmdl flag 1 data 41378
[   27.1214] open fd = 256
[   27.1247] open name host:/models/urban/procgen-procpain-district-tower-xm2z0.tmdl flag 1 data 41378
[   27.1271] open fd = 256
[   27.1304] open name host:/models/urban/procgen-procpain-district-tower-xm2z1.tmdl flag 1 data 41378
[   27.1328] open fd = 256
[   27.1351] open name host:/models/urban/procgen-procpain-district-tower-xm1zm2.tmdl flag 1 data 41378
[   27.1375] open fd = 256
[   27.1403] open name host:/models/urban/procgen-procpain-district-tower-xm1zm1.tmdl flag 1 data 41378
[   27.1426] open fd = 256
[   27.1448] open name host:/models/urban/procgen-procpain-district-tower-xm1z0.tmdl flag 1 data 41378
[   27.1473] open fd = 256
[   27.1496] open name host:/models/urban/procgen-procpain-district-tower-xm1z1.tmdl flag 1 data 41378
[   27.1523] open fd = 256
[   27.1661] open name host:/models/urban/procgen-procpain-district-tower-x0zm2.tmdl flag 1 data 41378
[   27.1688] open fd = 256
[   27.1717] open name host:/models/urban/procgen-procpain-district-tower-x0zm1.tmdl flag 1 data 41378
[   27.1740] open fd = 256
[   27.1782] open name host:/models/urban/procgen-procpain-district-tower-x0z0.tmdl flag 1 data 41378
[   27.1812] open fd = 256
[   27.1846] open name host:/models/urban/procgen-procpain-district-tower-x0z1.tmdl flag 1 data 41378
[   27.1872] open fd = 256
[   27.1896] open name host:/models/urban/procgen-procpain-district-tower-x1zm2.tmdl flag 1 data 41378
[   27.1921] open fd = 256
[   27.1945] open name host:/models/urban/procgen-procpain-district-tower-x1zm1.tmdl flag 1 data 41378
[   27.1969] open fd = 256
[   27.1996] open name host:/models/urban/procgen-procpain-district-tower-x1z0.tmdl flag 1 data 41378
[   27.2023] open fd = 256
[   27.2047] open name host:/models/urban/procgen-procpain-district-tower-x1z1.tmdl flag 1 data 41378
[   27.2069] open fd = 256
[   27.2099] open name host:/models/urban/procgen-procpain-tree-park-large-xm3zm2.tmdl flag 1 data 41378
[   27.2123] open fd = 256
[   27.2392] open name host:/models/urban/Textures/treeA.png flag 1 data 41378
[   27.2422] open fd = 256
[   27.2432] open name host:/models/urban/Textures/treeA.png flag 1 data 41378
[   27.2460] open fd = 256
[   27.2572] open name host:/models/urban/Textures/tiles.png flag 1 data 41378
[   27.2598] open fd = 256
[   27.2608] open name host:/models/urban/Textures/tiles.png flag 1 data 41378
[   27.2636] open fd = 256
[   27.2670] open name host:/models/urban/Textures/dirt.png flag 1 data 41378
[   27.2698] open fd = 256
[   27.2708] open name host:/models/urban/Textures/dirt.png flag 1 data 41378
[   27.2738] open fd = 256
[   27.2769] open name host:/models/urban/procgen-procpain-tree-park-large-xm3zm1.tmdl flag 1 data 41378
[   27.2792] open fd = 256
[   27.3064] open name host:/models/urban/procgen-procpain-tree-park-large-xm3z0.tmdl flag 1 data 41378
[   27.3091] open fd = 256
[   27.3287] open name host:/models/urban/procgen-procpain-tree-park-large-xm3z1.tmdl flag 1 data 41378
[   27.3313] open fd = 256
[   27.3586] open name host:/models/urban/procgen-procpain-tree-park-large-xm2zm3.tmdl flag 1 data 41378
[   27.3613] open fd = 256
[   27.3694] open name host:/models/urban/procgen-procpain-tree-park-large-xm2zm2.tmdl flag 1 data 41378
[   27.3718] open fd = 256
[   27.3913] open name host:/models/urban/procgen-procpain-tree-park-large-xm2zm1.tmdl flag 1 data 41378
[   27.3939] open fd = 256
[   27.4117] open name host:/models/urban/procgen-procpain-tree-park-large-xm2z0.tmdl flag 1 data 41378
[   27.4144] open fd = 256
[   27.4386] open name host:/models/urban/procgen-procpain-tree-park-large-xm2z2.tmdl flag 1 data 41378
[   27.4411] open fd = 256
[   27.4482] open name host:/models/urban/procgen-procpain-tree-park-large-xm1zm3.tmdl flag 1 data 41378
[   27.4505] open fd = 256
[   27.4752] open name host:/models/urban/procgen-procpain-tree-park-large-xm1zm2.tmdl flag 1 data 41378
[   27.4776] open fd = 256
[   27.5196] open name host:/models/urban/procgen-procpain-tree-park-large-xm1z0.tmdl flag 1 data 41378
[   27.5225] open fd = 256
[   27.5298] open name host:/models/urban/procgen-procpain-tree-park-large-xm1z1.tmdl flag 1 data 41378
[   27.5324] open fd = 256
[   27.5694] open name host:/models/urban/procgen-procpain-tree-park-large-xm1z2.tmdl flag 1 data 41378
[   27.5724] open fd = 256
[   27.6141] open name host:/models/urban/procgen-procpain-tree-park-large-x0zm3.tmdl flag 1 data 41378
[   27.6169] open fd = 256
[   27.6562] open name host:/models/urban/procgen-procpain-tree-park-large-x0zm2.tmdl flag 1 data 41378
[   27.6587] open fd = 256
[   27.6851] open name host:/models/urban/procgen-procpain-tree-park-large-x0zm1.tmdl flag 1 data 41378
[   27.6874] open fd = 256
[   27.7022] open name host:/models/urban/procgen-procpain-tree-park-large-x0z0.tmdl flag 1 data 41378
[   27.7047] open fd = 256
[   27.7125] open name host:/models/urban/procgen-procpain-tree-park-large-x0z1.tmdl flag 1 data 41378
[   27.7151] open fd = 256
[   27.7397] open name host:/models/urban/procgen-procpain-tree-park-large-x0z2.tmdl flag 1 data 41378
[   27.7425] open fd = 256
[   27.7849] open name host:/models/urban/procgen-procpain-tree-park-large-x1zm3.tmdl flag 1 data 41378
[   27.7873] open fd = 256
[   27.7958] open name host:/models/urban/procgen-procpain-tree-park-large-x1zm2.tmdl flag 1 data 41378
[   27.7983] open fd = 256
[   27.8286] open name host:/models/urban/procgen-procpain-tree-park-large-x1zm1.tmdl flag 1 data 41378
[   27.8312] open fd = 256
[   27.8386] open name host:/models/urban/procgen-procpain-tree-park-large-x1z0.tmdl flag 1 data 41378
[   27.8410] open fd = 256
[   27.8551] open name host:/models/urban/procgen-procpain-tree-park-large-x1z1.tmdl flag 1 data 41378
[   27.8577] open fd = 256
[   27.8889] open name host:/models/urban/procgen-procpain-tree-park-large-x1z2.tmdl flag 1 data 41378
[   27.8912] open fd = 256
[   27.9064] open name host:/models/urban/procgen-procpain-tree-park-large-x2zm2.tmdl flag 1 data 41378
[   27.9089] open fd = 256
[   27.9497] open name host:/models/urban/procgen-procpain-tree-park-large-x2zm1.tmdl flag 1 data 41378
[   27.9526] open fd = 256
[   27.9853] open name host:/models/urban/procgen-procpain-tree-park-large-x2z0.tmdl flag 1 data 41378
[   27.9877] open fd = 256
[   28.0027] open name host:/models/urban/procgen-procpain-tree-park-large-x2z1.tmdl flag 1 data 41378
[   28.0055] open fd = 256
[   28.0276] open name host:/models/urban/procgen-procpain-tree-park-pine-large-xm3zm2.tmdl flag 1 data 41378
[   28.0304] open fd = 256
[   28.0439] open name host:/models/urban/Textures/treeB.png flag 1 data 41378
[   28.0470] open fd = 256
[   28.0480] open name host:/models/urban/Textures/treeB.png flag 1 data 41378
[   28.0508] open fd = 256
[   28.0611] open name host:/models/urban/procgen-procpain-tree-park-pine-large-xm3zm1.tmdl flag 1 data 41378
[   28.0636] open fd = 256
[   28.0778] open name host:/models/urban/procgen-procpain-tree-park-pine-large-xm3z0.tmdl flag 1 data 41378
[   28.0803] open fd = 256
[   28.0942] open name host:/models/urban/procgen-procpain-tree-park-pine-large-xm3z1.tmdl flag 1 data 41378
[   28.0968] open fd = 256
[   28.1132] open name host:/models/urban/procgen-procpain-tree-park-pine-large-xm3z2.tmdl flag 1 data 41378
[   28.1158] open fd = 256
[   28.1286] open name host:/models/urban/procgen-procpain-tree-park-pine-large-xm2zm3.tmdl flag 1 data 41378
[   28.1314] open fd = 256
[   28.1572] open name host:/models/urban/procgen-procpain-tree-park-pine-large-xm2zm2.tmdl flag 1 data 41378
[   28.1598] open fd = 256
[   28.1880] open name host:/models/urban/procgen-procpain-tree-park-pine-large-xm2z1.tmdl flag 1 data 41378
[   28.1912] open fd = 256
[   28.2275] open name host:/models/urban/procgen-procpain-tree-park-pine-large-xm2z2.tmdl flag 1 data 41378
[   28.2304] open fd = 256
[   28.2496] open name host:/models/urban/procgen-procpain-tree-park-pine-large-xm1zm3.tmdl flag 1 data 41378
[   28.2521] open fd = 256
[   28.2594] open name host:/models/urban/procgen-procpain-tree-park-pine-large-xm1zm2.tmdl flag 1 data 41378
[   28.2618] open fd = 256
[   28.2826] open name host:/models/urban/procgen-procpain-tree-park-pine-large-xm1zm1.tmdl flag 1 data 41378
[   28.2855] open fd = 256
[   28.2936] open name host:/models/urban/procgen-procpain-tree-park-pine-large-xm1z0.tmdl flag 1 data 41378
[   28.2962] open fd = 256
[   28.3166] open name host:/models/urban/procgen-procpain-tree-park-pine-large-xm1z1.tmdl flag 1 data 41378
[   28.3190] open fd = 256
[   28.3265] open name host:/models/urban/procgen-procpain-tree-park-pine-large-xm1z2.tmdl flag 1 data 41378
[   28.3288] open fd = 256
[   28.3368] open name host:/models/urban/procgen-procpain-tree-park-pine-large-x0zm3.tmdl flag 1 data 41378
[   28.3394] open fd = 256
[   28.3473] open name host:/models/urban/procgen-procpain-tree-park-pine-large-x0zm2.tmdl flag 1 data 41378
[   28.3497] open fd = 256
[   28.3804] open name host:/models/urban/procgen-procpain-tree-park-pine-large-x0zm1.tmdl flag 1 data 41378
[   28.3831] open fd = 256
[   28.3913] open name host:/models/urban/procgen-procpain-tree-park-pine-large-x0z0.tmdl flag 1 data 41378
[   28.3936] open fd = 256
[   28.4018] open name host:/models/urban/procgen-procpain-tree-park-pine-large-x0z1.tmdl flag 1 data 41378
[   28.4046] open fd = 256
[   28.4277] open name host:/models/urban/procgen-procpain-tree-park-pine-large-x0z2.tmdl flag 1 data 41378
[   28.4305] open fd = 256
[   28.4386] open name host:/models/urban/procgen-procpain-tree-park-pine-large-x1zm3.tmdl flag 1 data 41378
[   28.4411] open fd = 256
[   28.4778] open name host:/models/urban/procgen-procpain-tree-park-pine-large-x1zm2.tmdl flag 1 data 41378
[   28.4805] open fd = 256
[   28.4944] open name host:/models/urban/procgen-procpain-tree-park-pine-large-x1z1.tmdl flag 1 data 41378
[   28.4972] open fd = 256
[   28.5166] open name host:/models/urban/procgen-procpain-tree-park-pine-large-x1z2.tmdl flag 1 data 41378
[   28.5192] open fd = 256
[   28.5324] open name host:/models/urban/procgen-procpain-tree-park-pine-large-x2zm3.tmdl flag 1 data 41378
[   28.5349] open fd = 256
[   28.5426] open name host:/models/urban/procgen-procpain-tree-park-pine-large-x2zm2.tmdl flag 1 data 41378
[   28.5456] open fd = 256
[   28.5619] open name host:/models/urban/procgen-procpain-tree-park-pine-large-x2zm1.tmdl flag 1 data 41378
[   28.5647] open fd = 256
[   28.5821] open name host:/models/urban/procgen-procpain-tree-park-pine-large-x2z0.tmdl flag 1 data 41378
[   28.5860] open fd = 256
[   28.6001] open name host:/models/urban/procgen-procpain-tree-park-pine-large-x2z1.tmdl flag 1 data 41378
[   28.6025] open fd = 256
[   28.6321] open name host:/models/urban/procgen-procpain-tree-park-pine-large-x2z2.tmdl flag 1 data 41378
[   28.6347] open fd = 256
[   28.6426] open name host:/vehicles/veh-pica00000001-body.tmdl flag 1 data 41378
[   28.6449] open fd = 256
[   28.7540] open name host:/vehicles/veh-pica00000001-palette.png flag 1 data 41378
[   28.7561] open fd = 256
[   28.7568] open name host:/vehicles/veh-pica00000001-palette.png flag 1 data 41378
[   28.7586] open fd = 256
[   28.7709] open name host:/vehicles/veh-pica00000001-palette-image-0.png flag 1 data 41378
[   28.7730] open fd = 256
[   28.7737] open name host:/vehicles/veh-pica00000001-palette-image-0.png flag 1 data 41378
[   28.7758] open fd = 256
[   28.7947] open name host:/vehicles/veh-strix0000001-body.tmdl flag 1 data 41378
[   28.7972] open fd = 256
[   28.9159] open name host:/vehicles/veh-strix0000001-palette.png flag 1 data 41378
[   28.9180] open fd = 256
[   28.9187] open name host:/vehicles/veh-strix0000001-palette.png flag 1 data 41378
[   28.9205] open fd = 256
[   28.9291] open name host:/vehicles/veh-strix0000001-palette-image-0.png flag 1 data 41378
[   28.9312] open fd = 256
[   28.9320] open name host:/vehicles/veh-strix0000001-palette-image-0.png flag 1 data 41378
[   28.9339] open fd = 256
[   28.9511] open name host:/sky/scene2.png flag 1 data 41378
[   28.9533] open fd = 256
[   28.9541] open name host:/sky/scene2.png flag 1 data 41378
[   28.9560] open fd = 256
[   29.1161] open name host:/vehicles/fx-skid.png flag 1 data 41378
[   29.1185] open fd = 256
[   29.1194] open name host:/vehicles/fx-skid.png flag 1 data 41378
[   29.1213] open fd = 256
[   29.1352] open name host:/vehicles/fx-smoke.png flag 1 data 41378
[   29.1372] open fd = 256
[   29.1380] open name host:/vehicles/fx-smoke.png flag 1 data 41378
[   29.1398] open fd = 256
[   29.1433] open name host:/log.txt flag 302 data 41378
[   29.1451] open fd = 256
[   29.1464] open name host:/vehicles/veh-ravager000001-wheel.tmdl flag 1 data 41378
[   29.1479] open fd = 256
[   29.1549] open name host:/vehicles/veh-ravager000001-wheelfast.tmdl flag 1 data 41378
[   29.1568] open fd = 256
[   29.1633] open name host:/log.txt flag 302 data 41378
[   29.1649] open fd = 256
[   29.1664] open name host:/vehicles/veh-pica00000001-wheel.tmdl flag 1 data 41378
[   29.1682] open fd = 256
[   29.1826] open name host:/vehicles/veh-pica00000001-wheelfast.tmdl flag 1 data 41378
[   29.1846] open fd = 256
[   29.1907] open name host:/log.txt flag 302 data 41378
[   29.1924] open fd = 256
[   29.1939] open name host:/vehicles/veh-strix0000001-wheel.tmdl flag 1 data 41378
[   29.1960] open fd = 256
[   29.2034] open name host:/vehicles/veh-strix0000001-wheelfast.tmdl flag 1 data 41378
[   29.2053] open fd = 256
[   29.2191] open name host:/log.txt flag 302 data 41378
[   29.2209] open fd = 256
[   29.2223] open name host:/log.txt flag 302 data 41378
[   29.2239] open fd = 256
[   29.2252] open name host:/log.txt flag 302 data 41378
[   29.2267] open fd = 256
[   29.2992] open name host:/log.txt flag 302 data 41378
[   29.3009] open fd = 256
[   29.3046] open name host:/log.txt flag 302 data 41378
[   29.3062] open fd = 256
[   29.3076] open name host:/log.txt flag 302 data 41378
[   29.3090] open fd = 256
[   29.3200] open name host:/log.txt flag 302 data 41378
[   29.3216] open fd = 256
[   29.3237] open name host:/log.txt flag 302 data 41378
[   29.3254] open fd = 256
[   29.3273] open name host:/log.txt flag 302 data 41378
[   29.3289] open fd = 256
[   29.3306] open name host:/log.txt flag 302 data 41378
[   29.3321] open fd = 256
[   29.3340] open name host:/log.txt flag 302 data 41378
[   29.3355] open fd = 256
[   29.3371] open name host:/log.txt flag 302 data 41378
[   29.3385] open fd = 256
[   29.3467] open name host:/log.txt flag 302 data 41378
[   29.3482] open fd = 256
[   29.3498] open name host:/log.txt flag 302 data 41378
[   29.3513] open fd = 256
[   29.3530] open name host:/log.txt flag 302 data 41378
[   29.3546] open fd = 256
[   29.3560] open name host:/log.txt flag 302 data 41378
[   29.3564] open fd = 256
[   29.3575] open name host:/log.txt flag 302 data 41378
[   29.3579] open fd = 256
[   29.3591] open name host:/log.txt flag 302 data 41378
[   29.3597] open fd = 256
[   29.3609] open name host:/log.txt flag 302 data 41378
[   29.3613] open fd = 256
[   29.3624] open name host:/log.txt flag 302 data 41378
[   29.3628] open fd = 256
[   29.3638] open name host:/log.txt flag 302 data 41378
[   29.3642] open fd = 256
[   29.3654] open name host:/log.txt flag 302 data 41378
[   29.3659] open fd = 256
[   29.3746] open name host:/log.txt flag 302 data 41378
[   29.3755] open fd = 256
[   29.3767] open name host:/log.txt flag 302 data 41378
[   29.3771] open fd = 256
[   29.3782] open name host:/log.txt flag 302 data 41378
[   29.3786] open fd = 256
[   29.3798] open name host:/log.txt flag 302 data 41378
[   29.3802] open fd = 256
[   29.3811] open name host:/log.txt flag 302 data 41378
[   29.3815] open fd = 256
[   29.3826] open name host:/log.txt flag 302 data 41378
[   29.3830] open fd = 256
[   29.3931] open name host:/log.txt flag 302 data 41378
[   29.3939] open fd = 256
[   29.3951] open name host:/log.txt flag 302 data 41378
[   29.3958] open fd = 256
[   29.3969] open name host:/log.txt flag 302 data 41378
[   29.3973] open fd = 256
[   29.4226] open name host:/livepad.bin flag 1 data 41378
[   29.4238] open fd = -5
[   29.4240] open name host:/livedbg.cmd flag 1 data 41378
[   29.4248] open fd = -5
[   29.4251] open name host:/log.txt flag 302 data 41378
[   29.4265] open fd = 256
[   29.4411] open name host:/livepad.bin flag 1 data 41378
[   29.4422] open fd = -5
[   29.4551] open name host:/livepad.bin flag 1 data 41378
[   29.4561] open fd = -5
[   29.4697] open name host:/livepad.bin flag 1 data 41378
[   29.4709] open fd = -5
[   29.4843] open name host:/livepad.bin flag 1 data 41378
[   29.4854] open fd = -5
[   29.4997] open name host:/livepad.bin flag 1 data 41378
[   29.5007] open fd = -5
[   29.5171] open name host:/livepad.bin flag 1 data 41378
[   29.5185] open fd = -5
[   29.5186] open name host:/livedbg.cmd flag 1 data 41378
[   29.5200] open fd = -5
[   29.5361] open name host:/livepad.bin flag 1 data 41378
[   29.5380] open fd = -5
[   29.5533] open name host:/livepad.bin flag 1 data 41378
[   29.5550] open fd = -5
[   29.5706] open name host:/livepad.bin flag 1 data 41378
[   29.5725] open fd = -5
[   29.5868] open name host:/livepad.bin flag 1 data 41378
[   29.5908] open fd = -5
[   29.6058] open name host:/livepad.bin flag 1 data 41378
[   29.6076] open fd = -5
[   29.6228] open name host:/livepad.bin flag 1 data 41378
[   29.6242] open fd = -5
[   29.6243] open name host:/livedbg.cmd flag 1 data 41378
[   29.6255] open fd = -5
[   29.6403] open name host:/livepad.bin flag 1 data 41378
[   29.6418] open fd = -5
[   29.6551] open name host:/livepad.bin flag 1 data 41378
[   29.6567] open fd = -5
[   29.6713] open name host:/livepad.bin flag 1 data 41378
[   29.6728] open fd = -5
[   29.6861] open name host:/livepad.bin flag 1 data 41378
[   29.6874] open fd = -5
[   29.7003] open name host:/livepad.bin flag 1 data 41378
[   29.7015] open fd = -5
[   29.7176] open name host:/livepad.bin flag 1 data 41378
[   29.7187] open fd = -5
[   29.7188] open name host:/livedbg.cmd flag 1 data 41378
[   29.7199] open fd = -5
[   29.7331] open name host:/livepad.bin flag 1 data 41378
[   29.7343] open fd = -5
[   29.7498] open name host:/livepad.bin flag 1 data 41378
[   29.7511] open fd = -5
[   29.7664] open name host:/livepad.bin flag 1 data 41378
[   29.7677] open fd = -5
[   29.7842] open name host:/livepad.bin flag 1 data 41378
[   29.7858] open fd = -5
[   29.8015] open name host:/livepad.bin flag 1 data 41378
[   29.8034] open fd = -5
[   29.8179] open name host:/livepad.bin flag 1 data 41378
[   29.8195] open fd = -5
[   29.8196] open name host:/livedbg.cmd flag 1 data 41378
[   29.8213] open fd = -5
[   29.8358] open name host:/livepad.bin flag 1 data 41378
[   29.8369] open fd = -5
[   29.8509] open name host:/livepad.bin flag 1 data 41378
[   29.8523] open fd = -5
[   29.8679] open name host:/livepad.bin flag 1 data 41378
[   29.8693] open fd = -5
[   29.8841] open name host:/livepad.bin flag 1 data 41378
[   29.8855] open fd = -5
[   29.9003] open name host:/livepad.bin flag 1 data 41378
[   29.9016] open fd = -5
[   29.9173] open name host:/livepad.bin flag 1 data 41378
[   29.9187] open fd = -5
[   29.9188] open name host:/livedbg.cmd flag 1 data 41378
[   29.9199] open fd = -5
[   29.9340] open name host:/livepad.bin flag 1 data 41378
[   29.9352] open fd = -5
[   29.9504] open name host:/livepad.bin flag 1 data 41378
[   29.9516] open fd = -5
[   29.9666] open name host:/livepad.bin flag 1 data 41378
[   29.9676] open fd = -5
[   29.9829] open name host:/livepad.bin flag 1 data 41378
[   29.9840] open fd = -5
[   29.9998] open name host:/livepad.bin flag 1 data 41378
[   30.0009] open fd = -5
[   30.0168] open name host:/livepad.bin flag 1 data 41378
[   30.0180] open fd = -5
[   30.0180] open name host:/livedbg.cmd flag 1 data 41378
[   30.0190] open fd = -5
[   30.0212] open name host:/log.txt flag 302 data 41378
[   30.0231] open fd = 256
[   30.0840] open name host:/log.txt flag 302 data 41378
[   30.0863] open fd = 256
[   30.3698] open name host:/livepad.bin flag 1 data 41378
[   30.3703] open fd = -5
[   30.3709] open name host:/log.txt flag 302 data 41378
[   30.3715] open fd = 256
[   30.3997] open name host:/livepad.bin flag 1 data 41378
[   30.4017] open fd = -5
[   30.4195] open name host:/livepad.bin flag 1 data 41378
[   30.4211] open fd = -5
[   30.4383] open name host:/livepad.bin flag 1 data 41378
[   30.4398] open fd = -5
[   30.4552] open name host:/livepad.bin flag 1 data 41378
[   30.4566] open fd = -5
[   30.4712] open name host:/livepad.bin flag 1 data 41378
[   30.4722] open fd = -5
[   30.4726] open name host:/livedbg.cmd flag 1 data 41378
[   30.4729] open fd = -5
[   30.4886] open name host:/livepad.bin flag 1 data 41378
[   30.4897] open fd = -5
[   30.5061] open name host:/livepad.bin flag 1 data 41378
[   30.5072] open fd = -5
[   30.5240] open name host:/livepad.bin flag 1 data 41378
[   30.5254] open fd = -5
[   30.5416] open name host:/livepad.bin flag 1 data 41378
[   30.5432] open fd = -5
[   30.5592] open name host:/livepad.bin flag 1 data 41378
[   30.5609] open fd = -5
[   30.5801] open name host:/livepad.bin flag 1 data 41378
[   30.5816] open fd = -5
[   30.5819] open name host:/livedbg.cmd flag 1 data 41378
[   30.5831] open fd = -5
[   30.5991] open name host:/livepad.bin flag 1 data 41378
[   30.6007] open fd = -5
[   30.6173] open name host:/livepad.bin flag 1 data 41378
[   30.6187] open fd = -5
[   30.6359] open name host:/livepad.bin flag 1 data 41378
[   30.6375] open fd = -5
[   30.6546] open name host:/livepad.bin flag 1 data 41378
[   30.6561] open fd = -5
[   30.6730] open name host:/livepad.bin flag 1 data 41378
[   30.6743] open fd = -5
[   30.6917] open name host:/livepad.bin flag 1 data 41378
[   30.6934] open fd = -5
[   30.6936] open name host:/livedbg.cmd flag 1 data 41378
[   30.6949] open fd = -5
[   30.7101] open name host:/livepad.bin flag 1 data 41378
[   30.7115] open fd = -5
[   30.7276] open name host:/livepad.bin flag 1 data 41378
[   30.7289] open fd = -5
[   30.7451] open name host:/livepad.bin flag 1 data 41378
[   30.7464] open fd = -5
[   30.7615] open name host:/livepad.bin flag 1 data 41378
[   30.7630] open fd = -5
[   30.7777] open name host:/livepad.bin flag 1 data 41378
[   30.7790] open fd = -5
[   30.7939] open name host:/livepad.bin flag 1 data 41378
[   30.7954] open fd = -5
[   30.7958] open name host:/livedbg.cmd flag 1 data 41378
[   30.7967] open fd = -5
[   30.8117] open name host:/livepad.bin flag 1 data 41378
[   30.8131] open fd = -5
[   30.8291] open name host:/livepad.bin flag 1 data 41378
[   30.8305] open fd = -5
[   30.8471] open name host:/livepad.bin flag 1 data 41378
[   30.8484] open fd = -5
[   30.8642] open name host:/livepad.bin flag 1 data 41378
[   30.8654] open fd = -5
[   30.8803] open name host:/livepad.bin flag 1 data 41378
[   30.8817] open fd = -5
[   30.8974] open name host:/livepad.bin flag 1 data 41378
[   30.8989] open fd = -5
[   30.8991] open name host:/livedbg.cmd flag 1 data 41378
[   30.9002] open fd = -5
[   30.9158] open name host:/livepad.bin flag 1 data 41378
[   30.9172] open fd = -5
[   30.9331] open name host:/livepad.bin flag 1 data 41378
[   30.9350] open fd = -5
[   30.9516] open name host:/livepad.bin flag 1 data 41378
[   30.9531] open fd = -5
[   30.9701] open name host:/livepad.bin flag 1 data 41378
[   30.9716] open fd = -5
[   30.9884] open name host:/livepad.bin flag 1 data 41378
[   30.9899] open fd = -5
[   31.0081] open name host:/livepad.bin flag 1 data 41378
[   31.0097] open fd = -5
[   31.0100] open name host:/livedbg.cmd flag 1 data 41378
[   31.0111] open fd = -5
[   31.0271] open name host:/livepad.bin flag 1 data 41378
[   31.0287] open fd = -5
[   31.0445] open name host:/livepad.bin flag 1 data 41378
[   31.0459] open fd = -5
[   31.0604] open name host:/livepad.bin flag 1 data 41378
[   31.0615] open fd = -5
[   31.0761] open name host:/livepad.bin flag 1 data 41378
[   31.0776] open fd = -5
[   31.0941] open name host:/livepad.bin flag 1 data 41378
[   31.0952] open fd = -5
[   31.1102] open name host:/livepad.bin flag 1 data 41378
[   31.1115] open fd = -5
[   31.1117] open name host:/livedbg.cmd flag 1 data 41378
[   31.1130] open fd = -5
[   31.1283] open name host:/livepad.bin flag 1 data 41378
[   31.1297] open fd = -5
[   31.1451] open name host:/livepad.bin flag 1 data 41378
[   31.1467] open fd = -5
[   31.1608] FRAMEARENA frames=1080 peak=1037904 resets=4 fallbacks=0 maxFrameBytes=2731360 maxBorrowed=2120800 freeKiB=6358
[   31.1610] NATIVEVIF frames=1080 batches=1084
[   31.1612] ORDEREDFRAME frames=1080 splitFrames=3
[   31.1613] FRAMEPIPELINE starts=1080 dmaBusyStarts=151
[   31.1614] open name host:/livepad.bin flag 1 data 41378
[   31.1626] open fd = -5
[   31.1774] open name host:/livepad.bin flag 1 data 41378
[   31.1787] open fd = -5
[   31.1942] open name host:/livepad.bin flag 1 data 41378
[   31.1956] open fd = -5
[   31.2109] open name host:/livepad.bin flag 1 data 41378
[   31.2123] open fd = -5
[   31.2126] open name host:/livedbg.cmd flag 1 data 41378
[   31.2139] open fd = -5
[   31.2306] open name host:/livepad.bin flag 1 data 41378
[   31.2322] open fd = -5
[   31.2343] open name host:/log.txt flag 302 data 41378
[   31.2364] open fd = 256
[   31.2530] open name host:/livepad.bin flag 1 data 41378
[   31.2544] open fd = -5
[   31.2724] open name host:/livepad.bin flag 1 data 41378
[   31.2742] open fd = -5
[   31.2910] open name host:/livepad.bin flag 1 data 41378
[   31.2925] open fd = -5
[   31.3103] open name host:/livepad.bin flag 1 data 41378
[   31.3121] open fd = -5
[   31.3290] open name host:/livepad.bin flag 1 data 41378
[   31.3305] open fd = -5
[   31.3308] open name host:/livedbg.cmd flag 1 data 41378
[   31.3311] open fd = -5
[   31.3469] open name host:/livepad.bin flag 1 data 41378
[   31.3483] open fd = -5
[   31.3640] open name host:/livepad.bin flag 1 data 41378
[   31.3657] open fd = -5
[   31.3806] open name host:/livepad.bin flag 1 data 41378
[   31.3817] open fd = -5
[   31.3974] open name host:/livepad.bin flag 1 data 41378
[   31.3988] open fd = -5
[   31.4144] open name host:/livepad.bin flag 1 data 41378
[   31.4156] open fd = -5
[   31.4307] open name host:/livepad.bin flag 1 data 41378
[   31.4319] open fd = -5
[   31.4320] open name host:/livedbg.cmd flag 1 data 41378
[   31.4330] open fd = -5
[   31.4481] open name host:/livepad.bin flag 1 data 41378
[   31.4493] open fd = -5
[   31.4496] open name host:/log.txt flag 302 data 41378
[   31.4511] open fd = 256
[   31.4677] open name host:/livepad.bin flag 1 data 41378
[   31.4690] open fd = -5
[   31.4857] open name host:/livepad.bin flag 1 data 41378
[   31.4868] open fd = -5
[   31.5026] open name host:/livepad.bin flag 1 data 41378
[   31.5036] open fd = -5
[   31.5183] open name host:/livepad.bin flag 1 data 41378
[   31.5195] open fd = -5
[   31.5343] open name host:/livepad.bin flag 1 data 41378
[   31.5357] open fd = -5
[   31.5361] open name host:/livedbg.cmd flag 1 data 41378
[   31.5378] open fd = -5
[   31.5578] open name host:/livepad.bin flag 1 data 41378
[   31.5597] open fd = -5
[   31.5772] open name host:/livepad.bin flag 1 data 41378
[   31.5789] open fd = -5
[   31.5958] open name host:/livepad.bin flag 1 data 41378
[   31.6032] open fd = -5
[   31.6213] open name host:/livepad.bin flag 1 data 41378
[   31.6230] open fd = -5
[   31.6388] open name host:/livepad.bin flag 1 data 41378
[   31.6403] open fd = -5
[   31.6560] open name host:/livepad.bin flag 1 data 41378
[   31.6566] open fd = -5
[   31.6568] open name host:/livedbg.cmd flag 1 data 41378
[   31.6579] open fd = -5
[   31.6757] open name host:/livepad.bin flag 1 data 41378
[   31.6774] open fd = -5
[   31.6937] open name host:/livepad.bin flag 1 data 41378
[   31.6953] open fd = -5
[   31.7099] open name host:/livepad.bin flag 1 data 41378
[   31.7112] open fd = -5
[   31.7279] open name host:/livepad.bin flag 1 data 41378
[   31.7292] open fd = -5
[   31.7450] open name host:/livepad.bin flag 1 data 41378
[   31.7462] open fd = -5
[   31.7618] open name host:/livepad.bin flag 1 data 41378
[   31.7622] open fd = -5
[   31.7624] open name host:/livedbg.cmd flag 1 data 41378
[   31.7630] open fd = -5
[   31.7790] open name host:/livepad.bin flag 1 data 41378
[   31.7802] open fd = -5
[   31.7967] open name host:/livepad.bin flag 1 data 41378
[   31.7980] open fd = -5
[   31.8136] open name host:/livepad.bin flag 1 data 41378
[   31.8156] open fd = -5
[   31.8316] open name host:/livepad.bin flag 1 data 41378
[   31.8329] open fd = -5
[   31.8487] open name host:/livepad.bin flag 1 data 41378
[   31.8499] open fd = -5
[   31.8649] open name host:/livepad.bin flag 1 data 41378
[   31.8653] open fd = -5
[   31.8657] open name host:/livedbg.cmd flag 1 data 41378
[   31.8665] open fd = -5
[   31.8821] open name host:/livepad.bin flag 1 data 41378
[   31.8836] open fd = -5
[   31.8994] open name host:/livepad.bin flag 1 data 41378
[   31.9011] open fd = -5
[   31.9172] open name host:/livepad.bin flag 1 data 41378
[   31.9189] open fd = -5
[   31.9358] open name host:/livepad.bin flag 1 data 41378
[   31.9375] open fd = -5
[   31.9535] open name host:/livepad.bin flag 1 data 41378
[   31.9551] open fd = -5
[   31.9720] open name host:/livepad.bin flag 1 data 41378
[   31.9729] open fd = -5
[   31.9731] open name host:/livedbg.cmd flag 1 data 41378
[   31.9734] open fd = -5
[   31.9891] open name host:/livepad.bin flag 1 data 41378
[   31.9903] open fd = -5
[   32.0069] open name host:/livepad.bin flag 1 data 41378
[   32.0082] open fd = -5
[   32.0248] open name host:/livepad.bin flag 1 data 41378
[   32.0263] open fd = -5
[   32.0416] open name host:/livepad.bin flag 1 data 41378
[   32.0429] open fd = -5
[   32.0585] open name host:/livepad.bin flag 1 data 41378
[   32.0597] open fd = -5
[   32.0751] open name host:/livepad.bin flag 1 data 41378
[   32.0762] open fd = -5
[   32.0765] open name host:/livedbg.cmd flag 1 data 41378
[   32.0770] open fd = -5
[   32.0916] open name host:/livepad.bin flag 1 data 41378
[   32.0927] open fd = -5
[   32.1076] open name host:/livepad.bin flag 1 data 41378
[   32.1087] open fd = -5
[   32.1237] open name host:/livepad.bin flag 1 data 41378
[   32.1248] open fd = -5
[   32.1401] open name host:/livepad.bin flag 1 data 41378
[   32.1411] open fd = -5
[   32.1600] open name host:/livepad.bin flag 1 data 41378
[   32.1611] open fd = -5
[   32.1777] open name host:/livepad.bin flag 1 data 41378
[   32.1789] open fd = -5
[   32.1790] open name host:/livedbg.cmd flag 1 data 41378
[   32.1800] open fd = -5
[   32.1988] open name host:/livepad.bin flag 1 data 41378
[   32.2001] open fd = -5
[   32.2158] open name host:/livepad.bin flag 1 data 41378
[   32.2169] open fd = -5
[   32.2320] open name host:/livepad.bin flag 1 data 41378
[   32.2334] open fd = -5
[   32.2490] open name host:/livepad.bin flag 1 data 41378
[   32.2503] open fd = -5
[   32.2664] open name host:/livepad.bin flag 1 data 41378
[   32.2676] open fd = -5
[   32.2835] open name host:/livepad.bin flag 1 data 41378
[   32.2847] open fd = -5
[   32.2850] open name host:/livedbg.cmd flag 1 data 41378
[   32.2860] open fd = -5
[   32.3039] open name host:/livepad.bin flag 1 data 41378
[   32.3057] open fd = -5
[   32.3229] open name host:/livepad.bin flag 1 data 41378
[   32.3245] open fd = -5
[   32.3409] open name host:/livepad.bin flag 1 data 41378
[   32.3424] open fd = -5
[   32.3581] open name host:/livepad.bin flag 1 data 41378
[   32.3598] open fd = -5
[   32.3765] open name host:/livepad.bin flag 1 data 41378
[   32.3780] open fd = -5
[   32.3938] open name host:/livepad.bin flag 1 data 41378
[   32.3951] open fd = -5
[   32.3954] open name host:/livedbg.cmd flag 1 data 41378
[   32.3957] open fd = -5
[   32.4110] open name host:/livepad.bin flag 1 data 41378
[   32.4130] open fd = -5
[   32.4305] open name host:/livepad.bin flag 1 data 41378
[   32.4322] open fd = -5
[   32.4490] open name host:/livepad.bin flag 1 data 41378
[   32.4503] open fd = -5
[   32.4656] open name host:/livepad.bin flag 1 data 41378
[   32.4668] open fd = -5
[   32.4821] open name host:/livepad.bin flag 1 data 41378
[   32.4832] open fd = -5
[   32.4836] open name host:/log.txt flag 302 data 41378
[   32.4850] open fd = 256
[   32.5019] open name host:/livepad.bin flag 1 data 41378
[   32.5023] open fd = -5
[   32.5025] open name host:/livedbg.cmd flag 1 data 41378
[   32.5028] open fd = -5
[   32.5310] open name host:/livepad.bin flag 1 data 41378
[   32.5323] open fd = -5
[   32.5327] open name host:/log.txt flag 302 data 41378
[   32.5343] open fd = 256
[   32.5517] open name host:/livepad.bin flag 1 data 41378
[   32.5530] open fd = -5
[   32.5705] open name host:/livepad.bin flag 1 data 41378
[   32.5718] open fd = -5
[   32.5869] open name host:/livepad.bin flag 1 data 41378
[   32.5882] open fd = -5
[   32.6029] open name host:/livepad.bin flag 1 data 41378
[   32.6080] open fd = -5
[   32.6369] open name host:/livepad.bin flag 1 data 41378
[   32.6381] open fd = -5
[   32.6383] open name host:/livedbg.cmd flag 1 data 41378
[   32.6395] open fd = -5
[   32.6561] open name host:/livepad.bin flag 1 data 41378
[   32.6576] open fd = -5
[   32.6746] open name host:/livepad.bin flag 1 data 41378
[   32.6761] open fd = -5
[   32.6938] open name host:/livepad.bin flag 1 data 41378
[   32.6950] open fd = -5
[   32.7114] open name host:/livepad.bin flag 1 data 41378
[   32.7128] open fd = -5
[   32.7292] open name host:/livepad.bin flag 1 data 41378
[   32.7311] open fd = -5
[   32.7467] open name host:/livepad.bin flag 1 data 41378
[   32.7481] open fd = -5
[   32.7486] open name host:/livedbg.cmd flag 1 data 41378
[   32.7497] open fd = -5
[   32.7669] open name host:/livepad.bin flag 1 data 41378
[   32.7685] open fd = -5
[   32.7858] open name host:/livepad.bin flag 1 data 41378
[   32.7873] open fd = -5
[   32.8052] open name host:/livepad.bin flag 1 data 41378
[   32.8066] open fd = -5
[   32.8223] open name host:/livepad.bin flag 1 data 41378
[   32.8240] open fd = -5
[   32.8402] open name host:/livepad.bin flag 1 data 41378
[   32.8415] open fd = -5
[   32.8574] open name host:/livepad.bin flag 1 data 41378
[   32.8590] open fd = -5
[   32.8591] open name host:/livedbg.cmd flag 1 data 41378
[   32.8601] open fd = -5
[   32.8750] open name host:/livepad.bin flag 1 data 41378
[   32.8762] open fd = -5
[   32.8910] open name host:/livepad.bin flag 1 data 41378
[   32.8922] open fd = -5
[   32.9099] open name host:/livepad.bin flag 1 data 41378
[   32.9112] open fd = -5
[   32.9266] open name host:/livepad.bin flag 1 data 41378
[   32.9277] open fd = -5
[   32.9434] open name host:/livepad.bin flag 1 data 41378
[   32.9445] open fd = -5
[   32.9612] open name host:/livepad.bin flag 1 data 41378
[   32.9626] open fd = -5
[   32.9629] open name host:/livedbg.cmd flag 1 data 41378
[   32.9639] open fd = -5
[   32.9807] open name host:/livepad.bin flag 1 data 41378
[   32.9819] open fd = -5
[   32.9981] open name host:/livepad.bin flag 1 data 41378
[   32.9994] open fd = -5
[   33.0144] open name host:/livepad.bin flag 1 data 41378
[   33.0158] open fd = -5
[   33.0313] open name host:/livepad.bin flag 1 data 41378
[   33.0324] open fd = -5
[   33.0482] open name host:/livepad.bin flag 1 data 41378
[   33.0494] open fd = -5
[   33.0667] open name host:/livepad.bin flag 1 data 41378
[   33.0682] open fd = -5
[   33.0685] open name host:/livedbg.cmd flag 1 data 41378
[   33.0695] open fd = -5
[   33.0844] open name host:/livepad.bin flag 1 data 41378
[   33.0858] open fd = -5
[   33.1025] open name host:/livepad.bin flag 1 data 41378
[   33.1040] open fd = -5
[   33.1196] open name host:/livepad.bin flag 1 data 41378
[   33.1209] open fd = -5
[   33.1374] open name host:/livepad.bin flag 1 data 41378
[   33.1390] open fd = -5
[   33.1544] open name host:/livepad.bin flag 1 data 41378
[   33.1558] open fd = -5
[   33.1720] open name host:/livepad.bin flag 1 data 41378
[   33.1734] open fd = -5
[   33.1736] open name host:/livedbg.cmd flag 1 data 41378
[   33.1751] open fd = -5
[   33.1909] open name host:/livepad.bin flag 1 data 41378
[   33.1925] open fd = -5
[   33.2094] open name host:/livepad.bin flag 1 data 41378
[   33.2110] open fd = -5
[   33.2270] open name host:/livepad.bin flag 1 data 41378
[   33.2287] open fd = -5
[   33.2448] open name host:/livepad.bin flag 1 data 41378
[   33.2464] open fd = -5
[   33.2630] open name host:/livepad.bin flag 1 data 41378
[   33.2643] open fd = -5
[   33.2812] open name host:/livepad.bin flag 1 data 41378
[   33.2828] open fd = -5
[   33.2830] open name host:/livedbg.cmd flag 1 data 41378
[   33.2844] open fd = -5
[   33.3013] open name host:/livepad.bin flag 1 data 41378
[   33.3027] open fd = -5
[   33.3184] open name host:/livepad.bin flag 1 data 41378
[   33.3195] open fd = -5
[   33.3352] FRAMEARENA frames=1200 peak=1037904 resets=4 fallbacks=0 maxFrameBytes=2731360 maxBorrowed=2120800 freeKiB=6395
[   33.3354] NATIVEVIF frames=1200 batches=1204
[   33.3355] ORDEREDFRAME frames=1200 splitFrames=3
[   33.3357] FRAMEPIPELINE starts=1200 dmaBusyStarts=151
[   33.3358] open name host:/livepad.bin flag 1 data 41378
[   33.3368] open fd = -5
[   33.3515] open name host:/livepad.bin flag 1 data 41378
[   33.3527] open fd = -5
[   33.3687] open name host:/livepad.bin flag 1 data 41378
[   33.3699] open fd = -5
[   33.3850] open name host:/livepad.bin flag 1 data 41378
[   33.3861] open fd = -5
[   33.3864] open name host:/livedbg.cmd flag 1 data 41378
[   33.3874] open fd = -5
[   33.4027] open name host:/livepad.bin flag 1 data 41378
[   33.4041] open fd = -5
[   33.4203] open name host:/livepad.bin flag 1 data 41378
[   33.4215] open fd = -5
[   33.4391] open name host:/livepad.bin flag 1 data 41378
[   33.4407] open fd = -5
[   33.4573] open name host:/livepad.bin flag 1 data 41378
[   33.4587] open fd = -5
[   33.4749] open name host:/livepad.bin flag 1 data 41378
[   33.4761] open fd = -5
[   33.4925] open name host:/livepad.bin flag 1 data 41378
[   33.4937] open fd = -5
[   33.4939] open name host:/livedbg.cmd flag 1 data 41378
[   33.4948] open fd = -5
[   33.5104] open name host:/livepad.bin flag 1 data 41378
[   33.5115] open fd = -5
[   33.5273] open name host:/livepad.bin flag 1 data 41378
[   33.5284] open fd = -5
[   33.5439] open name host:/livepad.bin flag 1 data 41378
[   33.5456] open fd = -5
[   33.5632] open name host:/livepad.bin flag 1 data 41378
[   33.5651] open fd = -5
[   33.5815] open name host:/livepad.bin flag 1 data 41378
[   33.5820] open fd = -5
[   33.5974] open name host:/livepad.bin flag 1 data 41378
[   33.5988] open fd = -5
[   33.5992] open name host:/livedbg.cmd flag 1 data 41378
[   33.6003] open fd = -5
[   33.6177] open name host:/livepad.bin flag 1 data 41378
[   33.6191] open fd = -5
[   33.6194] open name host:/log.txt flag 302 data 41378
[   33.6209] open fd = 256
[   33.6370] open name host:/livepad.bin flag 1 data 41378
[   33.6385] open fd = -5
[   33.6559] open name host:/livepad.bin flag 1 data 41378
[   33.6572] open fd = -5
[   33.6734] open name host:/livepad.bin flag 1 data 41378
[   33.6751] open fd = -5
[   33.6921] open name host:/livepad.bin flag 1 data 41378
[   33.6934] open fd = -5
[   33.7088] open name host:/livepad.bin flag 1 data 41378
[   33.7102] open fd = -5
[   33.7103] open name host:/livedbg.cmd flag 1 data 41378
[   33.7116] open fd = -5
[   33.7286] open name host:/livepad.bin flag 1 data 41378
[   33.7298] open fd = -5
[   33.7462] open name host:/livepad.bin flag 1 data 41378
[   33.7475] open fd = -5
[   33.7633] open name host:/livepad.bin flag 1 data 41378
[   33.7648] open fd = -5
[   33.7810] open name host:/livepad.bin flag 1 data 41378
[   33.7822] open fd = -5
[   33.7984] open name host:/livepad.bin flag 1 data 41378
[   33.7995] open fd = -5
[   33.8156] open name host:/livepad.bin flag 1 data 41378
[   33.8170] open fd = -5
[   33.8172] open name host:/livedbg.cmd flag 1 data 41378
[   33.8182] open fd = -5
[   33.8337] open name host:/livepad.bin flag 1 data 41378
[   33.8350] open fd = -5
[   33.8502] open name host:/livepad.bin flag 1 data 41378
[   33.8515] open fd = -5
[   33.8671] open name host:/livepad.bin flag 1 data 41378
[   33.8683] open fd = -5
[   33.8829] open name host:/livepad.bin flag 1 data 41378
[   33.8842] open fd = -5
[   33.8990] open name host:/livepad.bin flag 1 data 41378
[   33.8998] open fd = -5
[   33.9148] open name host:/livepad.bin flag 1 data 41378
[   33.9159] open fd = -5
[   33.9161] open name host:/livedbg.cmd flag 1 data 41378
[   33.9174] open fd = -5
[   33.9337] open name host:/livepad.bin flag 1 data 41378
[   33.9350] open fd = -5
[   33.9367] open name host:/log.txt flag 302 data 41378
[   33.9381] open fd = 256
[   33.9542] open name host:/livepad.bin flag 1 data 41378
[   33.9556] open fd = -5
[   33.9735] open name host:/livepad.bin flag 1 data 41378
[   33.9750] open fd = -5
[   33.9918] open name host:/livepad.bin flag 1 data 41378
[   33.9932] open fd = -5
[   34.0106] open name host:/livepad.bin flag 1 data 41378
[   34.0118] open fd = -5
[   34.0280] open name host:/livepad.bin flag 1 data 41378
[   34.0294] open fd = -5
[   34.0296] open name host:/livedbg.cmd flag 1 data 41378
[   34.0308] open fd = -5
[   34.0480] open name host:/livepad.bin flag 1 data 41378
[   34.0498] open fd = -5
[   34.0663] open name host:/livepad.bin flag 1 data 41378
[   34.0677] open fd = -5
[   34.0843] open name host:/livepad.bin flag 1 data 41378
[   34.0857] open fd = -5
[   34.1017] open name host:/livepad.bin flag 1 data 41378
[   34.1032] open fd = -5
[   34.1197] open name host:/livepad.bin flag 1 data 41378
[   34.1208] open fd = -5
[   34.1365] open name host:/livepad.bin flag 1 data 41378
[   34.1377] open fd = -5
[   34.1379] open name host:/livedbg.cmd flag 1 data 41378
[   34.1391] open fd = -5
[   34.1546] open name host:/livepad.bin flag 1 data 41378
[   34.1559] open fd = -5
[   34.1713] open name host:/livepad.bin flag 1 data 41378
[   34.1725] open fd = -5
[   34.1893] open name host:/livepad.bin flag 1 data 41378
[   34.1906] open fd = -5
[   34.2064] open name host:/livepad.bin flag 1 data 41378
[   34.2076] open fd = -5
[   34.2244] open name host:/livepad.bin flag 1 data 41378
[   34.2251] open fd = -5
[   34.2407] open name host:/livepad.bin flag 1 data 41378
[   34.2423] open fd = -5
[   34.2424] open name host:/livedbg.cmd flag 1 data 41378
[   34.2433] open fd = -5
[   34.2589] open name host:/livepad.bin flag 1 data 41378
[   34.2601] open fd = -5
[   34.2770] open name host:/livepad.bin flag 1 data 41378
[   34.2781] open fd = -5
[   34.2945] open name host:/livepad.bin flag 1 data 41378
[   34.2957] open fd = -5
[   34.3128] open name host:/livepad.bin flag 1 data 41378
[   34.3140] open fd = -5
[   34.3313] open name host:/livepad.bin flag 1 data 41378
[   34.3326] open fd = -5
[   34.3480] open name host:/livepad.bin flag 1 data 41378
[   34.3491] open fd = -5
[   34.3492] open name host:/livedbg.cmd flag 1 data 41378
[   34.3502] open fd = -5
[   34.3650] open name host:/livepad.bin flag 1 data 41378
[   34.3663] open fd = -5
[   34.3822] open name host:/livepad.bin flag 1 data 41378
[   34.3839] open fd = -5
[   34.4009] open name host:/livepad.bin flag 1 data 41378
[   34.4028] open fd = -5
[   34.4187] open name host:/livepad.bin flag 1 data 41378
[   34.4205] open fd = -5
[   34.4392] open name host:/livepad.bin flag 1 data 41378
[   34.4397] open fd = -5
[   34.4575] open name host:/livepad.bin flag 1 data 41378
[   34.4590] open fd = -5
[   34.4593] open name host:/livedbg.cmd flag 1 data 41378
[   34.4608] open fd = -5
[   34.4789] open name host:/livepad.bin flag 1 data 41378
[   34.4806] open fd = -5
[   34.4978] open name host:/livepad.bin flag 1 data 41378
[   34.4996] open fd = -5
[   34.5171] open name host:/livepad.bin flag 1 data 41378
[   34.5185] open fd = -5
[   34.5337] open name host:/livepad.bin flag 1 data 41378
[   34.5349] open fd = -5
[   34.5497] open name host:/livepad.bin flag 1 data 41378
[   34.5509] open fd = -5
[   34.5661] open name host:/livepad.bin flag 1 data 41378
[   34.5672] open fd = -5
[   34.5674] open name host:/livedbg.cmd flag 1 data 41378
[   34.5682] open fd = -5
[   34.5835] open name host:/livepad.bin flag 1 data 41378
[   34.5847] open fd = -5
[   34.5998] open name host:/livepad.bin flag 1 data 41378
[   34.6010] open fd = -5
[   34.6164] open name host:/livepad.bin flag 1 data 41378
[   34.6175] open fd = -5
[   34.6329] open name host:/livepad.bin flag 1 data 41378
[   34.6341] open fd = -5
[   34.6495] open name host:/livepad.bin flag 1 data 41378
[   34.6507] open fd = -5
[   34.6658] open name host:/livepad.bin flag 1 data 41378
[   34.6669] open fd = -5
[   34.6671] open name host:/livedbg.cmd flag 1 data 41378
[   34.6680] open fd = -5
[   34.6847] open name host:/livepad.bin flag 1 data 41378
[   34.6859] open fd = -5
[   34.6862] open name host:/log.txt flag 302 data 41378
[   34.6876] open fd = 256
[   34.7052] open name host:/livepad.bin flag 1 data 41378
[   34.7067] open fd = -5
[   34.7221] open name host:/livepad.bin flag 1 data 41378
[   34.7234] open fd = -5
[   34.7387] open name host:/livepad.bin flag 1 data 41378
[   34.7401] open fd = -5
[   34.7558] open name host:/livepad.bin flag 1 data 41378
[   34.7562] open fd = -5
[   34.7713] open name host:/livepad.bin flag 1 data 41378
[   34.7727] open fd = -5
[   34.7730] open name host:/livedbg.cmd flag 1 data 41378
[   34.7741] open fd = -5
[   34.7899] open name host:/livepad.bin flag 1 data 41378
[   34.7912] open fd = -5
[   34.8081] open name host:/livepad.bin flag 1 data 41378
[   34.8095] open fd = -5
[   34.8251] open name host:/livepad.bin flag 1 data 41378
[   34.8266] open fd = -5
[   34.8422] open name host:/livepad.bin flag 1 data 41378
[   34.8437] open fd = -5
[   34.8605] open name host:/livepad.bin flag 1 data 41378
[   34.8618] open fd = -5
[   34.8771] open name host:/livepad.bin flag 1 data 41378
[   34.8785] open fd = -5
[   34.8788] open name host:/livedbg.cmd flag 1 data 41378
[   34.8797] open fd = -5
[   34.8944] open name host:/livepad.bin flag 1 data 41378
[   34.8957] open fd = -5
[   34.9108] open name host:/livepad.bin flag 1 data 41378
[   34.9120] open fd = -5
[   34.9268] open name host:/livepad.bin flag 1 data 41378
[   34.9279] open fd = -5
[   34.9430] open name host:/livepad.bin flag 1 data 41378
[   34.9444] open fd = -5
[   34.9594] open name host:/livepad.bin flag 1 data 41378
[   34.9606] open fd = -5
[   34.9757] open name host:/livepad.bin flag 1 data 41378
[   34.9768] open fd = -5
[   34.9770] open name host:/livedbg.cmd flag 1 data 41378
[   34.9781] open fd = -5
[   34.9927] open name host:/livepad.bin flag 1 data 41378
[   34.9940] open fd = -5
[   35.0092] open name host:/livepad.bin flag 1 data 41378
[   35.0103] open fd = -5
[   35.0255] open name host:/livepad.bin flag 1 data 41378
[   35.0267] open fd = -5
[   35.0423] open name host:/livepad.bin flag 1 data 41378
[   35.0437] open fd = -5
[   35.0591] open name host:/livepad.bin flag 1 data 41378
[   35.0602] open fd = -5
[   35.0747] open name host:/livepad.bin flag 1 data 41378
[   35.0751] open fd = -5
[   35.0753] open name host:/livedbg.cmd flag 1 data 41378
[   35.0756] open fd = -5
[   35.0919] open name host:/livepad.bin flag 1 data 41378
[   35.0930] open fd = -5
[   35.1081] open name host:/livepad.bin flag 1 data 41378
[   35.1093] open fd = -5
[   35.1245] open name host:/livepad.bin flag 1 data 41378
[   35.1256] open fd = -5
[   35.1408] open name host:/livepad.bin flag 1 data 41378
[   35.1421] open fd = -5
[   35.1585] open name host:/livepad.bin flag 1 data 41378
[   35.1598] open fd = -5
[   35.1748] open name host:/livepad.bin flag 1 data 41378
[   35.1761] open fd = -5
[   35.1763] open name host:/livedbg.cmd flag 1 data 41378
[   35.1775] open fd = -5
[   35.1939] open name host:/livepad.bin flag 1 data 41378
[   35.1952] open fd = -5
[   35.2109] open name host:/livepad.bin flag 1 data 41378
[   35.2122] open fd = -5
[   35.2280] open name host:/livepad.bin flag 1 data 41378
[   35.2292] open fd = -5
[   35.2455] open name host:/livepad.bin flag 1 data 41378
[   35.2466] open fd = -5
[   35.2616] open name host:/livepad.bin flag 1 data 41378
[   35.2628] open fd = -5
[   35.2786] open name host:/livepad.bin flag 1 data 41378
[   35.2797] open fd = -5
[   35.2800] open name host:/livedbg.cmd flag 1 data 41378
[   35.2810] open fd = -5
[   35.2973] open name host:/livepad.bin flag 1 data 41378
[   35.2988] open fd = -5
[   35.3142] open name host:/livepad.bin flag 1 data 41378
[   35.3155] open fd = -5
[   35.3314] open name host:/livepad.bin flag 1 data 41378
[   35.3327] open fd = -5
[   35.3482] open name host:/livepad.bin flag 1 data 41378
[   35.3495] open fd = -5
[   35.3644] open name host:/livepad.bin flag 1 data 41378
[   35.3655] open fd = -5
[   35.3808] open name host:/livepad.bin flag 1 data 41378
[   35.3819] open fd = -5
[   35.3821] open name host:/livedbg.cmd flag 1 data 41378
[   35.3831] open fd = -5
[   35.3985] open name host:/livepad.bin flag 1 data 41378
[   35.3996] open fd = -5
[   35.4157] open name host:/livepad.bin flag 1 data 41378
[   35.4170] open fd = -5
[   35.4320] FRAMEARENA frames=1320 peak=1037904 resets=4 fallbacks=0 maxFrameBytes=2731360 maxBorrowed=2120800 freeKiB=8311
[   35.4324] NATIVEVIF frames=1320 batches=1324
[   35.4326] ORDEREDFRAME frames=1320 splitFrames=3
[   35.4326] FRAMEPIPELINE starts=1320 dmaBusyStarts=152
[   35.4327] open name host:/livepad.bin flag 1 data 41378
[   35.4339] open fd = -5
[   35.4498] open name host:/livepad.bin flag 1 data 41378
[   35.4509] open fd = -5
[   35.4657] open name host:/livepad.bin flag 1 data 41378
[   35.4669] open fd = -5
[   35.4825] open name host:/livepad.bin flag 1 data 41378
[   35.4836] open fd = -5
[   35.4838] open name host:/livedbg.cmd flag 1 data 41378
[   35.4849] open fd = -5
[   35.5013] open name host:/livepad.bin flag 1 data 41378
[   35.5018] open fd = -5
[   35.5172] open name host:/livepad.bin flag 1 data 41378
[   35.5185] open fd = -5
[   35.5342] open name host:/livepad.bin flag 1 data 41378
[   35.5354] open fd = -5
[   35.5510] open name host:/livepad.bin flag 1 data 41378
[   35.5522] open fd = -5
[   35.5680] open name host:/livepad.bin flag 1 data 41378
[   35.5693] open fd = -5
[   35.5848] open name host:/livepad.bin flag 1 data 41378
[   35.5862] open fd = -5
[   35.5865] open name host:/livedbg.cmd flag 1 data 41378
[   35.5875] open fd = -5
[   35.6024] open name host:/livepad.bin flag 1 data 41378
[   35.6037] open fd = -5
[   35.6198] open name host:/livepad.bin flag 1 data 41378
[   35.6212] open fd = -5
[   35.6376] open name host:/livepad.bin flag 1 data 41378
[   35.6391] open fd = -5
[   35.6551] open name host:/livepad.bin flag 1 data 41378
[   35.6564] open fd = -5
[   35.6724] open name host:/livepad.bin flag 1 data 41378
[   35.6740] open fd = -5
[   35.6744] open name host:/log.txt flag 302 data 41378
[   35.6760] open fd = 256
[   35.6937] open name host:/livepad.bin flag 1 data 41378
[   35.6952] open fd = -5
[   35.6955] open name host:/livedbg.cmd flag 1 data 41378
[   35.6967] open fd = -5
[   35.7231] open name host:/livepad.bin flag 1 data 41378
[   35.7243] open fd = -5
[   35.7247] open name host:/log.txt flag 302 data 41378
[   35.7262] open fd = 256
[   35.7436] open name host:/livepad.bin flag 1 data 41378
[   35.7450] open fd = -5
[   35.7622] open name host:/livepad.bin flag 1 data 41378
[   35.7638] open fd = -5
[   35.7798] open name host:/livepad.bin flag 1 data 41378
[   35.7812] open fd = -5
[   35.7968] open name host:/livepad.bin flag 1 data 41378
[   35.7981] open fd = -5
[   35.8134] open name host:/livepad.bin flag 1 data 41378
[   35.8147] open fd = -5
[   35.8149] open name host:/livedbg.cmd flag 1 data 41378
[   35.8158] open fd = -5
[   35.8316] open name host:/livepad.bin flag 1 data 41378
[   35.8330] open fd = -5
[   35.8506] open name host:/livepad.bin flag 1 data 41378
[   35.8520] open fd = -5
[   35.8795] open name host:/livepad.bin flag 1 data 41378
[   35.8815] open fd = -5
[   35.8968] open name host:/livepad.bin flag 1 data 41378
[   35.8981] open fd = -5
[   35.9141] open name host:/livepad.bin flag 1 data 41378
[   35.9154] open fd = -5
[   35.9304] open name host:/livepad.bin flag 1 data 41378
[   35.9315] open fd = -5
[   35.9317] open name host:/livedbg.cmd flag 1 data 41378
[   35.9327] open fd = -5
[   35.9495] open name host:/livepad.bin flag 1 data 41378
[   35.9510] open fd = -5
[   35.9681] open name host:/livepad.bin flag 1 data 41378
[   35.9694] open fd = -5
[   35.9848] open name host:/livepad.bin flag 1 data 41378
[   35.9861] open fd = -5
[   36.0032] open name host:/livepad.bin flag 1 data 41378
[   36.0043] open fd = -5
[   36.0223] open name host:/livepad.bin flag 1 data 41378
[   36.0238] open fd = -5
[   36.0396] open name host:/livepad.bin flag 1 data 41378
[   36.0412] open fd = -5
[   36.0414] open name host:/livedbg.cmd flag 1 data 41378
[   36.0424] open fd = -5
[   36.0580] open name host:/livepad.bin flag 1 data 41378
[   36.0597] open fd = -5
[   36.0755] open name host:/livepad.bin flag 1 data 41378
[   36.0769] open fd = -5
[   36.0920] open name host:/livepad.bin flag 1 data 41378
[   36.0934] open fd = -5
[   36.1094] open name host:/livepad.bin flag 1 data 41378
[   36.1108] open fd = -5
[   36.1262] open name host:/livepad.bin flag 1 data 41378
[   36.1276] open fd = -5
[   36.1429] open name host:/livepad.bin flag 1 data 41378
[   36.1433] open fd = -5
[   36.1434] open name host:/livedbg.cmd flag 1 data 41378
[   36.1438] open fd = -5
[   36.1587] open name host:/livepad.bin flag 1 data 41378
[   36.1602] open fd = -5
[   36.1757] open name host:/livepad.bin flag 1 data 41378
[   36.1767] open fd = -5
[   36.1920] open name host:/livepad.bin flag 1 data 41378
[   36.1931] open fd = -5
[   36.2080] open name host:/livepad.bin flag 1 data 41378
[   36.2092] open fd = -5
[   36.2251] open name host:/livepad.bin flag 1 data 41378
[   36.2263] open fd = -5
[   36.2428] open name host:/livepad.bin flag 1 data 41378
[   36.2440] open fd = -5
[   36.2443] open name host:/livedbg.cmd flag 1 data 41378
[   36.2454] open fd = -5
[   36.2607] open name host:/livepad.bin flag 1 data 41378
[   36.2626] open fd = -5
[   36.2782] open name host:/livepad.bin flag 1 data 41378
[   36.2798] open fd = -5
[   36.2965] open name host:/livepad.bin flag 1 data 41378
[   36.2980] open fd = -5
[   36.3136] open name host:/livepad.bin flag 1 data 41378
[   36.3149] open fd = -5
[   36.3304] open name host:/livepad.bin flag 1 data 41378
[   36.3317] open fd = -5
[   36.3470] open name host:/livepad.bin flag 1 data 41378
[   36.3484] open fd = -5
[   36.3486] open name host:/livedbg.cmd flag 1 data 41378
[   36.3495] open fd = -5
[   36.3651] open name host:/livepad.bin flag 1 data 41378
[   36.3664] open fd = -5
[   36.3824] open name host:/livepad.bin flag 1 data 41378
[   36.3836] open fd = -5
[   36.4018] open name host:/livepad.bin flag 1 data 41378
[   36.4031] open fd = -5
[   36.4191] open name host:/livepad.bin flag 1 data 41378
[   36.4203] open fd = -5
[   36.4350] open name host:/livepad.bin flag 1 data 41378
[   36.4363] open fd = -5
[   36.4514] open name host:/livepad.bin flag 1 data 41378
[   36.4527] open fd = -5
[   36.4532] open name host:/livedbg.cmd flag 1 data 41378
[   36.4542] open fd = -5
[   36.4692] open name host:/livepad.bin flag 1 data 41378
[   36.4704] open fd = -5
[   36.4851] open name host:/livepad.bin flag 1 data 41378
[   36.4862] open fd = -5
[   36.5007] open name host:/livepad.bin flag 1 data 41378
[   36.5018] open fd = -5
[   36.5166] open name host:/livepad.bin flag 1 data 41378
[   36.5176] open fd = -5
[   36.5327] open name host:/livepad.bin flag 1 data 41378
[   36.5341] open fd = -5
[   36.5492] open name host:/livepad.bin flag 1 data 41378
[   36.5504] open fd = -5
[   36.5505] open name host:/livedbg.cmd flag 1 data 41378
[   36.5515] open fd = -5
[   36.5675] open name host:/livepad.bin flag 1 data 41378
[   36.5678] open fd = -5
[   36.5695] open name host:/log.txt flag 302 data 41378
[   36.5710] open fd = 256
[   36.5857] open name host:/livepad.bin flag 1 data 41378
[   36.5871] open fd = -5
[   36.6016] open name host:/livepad.bin flag 1 data 41378
[   36.6027] open fd = -5
[   36.6177] open name host:/livepad.bin flag 1 data 41378
[   36.6187] open fd = -5
[   36.6338] open name host:/livepad.bin flag 1 data 41378
[   36.6350] open fd = -5
[   36.6504] open name host:/livepad.bin flag 1 data 41378
[   36.6515] open fd = -5
[   36.6517] open name host:/livedbg.cmd flag 1 data 41378
[   36.6527] open fd = -5
[   36.6672] open name host:/livepad.bin flag 1 data 41378
[   36.6685] open fd = -5
[   36.6839] open name host:/livepad.bin flag 1 data 41378
[   36.6852] open fd = -5
[   36.7006] open name host:/livepad.bin flag 1 data 41378
[   36.7017] open fd = -5
[   36.7166] open name host:/livepad.bin flag 1 data 41378
[   36.7181] open fd = -5
[   36.7338] open name host:/livepad.bin flag 1 data 41378
[   36.7351] open fd = -5
[   36.7508] open name host:/livepad.bin flag 1 data 41378
[   36.7521] open fd = -5
[   36.7524] open name host:/livedbg.cmd flag 1 data 41378
[   36.7534] open fd = -5
[   36.7687] open name host:/livepad.bin flag 1 data 41378
[   36.7701] open fd = -5
[   36.7704] open name host:/log.txt flag 302 data 41378
[   36.7719] open fd = 256
[   36.7881] open name host:/livepad.bin flag 1 data 41378
[   36.7892] open fd = -5
[   36.8042] open name host:/livepad.bin flag 1 data 41378
[   36.8054] open fd = -5
[   36.8206] open name host:/livepad.bin flag 1 data 41378
[   36.8220] open fd = -5
[   36.8366] open name host:/livepad.bin flag 1 data 41378
[   36.8377] open fd = -5
[   36.8536] open name host:/livepad.bin flag 1 data 41378
[   36.8548] open fd = -5
[   36.8550] open name host:/livedbg.cmd flag 1 data 41378
[   36.8560] open fd = -5
[   36.8707] open name host:/livepad.bin flag 1 data 41378
[   36.8720] open fd = -5
[   36.8876] open name host:/livepad.bin flag 1 data 41378
[   36.8879] open fd = -5
[   36.9028] open name host:/livepad.bin flag 1 data 41378
[   36.9040] open fd = -5
[   36.9190] open name host:/livepad.bin flag 1 data 41378
[   36.9201] open fd = -5
[   36.9348] open name host:/livepad.bin flag 1 data 41378
[   36.9359] open fd = -5
[   36.9514] open name host:/livepad.bin flag 1 data 41378
[   36.9526] open fd = -5
[   36.9528] open name host:/livedbg.cmd flag 1 data 41378
[   36.9536] open fd = -5
[   36.9689] open name host:/livepad.bin flag 1 data 41378
[   36.9703] open fd = -5
[   36.9850] open name host:/livepad.bin flag 1 data 41378
[   36.9864] open fd = -5
[   37.0015] open name host:/livepad.bin flag 1 data 41378
[   37.0027] open fd = -5
[   37.0182] open name host:/livepad.bin flag 1 data 41378
[   37.0192] open fd = -5
[   37.0344] open name host:/livepad.bin flag 1 data 41378
[   37.0359] open fd = -5
[   37.0508] open name host:/livepad.bin flag 1 data 41378
[   37.0519] open fd = -5
[   37.0521] open name host:/livedbg.cmd flag 1 data 41378
[   37.0537] open fd = -5
[   37.0680] open name host:/livepad.bin flag 1 data 41378
[   37.0692] open fd = -5
[   37.0843] open name host:/livepad.bin flag 1 data 41378
[   37.0855] open fd = -5
[   37.1009] open name host:/livepad.bin flag 1 data 41378
[   37.1014] open fd = -5
[   37.1167] open name host:/livepad.bin flag 1 data 41378
[   37.1178] open fd = -5
[   37.1333] open name host:/livepad.bin flag 1 data 41378
[   37.1345] open fd = -5
[   37.1504] open name host:/livepad.bin flag 1 data 41378
[   37.1515] open fd = -5
[   37.1516] open name host:/livedbg.cmd flag 1 data 41378
[   37.1525] open fd = -5
[   37.1681] open name host:/livepad.bin flag 1 data 41378
[   37.1695] open fd = -5
[   37.1848] open name host:/livepad.bin flag 1 data 41378
[   37.1860] open fd = -5
[   37.2012] open name host:/livepad.bin flag 1 data 41378
[   37.2024] open fd = -5
[   37.2165] open name host:/livepad.bin flag 1 data 41378
[   37.2179] open fd = -5
[   37.2331] open name host:/livepad.bin flag 1 data 41378
[   37.2345] open fd = -5
[   37.2490] open name host:/livepad.bin flag 1 data 41378
[   37.2502] open fd = -5
[   37.2505] open name host:/livedbg.cmd flag 1 data 41378
[   37.2514] open fd = -5
[   37.2662] open name host:/livepad.bin flag 1 data 41378
[   37.2677] open fd = -5
[   37.2818] open name host:/livepad.bin flag 1 data 41378
[   37.2831] open fd = -5
[   37.2985] open name host:/livepad.bin flag 1 data 41378
[   37.2998] open fd = -5
[   37.3146] open name host:/livepad.bin flag 1 data 41378
[   37.3153] open fd = -5
[   37.3297] open name host:/livepad.bin flag 1 data 41378
[   37.3308] open fd = -5
[   37.3460] open name host:/livepad.bin flag 1 data 41378
[   37.3472] open fd = -5
[   37.3474] open name host:/livedbg.cmd flag 1 data 41378
[   37.3483] open fd = -5
[   37.3634] open name host:/livepad.bin flag 1 data 41378
[   37.3647] open fd = -5
[   37.3795] open name host:/livepad.bin flag 1 data 41378
[   37.3806] open fd = -5
[   37.3947] open name host:/livepad.bin flag 1 data 41378
[   37.3959] open fd = -5
[   37.4106] open name host:/livepad.bin flag 1 data 41378
[   37.4120] open fd = -5
[   37.4269] open name host:/livepad.bin flag 1 data 41378
[   37.4281] open fd = -5
[   37.4432] open name host:/livepad.bin flag 1 data 41378
[   37.4443] open fd = -5
[   37.4445] open name host:/livedbg.cmd flag 1 data 41378
[   37.4457] open fd = -5
[   37.4607] open name host:/livepad.bin flag 1 data 41378
[   37.4620] open fd = -5
[   37.4765] open name host:/livepad.bin flag 1 data 41378
[   37.4779] open fd = -5
[   37.4930] FRAMEARENA frames=1440 peak=1037904 resets=4 fallbacks=0 maxFrameBytes=2731360 maxBorrowed=2120800 freeKiB=8312
[   37.4932] NATIVEVIF frames=1440 batches=1444
[   37.4933] ORDEREDFRAME frames=1440 splitFrames=3
[   37.4934] FRAMEPIPELINE starts=1440 dmaBusyStarts=152
[   37.4935] open name host:/livepad.bin flag 1 data 41378
[   37.4948] open fd = -5
[   37.5094] open name host:/livepad.bin flag 1 data 41378
[   37.5104] open fd = -5
[   37.5267] open name host:/livepad.bin flag 1 data 41378
[   37.5273] open fd = -5
[   37.5431] open name host:/livepad.bin flag 1 data 41378
[   37.5443] open fd = -5
[   37.5446] open name host:/livedbg.cmd flag 1 data 41378
[   37.5456] open fd = -5
[   37.5621] open name host:/livepad.bin flag 1 data 41378
[   37.5633] open fd = -5
[   37.5791] open name host:/livepad.bin flag 1 data 41378
[   37.5802] open fd = -5
[   37.5944] open name host:/livepad.bin flag 1 data 41378
[   37.5956] open fd = -5
[   37.6101] open name host:/livepad.bin flag 1 data 41378
[   37.6112] open fd = -5
[   37.6264] open name host:/livepad.bin flag 1 data 41378
[   37.6273] open fd = -5
[   37.6437] open name host:/livepad.bin flag 1 data 41378
[   37.6450] open fd = -5
[   37.6451] open name host:/livedbg.cmd flag 1 data 41378
[   37.6463] open fd = -5
[   37.6614] open name host:/livepad.bin flag 1 data 41378
[   37.6628] open fd = -5
[   37.6781] open name host:/livepad.bin flag 1 data 41378
[   37.6794] open fd = -5
[   37.6942] open name host:/livepad.bin flag 1 data 41378
[   37.6956] open fd = -5
[   37.7103] open name host:/livepad.bin flag 1 data 41378
[   37.7115] open fd = -5
[   37.7269] open name host:/livepad.bin flag 1 data 41378
[   37.7282] open fd = -5
[   37.7436] open name host:/livepad.bin flag 1 data 41378
[   37.7449] open fd = -5
[   37.7450] open name host:/livedbg.cmd flag 1 data 41378
[   37.7461] open fd = -5
[   37.7587] open name host:/livepad.bin flag 1 data 41378
[   37.7598] open fd = -5
[   37.7739] open name host:/livepad.bin flag 1 data 41378
[   37.7750] open fd = -5
[   37.7916] open name host:/livepad.bin flag 1 data 41378
[   37.7928] open fd = -5
[   37.8248] open name host:/vehicles/veh-ravager000001-shadow.png flag 1 data 41378
[   37.8272] open fd = 256
[   37.8282] open name host:/vehicles/veh-ravager000001-shadow.png flag 1 data 41378
[   37.8304] open fd = 256
[   37.8356] open name host:/vehicles/veh-pica00000001-shadow.png flag 1 data 41378
[   37.8377] open fd = 256
[   37.8385] open name host:/vehicles/veh-pica00000001-shadow.png flag 1 data 41378
[   37.8404] open fd = 256
[   37.8527] open name host:/vehicles/veh-strix0000001-shadow.png flag 1 data 41378
[   37.8552] open fd = 256
[   37.8559] open name host:/vehicles/veh-strix0000001-shadow.png flag 1 data 41378
[   37.8576] open fd = 256
[   37.8686] open name host:/shadowatlas/scene0-0.png flag 1 data 41378
[   37.8707] open fd = 256
[   37.8715] open name host:/shadowatlas/scene0-0.png flag 1 data 41378
[   37.8733] open fd = 256
[   37.8852] open name host:/shadowatlas/scene0-1.png flag 1 data 41378
[   37.8880] open fd = 256
[   37.8889] open name host:/shadowatlas/scene0-1.png flag 1 data 41378
[   37.8908] open fd = 256
[   37.9234] open name host:/materials/district-asphalt.mtl flag 1 data 41378
[   37.9258] open fd = 256
[   37.9282] open name host:/textures/district-asphalt.png flag 1 data 41378
[   37.9312] open fd = 256
[   37.9322] open name host:/textures/district-asphalt.png flag 1 data 41378
[   37.9346] open fd = 256
[   37.9503] open name host:/materials/district-sign.mtl flag 1 data 41378
[   37.9524] open fd = 256
[   37.9547] open name host:/textures/district-sign.png flag 1 data 41378
[   37.9566] open fd = 256
[   37.9573] open name host:/textures/district-sign.png flag 1 data 41378
[   37.9591] open fd = 256
[   37.9628] open name host:/materials/night-warm.mtl flag 1 data 41378
[   37.9647] open fd = 256
[   37.9666] open name host:/materials/night-cyan.mtl flag 1 data 41378
[   37.9687] open fd = 256
[   37.9706] open name host:/materials/night-pink.mtl flag 1 data 41378
[   37.9724] open fd = 256
[   37.9744] open name host:/models/urban/district-workshop.tmdl flag 1 data 41378
[   37.9767] open fd = 256
[   37.9791] open name host:/models/urban/Textures/district-facades.png flag 1 data 41378
[   37.9820] open fd = 256
[   37.9831] open name host:/models/urban/Textures/district-facades.png flag 1 data 41378
[   37.9859] open fd = 256
[   38.0098] open name host:/models/urban/district-tower.tmdl flag 1 data 41378
[   38.0125] open fd = 256
[   38.0154] open name host:/models/urban/district-loft.tmdl flag 1 data 41378
[   38.0179] open fd = 256
[   38.0202] open name host:/models/urban/detail-light-double.tmdl flag 1 data 41378
[   38.0232] open fd = 256
[   38.0324] open name host:/models/urban/Textures/metal.png flag 1 data 41378
[   38.0352] open fd = 256
[   38.0363] open name host:/models/urban/Textures/metal.png flag 1 data 41378
[   38.0390] open fd = 256
[   38.0501] open name host:/models/urban/detail-light-traffic.tmdl flag 1 data 41378
[   38.0523] open fd = 256
[   38.0625] open name host:/models/urban/Textures/roof.png flag 1 data 41378
[   38.0653] open fd = 256
[   38.0663] open name host:/models/urban/Textures/roof.png flag 1 data 41378
[   38.0691] open fd = 256
[   38.0718] open name host:/models/urban/tree-park-large.tmdl flag 1 data 41378
[   38.0741] open fd = 256
[   38.0813] open name host:/models/urban/Textures/treeA.png flag 1 data 41378
[   38.0841] open fd = 256
[   38.0851] open name host:/models/urban/Textures/treeA.png flag 1 data 41378
[   38.0877] open fd = 256
[   38.0981] open name host:/models/urban/Textures/tiles.png flag 1 data 41378
[   38.1016] open fd = 256
[   38.1027] open name host:/models/urban/Textures/tiles.png flag 1 data 41378
[   38.1057] open fd = 256
[   38.1087] open name host:/models/urban/Textures/dirt.png flag 1 data 41378
[   38.1115] open fd = 256
[   38.1125] open name host:/models/urban/Textures/dirt.png flag 1 data 41378
[   38.1155] open fd = 256
[   38.1188] open name host:/models/urban/tree-park-pine-large.tmdl flag 1 data 41378
[   38.1212] open fd = 256
[   38.1291] open name host:/models/urban/Textures/treeB.png flag 1 data 41378
[   38.1319] open fd = 256
[   38.1330] open name host:/models/urban/Textures/treeB.png flag 1 data 41378
[   38.1357] open fd = 256
[   38.1384] open name host:/models/urban/detail-barrier-type-a.tmdl flag 1 data 41378
[   38.1407] open fd = 256
[   38.1522] open name host:/models/urban/Textures/signs.png flag 1 data 41378
[   38.1554] open fd = 256
[   38.1564] open name host:/models/urban/Textures/signs.png flag 1 data 41378
[   38.1593] open fd = 256
[   38.1619] open name host:/models/urban/detail-dumpster-closed.tmdl flag 1 data 41378
[   38.1643] open fd = 256
[   38.1681] open name host:/models/urban/Textures/metal_wall.png flag 1 data 41378
[   38.1712] open fd = 256
[   38.1724] open name host:/models/urban/Textures/metal_wall.png flag 1 data 41378
[   38.1758] open fd = 256
[   38.1788] open name host:/models/urban/Textures/wall.png flag 1 data 41378
[   38.1818] open fd = 256
[   38.1831] open name host:/models/urban/Textures/wall.png flag 1 data 41378
[   38.1861] open fd = 256
[   38.1889] open name host:/models/urban/detail-bench.tmdl flag 1 data 41378
[   38.1914] open fd = 256
[   38.2065] open name host:/models/urban/Textures/planks.png flag 1 data 41378
[   38.2095] open fd = 256
[   38.2106] open name host:/models/urban/Textures/planks.png flag 1 data 41378
[   38.2136] open fd = 256
[   38.2171] open name host:/models/urban/pallet.tmdl flag 1 data 41378
[   38.2197] open fd = 256
[   38.2285] open name host:/sky/scene0.png flag 1 data 41378
[   38.2305] open fd = 256
[   38.2313] open name host:/sky/scene0.png flag 1 data 41378
[   38.2333] open fd = 256
[   38.5249] open name host:/vehicles/fx-skid.png flag 1 data 41378
[   38.5274] open fd = 256
[   38.5282] open name host:/vehicles/fx-skid.png flag 1 data 41378
[   38.5302] open fd = 256
[   38.5443] open name host:/vehicles/fx-smoke.png flag 1 data 41378
[   38.5463] open fd = 256
[   38.5471] open name host:/vehicles/fx-smoke.png flag 1 data 41378
[   38.5490] open fd = 256
[   38.5522] open name host:/log.txt flag 302 data 41378
[   38.5539] open fd = 256
[   38.5553] open name host:/vehicles/veh-ravager000001-wheel.tmdl flag 1 data 41378
[   38.5573] open fd = 256
[   38.5644] open name host:/vehicles/veh-ravager000001-wheelfast.tmdl flag 1 data 41378
[   38.5662] open fd = 256
[   38.5721] open name host:/log.txt flag 302 data 41378
[   38.5739] open fd = 256
[   38.5753] open name host:/vehicles/veh-pica00000001-wheel.tmdl flag 1 data 41378
[   38.5771] open fd = 256
[   38.5924] open name host:/vehicles/veh-pica00000001-wheelfast.tmdl flag 1 data 41378
[   38.5943] open fd = 256
[   38.6006] open name host:/log.txt flag 302 data 41378
[   38.6021] open fd = 256
[   38.6040] open name host:/vehicles/veh-strix0000001-wheel.tmdl flag 1 data 41378
[   38.6066] open fd = 256
[   38.6148] open name host:/vehicles/veh-strix0000001-wheelfast.tmdl flag 1 data 41378
[   38.6169] open fd = 256
[   38.6309] open name host:/log.txt flag 302 data 41378
[   38.6325] open fd = 256
[   38.6340] open name host:/log.txt flag 302 data 41378
[   38.6357] open fd = 256
[   38.6371] open name host:/log.txt flag 302 data 41378
[   38.6385] open fd = 256
[   38.7438] open name host:/log.txt flag 302 data 41378
[   38.7459] open fd = 256
[   38.7597] open name host:/log.txt flag 302 data 41378
[   38.7613] open fd = 256
[   38.7626] open name host:/log.txt flag 302 data 41378
[   38.7643] open fd = 256
[   38.7666] open name host:/gshadow/s0_2_1.png flag 1 data 41378
[   38.7686] open fd = 256
[   38.7695] open name host:/gshadow/s0_2_1.png flag 1 data 41378
[   38.7715] open fd = 256
[   38.7814] open name host:/log.txt flag 302 data 41378
[   38.7829] open fd = 256
[   38.7849] open name host:/log.txt flag 302 data 41378
[   38.7864] open fd = 256
[   38.7882] open name host:/gshadow/s0_1_1.png flag 1 data 41378
[   38.7906] open fd = 256
[   38.7915] open name host:/gshadow/s0_1_1.png flag 1 data 41378
[   38.7943] open fd = 256
[   38.7975] open name host:/log.txt flag 302 data 41378
[   38.7982] open fd = 256
[   38.8065] open name host:/gshadow/s0_3_1.png flag 1 data 41378
[   38.8086] open fd = 256
[   38.8094] open name host:/gshadow/s0_3_1.png flag 1 data 41378
[   38.8112] open fd = 256
[   38.8145] open name host:/log.txt flag 302 data 41378
[   38.8161] open fd = 256
[   38.8179] open name host:/log.txt flag 302 data 41378
[   38.8196] open fd = 256
[   38.8212] open name host:/gshadow/s0_2_2.png flag 1 data 41378
[   38.8234] open fd = 256
[   38.8243] open name host:/gshadow/s0_2_2.png flag 1 data 41378
[   38.8262] open fd = 256
[   38.8359] open name host:/log.txt flag 302 data 41378
[   38.8375] open fd = 256
[   38.8392] open name host:/log.txt flag 302 data 41378
[   38.8407] open fd = 256
[   38.8422] open name host:/gshadow/s0_1_2.png flag 1 data 41378
[   38.8441] open fd = 256
[   38.8450] open name host:/gshadow/s0_1_2.png flag 1 data 41378
[   38.8470] open fd = 256
[   38.8500] open name host:/log.txt flag 302 data 41378
[   38.8516] open fd = 256
[   38.8532] open name host:/gshadow/s0_3_2.png flag 1 data 41378
[   38.8551] open fd = 256
[   38.8560] open name host:/gshadow/s0_3_2.png flag 1 data 41378
[   38.8580] open fd = 256
[   38.8686] open name host:/log.txt flag 302 data 41378
[   38.8703] open fd = 256
[   38.8719] open name host:/gshadow/s0_0_1.png flag 1 data 41378
[   38.8741] open fd = 256
[   38.8749] open name host:/gshadow/s0_0_1.png flag 1 data 41378
[   38.8769] open fd = 256
[   38.8803] open name host:/log.txt flag 302 data 41378
[   38.8819] open fd = 256
[   38.8836] open name host:/gshadow/s0_4_1.png flag 1 data 41378
[   38.8857] open fd = 256
[   38.8865] open name host:/gshadow/s0_4_1.png flag 1 data 41378
[   38.8885] open fd = 256
[   38.8920] open name host:/log.txt flag 302 data 41378
[   38.8936] open fd = 256
[   38.8954] open name host:/log.txt flag 302 data 41378
[   38.8972] open fd = 256
[   38.9063] open name host:/gshadow/s0_4_0.png flag 1 data 41378
[   38.9079] open fd = 256
[   38.9085] open name host:/gshadow/s0_4_0.png flag 1 data 41378
[   38.9103] open fd = 256
[   38.9134] open name host:/log.txt flag 302 data 41378
[   38.9141] open fd = 256
[   38.9156] open name host:/gshadow/s0_2_3.png flag 1 data 41378
[   38.9177] open fd = 256
[   38.9184] open name host:/gshadow/s0_2_3.png flag 1 data 41378
[   38.9203] open fd = 256
[   38.9234] open name host:/log.txt flag 302 data 41378
[   38.9250] open fd = 256
[   38.9266] open name host:/gshadow/s0_0_2.png flag 1 data 41378
[   38.9288] open fd = 256
[   38.9297] open name host:/gshadow/s0_0_2.png flag 1 data 41378
[   38.9316] open fd = 256
[   38.9421] open name host:/log.txt flag 302 data 41378
[   38.9438] open fd = 256
[   38.9454] open name host:/gshadow/s0_4_2.png flag 1 data 41378
[   38.9473] open fd = 256
[   38.9480] open name host:/gshadow/s0_4_2.png flag 1 data 41378
[   38.9499] open fd = 256
[   38.9537] open name host:/log.txt flag 302 data 41378
[   38.9554] open fd = 256
[   38.9570] open name host:/gshadow/s0_1_3.png flag 1 data 41378
[   38.9595] open fd = 256
[   38.9603] open name host:/gshadow/s0_1_3.png flag 1 data 41378
[   38.9622] open fd = 256
[   38.9817] open name host:/log.txt flag 302 data 41378
[   38.9835] open fd = 256
[   38.9850] open name host:/gshadow/s0_3_3.png flag 1 data 41378
[   38.9873] open fd = 256
[   38.9880] open name host:/gshadow/s0_3_3.png flag 1 data 41378
[   38.9899] open fd = 256
[   38.9929] open name host:/log.txt flag 302 data 41378
[   38.9944] open fd = 256
[   38.9958] open name host:/gshadow/s0_0_3.png flag 1 data 41378
[   38.9977] open fd = 256
[   38.9984] open name host:/gshadow/s0_0_3.png flag 1 data 41378
[   39.0002] open fd = 256
[   39.0032] open name host:/log.txt flag 302 data 41378
[   39.0050] open fd = 256
[   39.0067] open name host:/gshadow/s0_4_3.png flag 1 data 41378
[   39.0088] open fd = 256
[   39.0098] open name host:/gshadow/s0_4_3.png flag 1 data 41378
[   39.0118] open fd = 256
[   39.0224] open name host:/log.txt flag 302 data 41378
[   39.0240] open fd = 256
[   39.0256] open name host:/livepad.bin flag 1 data 41378
[   39.0266] open fd = -5
[   39.0268] open name host:/log.txt flag 302 data 41378
[   39.0282] open fd = 256
[   39.0393] open name host:/livepad.bin flag 1 data 41378
[   39.0406] open fd = -5
[   39.0531] open name host:/livepad.bin flag 1 data 41378
[   39.0544] open fd = -5
[   39.0545] open name host:/livedbg.cmd flag 1 data 41378
[   39.0555] open fd = -5
[   39.0678] open name host:/livepad.bin flag 1 data 41378
[   39.0688] open fd = -5
[   39.0812] open name host:/livepad.bin flag 1 data 41378
[   39.0823] open fd = -5
[   39.0941] open name host:/livepad.bin flag 1 data 41378
[   39.0953] open fd = -5
[   39.1089] open name host:/livepad.bin flag 1 data 41378
[   39.1101] open fd = -5
[   39.1257] open name host:/livepad.bin flag 1 data 41378
[   39.1267] open fd = -5
[   39.1427] open name host:/livepad.bin flag 1 data 41378
[   39.1438] open fd = -5
[   39.1439] open name host:/livedbg.cmd flag 1 data 41378
[   39.1449] open fd = -5
[   39.1609] open name host:/livepad.bin flag 1 data 41378
[   39.1622] open fd = -5
[   39.1757] open name host:/livepad.bin flag 1 data 41378
[   39.1770] open fd = -5
[   39.1923] open name host:/livepad.bin flag 1 data 41378
[   39.1936] open fd = -5
[   39.2093] open name host:/livepad.bin flag 1 data 41378
[   39.2104] open fd = -5
[   39.2258] open name host:/livepad.bin flag 1 data 41378
[   39.2268] open fd = -5
[   39.2424] open name host:/livepad.bin flag 1 data 41378
[   39.2435] open fd = -5
[   39.2437] open name host:/livedbg.cmd flag 1 data 41378
[   39.2446] open fd = -5
[   39.2606] open name host:/livepad.bin flag 1 data 41378
[   39.2617] open fd = -5
[   39.2757] open name host:/livepad.bin flag 1 data 41378
[   39.2768] open fd = -5
[   39.2933] open name host:/livepad.bin flag 1 data 41378
[   39.2946] open fd = -5
[   39.3098] open name host:/livepad.bin flag 1 data 41378
[   39.3110] open fd = -5
[   39.3260] open name host:/livepad.bin flag 1 data 41378
[   39.3274] open fd = -5
[   39.3429] open name host:/livepad.bin flag 1 data 41378
[   39.3440] open fd = -5
[   39.3441] open name host:/livedbg.cmd flag 1 data 41378
[   39.3453] open fd = -5
[   39.3594] open name host:/livepad.bin flag 1 data 41378
[   39.3609] open fd = -5
[   39.3761] open name host:/livepad.bin flag 1 data 41378
[   39.3773] open fd = -5
[   39.3933] open name host:/livepad.bin flag 1 data 41378
[   39.3947] open fd = -5
[   39.4091] open name host:/livepad.bin flag 1 data 41378
[   39.4103] open fd = -5
[   39.4261] open name host:/livepad.bin flag 1 data 41378
[   39.4273] open fd = -5
[   39.4427] open name host:/livepad.bin flag 1 data 41378
[   39.4430] open fd = -5
[   39.4431] open name host:/livedbg.cmd flag 1 data 41378
[   39.4443] open fd = -5
[   39.4591] open name host:/livepad.bin flag 1 data 41378
[   39.4604] open fd = -5
[   39.4765] open name host:/livepad.bin flag 1 data 41378
[   39.4778] open fd = -5
[   39.4924] open name host:/livepad.bin flag 1 data 41378
[   39.4937] open fd = -5
[   39.5103] open name host:/livepad.bin flag 1 data 41378
[   39.5115] open fd = -5
[   39.5263] open name host:/livepad.bin flag 1 data 41378
[   39.5277] open fd = -5
[   39.5426] open name host:/livepad.bin flag 1 data 41378
[   39.5437] open fd = -5
[   39.5437] open name host:/livedbg.cmd flag 1 data 41378
[   39.5441] open fd = -5
[   39.5601] open name host:/livepad.bin flag 1 data 41378
[   39.5614] open fd = -5
[   39.5768] open name host:/livepad.bin flag 1 data 41378
[   39.5779] open fd = -5
[   39.5930] open name host:/livepad.bin flag 1 data 41378
[   39.5944] open fd = -5
[   39.6104] open name host:/livepad.bin flag 1 data 41378
[   39.6118] open fd = -5
[   39.6125] open name host:/log.txt flag 302 data 41378
[   39.6151] open fd = 256
[   39.6309] open name host:/log.txt flag 302 data 41378
[   39.6333] open fd = 256
[   39.6351] open name host:/log.txt flag 302 data 41378
[   39.6368] open fd = 256
[   39.6495] open name host:/log.txt flag 302 data 41378
[   39.6513] open fd = 256
[   39.6531] open name host:/log.txt flag 302 data 41378
[   39.6537] open fd = 256
[   39.7258] open name host:/log.txt flag 302 data 41378
[   39.7277] open fd = 256
[   39.8268] open name host:/log.txt flag 302 data 41378
[   39.8289] open fd = 256
[   39.8445] open name host:/log.txt flag 302 data 41378
[   39.8463] open fd = 256
[   39.8793] open name host:/livepad.bin flag 1 data 41378
[   39.8805] open fd = -5
[   39.8955] open name host:/log.txt flag 302 data 41378
[   39.8973] open fd = 256
[   39.9003] open name host:/log.txt flag 302 data 41378
[   39.9020] open fd = 256
[   39.9040] open name host:/log.txt flag 302 data 41378
[   39.9055] open fd = 256
[   39.9251] open name host:/livepad.bin flag 1 data 41378
[   39.9267] open fd = -5
[   39.9269] open name host:/livedbg.cmd flag 1 data 41378
[   39.9279] open fd = -5
[   39.9294] open name host:/log.txt flag 302 data 41378
[   39.9313] open fd = 256
[   39.9331] open name host:/log.txt flag 302 data 41378
[   39.9350] open fd = 256
[   39.9369] open name host:/log.txt flag 302 data 41378
[   39.9385] open fd = 256
[   39.9553] open name host:/livepad.bin flag 1 data 41378
[   39.9567] open fd = -5
[   39.9582] open name host:/log.txt flag 302 data 41378
[   39.9600] open fd = 256
[   39.9619] open name host:/log.txt flag 302 data 41378
[   39.9643] open fd = 256
[   39.9824] open name host:/livepad.bin flag 1 data 41378
[   39.9837] open fd = -5
[   39.9855] open name host:/log.txt flag 302 data 41378
[   39.9869] open fd = 256
[   39.9882] open name host:/log.txt flag 302 data 41378
[   39.9887] open fd = 256
[   40.0059] open name host:/livepad.bin flag 1 data 41378
[   40.0072] open fd = -5
[   40.0092] open name host:/log.txt flag 302 data 41378
[   40.0110] open fd = 256
[   40.0131] open name host:/log.txt flag 302 data 41378
[   40.0148] open fd = 256
[   40.0315] open name host:/livepad.bin flag 1 data 41378
[   40.0328] open fd = -5
[   40.0348] open name host:/log.txt flag 302 data 41378
[   40.0363] open fd = 256
[   40.0380] open name host:/log.txt flag 302 data 41378
[   40.0396] open fd = 256
[   40.0559] open name host:/livepad.bin flag 1 data 41378
[   40.0571] open fd = -5
[   40.0587] open name host:/log.txt flag 302 data 41378
[   40.0604] open fd = 256
[   40.0623] open name host:/log.txt flag 302 data 41378
[   40.0644] open fd = 256
[   40.0820] open name host:/livepad.bin flag 1 data 41378
[   40.0836] open fd = -5
[   40.0839] open name host:/livedbg.cmd flag 1 data 41378
[   40.0850] open fd = -5
[   40.0866] open name host:/log.txt flag 302 data 41378
[   40.0880] open fd = 256
[   40.0896] open name host:/log.txt flag 302 data 41378
[   40.0912] open fd = 256
[   40.1071] open name host:/livepad.bin flag 1 data 41378
[   40.1079] open fd = -5
[   40.1098] open name host:/log.txt flag 302 data 41378
[   40.1112] open fd = 256
[   40.1271] open name host:/livepad.bin flag 1 data 41378
[   40.1287] open fd = -5
[   40.1463] open name host:/livepad.bin flag 1 data 41378
[   40.1478] open fd = -5
[   40.1525] open name host:/log.txt flag 302 data 41378
[   40.1548] open fd = 256
[   40.1807] open name host:/livepad.bin flag 1 data 41378
[   40.1822] open fd = -5
[   40.2002] open name host:/livepad.bin flag 1 data 41378
[   40.2016] open fd = -5
[   40.2183] open name host:/livepad.bin flag 1 data 41378
[   40.2193] open fd = -5
[   40.2196] open name host:/livedbg.cmd flag 1 data 41378
[   40.2206] open fd = -5
[   40.2376] open name host:/livepad.bin flag 1 data 41378
[   40.2390] open fd = -5
[   40.2567] open name host:/livepad.bin flag 1 data 41378
[   40.2580] open fd = -5
[   40.2747] open name host:/livepad.bin flag 1 data 41378
[   40.2762] open fd = -5
[   40.2927] open name host:/livepad.bin flag 1 data 41378
[   40.2940] open fd = -5
[   40.3110] open name host:/livepad.bin flag 1 data 41378
[   40.3128] open fd = -5
[   40.3288] open name host:/livepad.bin flag 1 data 41378
[   40.3301] open fd = -5
[   40.3304] open name host:/livedbg.cmd flag 1 data 41378
[   40.3315] open fd = -5
[   40.3479] open name host:/livepad.bin flag 1 data 41378
[   40.3494] open fd = -5
[   40.3526] open name host:/log.txt flag 302 data 41378
[   40.3547] open fd = 256
[   40.3697] open name host:/livepad.bin flag 1 data 41378
[   40.3710] open fd = -5
[   40.3739] open name host:/log.txt flag 302 data 41378
[   40.3759] open fd = 256
[   40.3931] open name host:/livepad.bin flag 1 data 41378
[   40.3945] open fd = -5
[   40.3962] open name host:/log.txt flag 302 data 41378
[   40.3978] open fd = 256
[   40.4157] open name host:/livepad.bin flag 1 data 41378
[   40.4170] open fd = -5
[   40.4342] open name host:/livepad.bin flag 1 data 41378
[   40.4355] open fd = -5
[   40.4539] open name host:/livepad.bin flag 1 data 41378
[   40.4552] open fd = -5
[   40.4555] open name host:/livedbg.cmd flag 1 data 41378
[   40.4567] open fd = -5
[   40.4727] open name host:/livepad.bin flag 1 data 41378
[   40.4739] open fd = -5
[   40.4912] open name host:/livepad.bin flag 1 data 41378
[   40.4927] open fd = -5
[   40.5111] open name host:/livepad.bin flag 1 data 41378
[   40.5127] open fd = -5
[   40.5295] open name host:/livepad.bin flag 1 data 41378
[   40.5300] open fd = -5
[   40.5477] open name host:/livepad.bin flag 1 data 41378
[   40.5492] open fd = -5
[   40.5674] open name host:/livepad.bin flag 1 data 41378
[   40.5688] open fd = -5
[   40.5690] open name host:/livedbg.cmd flag 1 data 41378
[   40.5701] open fd = -5
[   40.5878] open name host:/livepad.bin flag 1 data 41378
[   40.5893] open fd = -5
[   40.6057] open name host:/livepad.bin flag 1 data 41378
[   40.6069] open fd = -5
[   40.6234] open name host:/livepad.bin flag 1 data 41378
[   40.6249] open fd = -5
[   40.6432] open name host:/livepad.bin flag 1 data 41378
[   40.6445] open fd = -5
[   40.6636] open name host:/livepad.bin flag 1 data 41378
[   40.6651] open fd = -5
[   40.6827] open name host:/livepad.bin flag 1 data 41378
[   40.6840] open fd = -5
[   40.6843] open name host:/livedbg.cmd flag 1 data 41378
[   40.6853] open fd = -5
[   40.7034] open name host:/livepad.bin flag 1 data 41378
[   40.7047] open fd = -5
[   40.7222] open name host:/livepad.bin flag 1 data 41378
[   40.7235] open fd = -5
[   40.7413] FRAMEARENA frames=1560 peak=1037904 resets=6 fallbacks=0 maxFrameBytes=2731360 maxBorrowed=2120800 freeKiB=9418
[   40.7415] NATIVEVIF frames=1560 batches=1566
[   40.7417] ORDEREDFRAME frames=1560 splitFrames=4
[   40.7420] FRAMEPIPELINE starts=1560 dmaBusyStarts=152
[   40.7422] open name host:/livepad.bin flag 1 data 41378
[   40.7433] open fd = -5
[   40.7603] open name host:/livepad.bin flag 1 data 41378
[   40.7616] open fd = -5
[   40.7781] open name host:/livepad.bin flag 1 data 41378
[   40.7800] open fd = -5
[   40.7974] open name host:/livepad.bin flag 1 data 41378
[   40.7990] open fd = -5
[   40.7994] open name host:/livedbg.cmd flag 1 data 41378
[   40.8008] open fd = -5
[   40.8174] open name host:/livepad.bin flag 1 data 41378
[   40.8190] open fd = -5
[   40.8354] open name host:/livepad.bin flag 1 data 41378
[   40.8368] open fd = -5
[   40.8532] open name host:/livepad.bin flag 1 data 41378
[   40.8539] open fd = -5
[   40.8711] open name host:/livepad.bin flag 1 data 41378
[   40.8726] open fd = -5
[   40.8741] open name host:/log.txt flag 302 data 41378
[   40.8760] open fd = 256
[   40.8951] open name host:/livepad.bin flag 1 data 41378
[   40.8967] open fd = -5
[   40.8988] open name host:/log.txt flag 302 data 41378
[   40.9005] open fd = 256
[   40.9171] open name host:/livepad.bin flag 1 data 41378
[   40.9187] open fd = -5
[   40.9190] open name host:/livedbg.cmd flag 1 data 41378
[   40.9202] open fd = -5
[   40.9372] open name host:/livepad.bin flag 1 data 41378
[   40.9386] open fd = -5
[   40.9556] open name host:/livepad.bin flag 1 data 41378
[   40.9567] open fd = -5
[   40.9743] open name host:/livepad.bin flag 1 data 41378
[   40.9756] open fd = -5
[   40.9928] open name host:/livepad.bin flag 1 data 41378
[   40.9945] open fd = -5
[   41.0113] open name host:/livepad.bin flag 1 data 41378
[   41.0126] open fd = -5
[   41.0309] open name host:/livepad.bin flag 1 data 41378
[   41.0324] open fd = -5
[   41.0326] open name host:/livedbg.cmd flag 1 data 41378
[   41.0336] open fd = -5
[   41.0500] open name host:/livepad.bin flag 1 data 41378
[   41.0513] open fd = -5
[   41.0692] open name host:/livepad.bin flag 1 data 41378
[   41.0703] open fd = -5
[   41.0871] open name host:/livepad.bin flag 1 data 41378
[   41.0886] open fd = -5
[   41.1051] open name host:/livepad.bin flag 1 data 41378
[   41.1065] open fd = -5
[   41.1234] open name host:/livepad.bin flag 1 data 41378
[   41.1246] open fd = -5
[   41.1274] open name host:/log.txt flag 302 data 41378
[   41.1294] open fd = 256
[   41.1467] open name host:/livepad.bin flag 1 data 41378
[   41.1483] open fd = -5
[   41.1485] open name host:/livedbg.cmd flag 1 data 41378
[   41.1499] open fd = -5
[   41.1511] open name host:/log.txt flag 302 data 41378
[   41.1527] open fd = 256
[   41.1709] open name host:/livepad.bin flag 1 data 41378
[   41.1714] open fd = -5
[   41.1907] open name host:/livepad.bin flag 1 data 41378
[   41.1921] open fd = -5
[   41.2092] open name host:/livepad.bin flag 1 data 41378
[   41.2107] open fd = -5
[   41.2282] open name host:/livepad.bin flag 1 data 41378
[   41.2297] open fd = -5
[   41.2474] open name host:/livepad.bin flag 1 data 41378
[   41.2488] open fd = -5
[   41.2662] open name host:/livepad.bin flag 1 data 41378
[   41.2676] open fd = -5
[   41.2680] open name host:/livedbg.cmd flag 1 data 41378
[   41.2691] open fd = -5
[   41.2878] open name host:/livepad.bin flag 1 data 41378
[   41.2893] open fd = -5
[   41.3069] open name host:/livepad.bin flag 1 data 41378
[   41.3084] open fd = -5
[   41.3268] open name host:/livepad.bin flag 1 data 41378
[   41.3282] open fd = -5
[   41.3460] open name host:/livepad.bin flag 1 data 41378
[   41.3475] open fd = -5
[   41.3647] open name host:/livepad.bin flag 1 data 41378
[   41.3664] open fd = -5
[   41.3677] open name host:/log.txt flag 302 data 41378
[   41.3697] open fd = 256
[   41.3871] open name host:/livepad.bin flag 1 data 41378
[   41.3876] open fd = -5
[   41.3880] open name host:/livedbg.cmd flag 1 data 41378
[   41.3885] open fd = -5
[   41.4052] open name host:/livepad.bin flag 1 data 41378
[   41.4066] open fd = -5
[   41.4232] open name host:/livepad.bin flag 1 data 41378
[   41.4247] open fd = -5
[   41.4439] open name host:/livepad.bin flag 1 data 41378
[   41.4453] open fd = -5
[   41.4643] open name host:/livepad.bin flag 1 data 41378
[   41.4656] open fd = -5
[   41.4832] open name host:/livepad.bin flag 1 data 41378
[   41.4845] open fd = -5
[   41.5021] open name host:/livepad.bin flag 1 data 41378
[   41.5035] open fd = -5
[   41.5038] open name host:/livedbg.cmd flag 1 data 41378
[   41.5048] open fd = -5
[   41.5213] open name host:/livepad.bin flag 1 data 41378
[   41.5227] open fd = -5
[   41.5390] open name host:/livepad.bin flag 1 data 41378
[   41.5405] open fd = -5
[   41.5570] open name host:/livepad.bin flag 1 data 41378
[   41.5584] open fd = -5
[   41.5756] open name host:/livepad.bin flag 1 data 41378
[   41.5769] open fd = -5
[   41.5936] open name host:/livepad.bin flag 1 data 41378
[   41.5948] open fd = -5
[   41.6120] open name host:/livepad.bin flag 1 data 41378
[   41.6135] open fd = -5
[   41.6138] open name host:/livedbg.cmd flag 1 data 41378
[   41.6149] open fd = -5
[   41.6328] open name host:/livepad.bin flag 1 data 41378
[   41.6343] open fd = -5
[   41.6511] open name host:/livepad.bin flag 1 data 41378
[   41.6525] open fd = -5
[   41.6703] open name host:/livepad.bin flag 1 data 41378
[   41.6716] open fd = -5
[   41.6892] open name host:/livepad.bin flag 1 data 41378
[   41.6905] open fd = -5
[   41.7071] open name host:/livepad.bin flag 1 data 41378
[   41.7077] open fd = -5
[   41.7243] open name host:/livepad.bin flag 1 data 41378
[   41.7256] open fd = -5
[   41.7260] open name host:/livedbg.cmd flag 1 data 41378
[   41.7272] open fd = -5
[   41.7454] open name host:/livepad.bin flag 1 data 41378
[   41.7466] open fd = -5
[   41.7646] open name host:/livepad.bin flag 1 data 41378
[   41.7661] open fd = -5
[   41.7833] open name host:/livepad.bin flag 1 data 41378
[   41.7848] open fd = -5
[   41.8030] open name host:/livepad.bin flag 1 data 41378
[   41.8043] open fd = -5
[   41.8224] open name host:/livepad.bin flag 1 data 41378
[   41.8240] open fd = -5
[   41.8407] open name host:/livepad.bin flag 1 data 41378
[   41.8420] open fd = -5
[   41.8424] open name host:/livedbg.cmd flag 1 data 41378
[   41.8434] open fd = -5
[   41.8444] open name host:/log.txt flag 302 data 41378
[   41.8460] open fd = 256
[   41.8638] open name host:/livepad.bin flag 1 data 41378
[   41.8650] open fd = -5
[   41.8818] open name host:/livepad.bin flag 1 data 41378
[   41.8831] open fd = -5
[   41.8998] open name host:/livepad.bin flag 1 data 41378
[   41.9010] open fd = -5
[   41.9182] open name host:/livepad.bin flag 1 data 41378
[   41.9192] open fd = -5
[   41.9368] open name host:/livepad.bin flag 1 data 41378
[   41.9381] open fd = -5
[   41.9554] open name host:/livepad.bin flag 1 data 41378
[   41.9569] open fd = -5
[   41.9571] open name host:/livedbg.cmd flag 1 data 41378
[   41.9582] open fd = -5
[   41.9765] open name host:/livepad.bin flag 1 data 41378
[   41.9778] open fd = -5
[   41.9949] open name host:/livepad.bin flag 1 data 41378
[   41.9965] open fd = -5
[   42.0143] open name host:/livepad.bin flag 1 data 41378
[   42.0183] open fd = -5
[   42.0349] open name host:/livepad.bin flag 1 data 41378
[   42.0363] open fd = -5
[   42.0540] open name host:/livepad.bin flag 1 data 41378
[   42.0558] open fd = -5
[   42.0745] open name host:/livepad.bin flag 1 data 41378
[   42.0764] open fd = -5
[   42.0767] open name host:/livedbg.cmd flag 1 data 41378
[   42.0780] open fd = -5
[   42.0960] open name host:/livepad.bin flag 1 data 41378
[   42.0977] open fd = -5
[   42.1005] open name host:/log.txt flag 302 data 41378
[   42.1030] open fd = 256
[   42.1190] open name host:/livepad.bin flag 1 data 41378
[   42.1211] open fd = -5
[   42.1382] open name host:/livepad.bin flag 1 data 41378
[   42.1400] open fd = -5
[   42.1564] open name host:/livepad.bin flag 1 data 41378
[   42.1577] open fd = -5
[   42.1763] open name host:/livepad.bin flag 1 data 41378
[   42.1779] open fd = -5
[   42.1975] open name host:/livepad.bin flag 1 data 41378
[   42.1991] open fd = -5
[   42.1995] open name host:/livedbg.cmd flag 1 data 41378
[   42.2006] open fd = -5
[   42.2166] open name host:/livepad.bin flag 1 data 41378
[   42.2176] open fd = -5
[   42.2344] open name host:/livepad.bin flag 1 data 41378
[   42.2356] open fd = -5
[   42.2522] open name host:/livepad.bin flag 1 data 41378
[   42.2533] open fd = -5
[   42.2701] open name host:/livepad.bin flag 1 data 41378
[   42.2712] open fd = -5
[   42.2886] open name host:/livepad.bin flag 1 data 41378
[   42.2898] open fd = -5
[   42.3065] open name host:/livepad.bin flag 1 data 41378
[   42.3080] open fd = -5
[   42.3083] open name host:/livedbg.cmd flag 1 data 41378
[   42.3092] open fd = -5
[   42.3103] open name host:/log.txt flag 302 data 41378
[   42.3119] open fd = 256
[   42.3286] open name host:/livepad.bin flag 1 data 41378
[   42.3299] open fd = -5
[   42.3312] open name host:/log.txt flag 302 data 41378
[   42.3329] open fd = 256
[   42.3499] open name host:/livepad.bin flag 1 data 41378
[   42.3504] open fd = -5
[   42.3685] open name host:/livepad.bin flag 1 data 41378
[   42.3698] open fd = -5
[   42.3866] open name host:/livepad.bin flag 1 data 41378
[   42.3879] open fd = -5
[   42.4049] open name host:/livepad.bin flag 1 data 41378
[   42.4065] open fd = -5
[   42.4224] open name host:/livepad.bin flag 1 data 41378
[   42.4238] open fd = -5
[   42.4242] open name host:/livedbg.cmd flag 1 data 41378
[   42.4252] open fd = -5
[   42.4425] open name host:/livepad.bin flag 1 data 41378
[   42.4440] open fd = -5
[   42.4603] open name host:/livepad.bin flag 1 data 41378
[   42.4614] open fd = -5
[   42.4773] open name host:/livepad.bin flag 1 data 41378
[   42.4785] open fd = -5
[   42.4966] open name host:/livepad.bin flag 1 data 41378
[   42.4978] open fd = -5
[   42.5140] open name host:/livepad.bin flag 1 data 41378
[   42.5151] open fd = -5
[   42.5321] open name host:/livepad.bin flag 1 data 41378
[   42.5335] open fd = -5
[   42.5338] open name host:/livedbg.cmd flag 1 data 41378
[   42.5348] open fd = -5
[   42.5516] open name host:/livepad.bin flag 1 data 41378
[   42.5530] open fd = -5
[   42.5699] open name host:/livepad.bin flag 1 data 41378
[   42.5712] open fd = -5
[   42.5887] open name host:/livepad.bin flag 1 data 41378
[   42.5899] open fd = -5
[   42.6080] open name host:/livepad.bin flag 1 data 41378
[   42.6094] open fd = -5
[   42.6262] open name host:/livepad.bin flag 1 data 41378
[   42.6275] open fd = -5
[   42.6440] open name host:/livepad.bin flag 1 data 41378
[   42.6454] open fd = -5
[   42.6457] open name host:/livedbg.cmd flag 1 data 41378
[   42.6469] open fd = -5
[   42.6639] open name host:/livepad.bin flag 1 data 41378
[   42.6669] open fd = -5
[   42.6852] open name host:/livepad.bin flag 1 data 41378
[   42.6868] open fd = -5
[   42.7043] open name host:/livepad.bin flag 1 data 41378
[   42.7060] open fd = -5
[   42.7233] open name host:/livepad.bin flag 1 data 41378
[   42.7246] open fd = -5
[   42.7409] open name host:/livepad.bin flag 1 data 41378
[   42.7424] open fd = -5
[   42.7592] open name host:/livepad.bin flag 1 data 41378
[   42.7602] open fd = -5
[   42.7605] open name host:/livedbg.cmd flag 1 data 41378
[   42.7615] open fd = -5
[   42.7772] open name host:/livepad.bin flag 1 data 41378
[   42.7775] open fd = -5
[   42.7944] open name host:/livepad.bin flag 1 data 41378
[   42.7960] open fd = -5
[   42.7972] open name host:/log.txt flag 302 data 41378
[   42.7990] open fd = 256
[   42.8154] open name host:/livepad.bin flag 1 data 41378
[   42.8168] open fd = -5
[   42.8332] open name host:/livepad.bin flag 1 data 41378
[   42.8344] open fd = -5
[   42.8523] open name host:/livepad.bin flag 1 data 41378
[   42.8537] open fd = -5
[   42.8720] open name host:/livepad.bin flag 1 data 41378
[   42.8734] open fd = -5
[   42.8737] open name host:/livedbg.cmd flag 1 data 41378
[   42.8748] open fd = -5
[   42.8919] open name host:/livepad.bin flag 1 data 41378
[   42.8931] open fd = -5
[   42.9119] open name host:/livepad.bin flag 1 data 41378
[   42.9132] open fd = -5
[   42.9298] open name host:/livepad.bin flag 1 data 41378
[   42.9311] open fd = -5
[   42.9473] open name host:/livepad.bin flag 1 data 41378
[   42.9485] open fd = -5
[   42.9654] open name host:/livepad.bin flag 1 data 41378
[   42.9668] open fd = -5
[   42.9840] open name host:/livepad.bin flag 1 data 41378
[   42.9850] open fd = -5
[   42.9853] open name host:/livedbg.cmd flag 1 data 41378
[   42.9857] open fd = -5
[   43.0020] open name host:/livepad.bin flag 1 data 41378
[   43.0033] open fd = -5
[   43.0198] open name host:/livepad.bin flag 1 data 41378
[   43.0210] open fd = -5
[   43.0384] FRAMEARENA frames=1680 peak=1037904 resets=6 fallbacks=0 maxFrameBytes=2731360 maxBorrowed=2120800 freeKiB=9467
[   43.0386] NATIVEVIF frames=1680 batches=1686
[   43.0388] ORDEREDFRAME frames=1680 splitFrames=4
[   43.0390] FRAMEPIPELINE starts=1680 dmaBusyStarts=152
[   43.0393] open name host:/livepad.bin flag 1 data 41378
[   43.0405] open fd = -5
[   43.0431] open name host:/log.txt flag 302 data 41378
[   43.0447] open fd = 256
[   43.0612] open name host:/livepad.bin flag 1 data 41378
[   43.0627] open fd = -5
[   43.0793] open name host:/livepad.bin flag 1 data 41378
[   43.0805] open fd = -5
[   43.0975] open name host:/livepad.bin flag 1 data 41378
[   43.0987] open fd = -5
[   43.0990] open name host:/livedbg.cmd flag 1 data 41378
[   43.1000] open fd = -5
[   43.1167] open name host:/livepad.bin flag 1 data 41378
[   43.1178] open fd = -5
[   43.1339] open name host:/livepad.bin flag 1 data 41378
[   43.1354] open fd = -5
[   43.1537] open name host:/livepad.bin flag 1 data 41378
[   43.1549] open fd = -5
[   43.1732] open name host:/livepad.bin flag 1 data 41378
[   43.1744] open fd = -5
[   43.1918] open name host:/livepad.bin flag 1 data 41378
[   43.1930] open fd = -5
[   43.2108] open name host:/livepad.bin flag 1 data 41378
[   43.2119] open fd = -5
[   43.2125] open name host:/livedbg.cmd flag 1 data 41378
[   43.2136] open fd = -5
[   43.2317] open name host:/livepad.bin flag 1 data 41378
[   43.2332] open fd = -5
[   43.2521] open name host:/livepad.bin flag 1 data 41378
[   43.2536] open fd = -5
[   43.2709] open name host:/livepad.bin flag 1 data 41378
[   43.2723] open fd = -5
[   43.2735] open name host:/log.txt flag 302 data 41378
[   43.2755] open fd = 256
[   43.2942] open name host:/livepad.bin flag 1 data 41378
[   43.2957] open fd = -5
[   43.3153] open name host:/livepad.bin flag 1 data 41378
[   43.3169] open fd = -5
[   43.3358] open name host:/livepad.bin flag 1 data 41378
[   43.3372] open fd = -5
[   43.3375] open name host:/livedbg.cmd flag 1 data 41378
[   43.3384] open fd = -5
[   43.3569] open name host:/livepad.bin flag 1 data 41378
[   43.3584] open fd = -5
[   43.3773] open name host:/livepad.bin flag 1 data 41378
[   43.3789] open fd = -5
[   43.3983] open name host:/livepad.bin flag 1 data 41378
[   43.3997] open fd = -5
[   43.4004] open name host:/log.txt flag 302 data 41378
[   43.4021] open fd = 256
[   43.4236] open name host:/livepad.bin flag 1 data 41378
[   43.4248] open fd = -5
[   43.4431] open name host:/livepad.bin flag 1 data 41378
[   43.4443] open fd = -5
[   43.4638] open name host:/livepad.bin flag 1 data 41378
[   43.4654] open fd = -5
[   43.4656] open name host:/livedbg.cmd flag 1 data 41378
[   43.4667] open fd = -5
[   43.4677] open name host:/log.txt flag 302 data 41378
[   43.4695] open fd = 256
[   43.4893] open name host:/livepad.bin flag 1 data 41378
[   43.4905] open fd = -5
[   43.5125] open name host:/livepad.bin flag 1 data 41378
[   43.5140] open fd = -5
[   43.5291] open name host:/livepad.bin flag 1 data 41378
[   43.5305] open fd = -5
[   43.5481] open name host:/livepad.bin flag 1 data 41378
[   43.5495] open fd = -5
[   43.5664] open name host:/livepad.bin flag 1 data 41378
[   43.5676] open fd = -5
[   43.5847] open name host:/livepad.bin flag 1 data 41378
[   43.5861] open fd = -5
[   43.5864] open name host:/livedbg.cmd flag 1 data 41378
[   43.5876] open fd = -5
[   43.6051] open name host:/livepad.bin flag 1 data 41378
[   43.6063] open fd = -5
[   43.6244] open name host:/livepad.bin flag 1 data 41378
[   43.6257] open fd = -5
[   43.6435] open name host:/livepad.bin flag 1 data 41378
[   43.6448] open fd = -5
[   43.6619] open name host:/livepad.bin flag 1 data 41378
[   43.6630] open fd = -5
[   43.6797] open name host:/livepad.bin flag 1 data 41378
[   43.6809] open fd = -5
[   43.6979] open name host:/livepad.bin flag 1 data 41378
[   43.6993] open fd = -5
[   43.6995] open name host:/livedbg.cmd flag 1 data 41378
[   43.7007] open fd = -5
[   43.7173] open name host:/livepad.bin flag 1 data 41378
[   43.7185] open fd = -5
[   43.7357] open name host:/livepad.bin flag 1 data 41378
[   43.7370] open fd = -5
[   43.7546] open name host:/livepad.bin flag 1 data 41378
[   43.7559] open fd = -5
[   43.7730] open name host:/livepad.bin flag 1 data 41378
[   43.7742] open fd = -5
[   43.7754] open name host:/log.txt flag 302 data 41378
[   43.7771] open fd = 256
