frame,phase,update_ms,vehicles_included_ms,submit_ms,finish_ms,present_ms,total_ms,bounds_included_ms,prepare_included_ms,dispatch_included_ms,packet_included_ms,dma_included_ms,vif_wait_included_ms,flushes,triangles,uploads,reuploads
120,0,8.086697,2.042094,39.763401,1.000054,11.116760,59.966912,4.969425,3.364648,23.335080,3.147932,2.995934,8.443190,169,28090,0,0
121,0,7.276374,2.050245,34.713108,1.030206,16.955139,59.974826,4.087457,2.782847,20.127852,2.799808,2.513906,6.996704,143,23211,0,0
122,0,2.837606,2.048937,39.380751,1.007806,16.700738,59.926900,4.571591,3.253092,23.621273,3.319702,2.997420,8.311547,169,28090,0,0
123,0,2.837450,2.048625,34.386122,1.004598,1.736911,39.965081,4.104753,2.659787,20.237000,2.772495,2.374112,7.123359,143,23211,0,0
124,0,2.849026,2.062025,39.683241,0.998610,16.434794,59.965671,4.577460,3.147536,23.860952,3.438327,2.919878,8.608598,169,28090,0,0
125,0,25.124742,2.041402,34.670661,1.006171,19.163242,79.964817,4.144114,2.864143,19.864980,2.584985,2.516690,6.972477,143,23211,0,0
126,0,2.848538,2.062351,39.766507,1.000712,16.350240,59.965997,4.840678,3.085107,23.704339,3.351108,2.958944,8.461941,169,28090,0,0
127,0,2.887865,2.035211,34.773770,1.033569,1.270142,39.965346,4.144240,2.759966,20.162852,2.968604,2.543304,6.918664,143,23211,0,0
128,0,2.835659,2.045390,39.695631,1.031915,16.395203,59.958408,4.629283,3.133558,23.788679,3.316298,2.902785,8.457116,169,28090,0,0
129,0,11.781582,2.056437,34.848497,1.006083,12.329054,59.965217,4.115150,2.675249,20.289975,2.787225,2.481361,7.265459,143,23211,0,0
130,0,2.869310,2.010464,39.606744,1.034600,16.454278,59.964932,4.570112,3.139476,23.900750,3.206950,3.006036,8.314256,169,28090,0,0
131,0,2.863898,2.046902,34.431166,1.002618,1.640198,39.937880,4.085870,2.776062,20.007616,2.612647,2.405457,7.173615,143,23211,0,0
132,0,2.864733,2.045024,39.787164,1.005079,16.308512,59.965488,4.791734,3.184458,23.686042,3.294569,2.965007,8.563083,169,28090,0,0
133,0,7.651286,2.026503,34.750495,1.009087,16.568970,59.979838,4.140744,2.656949,20.331763,2.774716,2.529521,7.178158,143,23211,0,0
134,0,2.811530,2.026177,39.680779,1.032698,16.457567,59.982574,4.611403,3.221378,23.690572,3.265232,3.012811,8.564846,169,28090,0,0
135,0,2.875536,2.050354,34.209703,1.007100,1.840610,39.932949,3.957503,2.822469,19.855479,2.769738,2.454525,6.993140,143,23211,0,0
136,0,2.835537,2.047750,39.678067,1.003418,16.448357,59.965380,4.496457,3.606869,23.488522,3.197150,2.820109,8.585239,169,28090,0,0
137,0,78.542324,2.046556,34.607001,1.022420,5.814813,119.986559,4.017151,2.796712,20.099932,2.730706,2.528086,7.005412,143,23211,0,0
138,0,2.822550,2.035563,39.640774,1.006463,16.467678,59.937466,4.766459,2.969137,23.758426,3.272898,2.888607,8.637563,169,28090,0,0
139,0,2.869514,2.048828,34.731615,1.028971,1.334995,39.965095,4.020640,2.878679,20.114292,2.726308,2.371070,7.044345,143,23211,0,0
140,0,2.840196,2.052450,39.659675,1.027717,16.438653,59.966241,4.972161,3.133457,23.397295,3.467058,2.842231,8.385342,169,28090,0,0
141,0,12.145230,2.051344,34.894436,1.008192,11.888652,59.936510,4.184157,2.732673,20.063531,2.707869,2.513156,7.265879,143,23211,0,0
142,0,2.874112,2.053426,39.475844,1.031915,16.583550,59.965420,4.531141,3.302931,23.552233,3.219682,2.969364,8.399438,169,28090,0,0
143,0,2.865180,2.047309,34.453518,1.053392,1.616950,39.989041,4.072527,2.880110,19.953678,2.836711,2.447774,7.017999,143,23211,0,0
144,0,2.835741,2.048747,39.745090,1.002794,16.357612,59.941237,4.623552,3.127899,23.892890,3.231639,3.111138,8.488000,169,28090,0,0
145,0,13.285407,2.066488,34.681200,1.002333,10.996792,59.965732,3.977600,2.788137,20.114136,2.641741,2.410377,7.161947,143,23211,0,0
146,0,2.837775,2.052165,39.589362,1.002882,16.535034,59.965054,4.609677,3.022702,23.698249,3.344910,2.933126,8.554718,169,28090,0,0
147,0,2.888068,2.035590,34.455858,1.002970,1.618958,39.965854,4.205777,2.708364,19.991496,2.626509,2.426524,7.056522,143,23211,0,0
148,0,2.894307,2.073059,39.510403,1.033027,16.520725,59.958462,4.635935,3.696198,23.121897,3.314731,2.925493,8.279246,169,28090,0,0
149,0,7.235250,2.026021,34.742079,1.000861,16.986633,59.964823,4.192128,2.788588,20.101491,2.790758,2.548062,7.089776,143,23211,0,0
150,0,19.543952,2.051778,39.646294,1.053802,19.745565,79.989614,4.502268,3.399187,23.718781,3.313158,2.870388,8.658332,169,28090,0,0
151,0,2.843892,2.055888,34.842665,1.003208,1.250407,39.940172,4.182437,2.825199,20.086049,2.755063,2.515659,7.092014,143,23211,0,0
152,0,2.869453,2.045844,39.895738,1.003533,16.196540,59.965264,4.683858,3.130758,24.122776,3.455102,2.974501,8.509786,169,28090,0,0
153,0,6.961473,2.052307,34.728360,0.998691,17.276713,59.965237,4.258274,2.778765,19.895087,2.750414,2.369849,7.099545,143,23211,0,0
154,0,7.316210,2.046705,39.395786,1.003879,12.249668,59.965542,4.546427,3.309109,23.454210,3.369283,2.864387,8.415219,169,28090,0,0
155,0,2.876472,2.055372,34.534125,1.002367,1.552504,39.965468,4.098134,2.788469,20.085286,2.910265,2.411811,6.973395,143,23211,0,0
156,0,2.899638,2.006137,39.583259,1.025804,16.456977,59.965678,4.622542,3.402381,23.550296,3.238580,2.818905,8.647552,169,28090,0,0
157,0,7.462857,2.032186,34.643032,1.032735,16.789429,59.928053,4.214661,2.829837,19.851345,2.745972,2.517490,6.907895,143,23211,0,0
158,0,2.880188,2.045614,39.521939,1.031141,16.531921,59.965190,4.530846,3.340658,23.651655,3.353607,2.825148,8.634189,169,28090,0,0
159,0,2.833883,2.048177,34.401211,1.003167,1.726868,39.965129,4.093072,2.599352,20.238641,2.676941,2.578590,7.152466,143,23211,0,0
160,0,2.868903,2.050069,39.791816,1.000400,16.304423,59.965542,4.679799,3.132768,23.679860,3.156982,2.933699,8.620494,169,28090,0,0
161,0,7.266357,2.041436,34.587694,1.034831,17.076803,59.965685,4.278578,2.832421,19.704590,2.586809,2.633318,6.987050,143,23211,0,0
162,0,71.965380,2.054620,39.725511,1.005615,7.268656,119.965162,4.776818,3.384783,23.477448,3.390706,2.782433,8.480394,169,28090,0,0
163,0,2.872009,2.052355,34.685255,1.007338,1.400018,39.964620,4.042389,2.790544,20.215464,2.661930,2.447374,7.266839,143,23211,0,0
164,0,2.920478,2.028524,39.527927,1.030680,16.508355,59.987440,4.919244,3.290955,23.362498,3.110918,2.902096,8.418593,169,28090,0,0
165,0,7.360847,2.077081,34.672736,1.034119,16.868523,59.936225,4.090519,2.868852,19.940823,2.536445,2.513418,7.006626,143,23211,0,0
166,0,7.781576,2.063185,39.635240,1.032383,11.487122,59.936320,4.410682,3.280318,23.930918,3.224002,2.810876,8.478288,169,28090,0,0
167,0,2.838460,2.051371,34.426609,1.013421,1.695774,39.974264,4.049049,2.739129,20.192390,2.788547,2.466912,7.204010,143,23211,0,0
168,0,2.843709,2.057366,39.710137,1.000380,16.402201,59.956428,4.582448,3.135501,23.806593,3.268300,2.886787,8.652296,169,28090,0,0
169,0,8.290446,2.058601,34.845554,1.004998,15.824463,59.965461,4.247216,2.938673,19.926876,2.870127,2.453918,7.022285,143,23211,0,0
170,0,7.277717,2.054057,39.321682,1.005154,12.360501,59.965054,4.617516,3.197622,23.436771,3.183309,2.828339,8.390323,169,28090,0,0
171,0,2.846985,2.026340,34.100227,1.001546,2.016703,39.965461,4.168684,2.880446,19.703454,2.724389,2.571035,6.911136,143,23211,0,0
172,0,2.868720,2.047146,39.898329,1.003988,16.194777,59.965814,4.699894,3.093635,23.934747,3.287425,2.972307,8.571503,169,28090,0,0
173,0,7.068644,2.047675,34.783847,1.027391,17.113017,59.992900,4.397563,2.651184,19.839630,2.647447,2.596012,7.219838,143,23211,0,0
174,0,2.833096,2.045288,39.737820,1.000868,16.358663,59.930447,4.696330,3.146644,23.787560,3.188080,3.038662,8.697669,169,28090,0,0
175,0,17.442301,2.031250,34.416782,1.000943,7.104926,59.964952,4.139882,2.913249,19.876031,2.659946,2.525306,7.043586,143,23211,0,0
176,0,2.841817,2.056247,39.218452,1.007690,16.897095,59.965054,4.638062,3.096412,23.408756,3.502340,2.874963,8.213664,169,28090,0,0
177,0,7.116157,2.042704,34.434970,0.992608,17.421753,59.965488,4.031514,2.817732,19.831414,2.730008,2.515571,7.093163,143,23211,0,0
178,0,2.827481,2.007507,39.611172,1.056925,16.493991,59.989570,4.659281,3.163567,23.740251,3.379513,2.871168,8.455526,169,28090,0,0
179,0,8.201253,2.053297,34.326348,1.007067,16.405375,59.940043,4.044990,2.798462,20.082520,2.772864,2.372369,7.151086,143,23211,0,0
180,0,2.874946,2.052470,39.470262,1.008708,16.611179,59.965095,4.634779,3.275106,23.516012,3.373786,3.101841,8.380836,169,28090,0,0
181,0,6.994880,2.053853,34.393989,1.013482,17.595479,59.997830,4.181841,2.627896,20.018436,2.733982,2.531986,7.179443,143,23211,0,0
182,0,2.833381,2.047919,39.690891,1.002530,16.406053,59.932855,4.556186,3.171139,23.818200,3.445509,3.004890,8.502631,169,28090,0,0
183,0,2.897359,2.008911,34.238736,1.003357,1.819071,39.958523,4.004981,2.771162,19.948507,2.704217,2.599711,7.030870,143,23211,0,0
184,0,2.837633,2.048821,41.232985,1.003404,14.891059,59.965081,4.427311,3.222399,23.811537,3.306912,2.847802,8.528775,169,28090,0,0
185,0,8.123766,2.056715,34.886244,1.001289,15.953776,59.965074,4.403483,2.624861,20.000512,2.689779,2.478794,7.171238,143,23211,0,0
186,0,2.877102,1.976013,39.520094,1.030816,16.539137,59.967150,4.629401,3.178040,23.683160,3.267693,2.932366,8.500227,169,28090,0,0
187,0,78.956224,2.058628,34.394823,1.009447,5.603563,119.964057,3.965081,2.764835,20.041673,2.773363,2.485667,6.997996,143,23211,0,0
188,0,2.859768,2.071445,39.918572,1.003716,16.183044,59.965101,4.693580,3.337901,23.725298,3.179250,2.920956,8.406077,169,28090,0,0
189,0,7.234321,2.084507,34.729506,1.002842,16.998962,59.965630,4.159570,2.653141,20.158508,2.656606,2.563110,7.204227,143,23211,0,0
190,0,2.866584,2.006456,39.572767,1.054403,16.494961,59.988715,4.642073,3.025465,23.815128,3.550374,2.709605,8.440481,169,28090,0,0
191,0,7.679633,2.040337,34.311571,1.031738,16.911438,59.934380,3.978078,2.710554,20.200867,2.647132,2.563199,7.190575,143,23211,0,0
192,0,2.883267,2.062663,39.468357,1.002597,16.610982,59.965203,4.647152,3.295220,23.454251,3.409956,2.838548,8.371711,169,28090,0,0
193,0,7.376004,2.037760,34.428901,1.001811,17.158061,59.964776,4.074822,2.739054,20.047635,2.745822,2.479506,7.175975,143,23211,0,0
194,0,2.850349,2.061646,39.724399,1.000861,16.360738,59.936347,4.592740,3.339789,23.603282,3.158400,2.919834,8.559977,169,28090,0,0
195,0,7.761970,2.037699,34.348178,1.001390,16.853841,59.965380,3.995965,2.829593,19.898763,2.830037,2.478122,6.917280,143,23211,0,0
196,0,2.836188,2.049296,39.659573,0.999647,16.470032,59.965441,4.792735,3.111511,23.617594,3.378242,3.003659,8.549778,169,28090,0,0
197,0,7.244954,2.059191,34.391168,1.861308,16.469883,59.967312,3.946927,2.991509,20.054131,2.943054,2.374268,6.991865,143,23211,0,0
198,0,2.822476,2.001831,39.609083,1.002597,16.545573,59.979730,4.463165,3.303107,23.730252,3.401825,2.923574,8.569692,169,28090,0,0
199,0,2.864407,2.047377,34.472236,1.005737,1.606954,39.949334,4.244486,2.663205,20.036119,2.582404,2.596568,7.227539,143,23211,0,0
200,0,17.287984,2.056152,39.719103,0.999369,1.951823,59.958279,4.781477,3.185170,23.778544,3.441043,2.923319,8.582086,169,28090,0,0
201,0,7.620897,1.988064,34.738987,1.007141,16.598497,59.965522,4.174266,2.684170,20.149241,2.921644,2.447354,6.999647,143,23211,0,0
202,0,2.832458,2.046217,39.699246,1.003086,16.430278,59.965068,4.690403,3.195906,23.509176,3.329390,2.818020,8.630463,169,28090,0,0
203,0,2.860684,2.002333,34.486192,1.000027,1.619195,39.966098,4.288791,2.858392,19.969567,2.908963,2.444770,6.917464,143,23211,0,0
204,0,8.476773,2.053399,39.683892,1.034017,10.770603,59.965285,4.818902,3.164880,23.653117,3.122813,2.923642,8.356842,169,28090,0,0
205,0,7.633952,2.053569,34.806647,1.003438,16.476440,59.920478,4.054013,2.847290,20.038734,2.692023,2.519301,7.246684,143,23211,0,0
206,0,2.872620,2.051900,39.492296,1.031820,16.568237,59.964973,4.410411,3.464081,23.649112,3.269267,2.946743,8.414218,169,28090,0,0
207,0,2.836127,2.051046,34.441474,1.023885,1.685744,39.987230,4.276879,2.711036,19.951613,2.649455,2.479424,7.166565,143,23211,0,0
208,0,2.869737,2.054932,39.776991,1.005893,16.290466,59.943088,4.778832,3.211365,23.734358,3.418243,3.114305,8.490007,169,28090,0,0
209,0,7.585558,2.071472,34.752224,1.025920,16.601725,59.965427,3.914510,2.944963,20.073680,2.691118,2.375526,7.032362,143,23211,0,0
210,0,2.866096,2.044847,39.649143,1.003215,16.440382,59.958835,4.641144,3.266839,23.723111,3.409410,2.897091,8.420492,169,28090,0,0
211,0,2.878221,2.059224,34.473355,1.001051,1.612189,39.964817,4.446788,2.683129,19.925727,2.669749,2.524194,7.040249,143,23211,0,0
212,0,78.793260,2.038201,39.788262,0.976624,0.407152,119.965298,4.726159,3.208662,23.749739,3.278931,2.986989,8.602186,169,28090,0,0
213,0,7.739712,2.045234,34.696418,1.030986,16.520806,59.987922,4.071974,2.687151,20.130561,2.917291,2.433634,6.957038,143,23211,0,0
214,0,2.829230,2.041965,39.824965,1.001648,16.286513,59.942356,4.605218,3.109314,23.957289,3.553850,3.053429,8.421231,169,28090,0,0
215,0,2.816901,2.029256,34.324334,1.001275,1.822856,39.965366,3.913608,2.746067,20.177375,2.624990,2.527564,7.159054,143,23211,0,0
216,0,7.302429,2.045200,39.660448,1.005086,11.997213,59.965176,4.616726,3.222290,23.698571,3.110189,2.918443,8.631751,169,28090,0,0
217,0,7.521450,2.040460,34.589634,1.003208,16.851522,59.965814,4.133976,2.878025,19.787428,2.710744,2.496307,6.922431,143,23211,0,0
218,0,2.913940,2.064596,39.471347,1.005927,16.573758,59.964973,4.567641,3.287231,23.635969,3.347341,2.830916,8.294512,169,28090,0,0
219,0,2.831197,2.044712,34.474006,1.029873,1.650954,39.986030,3.975233,2.820682,20.256110,2.698344,2.605269,7.155867,143,23211,0,0
220,0,7.532457,2.039008,39.688388,1.001750,11.715061,59.937656,4.714620,3.143982,23.590613,3.454339,2.852200,8.469286,169,28090,0,0
221,0,8.210415,2.058167,34.634352,1.001478,16.131870,59.978116,4.205004,2.844696,19.769121,2.633948,2.414629,7.138102,143,23211,0,0
222,0,2.811564,2.023824,39.634345,1.003472,16.503140,59.952521,4.476820,3.250726,23.679155,3.280446,3.004317,8.597283,169,28090,0,0
223,0,2.884888,2.064270,34.530077,1.003018,1.546902,39.964884,4.130893,2.770538,20.028809,2.783688,2.518897,7.145515,143,23211,0,0
224,0,2.920803,2.069010,39.504835,1.030911,16.532349,59.988898,4.922729,3.367940,23.128326,3.288194,2.792979,8.342851,169,28090,0,0
225,0,22.107571,2.056763,34.714444,1.003621,2.115960,59.941596,4.109609,2.653354,20.112518,2.715342,2.541531,7.199056,143,23211,0,0
226,0,2.902493,2.052531,39.461358,1.010776,16.591444,59.966071,4.600698,3.421821,23.544373,3.447876,2.928823,8.410536,169,28090,0,0
227,0,2.827542,2.041423,34.322523,1.026238,1.808546,39.984850,4.198134,2.850315,19.849155,2.613336,2.454146,7.135688,143,23211,0,0
228,0,2.836636,2.050293,39.664524,1.012058,16.432007,59.945224,4.790114,3.091298,23.755653,3.433865,3.007565,8.436605,169,28090,0,0
229,0,12.632046,2.007033,34.753391,1.004998,11.568197,59.958632,4.148295,2.817298,20.190759,2.643043,2.551849,7.233602,143,23211,0,0
230,0,2.885525,2.066596,39.458177,1.005161,16.616536,59.965400,4.571726,3.118130,23.742910,3.187710,2.935160,8.438755,169,28090,0,0
231,0,2.867825,2.047458,34.111240,1.007338,1.978658,39.965061,4.126044,2.959151,19.495836,2.595629,2.383019,6.919373,143,23211,0,0
232,0,2.874539,2.010417,39.524082,1.005887,16.566372,59.970879,4.779572,3.368286,23.300022,3.401031,2.752472,8.361749,169,28090,0,0
233,0,7.071153,2.055779,34.832472,1.000685,17.055644,59.959954,4.178802,2.709015,19.972171,2.753767,2.495789,7.144446,143,23211,0,0
234,0,2.875671,2.054165,39.425198,1.008606,16.656250,59.965725,4.902527,3.260071,23.133562,3.339996,3.003225,8.254951,169,28090,0,0
235,0,2.872952,2.054138,34.406203,1.009745,1.699070,39.987969,3.942407,2.678050,20.226990,2.870253,2.445791,7.121070,143,23211,0,0
236,0,2.840990,2.054036,39.695957,0.999803,16.405396,59.942145,4.598050,3.115852,23.644508,3.396874,3.038300,8.520047,169,28090,0,0
237,0,81.220608,2.043579,34.552911,1.036784,3.186388,119.996691,4.260837,2.799581,19.772047,2.752682,2.446255,7.077928,143,23211,0,0
238,0,2.864916,2.046597,39.650994,1.006578,16.404751,59.927239,4.629771,3.191830,23.701280,3.165388,2.984117,8.542372,169,28090,0,0
239,0,2.869615,2.010451,34.735928,1.007609,1.351868,39.965020,4.136132,2.599504,20.207784,3.057926,2.409142,7.084028,143,23211,0,0
240,0,2.847460,2.040738,40.069288,0.999200,16.049533,59.965481,4.822300,3.258606,23.708988,3.358517,2.991438,8.584005,169,28090,0,0
241,0,11.184028,2.024394,34.874424,1.001784,12.904758,59.964993,4.295444,2.754944,20.034193,2.702081,2.447259,7.044061,143,23211,0,0
242,0,2.848090,1.988417,39.811774,0.998739,16.307387,59.965990,4.572415,3.434848,23.653466,3.393321,2.927253,8.362434,169,28090,0,0
243,0,2.859341,2.044339,34.503649,1.030802,1.570923,39.964715,4.101407,2.541656,20.233971,2.785739,2.487288,7.141022,143,23211,0,0
244,0,2.847663,2.059550,39.723077,0.999613,16.366340,59.936693,4.788317,3.111630,23.645762,3.357215,3.008769,8.552494,169,28090,0,0
245,0,13.673910,2.050998,34.691088,1.005107,10.595256,59.965359,4.302395,2.846575,19.714789,2.845178,2.416609,6.968574,143,23211,0,0
246,0,2.831855,2.046115,39.629808,1.000936,16.502808,59.965407,4.881361,3.013119,23.592814,3.354658,2.968967,8.526065,169,28090,0,0
247,0,2.877428,2.026530,34.243273,1.030762,1.813775,39.965237,4.012444,2.774462,19.930417,2.747030,2.541521,6.972080,143,23211,0,0
248,0,2.842048,2.052904,39.665554,1.006477,16.444777,59.958856,4.393992,3.388140,23.725844,3.256334,2.939409,8.676232,169,28090,0,0
249,0,7.585151,2.051636,34.582954,1.006795,16.790202,59.965101,4.351603,2.751787,19.731500,2.703817,2.377526,7.125654,143,23211,0,0
250,0,18.699327,2.051826,39.564162,0.981005,0.720649,59.965142,4.575982,3.040663,23.880585,3.274390,3.084944,8.731595,169,28090,0,0
251,0,2.866659,2.047499,34.501024,1.000590,1.596998,39.965271,4.120148,2.682034,20.105197,2.656803,2.524960,7.269260,143,23211,0,0
252,0,2.929247,2.081414,39.465386,1.004998,16.579590,59.979221,4.675340,3.180959,23.611342,3.320648,3.089294,8.458601,169,28090,0,0
253,0,7.507297,2.059062,34.480421,1.010620,16.953301,59.951640,4.117299,2.725040,19.731954,2.873613,2.616387,6.824629,143,23211,0,0
254,0,7.298530,2.053616,39.602980,1.000563,12.063327,59.965400,4.513045,3.432814,23.545756,3.155094,2.936028,8.600132,169,28090,0,0
255,0,2.831692,2.044664,34.419664,1.004517,1.709595,39.965468,4.041206,2.726640,20.115760,2.731727,2.488135,7.023424,143,23211,0,0
256,0,2.863180,2.046400,39.790493,1.006490,16.305155,59.965318,4.561917,3.298750,23.879123,3.349006,2.994798,8.514408,169,28090,0,0
257,0,8.712179,2.059835,34.586575,1.027513,15.655423,59.981689,4.303348,2.750604,19.822306,2.662665,2.489651,7.149068,143,23211,0,0
258,0,2.840339,2.052829,39.539659,1.009603,16.551975,59.941576,4.606947,3.115831,23.640615,3.381602,2.861355,8.481991,169,28090,0,0
259,0,2.861823,2.044217,34.504605,1.009867,1.589091,39.965386,4.410533,2.612993,19.864916,2.573398,2.441928,7.274790,143,23211,0,0
260,0,2.870917,2.049995,39.868279,1.001953,16.224684,59.965834,4.745497,3.342563,23.627112,3.311245,2.800490,8.573520,169,28090,0,0
261,0,6.905273,2.024489,34.827318,1.032769,17.228780,59.994141,4.234005,2.988088,19.864573,2.659766,2.504886,7.001421,143,23211,0,0
262,0,78.760030,2.047153,39.376736,0.976318,0.822225,119.935310,4.707038,3.247094,23.444356,3.452074,3.038005,8.303480,169,28090,0,0
263,0,2.841437,2.054165,34.807909,1.000875,1.315138,39.965359,4.148570,2.735074,20.000376,2.751804,2.508650,7.087151,143,23211,0,0
264,0,2.855943,2.045078,39.635044,0.996290,16.478231,59.965508,4.772464,3.268110,23.512797,3.417613,2.866852,8.357890,169,28090,0,0
265,0,7.513068,2.006978,34.640774,1.000916,16.810954,59.965712,4.122630,2.819916,19.743568,2.714681,2.492845,6.948188,143,23211,0,0
266,0,7.339220,2.049282,39.632968,1.003716,11.982808,59.958713,4.669281,3.132992,23.545953,3.189450,2.853136,8.730547,169,28090,0,0
267,0,2.849243,2.060425,34.453912,1.028883,1.628560,39.960598,4.084866,2.714376,20.237990,2.781050,2.455763,7.262980,143,23211,0,0
268,0,2.893358,2.059292,39.447110,1.004957,16.595011,59.940436,4.866469,3.254340,23.282990,3.253693,2.995677,8.327148,169,28090,0,0
269,0,7.300279,2.061381,34.710354,1.002747,16.951816,59.965196,4.062520,2.679626,20.178202,2.803701,2.429084,7.025781,143,23211,0,0
270,0,7.226854,2.050307,39.608615,1.003167,12.126478,59.965115,4.532617,3.084605,23.941637,3.204078,2.932661,8.824470,169,28090,0,0
271,0,2.814663,2.027744,34.481805,1.028334,1.666077,39.990879,4.038907,2.804152,20.226861,2.878906,2.481869,7.123484,143,23211,0,0
272,0,2.825833,2.039157,39.717909,1.002984,16.392619,59.939345,4.651628,3.255924,23.565521,3.156796,2.811191,8.626238,169,28090,0,0
273,0,7.543233,2.007826,34.725186,1.001065,16.696316,59.965800,4.176666,2.682254,20.111681,2.707130,2.372453,7.195584,143,23211,0,0
274,0,2.834066,2.048570,39.616753,1.004483,16.510159,59.965461,4.470005,3.233242,23.730615,3.156691,2.882063,8.614966,169,28090,0,0
275,0,18.476054,2.043783,34.306302,1.004530,6.170939,59.957825,4.132894,2.624386,20.080766,2.874139,2.524590,6.941922,143,23211,0,0
276,0,2.839037,2.050557,39.646010,1.033922,16.446798,59.965766,4.552365,3.235243,23.773902,3.334720,2.978889,8.625363,169,28090,0,0
277,0,7.278958,2.049513,34.335320,0.996107,17.354363,59.964749,4.170658,2.768036,19.954458,2.729190,2.584690,7.074714,143,23211,0,0
278,0,2.858934,1.997999,39.574375,1.029582,16.528802,59.991692,4.701745,3.063321,23.763089,3.372884,2.936198,8.537198,169,28090,0,0
279,0,7.900859,2.067858,34.098999,1.004652,16.933879,59.938388,4.247365,2.720167,19.664785,2.652998,2.371572,6.982171,143,23211,0,0
280,0,2.863166,2.041748,39.633131,1.004211,16.465142,59.965651,4.713813,3.322578,23.507623,3.231686,2.902378,8.293484,169,28090,0,0
281,0,7.362108,2.046977,34.476386,1.002502,17.123983,59.964979,4.075670,2.748793,20.127523,2.794423,2.416731,7.173523,143,23211,0,0
282,0,2.825073,2.037448,39.519986,1.014872,16.576843,59.936774,4.745602,3.166762,23.565491,3.342390,3.020304,8.331984,169,28090,0,0
283,0,2.881063,2.060635,34.346022,1.009393,1.729058,39.965535,3.914018,2.714572,20.176561,2.695540,2.468302,7.184469,143,23211,0,0
284,0,2.870816,2.046590,39.639235,1.001682,16.447157,59.958889,4.653286,3.151242,23.664564,3.404921,3.004900,8.423313,169,28090,0,0
285,0,7.312771,2.032789,34.763455,1.005242,16.883891,59.965359,4.102166,2.632246,20.310903,2.643158,2.785119,7.197032,143,23211,0,0
286,0,2.867289,2.040243,39.519741,1.000732,16.577901,59.965664,4.577881,3.224494,23.603455,3.475779,2.954858,8.336409,169,28090,0,0
287,0,75.663500,2.041253,34.229017,1.030429,9.042765,119.965712,4.006337,3.243707,19.517768,2.696452,2.453857,6.944722,143,23211,0,0
288,0,2.831848,2.044142,39.663791,1.005344,16.464233,59.965217,4.611674,3.102495,23.748789,3.482958,2.981808,8.398010,169,28090,0,0
289,0,7.313687,2.005168,34.814752,1.008070,16.828634,59.965142,4.251699,2.872596,20.104902,2.797299,2.556854,7.087426,143,23211,0,0
290,0,2.861308,2.001078,39.563626,1.003025,16.557475,59.985433,4.531993,3.104777,23.846798,3.400930,2.777205,8.536997,169,28090,0,0
291,0,7.160360,2.057081,34.308770,0.989868,17.485440,59.944438,4.054369,2.797577,19.845259,2.705282,2.408349,7.100830,143,23211,0,0
292,0,2.879157,2.058146,39.446221,1.032789,16.600925,59.959093,4.614112,3.479197,23.309733,3.274204,3.001923,8.248308,169,28090,0,0
293,0,7.205451,2.070462,34.548387,1.005005,17.206441,59.965285,4.123979,2.909471,19.977793,2.734426,2.505910,7.051280,143,23211,0,0
294,0,2.831387,2.045580,39.396674,1.008403,16.728712,59.965176,4.621141,3.280548,23.556651,3.331119,3.051073,8.401571,169,28090,0,0
295,0,7.303392,2.051900,34.439975,1.005669,17.216471,59.965508,4.118683,2.792982,20.068553,2.623881,2.506385,7.116299,143,23211,0,0
296,0,2.840054,2.050808,39.627618,1.002455,16.514771,59.984897,4.734467,3.283630,23.611016,3.353119,2.955770,8.415883,169,28090,0,0
297,0,7.086758,2.054715,34.432081,0.997084,17.402425,59.918349,4.015672,2.747650,20.094510,2.757372,2.542084,7.181464,143,23211,0,0
298,0,2.874437,2.053630,39.498020,1.031915,16.561015,59.965386,4.434302,3.722290,23.322316,3.244673,2.890845,8.377112,169,28090,0,0
299,0,2.840291,2.055325,34.457574,1.033908,1.660360,39.992133,4.261115,2.602678,20.084937,2.760915,2.522739,7.199331,143,23211,0,0
300,0,18.904243,2.048808,39.679979,0.978271,0.374708,59.937202,4.977563,3.201579,23.504038,3.297017,2.991638,8.490441,169,28090,0,0
301,0,7.892402,2.043966,34.814263,1.001072,16.251214,59.958950,4.216753,2.742554,19.809777,2.725064,2.481974,7.076175,143,23211,0,0
302,0,2.867357,2.046631,39.658847,1.004612,16.435038,59.965854,4.841146,3.153900,23.620022,3.541036,2.895315,8.397363,169,28090,0,0
303,0,2.857693,2.042555,34.488207,1.005575,1.583984,39.935459,4.049713,2.666785,20.157230,2.729177,2.462691,7.118218,143,23211,0,0
304,0,7.277710,2.051595,39.717319,1.029602,11.941047,59.965678,4.655107,3.433244,23.571598,3.251367,2.888465,8.563270,169,28090,0,0
305,0,6.977688,2.060994,34.463304,0.987339,17.536648,59.964979,4.267592,2.767666,19.613614,2.638241,2.492710,6.996914,143,23211,0,0
306,0,2.839396,2.023356,39.518304,1.011746,16.566101,59.935547,4.742218,3.192190,23.477132,3.489068,2.944502,8.217546,169,28090,0,0
307,0,2.842394,2.052626,34.365024,1.002475,1.755290,39.965183,4.113681,2.736091,20.146254,2.741933,2.374047,7.069536,143,23211,0,0
308,0,2.869676,2.055305,39.609463,1.001146,16.485385,59.965671,4.689368,3.245873,23.491574,3.374532,2.823876,8.450833,169,28090,0,0
309,0,7.372111,2.028124,34.808438,1.001485,16.783752,59.965786,4.011125,2.778168,20.164127,2.581099,2.488749,7.251706,143,23211,0,0
310,0,2.882718,2.062330,39.505561,1.003296,16.566305,59.957879,4.612315,3.282410,23.557678,3.395962,2.903368,8.452318,169,28090,0,0
311,0,2.874471,2.053385,34.145901,1.031857,1.940206,39.992435,4.260023,2.798367,19.644609,2.636993,2.380968,7.048082,143,23211,0,0
312,0,74.486742,2.048008,39.718492,1.032735,4.719415,119.957384,4.550734,3.232490,23.950829,3.211534,2.858639,8.524048,169,28090,0,0
313,0,8.656291,2.027351,34.715671,1.000990,15.573303,59.946255,4.122084,2.692468,20.046529,2.676941,2.492513,7.030830,143,23211,0,0
314,0,2.842007,2.034851,39.770637,0.998840,16.326185,59.937670,4.811188,3.264262,23.578837,3.257704,2.898170,8.503174,169,28090,0,0
315,0,2.838135,2.049886,34.355089,1.002848,1.768819,39.964891,4.114390,2.754069,20.028503,2.737705,2.468635,6.946642,143,23211,0,0
316,0,7.910387,2.047967,39.667616,1.002387,11.384935,59.965325,4.694767,3.058801,23.688883,3.275530,2.900038,8.601613,169,28090,0,0
317,0,7.130439,2.038100,34.961412,1.851230,16.024211,59.967292,4.097924,2.749566,20.273214,2.459025,2.585541,7.304877,143,23211,0,0
318,0,2.873196,2.057556,39.668023,1.009148,16.406019,59.956387,4.453339,3.216061,24.060978,3.634796,2.898705,8.563168,169,28090,0,0
319,0,2.868089,2.047078,34.151950,1.006076,1.943542,39.969659,4.084757,2.915985,19.654249,2.615533,2.442963,6.983019,143,23211,0,0
320,0,7.150601,2.042562,39.758843,1.003811,12.048082,59.961338,4.560527,3.128225,23.828762,3.190786,2.890574,8.649428,169,28090,0,0
321,0,7.132250,2.062914,34.735236,1.001017,17.097107,59.965610,4.187486,2.807237,19.890723,2.604635,2.376967,7.214125,143,23211,0,0
322,0,2.862128,2.044752,39.597256,1.010091,16.495972,59.965447,4.791202,3.290561,23.592879,3.378730,3.069997,8.333099,169,28090,0,0
323,0,2.829047,2.040337,34.366957,1.006192,1.762431,39.964627,4.142439,2.674950,20.129086,2.809031,2.414273,7.161394,143,23211,0,0
324,0,2.836738,2.051154,39.665378,0.999451,16.463759,59.965325,4.671261,3.093248,23.728889,3.201881,2.814901,8.621328,169,28090,0,0
325,0,22.425401,2.077257,34.645338,1.006585,1.887960,59.965285,4.133050,2.798008,19.961521,2.825595,2.467716,7.039198,143,23211,0,0
326,0,2.838264,2.049255,39.557543,1.004903,16.564351,59.965061,4.558072,3.171461,23.659417,3.313504,3.035383,8.594120,169,28090,0,0
327,0,2.892422,2.042901,34.450290,1.001478,1.620951,39.965142,3.995270,2.826992,19.947005,2.741455,2.413418,7.211049,143,23211,0,0
328,0,2.868334,2.030613,39.780687,1.003086,16.306559,59.958666,4.780389,3.175530,23.713823,3.218750,3.014954,8.611508,169,28090,0,0
329,0,11.118761,2.057556,34.789727,1.001499,13.063477,59.973463,4.057861,2.792833,20.047143,2.803775,2.346273,7.018646,143,23211,0,0
330,0,2.831875,2.045553,39.390042,1.012512,16.723504,59.957933,4.559350,3.257962,23.558322,3.419074,2.972670,8.331706,169,28090,0,0
331,0,2.900174,2.044420,34.563734,1.000977,1.500943,39.965827,4.138136,2.740112,20.290585,2.621101,2.753309,6.967621,143,23211,0,0
332,0,2.815979,2.027934,41.213474,1.005853,14.929647,59.964952,4.607235,3.100969,23.880446,3.358968,2.910875,8.532362,169,28090,0,0
333,0,8.031562,2.036933,34.628737,1.033027,16.272285,59.965610,4.046590,2.926476,19.849219,2.681651,2.449816,7.056559,143,23211,0,0
334,0,2.875597,2.009488,39.533393,1.001031,16.567410,59.977431,4.597039,3.260841,23.618490,3.357971,2.826714,8.500244,169,28090,0,0
335,0,2.838216,2.052416,34.330146,0.999919,1.784526,39.952806,4.144094,2.855574,19.873335,2.663096,2.594503,7.005581,143,23211,0,0
336,0,2.891812,2.042399,39.727736,1.004428,16.342000,59.965976,4.581109,3.091495,23.875010,3.287204,2.994358,8.614488,169,28090,0,0
337,0,77.808451,2.068698,34.810106,1.003703,6.335856,119.958116,4.224823,2.656013,20.048397,2.793318,2.399058,7.298977,143,23211,0,0
338,0,2.823900,2.035116,39.741184,1.000298,16.371623,59.937005,4.819377,3.139347,23.680576,3.276903,2.784797,8.548167,169,28090,0,0
339,0,2.833137,2.045444,34.759332,1.001573,1.371297,39.965339,4.067559,2.846063,19.974023,2.781457,2.378899,7.078400,143,23211,0,0
340,0,2.860494,2.043620,39.713901,1.003927,16.387119,59.965441,4.681444,3.222293,23.853780,3.214556,2.965597,8.423818,169,28090,0,0
341,0,10.454434,2.081672,34.721809,1.001885,13.787801,59.965929,4.152208,2.824449,19.952243,2.657725,2.569217,7.245229,143,23211,0,0
342,0,2.868700,2.048143,39.783074,0.997552,16.316142,59.965468,4.617265,3.285794,23.839796,3.149580,3.125749,8.317034,169,28090,0,0
343,0,2.874193,2.053189,34.552823,1.001458,1.536255,39.964728,4.238607,2.810001,20.125631,2.765683,2.546075,7.105316,143,23211,0,0
344,0,2.869859,1.982117,39.553297,1.003208,16.559340,59.985704,4.810170,3.293345,23.475193,3.279914,3.008030,8.503072,169,28090,0,0
345,0,11.283556,2.047329,34.702969,1.000461,12.950704,59.937690,4.131995,2.897057,19.863797,2.837182,2.449066,7.140662,143,23211,0,0
346,0,2.894701,2.007317,39.503004,1.003710,16.572801,59.974216,4.508501,3.306627,23.612837,3.254042,2.875180,8.656223,169,28090,0,0
347,0,2.845995,2.059991,34.388129,1.001756,1.721083,39.956963,4.222165,2.550161,20.189477,2.621562,2.522847,7.225301,143,23211,0,0
348,0,2.897346,2.062568,39.763808,1.000902,16.303270,59.965325,4.858476,3.174018,23.652944,3.261522,2.991808,8.484707,169,28090,0,0
349,0,7.306478,2.077779,34.601752,1.035923,17.049235,59.993388,4.344838,2.852285,19.661218,2.768080,2.608148,6.949232,143,23211,0,0
350,0,20.840074,2.037984,39.355014,1.007880,18.733704,79.936673,4.616876,3.474447,23.298262,3.327152,2.863203,8.519931,169,28090,0,0
351,0,2.838765,2.051310,34.810540,1.000576,1.314826,39.964708,4.289137,2.859639,19.792206,2.820780,2.381026,7.107764,143,23211,0,0
352,0,2.837307,2.038493,39.713759,0.998583,16.416341,59.965990,4.852454,3.409590,23.287055,3.440392,2.793922,8.298740,169,28090,0,0
353,0,7.262492,2.056722,34.586046,1.036235,17.080356,59.965129,4.134623,2.762933,19.953356,2.717255,2.633877,6.972182,143,23211,0,0
354,0,8.639567,2.055718,39.641100,1.009603,10.667779,59.958049,4.659726,3.420885,23.545966,3.173370,2.891012,8.505795,169,28090,0,0
355,0,2.873705,2.005446,34.231432,1.004028,1.856364,39.965529,4.246490,2.919430,19.616597,2.629333,2.442159,6.928219,143,23211,0,0
356,0,2.890828,2.071587,39.657111,1.033583,16.383857,59.965380,4.917806,3.390289,23.421665,3.443119,2.926585,8.455400,169,28090,0,0
357,0,7.801765,2.008620,34.759142,1.001763,16.402412,59.965081,4.229865,2.699632,19.911129,2.667735,2.419417,7.187887,143,23211,0,0
358,0,2.898302,2.046875,39.485731,1.033535,16.547350,59.964918,4.819895,3.255303,23.364058,3.394680,2.862817,8.410699,169,28090,0,0
359,0,2.825060,2.038818,34.338799,1.035522,1.793850,39.993232,4.046875,2.730672,19.939229,2.873257,2.496046,7.089077,143,23211,0,0
480,1,2.932878,2.016371,46.210615,1.541206,9.301229,59.985928,5.768846,5.037567,25.172801,3.610789,3.413645,8.431356,203,28830,0,0
481,1,15.563836,2.052585,40.497450,1.541931,2.335809,59.939026,5.122559,4.396966,21.157271,2.985182,3.027964,6.928050,166,23819,0,0
482,1,2.898119,2.056085,46.402357,1.569790,9.095723,59.965990,5.745141,5.290870,24.990628,3.397112,3.548350,8.460938,203,28830,0,0
483,1,2.930630,2.055888,40.583266,1.542467,14.908712,59.965074,5.142314,4.437917,21.300696,2.996053,2.869059,7.149031,166,23819,0,0
484,1,2.928914,2.051514,46.204644,1.545166,9.286479,59.965203,5.872308,4.886007,25.282803,3.585381,3.391059,8.389008,203,28830,0,0
485,1,8.558573,2.074938,40.155389,1.536268,9.714823,59.965054,4.848114,4.539727,21.152727,3.193451,2.782854,6.760919,166,23819,0,0
486,1,2.891805,2.048787,46.328016,1.540148,9.205505,59.965474,5.866024,5.265523,24.962073,3.747999,3.484365,8.150462,203,28830,0,0
487,1,79.069845,2.055440,40.323669,1.464016,19.107300,139.964830,4.918681,4.398159,21.214322,2.889832,3.053487,7.068583,166,23819,0,0
488,1,2.940877,2.061700,46.184441,1.545681,9.294983,59.965983,5.769555,4.972782,25.352275,3.875193,3.511030,8.196608,203,28830,0,0
489,1,8.754964,2.052904,40.654066,1.533190,9.015767,59.957987,5.194095,4.522027,21.175585,2.858934,2.941678,7.002858,166,23819,0,0
490,1,2.893114,2.049581,46.450955,1.546889,9.074483,59.965441,5.875498,5.048960,25.414266,3.579010,3.593974,8.416100,203,28830,0,0
491,1,6.894836,2.052246,40.451877,1.541823,11.077087,59.965624,5.076250,4.386932,21.226081,2.995636,2.901503,6.869032,166,23819,0,0
492,1,2.920519,2.043003,46.175544,1.544149,9.324843,59.965054,5.511685,5.177236,25.363132,3.525177,3.431854,8.431261,203,28830,0,0
493,1,7.247952,2.049411,40.067071,1.538364,11.112786,59.966173,4.943932,4.368852,21.250075,2.996009,2.921790,6.863749,166,23819,0,0
494,1,2.901611,2.060242,46.358161,1.539775,9.165744,59.965291,5.773007,5.365733,24.880181,3.533502,3.590156,8.309943,203,28830,0,0
495,1,7.767924,2.063375,40.649333,1.533963,10.014018,59.965237,5.174269,4.581791,21.152137,2.760193,2.941586,7.058885,166,23819,0,0
496,1,2.918932,2.040609,46.175490,1.541551,9.328939,59.964912,5.709507,5.236108,25.105916,3.690830,3.439155,8.210300,203,28830,0,0
497,1,7.187303,2.048503,40.466214,1.542569,10.769131,59.965217,5.237990,4.375858,21.061466,2.940148,2.760000,6.831207,166,23819,0,0
498,1,2.903897,2.060167,46.412889,1.546787,9.095201,59.958774,5.914032,5.438371,24.747972,3.550327,3.680308,8.175357,203,28830,0,0
499,1,2.951409,2.056091,40.559747,1.531670,14.922323,59.965149,5.055006,4.620602,21.004347,2.871636,2.845629,6.929813,166,23819,0,0
500,1,16.956238,2.057732,46.343580,1.535651,15.130541,79.966010,5.607225,5.187229,25.334893,3.612793,3.596080,8.263489,203,28830,0,0
501,1,7.514872,2.003947,40.397861,1.538242,10.514364,59.965339,5.041684,4.374017,21.086402,2.939718,2.978563,6.974240,166,23819,0,0
502,1,2.904154,2.060716,46.463250,1.542528,9.055203,59.965135,6.056675,5.198405,25.152103,3.655585,3.467353,8.354282,203,28830,0,0
503,1,2.872396,2.028788,40.166850,1.539944,15.395467,59.974657,4.821435,4.405443,21.368686,2.981727,2.937887,6.949025,166,23819,0,0
504,1,7.771803,2.056491,46.583781,1.542162,4.058797,59.956543,5.758840,5.286984,25.353919,3.652395,3.761444,8.461836,203,28830,0,0
505,1,7.549296,2.052694,40.409234,1.539449,10.467441,59.965420,5.158600,4.343984,20.955224,2.897149,2.800259,7.018572,166,23819,0,0
506,1,2.888089,2.043132,46.410346,1.536858,9.080302,59.915595,5.709401,5.081238,25.280684,3.444519,3.486793,8.387783,203,28830,0,0
507,1,2.869534,2.026177,40.260159,1.543396,15.262973,59.936062,4.915636,4.626526,20.968936,2.945251,2.795685,6.900374,166,23819,0,0
508,1,2.924852,2.053752,46.419630,1.538045,9.083157,59.965685,5.733744,5.125159,25.214284,3.497440,3.568970,8.368805,203,28830,0,0
509,1,7.578878,2.051202,40.435045,1.541456,10.409871,59.965251,5.200239,4.563144,20.730811,2.929630,2.723189,6.803901,166,23819,0,0
510,1,2.962748,2.013387,46.146030,1.540337,9.315999,59.965115,5.683892,5.624346,24.510440,3.411496,3.471795,8.155653,203,28830,0,0
511,1,2.929765,2.012838,40.248511,1.537164,15.249695,59.965135,4.792911,4.561951,21.217034,2.908976,2.807515,7.131453,166,23819,0,0
512,1,80.039205,2.059794,46.534010,1.538920,11.823181,139.935316,6.000390,5.127458,25.279341,3.527561,3.622216,8.314151,203,28830,0,0
513,1,7.698324,2.050307,40.685215,1.538201,10.036906,59.958645,4.937005,4.546902,21.407749,2.920695,2.936422,6.981198,166,23819,0,0
514,1,2.917094,2.037937,46.157661,1.536675,9.353699,59.965129,5.634064,5.160895,25.111226,3.480326,3.815637,8.225708,203,28830,0,0
515,1,2.933716,2.030151,40.619113,1.540263,14.872694,59.965786,5.021790,4.465627,21.340993,3.013550,2.945177,6.969730,166,23819,0,0
516,1,6.311910,2.060418,46.119887,1.541640,5.991347,59.964783,5.654829,5.232588,25.054864,3.498789,3.557315,8.287374,203,28830,0,0
517,1,8.390571,2.070272,40.307163,1.543043,9.725254,59.966031,5.040412,4.546811,20.962382,2.865787,2.794735,6.955597,166,23819,0,0
518,1,2.928901,2.011610,46.290005,1.549228,9.196960,59.965095,5.957971,5.148360,25.111379,3.443136,3.580149,8.428033,203,28830,0,0
519,1,2.936673,2.019775,40.411099,1.540812,15.076877,59.965461,5.190009,4.651564,20.834344,2.715773,2.979804,6.982490,166,23819,0,0
520,1,7.740560,2.055223,46.371474,1.565179,4.258077,59.935289,5.822194,5.235558,24.982076,3.476986,3.515795,8.252265,203,28830,0,0
521,1,7.312561,2.052829,40.467285,1.535224,10.620809,59.935879,4.916517,4.419773,20.974169,3.022383,2.859633,7.007887,166,23819,0,0
522,1,2.902127,2.055400,46.399041,1.540554,9.117188,59.958910,5.874376,5.365245,25.073829,3.581136,3.520423,8.417823,203,28830,0,0
523,1,2.959635,2.040785,40.430881,1.547234,15.027181,59.964932,5.099915,4.379557,21.205041,2.741496,3.014808,7.016605,166,23819,0,0
524,1,2.929362,2.053487,46.450901,1.541355,9.044271,59.965888,5.786374,5.324446,25.140381,3.509464,3.417837,8.422129,203,28830,0,0
525,1,20.380880,2.062500,40.323629,1.467862,17.792419,79.964789,5.182237,4.389723,21.101549,2.899309,3.076772,6.994859,166,23819,0,0
526,1,2.878052,2.034356,46.347568,1.541958,9.168722,59.936300,5.628265,5.273821,25.059235,3.482385,3.666399,8.229499,203,28830,0,0
527,1,2.888801,2.045797,40.509366,1.543043,15.023966,59.965176,5.068336,4.463589,21.098538,2.956845,2.803962,6.854160,166,23819,0,0
528,1,2.965997,2.018507,46.216241,1.542392,9.240173,59.964803,5.595890,5.464328,24.973195,3.489461,3.426375,8.412506,203,28830,0,0
529,1,11.066060,2.077759,40.484470,1.565091,6.880527,59.996148,5.310021,4.416809,20.980272,2.899102,2.872097,7.107476,166,23819,0,0
530,1,2.883240,2.040039,46.523878,1.546258,8.959066,59.912442,6.037557,5.287313,25.041948,3.460537,3.468136,8.473860,203,28830,0,0
531,1,2.890503,2.049398,40.517253,1.540154,15.008986,59.956896,5.067929,4.421109,21.218238,2.938833,2.888112,6.898081,166,23819,0,0
532,1,2.961249,2.012722,46.260464,1.539734,9.204135,59.965583,5.800127,5.250014,24.895999,3.515930,3.422835,8.415198,203,28830,0,0
533,1,7.308546,2.066874,40.528646,1.543125,10.584791,59.965108,5.024950,4.404697,21.321665,2.840858,2.888150,7.004483,166,23819,0,0
534,1,2.923116,2.045926,46.422160,1.540609,9.050747,59.936632,5.776689,5.250248,25.212575,3.685235,3.571001,8.392015,203,28830,0,0
535,1,2.903666,2.058044,40.584479,1.545627,14.901571,59.935343,5.095822,4.526404,21.208944,3.068987,2.748081,6.887373,166,23819,0,0
536,1,2.987437,2.071282,46.224803,1.536465,9.216797,59.965502,6.084262,5.344486,24.624688,3.391961,3.604455,8.144138,203,28830,0,0
537,1,91.016669,2.042596,40.693203,1.532179,6.723043,139.965095,4.986640,4.473083,21.242110,2.886732,2.939392,6.972653,166,23819,0,0
538,1,2.935920,2.055108,46.210646,1.545783,9.266134,59.958483,5.937402,5.012207,25.228411,3.552005,3.547007,8.318654,203,28830,0,0
539,1,2.966295,2.058350,40.320407,1.540955,15.144497,59.972154,4.987912,4.336036,21.120836,2.797312,2.945387,6.974131,166,23819,0,0
540,1,2.891425,2.050130,46.529711,1.571791,8.965007,59.957933,5.791931,5.162245,25.295078,3.504913,3.537991,8.462124,203,28830,0,0
541,1,11.069275,2.043620,40.660516,1.530823,6.705214,59.965827,5.108968,4.486813,21.251516,2.781430,2.991628,6.961029,166,23819,0,0
542,1,2.926975,2.009257,46.177653,1.543267,9.317132,59.965027,5.869310,5.144070,24.860630,3.735307,3.501743,8.372060,203,28830,0,0
543,1,2.955756,2.049174,40.349291,1.545993,15.133586,59.984626,5.066715,4.391612,21.133694,2.841763,2.836928,7.088769,166,23819,0,0
544,1,2.899726,2.053874,46.500726,1.541640,9.009311,59.951402,5.914761,5.359372,25.159838,3.457367,3.611426,8.312391,203,28830,0,0
545,1,13.946245,2.009210,40.448164,1.535611,4.030233,59.960253,4.957686,4.587619,21.105577,2.975193,2.833584,6.912421,166,23819,0,0
546,1,2.940348,2.054077,46.202738,1.540710,9.281521,59.965318,5.771976,5.225098,24.995778,3.456326,3.520023,8.361766,203,28830,0,0
547,1,2.949205,2.010288,40.222812,1.540554,15.246277,59.958849,5.260213,4.518070,20.711609,2.800273,2.989295,6.748623,166,23819,0,0
548,1,2.942756,2.065816,46.474637,1.542799,9.004781,59.964973,5.843686,5.268623,25.072537,3.550947,3.491391,8.237118,203,28830,0,0
549,1,10.171692,2.040995,40.310886,1.542399,7.960890,59.985867,5.112217,4.257158,21.253533,3.017232,2.797960,6.802968,166,23819,0,0
550,1,28.830268,2.060316,46.268711,1.538364,3.328349,79.965691,5.818041,5.145277,25.048364,3.599596,3.562761,8.500583,203,28830,0,0
551,1,2.904093,2.033515,40.524977,1.534770,14.979980,59.943821,5.070489,4.377682,21.126336,2.976284,2.884772,6.870066,166,23819,0,0
552,1,2.900940,2.056600,46.354248,1.541999,9.168355,59.965542,5.766442,5.278449,25.024180,3.556671,3.527683,8.295522,203,28830,0,0
553,1,7.349494,2.073839,40.520840,1.535719,10.559041,59.965095,5.177412,4.358388,21.146834,3.104448,2.868384,6.837887,166,23819,0,0
554,1,7.573954,2.051514,46.035787,1.542067,4.813409,59.965217,5.709717,5.239834,24.841339,3.649465,3.489166,8.415002,203,28830,0,0
555,1,2.946337,2.045505,40.238227,1.547791,15.233432,59.965786,5.035071,4.599138,21.110155,2.897268,3.030182,6.987681,166,23819,0,0
556,1,2.905802,2.059048,46.350627,1.539463,9.162855,59.958747,6.028890,5.313761,24.864519,3.533162,3.563260,8.213274,203,28830,0,0
557,1,7.435974,2.048855,40.611721,2.395338,9.524434,59.967468,5.261882,4.470513,21.110104,2.975840,2.903554,7.034980,166,23819,0,0
558,1,2.927124,2.047139,46.519314,1.538493,8.978611,59.963542,5.693136,5.375481,25.235531,3.641025,3.493008,8.417986,203,28830,0,0
559,1,2.946676,2.037360,40.642131,1.540005,14.854777,59.983588,4.975087,4.594744,21.243601,2.830187,3.046387,6.783746,166,23819,0,0
560,1,2.907857,2.064372,46.329542,1.532511,9.186150,59.956061,5.722327,5.304379,25.161458,3.666144,3.581173,8.066647,203,28830,0,0
561,1,8.505595,2.085910,40.601440,1.547248,9.301778,59.956061,5.050839,4.538428,21.138438,2.945669,2.919800,6.944065,166,23819,0,0
562,1,78.443654,2.015862,46.274105,1.543613,13.704203,139.965576,5.750027,5.360033,25.055122,3.459059,3.487515,8.262729,203,28830,0,0
563,1,2.903592,2.059367,40.556939,1.533576,14.964193,59.958299,5.156447,4.443434,20.917643,2.882263,2.838908,7.059916,166,23819,0,0
564,1,2.976115,2.072279,46.243035,1.545776,9.200751,59.965678,5.770369,5.062581,25.306091,3.501255,3.617174,8.265815,203,28830,0,0
565,1,7.931017,2.072150,40.599046,1.533644,9.901761,59.965468,5.092478,4.448805,21.145593,2.883396,2.944194,6.993011,166,23819,0,0
566,1,7.372437,2.014282,46.221592,1.565084,4.806763,59.965875,5.763777,5.282549,24.898858,3.411791,3.492655,8.376946,203,28830,0,0
567,1,2.896851,2.053874,40.503574,1.534966,15.000020,59.935411,4.970801,4.427599,21.219567,2.852515,2.801619,7.059387,166,23819,0,0
568,1,2.973117,2.055155,46.303033,1.542535,9.146200,59.964884,5.735697,5.180267,25.335056,3.560306,3.572771,8.448968,203,28830,0,0
569,1,7.649848,2.014404,40.380568,1.542901,10.392632,59.965949,5.001292,4.303257,21.303375,2.806356,2.947083,7.011336,166,23819,0,0
570,1,7.192776,2.067783,46.389370,1.548645,4.834588,59.965380,5.907121,5.178989,24.923937,3.433712,3.600274,8.457550,203,28830,0,0
571,1,2.927700,2.051331,40.485582,1.581923,14.970439,59.965644,5.040015,4.390774,21.319682,2.944892,2.985036,6.738878,166,23819,0,0
572,1,2.927212,2.053141,46.447008,1.544773,9.039775,59.958767,5.692067,5.320923,25.234979,3.538205,3.659427,8.335887,203,28830,0,0
573,1,7.293545,2.081523,40.596707,1.564772,10.509766,59.964789,5.026031,4.523115,21.206875,3.056051,2.892629,6.752574,166,23819,0,0
574,1,2.936964,2.048089,46.505188,1.587518,8.936076,59.965746,5.835839,4.965576,25.587636,3.731615,3.662276,8.395877,203,28830,0,0
575,1,18.184930,2.052239,40.576070,1.486660,19.717529,79.965190,4.943573,4.537584,21.192800,2.792494,3.091332,7.046482,166,23819,0,0
576,1,2.941732,2.062561,46.445177,1.540656,9.037686,59.965251,5.813704,5.370863,25.193336,3.760223,3.374980,8.143185,203,28830,0,0
577,1,8.597168,2.044569,40.264147,1.570401,9.533698,59.965413,5.073805,4.331618,21.054542,3.164683,2.725043,6.838165,166,23819,0,0
578,1,2.902378,2.059801,46.301487,1.536689,9.224474,59.965027,5.548167,5.431237,25.065304,3.356862,3.539435,8.446855,203,28830,0,0
579,1,6.923021,2.047363,40.194207,1.544562,11.304199,59.965990,5.147732,4.674310,20.905887,2.800564,3.045875,6.955505,166,23819,0,0
580,1,2.937934,2.048503,46.210924,1.539483,9.276998,59.965339,5.761522,5.133291,24.847792,3.694010,3.409966,8.380307,203,28830,0,0
581,1,7.464661,2.018962,40.068353,1.583957,10.842021,59.958991,5.004347,4.537920,21.041501,2.846181,2.848090,6.866594,166,23819,0,0
582,1,2.933634,2.049249,46.303609,1.566264,9.188897,59.992405,5.836249,5.384820,24.912059,3.505544,3.614417,8.234734,203,28830,0,0
583,1,2.897163,2.053182,40.565301,1.561883,14.913486,59.937832,4.978363,4.633915,21.098043,2.769602,2.785153,6.787547,166,23819,0,0
584,1,2.945068,2.046360,46.256829,1.539293,9.224759,59.965949,5.751923,5.094038,25.095785,3.434523,3.751855,8.449117,203,28830,0,0
585,1,7.441386,2.045085,40.516120,1.547967,10.459493,59.964966,5.172126,4.254235,21.278920,2.840190,2.961711,6.992384,166,23819,0,0
586,1,2.924635,2.049676,46.357422,1.543606,9.111206,59.936869,5.740116,5.440552,25.119151,3.437012,3.655640,8.383467,203,28830,0,0
587,1,72.661316,2.050781,40.512919,1.542792,5.219482,119.936510,4.862640,4.571625,21.237383,2.804043,2.933221,7.045342,166,23819,0,0
588,1,2.884833,2.041619,46.471388,1.538554,9.071052,59.965827,5.932509,5.286811,24.980943,3.660604,3.625125,8.218953,203,28830,0,0
589,1,7.788208,2.043098,40.312907,1.540541,10.316603,59.958259,5.080065,4.349328,21.101983,2.895667,2.828620,6.909319,166,23819,0,0
590,1,2.930969,2.056166,46.233968,1.561361,9.261346,59.987644,5.781779,5.196350,25.325806,3.782840,3.673998,8.488586,203,28830,0,0
591,1,7.068000,2.055528,40.394396,1.542209,10.938497,59.943102,5.015455,4.463576,21.108897,2.914205,2.928674,6.893348,166,23819,0,0
592,1,2.891337,2.046305,46.480564,1.544040,9.020650,59.936591,5.657528,5.242238,25.359480,3.713640,3.482707,8.157233,203,28830,0,0
593,1,6.572795,2.051961,40.094293,1.548720,11.710307,59.926114,4.998847,4.383959,21.302317,2.921800,3.030707,6.976749,166,23819,0,0
594,1,2.902161,2.057102,46.365940,1.536580,9.160489,59.965169,5.889228,5.351403,25.084049,3.524919,3.671071,8.331685,203,28830,0,0
595,1,7.465007,2.056912,40.532322,1.537089,10.431363,59.965780,5.122504,4.571381,20.851329,2.886861,2.866675,7.088291,166,23819,0,0
596,1,2.914307,2.037123,46.528110,1.532213,8.990316,59.964945,5.580366,5.398570,25.246897,3.756612,3.552168,8.342228,203,28830,0,0
597,1,8.590474,2.060160,40.326857,1.547051,9.519992,59.984375,5.190070,4.371128,21.104357,2.990485,2.895559,6.783237,166,23819,0,0
598,1,2.896098,2.053223,46.393697,1.537523,9.112813,59.940131,5.941494,5.382796,24.894240,3.418379,3.569936,8.126448,203,28830,0,0
599,1,2.926459,2.050184,40.459181,1.538486,15.012058,59.936184,5.192271,4.278934,21.211677,2.955407,2.869008,6.863915,166,23819,0,0
600,1,17.225878,2.052450,46.460259,1.572598,14.706706,79.965441,5.732066,5.091326,25.445041,3.424778,3.749352,8.573066,203,28830,0,0
601,1,7.335368,2.042860,40.687819,1.541233,10.401021,59.965441,4.939314,4.343675,21.296733,2.895844,2.819122,6.934648,166,23819,0,0
602,1,2.939107,2.061015,46.148838,1.544474,9.332818,59.965237,5.729709,5.159397,24.829773,3.549242,3.455414,8.338362,203,28830,0,0
603,1,2.967265,2.061381,40.279005,1.553745,15.182190,59.982205,4.959178,4.539825,21.210612,2.815063,3.082004,6.984606,166,23819,0,0
604,1,7.252930,2.051127,46.193298,1.543593,4.958571,59.948391,5.632582,5.436662,24.941840,3.641947,3.380710,8.252455,203,28830,0,0
605,1,7.898770,2.031040,40.563429,1.533047,9.971069,59.966315,5.126950,4.373322,21.267381,3.168003,2.787496,6.951457,166,23819,0,0
606,1,2.932482,2.053996,46.429335,1.542107,9.031955,59.935879,5.706512,5.295485,25.275523,3.496613,3.666439,8.436513,203,28830,0,0
607,1,2.934469,2.040195,40.310438,1.540181,15.193129,59.978217,4.979811,4.395711,21.256405,2.923842,2.892442,6.892653,166,23819,0,0
608,1,2.921882,2.049900,46.339023,1.619846,9.166965,60.047716,5.629079,5.370090,25.077935,3.528293,3.584656,8.290073,203,28830,0,0
609,1,8.581177,2.071391,40.525689,1.542548,9.214952,59.864366,5.473901,4.387309,20.998128,2.914327,2.912384,6.796027,166,23819,0,0
610,1,2.960097,2.014316,46.078484,1.537760,9.389221,59.965563,5.742913,5.331217,24.727915,3.402727,3.320265,8.228638,203,28830,0,0
611,1,2.927544,2.011468,40.384562,1.564982,15.111050,59.988139,5.128364,4.185883,21.335354,2.853444,2.867082,6.972097,166,23819,0,0
612,1,77.496602,2.049778,46.288981,1.561388,14.619609,139.966580,5.709930,5.178596,25.103587,3.437924,3.575361,8.408196,203,28830,0,0
613,1,6.538479,2.051019,40.364271,1.537096,11.500875,59.940721,5.250349,4.515110,20.804230,2.724928,2.914975,6.939894,166,23819,0,0
614,1,2.935479,2.014242,46.224609,1.543939,9.254713,59.958740,5.732863,5.078491,25.244039,3.653395,3.695001,8.354689,203,28830,0,0
615,1,2.936849,2.057387,40.342319,1.548584,15.107029,59.934781,5.015483,4.385464,21.284814,2.945068,3.082536,6.837474,166,23819,0,0
616,1,7.511542,2.049561,46.472663,1.538466,4.442769,59.965441,5.857435,5.094520,25.108029,3.551649,3.552514,8.459527,203,28830,0,0
617,1,8.539958,2.038038,40.441325,1.541680,9.413323,59.936286,5.369622,4.555176,20.743371,2.764981,2.905151,6.960924,166,23819,0,0
618,1,2.929847,2.012132,46.252953,1.543708,9.239156,59.965664,5.769779,5.000831,25.358073,3.591058,3.684713,8.416328,203,28830,0,0
619,1,2.974752,2.052504,40.378554,1.537415,15.095276,59.985996,4.987668,4.354204,21.247837,2.890849,2.947137,6.836043,166,23819,0,0
620,1,7.289408,2.024862,46.258443,1.540378,4.866835,59.955065,5.735701,5.143389,25.105272,3.470771,3.495853,8.341173,203,28830,0,0
621,1,8.414327,2.056810,40.666504,1.540331,9.333557,59.954719,5.001533,4.393483,21.483049,3.107914,3.073212,6.965224,166,23819,0,0
622,1,2.949483,2.060642,46.072788,1.542148,9.400289,59.964708,5.797068,5.264730,24.959564,3.700826,3.558699,8.192501,203,28830,0,0
623,1,2.952426,2.012424,40.325012,1.563429,15.144572,59.985440,5.157433,4.374474,20.838755,2.798886,2.871989,6.860877,166,23819,0,0
624,1,2.901659,2.058384,46.467353,1.544061,9.024658,59.937731,5.820363,5.343967,25.251102,3.549594,3.591539,8.402422,203,28830,0,0
625,1,22.347127,2.029433,40.518521,1.550435,15.549357,79.965441,4.941989,4.616109,21.120154,2.838148,2.822191,6.978092,166,23819,0,0
626,1,2.926731,2.009237,46.218296,1.545559,9.274848,59.965434,5.826528,5.079057,24.996067,3.545078,3.527008,8.446984,203,28830,0,0
627,1,2.975165,2.070380,40.319424,1.537781,15.133091,59.965461,5.118835,4.397685,20.870975,3.030484,2.802975,6.917633,166,23819,0,0
628,1,2.875468,2.031820,46.344598,1.540609,9.204603,59.965278,5.721252,5.356527,25.044505,3.703654,3.377031,8.223796,203,28830,0,0
629,1,11.323812,2.032274,40.206970,1.539435,6.894714,59.964932,4.958462,4.494341,21.143965,2.828105,2.862373,7.013574,166,23819,0,0
630,1,2.933167,2.051534,46.185154,1.540649,9.306308,59.965278,5.835442,4.977193,25.085236,3.465010,3.606191,8.396196,203,28830,0,0
631,1,2.971727,2.064941,40.329942,1.531175,15.126133,59.958978,5.098646,4.429325,20.925568,3.087172,2.801724,6.753438,166,23819,0,0
632,1,2.885390,2.044515,46.525587,1.534397,9.019409,59.964783,6.025743,5.182790,25.277768,3.646294,3.600752,8.411323,203,28830,0,0
633,1,7.540025,2.048570,40.555108,1.538988,10.331197,59.965318,5.073229,4.457591,21.043460,3.028904,2.826572,6.930335,166,23819,0,0
634,1,2.926880,2.051276,46.165561,1.542806,9.329841,59.965088,5.630988,5.214474,25.086721,3.599423,3.566515,8.432641,203,28830,0,0
635,1,2.966498,2.060771,40.221429,1.549954,15.227051,59.964932,5.111023,4.366937,21.252594,2.959520,2.985806,7.119612,166,23819,0,0
636,1,2.877089,2.033569,46.444316,1.533379,9.110942,59.965725,5.856069,5.153690,25.130666,3.575117,3.605547,8.314029,203,28830,0,0
637,1,87.612196,2.064311,40.426615,1.551954,10.374044,139.964810,5.150835,4.344299,21.179850,2.938253,2.835514,7.022593,166,23819,0,0
638,1,2.956360,2.050117,46.098029,1.551995,9.359422,59.965807,5.837904,5.155582,24.960297,3.449846,3.644107,8.410919,203,28830,0,0
639,1,2.946459,2.068495,40.496691,1.542555,14.972107,59.957811,4.976752,4.408447,21.210263,3.153588,2.956923,6.771271,166,23819,0,0
640,1,2.932237,2.058011,46.341193,1.532138,9.160400,59.965970,6.073937,5.383114,24.619866,3.523868,3.493371,8.163557,203,28830,0,0
641,1,14.543891,2.059509,40.659417,1.535109,3.226576,59.964993,5.145633,4.581194,21.132816,2.916579,2.915500,6.966437,166,23819,0,0
642,1,2.985521,2.040853,46.169033,1.540683,9.270813,59.966051,5.756554,5.012902,25.189402,3.567824,3.604228,8.442301,203,28830,0,0
643,1,2.924852,2.011617,40.308811,1.541043,15.190328,59.965034,5.087297,4.362508,20.985979,2.920770,2.940148,6.945719,166,23819,0,0
644,1,2.920410,2.053575,46.372850,1.547363,9.124363,59.964986,5.772386,5.493659,24.940084,3.478587,3.698998,8.320435,203,28830,0,0
645,1,11.499837,2.044501,40.253533,1.540087,6.672329,59.965786,5.056132,4.466454,21.318095,2.996616,2.891585,7.030423,166,23819,0,0
646,1,2.974033,2.028992,46.189752,1.542169,9.258870,59.964823,5.683183,5.019389,25.304582,3.561449,3.540185,8.339264,203,28830,0,0
647,1,2.935018,2.055271,40.471124,1.540480,15.028883,59.975505,5.066800,4.418467,21.315908,3.106686,2.982452,7.053352,166,23819,0,0
648,1,2.904575,2.047546,46.394694,1.545458,9.103644,59.948371,5.813154,4.985504,25.248993,3.600098,3.579024,8.449666,203,28830,0,0
649,1,7.557149,2.035624,42.149977,1.541945,8.716166,59.965237,5.015628,4.361681,21.372233,3.092719,2.991635,6.952484,166,23819,0,0
650,1,19.878031,2.053162,46.295492,1.543443,12.248501,79.965468,6.096558,5.033542,24.877987,3.440667,3.515140,8.476176,203,28830,0,0
651,1,2.938212,2.051392,40.430847,1.541660,15.054749,59.965468,5.104397,4.280073,21.006276,2.810048,2.970707,6.984049,166,23819,0,0
652,1,2.955648,2.050273,46.534437,1.551866,8.923326,59.965278,5.871867,5.230374,25.274879,3.597826,3.589800,8.327939,203,28830,0,0
653,1,7.895779,2.017402,40.409370,1.548828,10.081984,59.935961,5.054070,4.421583,21.209903,2.899482,2.898821,6.931132,166,23819,0,0
654,1,10.491557,2.089396,46.353027,1.531874,1.588555,59.965013,5.722422,5.165056,25.189117,3.469625,3.507555,8.180386,203,28830,0,0
655,1,2.915080,2.072049,40.594991,1.536730,14.919210,59.966010,5.293247,4.387546,21.164964,3.092767,2.927216,6.831818,166,23819,0,0
656,1,2.962585,2.058879,46.190762,1.543247,9.268392,59.964986,5.815128,5.327352,24.980737,3.641347,3.495178,8.237091,203,28830,0,0
657,1,8.480347,2.047465,40.326477,1.538378,9.613729,59.958930,4.917182,4.578946,21.339688,2.975064,2.983229,7.002658,166,23819,0,0
658,1,2.936551,2.050503,46.362311,1.550395,9.087579,59.936835,6.013953,5.337016,24.702243,3.424578,3.393294,8.193895,203,28830,0,0
659,1,2.898695,2.051453,40.602254,1.535305,14.898865,59.935120,4.991665,4.693956,21.170946,2.813870,2.921160,7.074453,166,23819,0,0
660,1,2.899936,2.053731,46.422784,1.560357,9.082113,59.965190,5.839583,5.260912,25.202257,3.576541,3.666897,8.443915,203,28830,0,0
661,1,7.103943,2.066745,40.497620,1.531731,10.803284,59.936578,5.026662,4.340675,21.290911,2.922387,3.247423,6.886732,166,23819,0,0
662,1,73.006978,2.062500,46.401238,1.453512,19.104370,139.966098,5.952423,5.294959,24.723768,3.362247,3.492245,8.319963,203,28830,0,0
663,1,2.953389,2.009888,40.389343,1.548069,15.074280,59.965081,5.246063,4.261824,21.284739,2.747687,3.277978,7.032481,166,23819,0,0
664,1,2.891710,2.047655,46.389418,1.567132,9.107646,59.955905,5.626319,5.319095,25.168403,3.609996,3.483066,8.336100,203,28830,0,0
665,1,6.332147,2.083171,40.770745,1.540154,11.294535,59.937581,4.999291,4.573361,21.384803,2.973670,3.037845,7.151449,166,23819,0,0
666,1,7.214383,2.012695,46.252387,1.541545,4.957086,59.965400,5.685879,5.343499,25.140757,3.600260,3.495185,8.334812,203,28830,0,0
667,1,2.916979,2.073480,40.549547,1.567464,14.952291,59.986281,5.301476,4.456418,21.063995,2.902215,2.805474,7.071147,166,23819,0,0
668,1,2.941230,2.063368,46.598823,1.536594,8.867472,59.944119,5.772010,5.118730,25.449226,3.592994,3.665799,8.194095,203,28830,0,0
669,1,7.602580,2.047689,40.537916,1.538690,10.286641,59.965827,5.040022,4.450823,21.121165,2.906535,2.861308,6.980554,166,23819,0,0
670,1,7.759827,2.054905,46.158040,1.538852,4.478204,59.934923,5.898421,5.254628,24.917189,3.525001,3.499773,8.306200,203,28830,0,0
671,1,2.902310,2.056593,40.595778,1.542284,14.924866,59.965237,5.240641,4.544071,21.057376,2.802721,2.995260,7.014442,166,23819,0,0
672,1,2.964620,2.057719,46.413995,1.539463,9.046794,59.964871,5.540470,5.239295,25.443614,3.394226,3.634118,8.412777,203,28830,0,0
673,1,8.080892,2.058221,40.692749,1.545573,9.660611,59.979824,4.792433,4.506307,21.364627,3.008558,3.070004,6.954525,166,23819,0,0
674,1,2.924669,2.049194,46.342523,1.540521,9.157057,59.964769,5.667572,5.236677,25.180132,3.334724,3.489234,8.282016,203,28830,0,0
675,1,20.084127,2.066610,40.417636,1.454468,17.987935,79.944166,5.150689,4.294006,21.167135,2.833988,2.798655,7.024170,166,23819,0,0
676,1,2.958103,2.041626,46.195048,1.543382,9.269192,59.965725,5.823941,5.206340,25.061893,3.406257,3.637604,8.504320,203,28830,0,0
677,1,7.356798,2.056620,40.443108,2.362495,9.804796,59.967197,5.257673,4.392117,21.017612,2.903520,2.721174,6.791439,166,23819,0,0
678,1,2.922587,2.046380,46.402805,1.537306,9.070760,59.933458,5.783735,5.250719,25.185086,3.681234,3.594883,8.143450,203,28830,0,0
679,1,7.669766,2.052619,40.565932,1.536770,10.192952,59.965420,5.168413,4.330302,20.971273,2.746806,2.834815,6.811778,166,23819,0,0
680,1,2.910719,2.039714,46.492547,1.530436,9.031406,59.965108,5.867835,4.992655,25.377367,3.597283,3.554484,8.436903,203,28830,0,0
681,1,7.924811,2.063409,40.512682,1.533298,9.987508,59.958299,5.066840,4.425442,21.248159,2.841783,2.793223,7.001780,166,23819,0,0
682,1,2.977987,2.074307,46.166850,1.548143,9.272441,59.965420,5.683428,5.122904,25.005530,3.359623,3.570964,8.432370,203,28830,0,0
683,1,2.936917,2.057387,40.360569,1.536424,15.141479,59.975389,5.140788,4.308065,21.124400,2.997179,2.949097,6.915232,166,23819,0,0
684,1,2.901510,2.031141,46.546278,1.533095,8.974874,59.955756,6.029951,5.309113,24.973206,3.450304,3.533203,8.481469,203,28830,0,0
685,1,9.026001,2.028185,40.524163,1.539971,8.875183,59.965318,5.165788,4.391310,21.165154,2.776591,2.825477,6.963671,166,23819,0,0
686,1,2.970571,2.052619,46.111467,1.550354,9.333211,59.965603,5.760891,5.351732,24.681980,3.419284,3.525469,8.282084,203,28830,0,0
687,1,77.095072,2.057509,40.321459,1.513299,1.035116,119.964945,5.009928,4.399851,21.151672,2.929281,2.991597,6.918932,166,23819,0,0
688,1,2.932271,2.013360,46.214308,1.544352,9.274509,59.965441,5.684207,5.228743,25.109819,3.649085,3.546048,8.403069,203,28830,0,0
689,1,7.612047,2.055196,40.621575,1.568922,10.188721,59.991265,4.995978,4.450290,21.341356,3.018870,2.848626,6.984711,166,23819,0,0
690,1,2.896634,2.054993,46.343947,1.536085,9.155999,59.932665,5.831892,5.249447,25.096266,3.493849,3.555545,8.322279,203,28830,0,0
691,1,7.044230,2.053101,40.527276,1.540907,10.824565,59.936978,4.882399,4.284654,21.313544,2.846805,2.799364,7.008915,166,23819,0,0
692,1,2.885091,2.038242,46.346653,1.539890,9.194255,59.965888,5.935771,5.254856,25.048570,3.579081,3.716587,8.235891,203,28830,0,0
693,1,7.415405,2.069302,40.594354,1.539768,10.415710,59.965237,5.101715,4.389126,21.114221,2.817457,3.023556,6.986606,166,23819,0,0
694,1,2.940538,2.062480,46.146579,1.543532,9.334757,59.965407,5.846181,5.070235,24.783095,3.537632,3.461141,8.323422,203,28830,0,0
695,1,8.125522,2.069417,40.107985,1.537354,10.207269,59.978129,5.124356,4.523376,21.116258,3.203230,2.818024,6.670098,166,23819,0,0
696,1,2.888170,2.043742,46.549344,1.537882,8.977844,59.953240,5.943088,5.324853,25.176687,3.595988,3.670739,8.432176,203,28830,0,0
697,1,7.267402,2.011746,40.198798,1.535231,10.964274,59.965705,5.343028,4.374878,20.598602,2.815457,2.859701,6.780023,166,23819,0,0
698,1,2.934801,2.045593,46.293382,1.533888,9.195841,59.957913,5.790663,5.055257,25.145708,3.606835,3.536879,8.248071,203,28830,0,0
699,1,2.970639,2.028748,40.390845,1.542067,15.061930,59.965481,5.199249,4.306905,20.961816,2.790609,2.999108,7.013000,166,23819,0,0
700,1,19.040290,2.059672,46.456760,1.542148,12.926636,79.965834,5.876736,5.279171,25.103973,3.643043,3.653714,8.351929,203,28830,0,0
701,1,7.559753,2.058282,40.330729,1.545281,10.529046,59.964810,5.034651,4.381165,21.005578,2.842367,2.794298,7.096432,166,23819,0,0
702,1,2.904650,2.061157,46.407986,1.541239,9.114556,59.968431,5.700073,5.325467,25.118140,3.491089,3.645721,8.066491,203,28830,0,0
703,1,2.935452,2.050212,40.666673,1.536397,14.824110,59.962633,5.115767,4.394385,21.296448,2.836229,3.079610,7.026123,166,23819,0,0
704,1,7.401272,2.055861,46.454068,1.538466,4.571716,59.965522,5.964539,5.337324,24.985474,3.614404,3.601949,8.298587,203,28830,0,0
705,1,7.792792,2.041382,40.698520,1.527866,9.946567,59.965746,4.988624,4.469269,21.217099,2.862861,3.035333,7.096395,166,23819,0,0
706,1,2.925673,2.051622,46.033000,1.570421,9.464417,59.993510,5.624624,5.402991,24.814521,3.469645,3.614811,8.328064,203,28830,0,0
707,1,2.934862,2.052266,40.498976,1.539239,14.957458,59.930535,4.949897,4.332998,21.313907,3.154494,2.781023,6.864553,166,23819,0,0
708,1,2.890184,2.044488,46.426426,1.535068,9.112976,59.964654,5.977892,5.132775,25.106744,3.682977,3.526011,8.227108,203,28830,0,0
709,1,7.114573,2.055657,40.462385,1.540087,10.848660,59.965705,5.019457,4.330756,21.367164,2.804945,3.167440,7.043871,166,23819,0,0
710,1,2.936930,2.057949,46.115106,1.539625,9.373928,59.965590,5.846303,5.145610,24.987888,3.424818,3.611766,8.431630,203,28830,0,0
711,1,2.967082,2.050517,40.241794,1.543518,15.213128,59.965522,4.917297,4.333625,21.124027,3.070374,2.911157,6.753028,166,23819,0,0
712,1,79.399828,2.063931,46.252252,1.546705,12.766663,139.965447,5.910438,5.277818,24.850803,3.648505,3.444858,8.180905,203,28830,0,0
713,1,7.612169,2.082614,40.960259,1.534634,9.858073,59.965135,5.171977,4.463782,21.429277,2.863936,2.972280,7.126010,166,23819,0,0
714,1,2.880174,2.035590,46.340705,1.538737,9.205621,59.965237,6.030467,5.342309,24.774095,3.426914,3.527812,8.376251,203,28830,0,0
715,1,2.906881,2.034017,40.524794,1.537042,14.990295,59.959012,5.139838,4.364763,21.184726,2.912798,2.999006,7.037493,166,23819,0,0
716,1,8.242744,2.071974,46.388048,1.543755,3.791423,59.965970,5.985372,5.262556,24.859826,3.633263,3.488020,8.352576,203,28830,0,0
717,1,7.578959,2.051704,40.549133,1.544000,10.263685,59.935777,5.028280,4.431712,21.124654,2.893772,2.718404,7.018497,166,23819,0,0
718,1,2.895182,2.049120,46.358961,1.535211,9.176676,59.966031,6.078186,5.278063,24.765259,3.613091,3.531267,8.276452,203,28830,0,0
719,1,2.906481,2.032810,40.532342,1.538527,14.987773,59.965122,5.139794,4.351291,21.150621,2.865323,2.903846,7.043613,166,23819,0,0
840,2,2.892741,2.069845,17.077949,0.986599,18.989448,39.946737,2.564412,1.274641,10.925849,1.624946,1.202254,4.057397,71,13028,0,0
841,2,12.099067,2.031677,14.684638,1.007724,12.173584,39.965013,1.920763,1.060388,9.490044,1.326769,0.936303,3.752719,59,11281,0,0
842,2,2.830797,2.045532,16.903653,0.977234,19.253940,39.965624,2.408288,1.269630,10.920776,1.539025,1.208384,4.127991,71,13028,0,0
843,2,2.863471,2.043620,14.395189,1.001702,1.705058,19.965420,2.059875,0.950368,9.537472,1.468987,0.937259,3.639754,59,11281,0,0
844,2,2.891893,2.041002,17.022637,1.002455,19.048401,39.965386,2.316199,1.236972,10.940518,1.494344,1.167233,4.120846,71,13028,0,0
845,2,10.987976,2.043552,14.746209,1.003445,13.227437,39.965068,2.026428,0.980503,9.686445,1.280694,1.008043,3.722215,59,11281,0,0
846,2,2.833076,2.045614,16.922560,0.981310,19.228617,39.965563,2.453786,1.333662,10.689165,1.473317,1.202911,4.185635,71,13028,0,0
847,2,2.840007,2.053216,14.327406,1.013089,1.792582,19.973083,2.001556,1.042674,9.490909,1.306417,0.972622,3.701135,59,11281,0,0
848,2,2.860582,2.043559,16.930427,0.982639,19.177083,39.950731,2.439507,1.109782,10.928697,1.419817,1.270596,4.124478,71,13028,0,0
849,2,7.495633,2.034119,14.663649,1.063924,16.742093,39.965298,2.088582,0.909546,9.599867,1.358683,1.101990,3.646471,59,11281,0,0
850,2,18.241720,2.004720,16.841078,1.003370,3.878981,39.965149,2.418477,1.183122,10.903273,1.552277,1.329258,4.157271,71,13028,0,0
851,2,2.839661,2.051432,14.344354,1.034370,1.718486,19.936869,1.922529,0.994086,9.551734,1.476874,1.010464,3.572744,59,11281,0,0
852,2,2.856269,2.044854,17.123867,0.974575,19.010871,39.965583,2.498359,1.143985,11.108578,1.534559,1.183170,4.222541,71,13028,0,0
853,2,7.353767,2.017063,14.622674,1.008830,16.980170,39.965441,2.007701,0.987525,9.573232,1.283786,1.043606,3.756897,59,11281,0,0
854,2,7.321682,2.058797,16.911953,1.005025,14.726617,39.965278,2.422241,1.191166,10.890394,1.448466,1.207981,4.228271,71,13028,0,0
855,2,2.916206,2.060052,14.481683,1.003303,1.564067,19.965257,1.999905,1.022610,9.628018,1.278985,0.971822,3.682699,59,11281,0,0
856,2,2.860372,2.040914,16.973443,1.014065,19.122253,39.970133,2.408149,1.267100,10.800456,1.446950,1.166419,4.202579,71,13028,0,0
857,2,7.038174,2.046258,14.710910,1.006809,17.204603,39.960497,2.000258,1.054097,9.583601,1.348653,0.972812,3.769643,59,11281,0,0
858,2,2.863322,2.042765,16.950894,0.982110,19.139852,39.936178,2.289730,1.223918,11.056797,1.667660,1.323229,4.185649,71,13028,0,0
859,2,2.871711,1.973884,14.378140,0.998101,1.716715,19.964667,1.899560,0.981968,9.563958,1.462396,0.971375,3.685883,59,11281,0,0
860,2,2.867174,2.008823,17.111579,0.978170,19.008660,39.965583,2.450836,1.200758,11.089712,1.691511,1.253984,4.089552,71,13028,0,0
861,2,7.292487,2.062378,14.824212,1.003242,16.845601,39.965542,1.961015,1.031616,9.632446,1.322198,1.012058,3.674076,59,11281,0,0
862,2,78.753710,2.060181,16.900465,1.006795,3.297411,99.958381,2.346829,1.169969,11.022881,1.591176,1.265418,4.166809,71,13028,0,0
863,2,2.874254,2.050707,14.764777,1.004022,1.321757,19.964810,2.000814,1.073290,9.556274,1.388075,0.932064,3.641886,59,11281,0,0
864,2,2.859972,2.000651,17.061164,0.978509,19.065938,39.965583,2.370368,1.155914,11.171553,1.627909,1.403700,4.162150,71,13028,0,0
865,2,7.479601,2.040921,14.659268,1.005303,16.841471,39.985643,1.919278,1.025384,9.574917,1.321804,0.965210,3.723969,59,11281,0,0
866,2,6.576335,2.060404,17.072333,0.999139,14.244486,38.892293,2.463715,1.143578,11.018317,1.501882,1.274665,4.143606,71,13028,0,0
867,2,2.863003,2.040317,14.866184,1.004652,1.231154,19.964993,2.047092,0.944689,9.780670,1.454176,0.960256,3.695665,59,11281,0,0
868,2,2.868062,2.001383,17.079942,0.987067,19.000210,39.935282,2.394240,1.188009,11.071679,1.706143,1.169359,4.091705,71,13028,0,0
869,2,7.421353,2.044332,14.743557,1.002733,16.797431,39.965074,2.112627,1.034054,9.531162,1.241319,1.038452,3.781830,59,11281,0,0
870,2,7.403388,2.034220,16.943753,1.001777,14.615933,39.964851,2.499393,1.261085,10.849152,1.533810,1.135206,4.159030,71,13028,0,0
871,2,2.864115,2.044122,14.381619,1.002346,1.717007,19.965088,1.949677,1.071089,9.523248,1.432875,1.045464,3.696072,59,11281,0,0
872,2,2.886726,2.040385,16.994127,0.976373,19.108236,39.965461,2.447205,1.190755,11.024953,1.593469,1.165239,4.048191,71,13028,0,0
873,2,7.399685,2.047852,14.762946,1.004184,16.798096,39.964912,2.045386,0.955305,9.611515,1.242432,1.012472,3.810642,59,11281,0,0
874,2,2.827576,2.041979,16.968621,0.977946,19.230157,40.004300,2.404015,1.318393,10.850382,1.514435,1.168220,4.190874,71,13028,0,0
875,2,18.534573,2.020284,14.448595,1.000875,5.935459,39.919501,1.904304,0.952081,9.794634,1.408108,1.007199,3.738346,59,11281,0,0
876,2,2.888109,2.044189,17.030613,0.978014,19.068563,39.965298,2.520735,1.189423,10.905765,1.469628,1.304369,4.241886,71,13028,0,0
877,2,7.245429,2.045166,14.376756,0.998203,17.345439,39.965827,2.007334,1.038503,9.537543,1.405528,0.962782,3.729994,59,11281,0,0
878,2,2.834880,2.047974,16.969591,1.012349,19.148024,39.964844,2.361345,1.155409,11.044800,1.490065,1.277639,4.196754,71,13028,0,0
879,2,7.970222,2.057088,14.287198,1.005425,16.702942,39.965786,2.062246,1.035319,9.429643,1.289856,1.040429,3.743557,59,11281,0,0
880,2,2.846497,2.058675,17.010790,1.005639,19.101596,39.964522,2.279473,1.238597,11.022417,1.594764,1.232042,4.176286,71,13028,0,0
881,2,7.535326,2.055230,14.471768,1.010735,16.918945,39.936774,1.873420,0.945689,9.809048,1.534485,1.078783,3.718862,59,11281,0,0
882,2,2.905077,2.020447,17.053155,0.980679,19.026347,39.965257,2.319180,1.266534,11.043949,1.415944,1.241720,4.236447,71,13028,0,0
883,2,2.833564,2.048014,14.338311,1.013780,1.779419,19.965074,2.035845,0.996813,9.503876,1.367140,0.967862,3.683299,59,11281,0,0
884,2,2.820502,2.035129,17.108242,1.009854,19.026476,39.965074,2.408207,1.304806,10.838657,1.485202,1.237213,4.242076,71,13028,0,0
885,2,7.518677,2.055786,14.866055,1.010857,16.540426,39.936015,2.170525,0.952040,9.564931,1.433648,1.008945,3.825650,59,11281,0,0
886,2,2.866645,2.018717,16.940335,0.977403,19.179938,39.964322,2.449975,1.222704,10.889686,1.499285,1.250631,4.123084,71,13028,0,0
887,2,80.312907,2.008179,14.398777,1.012994,4.240919,99.965597,1.988692,0.989766,9.606211,1.194594,1.083849,3.778025,59,11281,0,0
888,2,2.833828,2.044868,17.091621,0.987359,19.046387,39.959195,2.437436,1.371633,10.838701,1.524099,1.167277,4.114092,71,13028,0,0
889,2,7.286038,2.052124,14.814609,1.001980,16.862345,39.964973,1.963064,0.991794,9.764821,1.391730,1.119564,3.693129,59,11281,0,0
890,2,2.824280,2.036499,17.074226,0.977960,19.061320,39.937785,2.573754,1.148794,10.979492,1.483795,1.165039,4.360074,71,13028,0,0
891,2,8.104865,2.043599,14.441250,1.005222,16.414449,39.965786,1.994554,0.986515,9.694346,1.245660,1.004768,3.696699,59,11281,0,0
892,2,2.878357,2.042074,17.003086,0.975593,19.107625,39.964661,2.344215,1.107595,11.051171,1.648773,1.243201,4.087382,71,13028,0,0
893,2,7.194994,2.063883,14.539354,0.999607,17.231730,39.965685,2.122362,1.015893,9.556196,1.239115,0.932855,3.823293,59,11281,0,0
894,2,2.826965,2.041138,16.878370,1.031687,19.283671,40.020694,2.389838,1.110643,11.011373,1.452328,1.289714,4.217845,71,13028,0,0
895,2,7.134325,2.081658,14.711541,1.012261,17.051629,39.909756,1.960646,1.084225,9.539103,1.279460,1.009732,3.688358,59,11281,0,0
896,2,2.884020,2.043654,17.033074,0.977912,19.070821,39.965827,2.520871,1.193420,10.909058,1.504398,1.187436,4.172000,71,13028,0,0
897,2,7.627543,2.054016,14.472053,1.008172,16.857218,39.964986,2.005103,0.910119,9.723487,1.290568,1.066694,3.767375,59,11281,0,0
898,2,2.844977,2.057292,16.949070,1.004584,19.166951,39.965583,2.377258,1.106954,11.061822,1.428897,1.314073,4.240743,71,13028,0,0
899,2,2.876350,2.060852,14.382663,1.047099,1.659349,19.965461,2.002343,0.909627,9.602821,1.310347,1.120216,3.704946,59,11281,0,0
900,2,17.127041,2.036316,17.032240,1.004313,4.801643,39.965237,2.325528,1.192532,11.098341,1.596307,1.351837,4.199022,71,13028,0,0
901,2,7.875658,1.983934,14.677680,1.004842,16.407138,39.965318,2.151299,0.982059,9.521895,1.302114,1.050015,3.776794,59,11281,0,0
902,2,2.865770,2.043613,17.018500,0.986749,19.087891,39.958910,2.172021,1.210202,11.239227,1.620378,1.320157,4.123603,71,13028,0,0
903,2,2.852770,2.038764,14.411445,0.997050,1.703118,19.964383,1.951206,0.951040,9.586321,1.363464,1.056627,3.690335,59,11281,0,0
904,2,7.219469,2.088114,17.076165,1.035305,14.664347,39.995287,2.562042,1.303212,10.834595,1.499044,1.238464,4.178752,71,13028,0,0
905,2,7.155443,2.051005,14.727553,1.014988,17.036818,39.934801,2.008918,1.125841,9.452416,1.306447,0.967312,3.752835,59,11281,0,0
906,2,2.892788,2.043206,16.998501,0.979207,19.094760,39.965257,2.316671,1.407600,10.831723,1.495395,1.310567,4.246426,71,13028,0,0
907,2,2.867072,2.006951,14.523465,1.001282,1.573012,19.964830,1.860813,1.033780,9.742503,1.313354,1.005690,3.832119,59,11281,0,0
908,2,2.830126,2.041470,17.041612,0.978122,19.115479,39.965339,2.405009,1.192108,10.868805,1.516744,1.165527,4.129276,71,13028,0,0
909,2,7.452766,2.067871,14.828376,1.006544,16.677653,39.965339,2.199148,0.911112,9.527988,1.289456,0.970985,3.703630,59,11281,0,0
910,2,2.848151,2.040588,16.942356,0.982083,19.192464,39.965054,2.250936,1.225308,11.097534,1.667762,1.273353,4.137892,71,13028,0,0
911,2,2.823249,2.034336,14.358575,1.014879,1.734049,19.930752,1.912618,0.975742,9.630948,1.317342,1.049259,3.752533,59,11281,0,0
912,2,74.791728,2.047350,16.907756,1.005541,7.260213,99.965237,2.546522,1.196503,10.790076,1.590224,1.248108,4.101335,71,13028,0,0
913,2,7.237942,2.045668,14.753018,1.001723,16.972351,39.965034,2.077064,1.034793,9.503370,1.278273,0.989393,3.811018,59,11281,0,0
914,2,2.853563,1.994181,17.075019,0.981160,19.055271,39.965013,2.430495,1.224555,10.963437,1.522949,1.311337,4.131212,71,13028,0,0
915,2,2.835985,2.046529,14.453376,1.001112,1.668111,19.958584,1.996585,1.014967,9.567017,1.481249,0.971341,3.673347,59,11281,0,0
916,2,7.129442,2.065809,17.123338,1.041314,14.704631,39.998725,2.368764,1.186412,11.168955,1.723663,1.165982,4.057702,71,13028,0,0
917,2,7.117215,2.043701,14.721951,1.833971,16.259467,39.932604,2.053677,0.946113,9.577691,1.329414,0.974097,3.768422,59,11281,0,0
918,2,2.883979,2.065057,16.973416,0.978719,19.127801,39.963915,2.422906,1.292935,10.962925,1.499976,1.201216,4.162164,71,13028,0,0
919,2,2.870917,2.005785,14.369988,1.000800,1.723470,19.965176,1.935933,1.057648,9.580499,1.333357,1.012448,3.731418,59,11281,0,0
920,2,7.241116,2.053243,17.161506,1.017639,14.544529,39.964789,2.434774,1.154738,11.123773,1.577494,1.161543,4.137607,71,13028,0,0
921,2,7.812202,2.063043,14.745192,1.001031,16.407227,39.965651,2.086948,0.941932,9.572015,1.288554,1.121402,3.673086,59,11281,0,0
922,2,2.826667,2.041714,16.995673,1.016008,19.163140,40.001489,2.480845,1.242472,10.902442,1.605462,1.231082,4.130151,71,13028,0,0
923,2,2.828803,2.040982,14.813287,1.002380,1.256965,19.901435,2.008206,0.985213,9.675496,1.319166,1.020477,3.745412,59,11281,0,0
924,2,2.923482,2.073012,17.045709,0.979397,19.016805,39.965393,2.567047,1.236589,10.942061,1.560767,1.274163,4.242408,71,13028,0,0
925,2,22.307136,2.048781,14.723680,1.010898,1.923177,39.964891,1.991174,0.951511,9.660858,1.397427,0.983565,3.649940,59,11281,0,0
926,2,2.836914,2.047085,16.861050,0.988973,19.278375,39.965312,2.407077,1.387814,10.783074,1.447774,1.168738,4.177853,71,13028,0,0
927,2,2.862250,2.045668,14.293749,1.003594,1.806010,19.965603,2.037550,0.949639,9.467946,1.243802,1.012472,3.750271,59,11281,0,0
928,2,2.853617,2.039503,16.979485,0.978644,19.152873,39.964620,2.450409,1.154134,10.963386,1.510640,1.309391,4.053518,71,13028,0,0
929,2,11.083544,2.045858,14.946275,1.006443,12.901794,39.938056,2.245107,1.053589,9.553470,1.316291,0.933261,3.721069,59,11281,0,0
930,2,2.851488,2.029412,16.956306,0.986579,19.164232,39.958605,2.289330,1.181349,11.077128,1.528164,1.242333,4.185330,71,13028,0,0
931,2,2.875448,2.003316,14.425123,1.008002,1.656576,19.965149,1.978434,0.971080,9.719893,1.438911,1.044790,3.658627,59,11281,0,0
932,2,2.928324,2.022413,17.058729,0.978529,18.998773,39.964355,2.465546,1.185957,11.075650,1.623332,1.275530,4.202013,71,13028,0,0
933,2,7.361254,2.045410,14.837409,1.004659,16.774509,39.977831,2.023220,1.083516,9.524689,1.310398,1.002401,3.671353,59,11281,0,0
934,2,2.843574,2.057841,16.933621,0.986159,19.188965,39.952318,2.302626,1.267805,11.016303,1.639503,1.239478,4.211541,71,13028,0,0
935,2,2.894653,2.043091,14.451341,1.002441,1.616957,19.965393,1.987952,1.001380,9.627421,1.236640,1.104245,3.792382,59,11281,0,0
936,2,2.889167,2.049622,17.107917,0.983229,18.985026,39.965339,2.488681,1.264760,10.908403,1.572998,1.273529,4.220462,71,13028,0,0
937,2,78.268799,2.048672,14.774746,1.001322,5.920627,99.965495,2.130029,1.028975,9.548004,1.355706,1.134342,3.668833,59,11281,0,0
938,2,2.834642,2.047309,17.129991,0.978882,19.040561,39.984077,2.518392,1.163306,10.967658,1.536638,1.168026,4.167402,71,13028,0,0
939,2,2.832099,2.046204,14.817356,1.009284,1.287598,19.946337,2.088725,1.066827,9.517815,1.401171,1.050466,3.701175,59,11281,0,0
940,2,2.858995,2.070916,17.030450,0.987515,19.059998,39.936957,2.383718,1.345662,10.967516,1.517846,1.234304,4.233802,71,13028,0,0
941,2,11.587043,2.008138,14.653252,1.008375,12.715997,39.964667,2.080610,1.025876,9.486962,1.332811,1.041294,3.774523,59,11281,0,0
942,2,2.865200,2.006273,17.085565,0.978726,19.036377,39.965868,2.511502,1.127350,11.005710,1.524645,1.195441,4.219927,71,13028,0,0
943,2,2.879768,2.061015,14.503106,0.999240,1.576124,19.958238,2.064758,0.980235,9.575914,1.360257,1.012828,3.638170,59,11281,0,0
944,2,2.869527,2.032471,17.069261,1.008945,19.017415,39.965149,2.446218,1.219272,10.984036,1.577827,1.227064,4.207319,71,13028,0,0
945,2,10.746379,2.049506,14.831285,1.002889,13.384820,39.965373,1.884694,0.957184,9.798760,1.282508,1.044264,3.750471,59,11281,0,0
946,2,2.848762,2.027880,16.982781,0.984680,19.149421,39.965644,2.548910,1.151282,10.891117,1.495032,1.263930,4.167392,71,13028,0,0
947,2,2.852810,2.048374,14.404304,1.028280,1.678867,19.964261,1.960290,0.954119,9.595194,1.321598,1.009148,3.670315,59,11281,0,0
948,2,2.862210,2.042548,17.106635,0.975925,19.023783,39.968553,2.328003,1.358036,10.935191,1.554545,1.156664,4.148265,71,13028,0,0
949,2,7.667053,2.048360,14.691603,1.006388,16.609524,39.974569,1.989746,1.079393,9.519657,1.196316,1.012017,3.733968,59,11281,0,0
950,2,16.873969,2.044949,16.815884,1.002014,5.261224,39.953091,2.366489,1.191257,10.868944,1.370039,1.304623,4.136119,71,13028,0,0
951,2,2.905809,2.055298,14.494887,1.004286,1.560194,19.965176,2.127096,0.939477,9.553918,1.296963,1.010369,3.873376,59,11281,0,0
952,2,2.887234,2.008484,17.017971,0.977960,19.082723,39.965888,2.558451,1.185537,10.872447,1.541762,1.222473,4.145223,71,13028,0,0
953,2,7.092529,1.988139,14.599786,1.004401,17.284485,39.981201,2.004622,1.038184,9.488783,1.283413,1.082096,3.673635,59,11281,0,0
954,2,7.144050,2.001994,17.000543,1.046577,14.791646,39.982815,2.533668,1.170861,10.937629,1.542820,1.261407,4.205685,71,13028,0,0
955,2,2.843140,2.037713,14.320421,1.001200,1.766432,19.931193,1.927246,0.997399,9.540226,1.290826,0.956614,3.675242,59,11281,0,0
956,2,2.830349,2.042019,17.065477,0.980767,19.059896,39.936490,2.546312,1.194204,10.870806,1.487437,1.173411,4.239729,71,13028,0,0
957,2,6.915127,2.002767,14.686740,1.005398,17.358032,39.965298,2.108690,0.944953,9.499244,1.273017,1.089250,3.743913,59,11281,0,0
958,2,2.900011,2.045722,17.060418,0.987766,19.009840,39.958035,2.364058,1.141846,11.115777,1.761902,1.252818,4.108378,71,13028,0,0
959,2,2.865139,2.044074,14.451891,1.006788,1.641195,19.965013,1.870114,0.988390,9.608598,1.393385,0.972727,3.669857,59,11281,0,0
960,2,2.836839,2.049438,17.043674,1.007724,19.084751,39.972989,2.513326,1.146698,10.999512,1.451809,1.336568,4.195648,71,13028,0,0
961,2,7.879157,2.046570,14.760037,1.002984,16.315430,39.957608,1.960575,1.073079,9.528815,1.339227,1.050025,3.670627,59,11281,0,0
962,2,68.662638,2.050680,16.831631,1.003893,13.438673,99.936835,2.425279,1.275791,10.691756,1.372881,1.137488,4.239163,71,13028,0,0
963,2,2.872871,2.051161,14.620416,1.011624,1.459574,19.964484,2.123813,0.988810,9.400241,1.316440,1.014265,3.626234,59,11281,0,0
964,2,2.867296,2.006429,17.083401,0.983839,19.031331,39.965868,2.434024,1.233188,10.979397,1.586694,1.165141,4.166660,71,13028,0,0
965,2,7.269396,2.041212,14.880500,1.004530,16.810994,39.965420,1.959381,0.988864,9.715325,1.489492,1.007629,3.670875,59,11281,0,0
966,2,7.233466,2.032010,17.105231,1.006707,14.638936,39.984341,2.361162,1.299377,11.040897,1.517646,1.361457,4.212219,71,13028,0,0
967,2,2.824287,2.037869,14.343987,1.002814,1.786275,19.957364,2.035258,1.053399,9.422967,1.317834,0.937025,3.736955,59,11281,0,0
968,2,2.868110,2.052022,16.925307,2.670848,19.177104,41.641368,2.404775,1.232425,10.915243,1.583554,1.313985,4.175035,71,13028,0,0
969,2,6.932075,2.045268,14.813917,0.998013,15.527717,38.271722,1.987115,1.036082,9.572523,1.478943,0.997789,3.715298,59,11281,0,0
970,2,8.020386,2.065972,17.010267,1.000027,13.934733,39.965413,2.434150,1.152951,11.016978,1.418233,1.203922,4.262417,71,13028,0,0
971,2,2.868924,2.003886,14.573107,0.999227,1.486410,19.927667,2.061957,0.958554,9.488936,1.380764,0.976959,3.524746,59,11281,0,0
972,2,2.901516,2.013095,17.036981,0.969611,19.057515,39.965624,2.625515,1.143094,10.875610,1.527001,1.330970,4.113380,71,13028,0,0
973,2,7.545329,2.047336,14.715529,0.997491,16.707031,39.965380,1.911279,0.993618,9.661981,1.319485,1.066600,3.757602,59,11281,0,0
974,2,2.838304,2.050693,16.880669,0.981493,19.264425,39.964891,2.284441,1.223043,10.987918,1.493391,1.278215,4.258972,71,13028,0,0
975,2,16.935147,2.064677,14.350837,1.030348,7.620850,39.937181,2.022905,0.986382,9.507209,1.236816,1.088182,3.791985,59,11281,0,0
976,2,2.873922,2.025167,16.927972,0.969781,19.193420,39.965095,2.286509,1.309336,10.890923,1.558061,1.133196,4.092712,71,13028,0,0
977,2,7.274767,2.042006,14.341566,0.995619,17.353021,39.964973,1.985223,1.046465,9.535933,1.238220,0.998610,3.734460,59,11281,0,0
978,2,2.822028,2.033929,17.066230,0.982137,19.094950,39.965346,2.536621,1.186015,11.018901,1.526537,1.276340,4.186629,71,13028,0,0
979,2,7.018799,2.054321,14.342848,0.972643,17.631185,39.965474,2.073517,0.981713,9.400679,1.363817,1.034858,3.691722,59,11281,0,0
980,2,2.825548,2.039476,16.971653,0.971510,19.196791,39.965502,2.245728,1.148261,11.170291,1.584788,1.301626,4.172875,71,13028,0,0
981,2,8.042155,2.040649,14.338108,1.000231,16.584540,39.965034,1.890778,0.995239,9.659071,1.326762,1.092750,3.709669,59,11281,0,0
982,2,2.896308,2.044488,16.955946,0.974108,19.139058,39.965420,2.431322,1.266873,10.933414,1.489312,1.192237,4.242893,71,13028,0,0
983,2,2.864651,2.038357,14.455187,0.995917,1.649543,19.965298,2.011827,0.952769,9.634403,1.344452,1.003754,3.683539,59,11281,0,0
984,2,2.839640,2.051270,17.007989,1.006307,19.111118,39.965054,2.542636,1.145487,10.909047,1.542145,1.322723,4.108205,71,13028,0,0
985,2,7.420356,2.082194,14.907396,1.023844,16.634277,39.985874,2.230825,1.080475,9.511227,1.277710,1.074599,3.785594,59,11281,0,0
986,2,2.873786,2.048923,16.982307,0.970805,19.110813,39.937710,2.330400,1.233354,10.939948,1.490258,1.241774,4.266320,71,13028,0,0
987,2,75.367276,2.060120,14.252964,0.996155,9.348931,99.965325,1.965810,1.084446,9.407722,1.292820,1.011648,3.750020,59,11281,0,0
988,2,2.903280,2.062887,17.074070,0.972276,19.015489,39.965115,2.417114,1.264764,10.986209,1.501465,1.241309,4.241916,71,13028,0,0
989,2,7.331136,2.045709,14.841892,0.998576,16.794006,39.965610,2.101461,0.983765,9.691440,1.237528,1.076077,3.789062,59,11281,0,0
990,2,2.837857,2.048672,17.069383,0.972961,19.084920,39.965122,2.294183,1.193919,11.107442,1.492883,1.308363,4.171366,71,13028,0,0
991,2,7.696581,2.012912,14.425612,0.997708,16.855367,39.975267,1.927378,1.039530,9.666836,1.319295,1.088531,3.769589,59,11281,0,0
992,2,2.825609,2.039130,16.934116,0.980570,19.215203,39.955499,2.434804,1.232978,10.974725,1.524112,1.286889,4.297590,71,13028,0,0
993,2,7.067247,2.050978,14.276035,0.973145,17.601813,39.918240,1.912940,1.139984,9.427772,1.231493,0.968018,3.663523,59,11281,0,0
994,2,2.884223,2.043688,17.055535,0.972243,19.053365,39.965366,2.273102,1.304094,11.150163,1.367917,1.296868,4.258308,71,13028,0,0
995,2,7.421149,2.099060,14.385708,0.995273,17.163167,39.965298,1.983870,1.024882,9.540137,1.378164,1.011580,3.672899,59,11281,0,0
996,2,2.848585,1.988227,17.019063,0.982883,19.107700,39.958232,2.398214,1.218696,10.947489,1.621996,1.159193,4.158254,71,13028,0,0
997,2,8.097399,2.004089,14.407159,1.005514,16.455539,39.965610,1.921373,0.945235,9.754425,1.362779,1.043115,3.679270,59,11281,0,0
998,2,2.813416,2.026815,16.981086,0.972168,19.206706,39.973375,2.327935,1.337009,10.943237,1.443254,1.194987,4.240251,71,13028,0,0
999,2,2.821133,2.034878,14.296149,1.001485,1.857293,19.976061,1.891279,1.157138,9.494069,1.380100,0.968706,3.677653,59,11281,0,0
1000,2,20.916999,2.034159,17.174649,0.978299,0.875332,39.945279,2.574870,1.209276,11.047380,1.582069,1.220924,4.224470,71,13028,0,0
1001,2,6.531460,2.042894,14.804654,0.971544,17.658685,39.966343,1.940772,0.953451,9.806257,1.324938,0.999054,3.686449,59,11281,0,0
1002,2,2.874580,2.052558,17.029046,0.972304,19.089233,39.965162,2.269060,1.327087,10.989441,1.550286,1.313412,4.134159,71,13028,0,0
1003,2,2.840725,2.051982,14.425117,1.035902,1.663127,19.964871,1.973070,1.035719,9.510254,1.345256,1.000031,3.770196,59,11281,0,0
1004,2,8.420112,2.056254,16.876655,0.996880,13.672139,39.965786,2.446357,1.314046,10.786804,1.499671,1.237505,4.167589,71,13028,0,0
1005,2,8.802884,2.047668,14.618137,1.021701,15.549479,39.992201,1.952871,1.072238,9.461646,1.236674,1.012319,3.714867,59,11281,0,0
1006,2,2.828010,2.042291,17.060167,0.975233,19.074490,39.937900,2.340817,1.197683,11.152584,1.512980,1.304708,4.217207,71,13028,0,0
1007,2,2.878710,2.058173,14.388563,0.996670,1.701606,19.965549,1.973317,0.911882,9.703023,1.333930,0.932217,3.648983,59,11281,0,0
1008,2,2.870463,2.048489,17.096727,0.981642,19.016405,39.965237,2.456892,1.277666,11.026740,1.489624,1.348670,4.202013,71,13028,0,0
1009,2,8.123928,2.072503,14.646579,1.007975,16.186822,39.965305,2.141744,0.953959,9.472185,1.186198,1.037777,3.759148,59,11281,0,0
1010,2,2.837307,2.048713,16.878221,0.975647,19.274373,39.965549,2.276855,1.191596,10.963555,1.473768,1.223294,4.220218,71,13028,0,0
1011,2,2.847521,2.061069,14.249688,1.029477,1.862705,19.989390,1.967143,0.956289,9.493961,1.366503,1.012431,3.679901,59,11281,0,0
1012,2,71.938972,2.049818,16.986660,1.004985,10.003947,99.934564,2.423815,1.196591,10.963470,1.540293,1.311612,4.203959,71,13028,0,0
1013,2,7.134182,2.052226,14.756131,0.997525,17.047397,39.935235,2.017202,0.958683,9.634165,1.314996,0.963009,3.792080,59,11281,0,0
1014,2,2.872355,2.052409,17.040432,0.978333,19.074341,39.965461,2.384406,1.191915,11.136271,1.570557,1.338637,4.086060,71,13028,0,0
1015,2,2.906840,2.020752,14.488471,0.998447,1.570950,19.964708,1.973884,1.088335,9.663856,1.358982,0.968241,3.712660,59,11281,0,0
1016,2,7.061022,2.039863,17.086785,0.997077,14.820685,39.965569,2.528931,1.240913,10.992099,1.558709,1.309557,4.153788,71,13028,0,0
1017,2,7.106608,2.049377,14.721463,1.019165,17.143433,39.990668,1.915375,1.212999,9.459910,1.316376,0.932451,3.683848,59,11281,0,0
1018,2,2.818732,2.033400,16.923374,0.999688,19.198120,39.939914,2.426751,1.272085,10.896145,1.647475,1.159315,4.152751,71,13028,0,0
1019,2,2.882792,2.049676,14.382012,0.998549,1.701898,19.965251,2.003652,1.056573,9.520270,1.284909,0.989634,3.711643,59,11281,0,0
1020,2,7.252665,2.046909,17.012641,1.023499,14.676656,39.965461,2.543189,1.187720,10.874993,1.581753,1.191800,4.138550,71,13028,0,0
1021,2,7.787984,2.070374,14.792474,0.997748,16.387065,39.965271,2.042267,0.989448,9.497287,1.272651,1.010057,3.724057,59,11281,0,0
1022,2,2.879605,2.060120,16.960069,1.016452,19.117269,39.973395,2.362701,1.186781,11.012241,1.441650,1.294291,4.244215,71,13028,0,0
1023,2,2.867479,2.054810,14.323947,0.995680,1.770298,19.957404,1.926266,1.109907,9.493825,1.241597,0.968882,3.697540,59,11281,0,0
1024,2,2.845486,2.058146,17.091173,0.974609,19.020630,39.931898,2.422516,1.348338,10.877238,1.498213,1.196004,4.182794,71,13028,0,0
1025,2,20.505703,2.049282,14.718397,0.999512,3.742011,39.965624,1.952806,1.021366,9.580434,1.543410,1.008226,3.610450,59,11281,0,0
1026,2,2.880188,2.002231,16.880222,1.001634,19.203193,39.965237,2.286665,1.187158,10.936242,1.575351,1.167942,4.185540,71,13028,0,0
1027,2,2.829088,2.042413,14.319078,0.996596,1.822347,19.967109,1.928975,1.035756,9.555840,1.235087,1.039737,3.734545,59,11281,0,0
1028,2,2.853597,2.066772,17.022413,0.975932,19.111654,39.963596,2.488871,1.321954,10.821648,1.403337,1.173221,4.242537,71,13028,0,0
1029,2,10.644043,2.028978,14.747810,0.996195,13.576843,39.964891,1.953206,1.103200,9.513909,1.362756,1.010464,3.668623,59,11281,0,0
1030,2,2.908149,2.019647,16.872755,1.007236,19.176914,39.965054,2.541267,1.149797,10.798767,1.498227,1.244093,4.102000,71,13028,0,0
1031,2,2.835130,2.049364,14.335802,1.001112,1.793396,19.965441,1.971490,1.107408,9.420593,1.294590,0.967970,3.792063,59,11281,0,0
1032,2,2.845703,2.042006,17.077867,0.970473,19.071214,39.965257,2.504076,1.208876,10.929345,1.553792,1.346385,4.112644,71,13028,0,0
1033,2,6.775126,2.008063,14.583388,0.968865,17.586670,39.914049,1.946564,1.179443,9.400940,1.242289,0.972419,3.807461,59,11281,0,0
1034,2,2.895047,2.056803,16.973504,0.971144,19.125604,39.965298,2.387583,1.239282,10.941413,1.708001,1.207723,4.044325,71,13028,0,0
1035,2,2.831997,2.043803,14.447727,0.995802,1.689962,19.965488,1.920949,1.037238,9.644345,1.357927,0.998264,3.696682,59,11281,0,0
1036,2,2.840441,2.052626,17.097154,0.973226,19.054477,39.965298,2.539673,1.180915,10.926832,1.452308,1.165534,4.222999,71,13028,0,0
1037,2,84.921332,2.044203,14.939833,1.801358,18.304776,119.967299,2.102434,0.994141,9.696577,1.268344,1.023241,3.873037,59,11281,0,0
1038,2,2.889872,2.068095,17.054966,0.971707,19.040799,39.957343,2.490706,1.112155,10.977719,1.614017,1.235504,4.175557,71,13028,0,0
1039,2,2.894721,2.005235,14.589817,1.000787,1.480367,19.965691,1.948042,0.959425,9.579546,1.286540,1.084086,3.703393,59,11281,0,0
1040,2,2.879740,2.062215,16.934747,1.019992,19.130839,39.965318,2.413612,1.189768,10.882256,1.440813,1.205254,4.190277,71,13028,0,0
1041,2,13.425625,2.067763,14.739129,0.994080,10.806105,39.964939,2.029795,0.955590,9.686696,1.330987,1.081340,3.735938,59,11281,0,0
1042,2,2.827596,2.040975,16.927782,0.976807,19.206095,39.938280,2.336151,1.190952,10.872762,1.420013,1.201002,4.221215,71,13028,0,0
1043,2,2.883491,2.033813,14.450629,0.998298,1.632989,19.965407,1.956316,0.994724,9.629652,1.345059,1.081343,3.789402,59,11281,0,0
1044,2,2.930935,2.082479,17.062310,0.971917,19.000183,39.965346,2.461992,1.111365,11.039469,1.370372,1.242689,4.328891,71,13028,0,0
1045,2,14.957180,2.061157,14.863030,1.006300,9.138746,39.965257,2.025977,1.176836,9.513828,1.443380,1.035197,3.657349,59,11281,0,0
1046,2,2.875454,2.059591,17.110731,0.968526,19.010959,39.965671,2.290276,1.140181,11.265683,1.567824,1.311178,4.197771,71,13028,0,0
1047,2,2.832397,2.044637,14.419969,0.991692,1.692159,19.936218,1.806217,0.975549,9.720303,1.280575,1.006653,3.769643,59,11281,0,0
1048,2,2.896139,2.062914,16.991496,0.973484,19.103902,39.965020,2.291470,1.267815,11.009454,1.516903,1.290385,4.208150,71,13028,0,0
1049,2,7.645067,2.037957,14.769579,0.996969,16.553670,39.965285,2.011074,0.990089,9.548360,1.317790,1.010091,3.717946,59,11281,0,0
1050,2,17.411750,2.072530,16.910794,0.996033,4.647461,39.966037,2.322283,1.381144,10.842482,1.578023,1.248945,4.109311,71,13028,0,0
1051,2,2.827535,2.040927,14.327806,1.001573,1.828871,19.985786,1.935076,1.018714,9.539069,1.238159,1.084642,3.704251,59,11281,0,0
1052,2,2.835253,2.049188,17.023505,0.973843,19.111382,39.943983,2.338030,1.188856,11.068169,1.608209,1.241597,4.096293,71,13028,0,0
1053,2,7.633531,2.044800,14.798387,1.004754,16.495076,39.931749,2.117683,1.070916,9.469669,1.424120,0.960656,3.658630,59,11281,0,0
1054,2,7.904995,2.046461,16.897169,1.001953,14.161228,39.965346,2.449202,1.209615,10.862905,1.509182,1.168471,4.142595,71,13028,0,0
1055,2,2.838908,2.051839,14.325534,1.002367,1.798604,19.965413,1.944153,0.984812,9.517368,1.270433,1.062785,3.707228,59,11281,0,0
1056,2,2.884630,2.064223,17.070401,0.973816,19.057855,39.986701,2.446143,1.207086,10.959242,1.656379,1.202047,4.158810,71,13028,0,0
1057,2,7.454163,2.035197,14.763685,0.999586,16.727336,39.944770,2.106611,1.001841,9.565114,1.232571,0.967977,3.789310,59,11281,0,0
1058,2,2.879096,2.060140,16.904799,0.971971,19.208862,39.964728,2.353058,1.207024,10.866876,1.652347,1.134871,4.157566,71,13028,0,0
1059,2,2.865404,2.006226,14.360772,0.994961,1.744385,19.965522,2.057888,0.987339,9.484670,1.192546,0.973497,3.728516,59,11281,0,0
1060,2,2.880927,2.004978,17.048855,0.970235,19.065715,39.965732,2.371341,1.318461,11.082804,1.516113,1.442173,4.196445,71,13028,0,0
1061,2,7.456997,2.046834,14.808668,1.018867,16.704617,39.989149,2.150831,0.917484,9.635176,1.292867,0.973718,3.915259,59,11281,0,0
1062,2,75.741726,2.049717,16.937222,0.993340,6.268799,99.941088,2.326684,1.182529,11.005954,1.506578,1.202247,4.205031,71,13028,0,0
1063,2,2.870951,1.974718,14.525438,0.997138,1.571398,19.964925,2.026862,0.986335,9.473660,1.329569,0.975474,3.633016,59,11281,0,0
1064,2,2.869575,2.009813,17.079787,0.970839,19.045471,39.965671,2.373678,1.185499,11.158156,1.650689,1.276411,4.116296,71,13028,0,0
1065,2,7.426073,2.048414,14.809502,0.998501,16.731452,39.965529,1.948775,1.061659,9.560303,1.198866,1.047811,3.762746,59,11281,0,0
1066,2,7.454997,2.057590,16.898166,1.006626,14.599297,39.959086,2.300473,1.174859,11.072167,1.580936,1.266398,4.196167,71,13028,0,0
1067,2,2.834269,2.046760,14.399183,0.997457,1.706930,19.937839,1.842811,0.994941,9.712040,1.325572,1.046590,3.755503,59,11281,0,0
1068,2,2.846463,2.058648,17.018358,0.971171,19.100640,39.936632,2.357822,1.257375,11.011261,1.521366,1.243018,4.197171,71,13028,0,0
1069,2,7.641893,2.048421,14.731255,0.997979,16.594279,39.965407,2.021908,0.900133,9.569278,1.416623,0.971012,3.676700,59,11281,0,0
1070,2,7.128425,2.042860,16.939304,0.997470,14.899997,39.965196,2.273905,1.284665,10.975304,1.634627,1.212904,3.995633,71,13028,0,0
1071,2,2.830248,2.044027,14.303535,1.003384,1.840936,19.978102,1.951758,1.067013,9.462046,1.244093,0.977993,3.705783,59,11281,0,0
1072,2,2.827616,2.041395,17.052151,0.974019,19.099358,39.953145,2.477112,1.354886,10.812327,1.498525,1.202498,4.158525,71,13028,0,0
1073,2,7.395230,2.056396,14.688890,1.024068,16.828145,39.936334,1.946876,0.958106,9.618449,1.273142,1.047652,3.717411,59,11281,0,0
1074,2,2.911682,2.065436,16.963738,0.971300,19.118530,39.965251,2.320536,1.188724,11.050208,1.573602,1.355150,4.031297,71,13028,0,0
1075,2,18.306057,2.046475,14.324131,0.996134,6.339227,39.965549,1.988305,1.072116,9.473277,1.267480,0.938877,3.722883,59,11281,0,0
1076,2,2.848050,2.061422,16.950616,0.981072,19.185710,39.965447,2.271186,1.193075,11.082353,1.577393,1.341461,4.175418,71,13028,0,0
1077,2,14.678636,2.025391,14.356981,0.994222,9.935052,39.964891,1.948205,0.938032,9.609789,1.334527,1.049625,3.657579,59,11281,0,0
1078,2,2.866706,2.007548,17.030626,0.969014,19.099202,39.965549,2.580807,1.233598,10.912598,1.495843,1.309848,4.171468,71,13028,0,0
1079,2,7.306193,2.051161,14.376838,0.999681,17.282925,39.965637,2.011882,0.953149,9.636875,1.407966,1.006046,3.764733,59,11281,0,0
1200,3,18.273241,2.056105,19.566535,1.499878,0.653944,39.993598,3.159810,1.781416,11.027357,1.641479,1.251007,4.074226,75,13362,0,0
1201,3,7.326172,2.026686,17.192708,1.538147,13.873569,39.930596,2.764075,1.521457,9.781704,1.407179,1.041633,3.678050,63,11615,0,0
1202,3,2.935554,2.058099,19.743639,1.533888,15.752285,39.965366,3.200687,1.760010,11.203016,1.607073,1.229384,3.995955,75,13362,0,0
1203,3,2.995572,2.078342,17.231398,1.470045,18.268453,39.965468,2.648560,1.550452,9.760329,1.303904,1.048618,3.685140,63,11615,0,0
1204,3,7.561327,2.056817,19.541497,1.546766,11.315816,39.965407,3.103617,1.751038,11.212348,1.552236,1.336667,4.097663,75,13362,0,0
1205,3,6.614529,2.050001,16.980231,1.545709,14.824422,39.964891,2.622019,1.490072,9.924103,1.352353,1.147586,3.814277,63,11615,0,0
1206,3,2.937534,2.051270,19.651259,1.538459,15.838087,39.965339,3.055596,1.741157,11.193682,1.742859,1.377394,4.043525,75,13362,0,0
1207,3,2.894606,2.028219,16.913344,1.465230,18.692403,39.965583,2.541921,1.556481,9.856018,1.447845,1.064263,3.682248,63,11615,0,0
1208,3,2.879157,2.035122,19.687446,1.544271,15.825534,39.936408,3.019989,1.795230,11.280365,1.593502,1.448568,4.095133,75,13362,0,0
1209,3,7.637756,2.051405,17.136997,1.538934,13.650899,39.964586,2.692264,1.553609,9.679179,1.289208,1.067841,3.696662,63,11615,0,0
1210,3,2.943264,2.067349,19.852817,1.536431,15.632867,39.965380,3.094913,1.749203,11.349080,1.649017,1.366720,4.061540,75,13362,0,0
1211,3,2.964376,2.045105,16.963243,1.466248,18.571309,39.965176,2.612535,1.554426,9.790941,1.416514,1.069183,3.691301,63,11615,0,0
1212,3,74.376648,2.092048,19.636271,1.559272,4.419779,99.991970,3.026689,1.786743,11.318502,1.615862,1.291029,4.073015,75,13362,0,0
1213,3,7.016181,2.039334,17.222629,1.531908,14.160509,39.931227,2.667094,1.484843,9.757565,1.337134,1.118479,3.699168,63,11615,0,0
1214,3,2.934801,2.053487,19.760613,1.539775,15.730252,39.965441,3.072788,1.855160,11.211216,1.648190,1.368798,4.154334,75,13362,0,0
1215,3,2.890320,2.048130,17.238193,1.460748,18.375665,39.964925,2.628014,1.468543,9.869975,1.408705,1.070696,3.591187,63,11615,0,0
1216,3,7.535997,2.073785,19.676805,1.540622,11.181953,39.935377,3.206275,1.783281,11.094822,1.576094,1.223711,4.143239,75,13362,0,0
1217,3,7.275228,2.047458,16.991347,1.529514,14.169108,39.965196,2.620799,1.442179,9.686500,1.482500,1.036377,3.588918,63,11615,0,0
1218,3,2.906860,2.064650,19.513645,1.522847,16.022725,39.966078,3.193003,1.754411,11.025258,1.541935,1.258138,4.077664,75,13362,0,0
1219,3,2.957947,2.048645,16.952528,1.462870,18.591980,39.965325,2.618781,1.517069,9.965349,1.539520,1.136634,3.625729,63,11615,0,0
1220,3,7.821710,2.048733,19.589613,1.528408,11.024875,39.964606,3.056129,1.786940,11.149492,1.671882,1.184248,4.077443,75,13362,0,0
1221,3,7.121446,2.034614,16.817939,1.534641,14.491909,39.965936,2.584744,1.632104,9.641225,1.244781,1.000600,3.637434,63,11615,0,0
1222,3,2.946594,2.039707,19.699083,1.533705,15.786051,39.965434,3.217078,1.916958,11.054552,1.590864,1.350915,4.011627,75,13362,0,0
1223,3,2.946781,2.035183,16.989207,1.460490,18.568929,39.965407,2.550968,1.637363,9.750834,1.325490,1.146284,3.676463,63,11615,0,0
1224,3,2.892497,2.047757,19.538649,1.555352,16.001078,39.987576,3.178552,1.851288,11.016930,1.614529,1.296858,4.029324,75,13362,0,0
1225,3,21.952298,2.037286,17.068468,1.464064,19.457140,59.941969,2.651510,1.567064,9.720598,1.263529,1.073954,3.718618,63,11615,0,0
1226,3,2.942312,2.035394,19.684770,1.558194,15.794162,39.979438,3.052500,1.832116,11.149967,1.589857,1.296658,4.026900,75,13362,0,0
1227,3,2.900960,2.055786,17.249057,1.482100,18.338216,39.970334,2.699849,1.458984,9.839956,1.290551,1.080950,3.676219,63,11615,0,0
1228,3,2.939290,2.060791,19.723870,1.535739,15.739278,39.938178,3.239010,1.757616,11.135074,1.627163,1.185533,4.216383,75,13362,0,0
1229,3,12.283942,2.051860,17.203322,1.530870,8.961629,39.979763,2.701836,1.440779,9.849867,1.418725,1.107832,3.614387,63,11615,0,0
1230,3,2.902147,2.059428,19.607734,1.537028,15.904399,39.951308,3.112549,1.859555,11.165120,1.583832,1.295366,4.079373,75,13362,0,0
1231,3,2.917813,1.994269,17.123162,1.463677,18.460856,39.965508,2.524689,1.633738,9.738319,1.373498,1.104902,3.709618,63,11615,0,0
1232,3,2.954407,2.042196,19.684197,1.541524,15.784709,39.964837,3.170837,1.760468,11.219476,1.769630,1.221269,4.047889,75,13362,0,0
1233,3,7.933390,2.058011,17.115024,1.545444,13.342848,39.936707,2.571350,1.600355,9.679538,1.197394,1.066854,3.659471,63,11615,0,0
1234,3,2.930895,2.053033,19.762092,1.532722,15.740431,39.966139,3.204254,1.756626,11.183085,1.598148,1.292708,4.125241,75,13362,0,0
1235,3,2.946140,2.069451,17.304355,1.482903,18.259481,39.992879,2.652507,1.547441,9.819736,1.543040,1.095178,3.674252,63,11615,0,0
1236,3,2.932380,2.050490,19.601902,1.534804,15.868361,39.937446,3.110162,1.760997,11.205536,1.588694,1.327620,4.087121,75,13362,0,0
1237,3,83.519335,2.056803,17.112461,1.456292,17.877747,119.965834,2.731177,1.439490,9.640669,1.413327,0.996918,3.623189,63,11615,0,0
1238,3,2.942729,2.058268,19.740031,1.537652,15.738098,39.958510,2.973507,1.872399,11.278480,1.663595,1.258372,4.042599,75,13362,0,0
1239,3,2.938605,2.060791,17.019925,1.447449,18.559306,39.965285,2.503689,1.523037,9.678762,1.238878,1.104787,3.765672,63,11615,0,0
1240,3,2.935279,1.989909,19.642127,1.540975,15.847188,39.965569,3.023678,1.757979,11.346090,1.557112,1.259349,4.055610,75,13362,0,0
1241,3,11.850840,2.057549,17.017514,1.558065,9.538161,39.964579,2.629974,1.561062,9.783671,1.408959,1.064816,3.683838,63,11615,0,0
1242,3,2.939460,2.063843,19.675551,1.541144,15.809414,39.965569,2.953403,1.684285,11.463013,1.810333,1.455353,4.004188,75,13362,0,0
1243,3,2.973246,2.053630,16.787910,1.460856,18.743022,39.965034,2.707475,1.513340,9.630910,1.377899,1.100572,3.608232,63,11615,0,0
1244,3,2.896301,2.053480,19.630249,1.542514,15.896498,39.965563,3.024343,1.879140,11.197001,1.678843,1.364499,4.014157,75,13362,0,0
1245,3,11.410522,2.055013,16.813293,1.536689,10.204671,39.965176,2.523936,1.569248,9.746962,1.238502,1.107164,3.766229,63,11615,0,0
1246,3,2.974121,2.056986,19.638584,1.569512,15.809462,39.991679,3.069780,1.712426,11.336555,1.694285,1.255510,3.982086,75,13362,0,0
1247,3,2.899095,2.056295,17.098355,1.497172,18.443929,39.938551,2.688124,1.549811,9.574293,1.263424,0.998176,3.630341,63,11615,0,0
1248,3,2.913296,2.032878,19.770087,1.544162,15.737576,39.965122,3.201725,1.677999,11.402371,1.603255,1.291918,4.029612,75,13362,0,0
1249,3,7.239936,2.059387,17.066678,1.541104,14.117649,39.965366,2.693380,1.459920,9.710904,1.377048,1.099918,3.647759,63,11615,0,0
1250,3,17.225471,2.054999,19.647637,1.535529,1.556641,39.965278,3.117862,1.869185,11.267832,1.690681,1.366848,4.111969,75,13362,0,0
1251,3,2.938076,2.019925,16.873379,1.461283,18.685886,39.958625,2.514014,1.592417,9.704529,1.242727,1.140866,3.579376,63,11615,0,0
1252,3,2.982768,2.067932,19.828166,1.533908,15.620829,39.965671,3.274346,1.879730,11.230462,1.681997,1.343404,4.049211,75,13362,0,0
1253,3,7.741794,2.050490,17.223267,1.539320,13.430461,39.934842,2.620751,1.581326,9.767344,1.257402,1.072398,3.709381,63,11615,0,0
1254,3,7.978834,2.057916,19.682753,1.538608,10.784919,39.985114,3.099345,1.629245,11.346018,1.813334,1.248966,4.015510,75,13362,0,0
1255,3,2.875841,2.035292,17.207777,1.465834,18.394674,39.944126,2.612735,1.436764,9.936157,1.354862,1.105252,3.669776,63,11615,0,0
1256,3,2.901672,2.046332,19.646891,1.535048,15.853000,39.936612,3.221219,1.760183,11.081089,1.513085,1.219652,4.094513,75,13362,0,0
1257,3,7.533305,2.048340,17.234802,1.537021,13.660441,39.965569,2.660967,1.478238,9.845456,1.449717,1.070268,3.638360,63,11615,0,0
1258,3,2.902208,2.057441,19.552646,1.537543,15.973267,39.965664,3.077891,1.867920,10.994859,1.492659,1.259610,4.148176,75,13362,0,0
1259,3,2.963725,2.057970,17.015015,1.441399,18.544596,39.964735,2.649129,1.551093,9.906779,1.372857,0.995032,3.719774,63,11615,0,0
1260,3,2.930915,2.012878,19.697971,1.533257,15.803589,39.965732,3.045865,1.906860,11.265113,1.587158,1.336622,4.084507,75,13362,0,0
1261,3,7.955153,2.050788,16.923910,1.550869,13.534810,39.964742,2.527147,1.728465,9.750149,1.358609,1.207011,3.733978,63,11615,0,0
1262,3,79.811490,2.032871,19.776883,1.471802,18.876987,119.937161,3.259332,1.911828,11.067237,1.614224,1.223250,4.157803,75,13362,0,0
1263,3,2.943807,2.055806,17.277262,1.447015,18.290059,39.958143,2.611650,1.518565,9.803345,1.369354,1.060408,3.683322,63,11615,0,0
1264,3,2.927077,2.057061,19.597833,1.548191,15.891825,39.964925,3.213555,1.783596,11.057878,1.507748,1.186890,4.166439,75,13362,0,0
1265,3,7.180264,2.084927,17.044278,1.540487,14.200399,39.965427,2.634705,1.469940,9.695652,1.302622,1.177477,3.592780,63,11615,0,0
1266,3,9.350179,2.061829,19.562032,1.543206,9.510356,39.965773,3.052877,1.958971,11.088003,1.653351,1.295251,3.997477,75,13362,0,0
1267,3,2.914720,2.037808,17.261603,1.450751,18.308668,39.935744,2.443254,1.525977,9.913462,1.549357,1.130866,3.611335,63,11615,0,0
1268,3,2.943732,2.056037,19.797960,1.547377,15.676134,39.965203,3.040948,1.875868,11.341197,1.662479,1.258409,4.139303,75,13362,0,0
1269,3,7.053704,2.052368,17.334303,1.531901,14.045403,39.965312,2.655399,1.525957,9.907698,1.417501,1.030131,3.732269,63,11615,0,0
1270,3,7.414225,2.059102,19.704217,1.534607,11.284973,39.938022,3.200094,1.871260,11.131870,1.531118,1.298747,4.139642,75,13362,0,0
1271,3,2.971130,2.028585,17.193203,1.448242,18.352987,39.965563,2.613495,1.524156,9.882450,1.356350,1.136180,3.664951,63,11615,0,0
1272,3,2.898763,2.055535,19.612115,1.540724,15.913228,39.964830,3.105601,1.884009,11.030979,1.670407,1.216271,4.105113,75,13362,0,0
1273,3,7.242940,2.044393,16.931410,1.539185,14.252238,39.965773,2.564280,1.523675,9.811235,1.246501,1.137705,3.729146,63,11615,0,0
1274,3,2.957472,2.047160,19.632440,1.537103,15.838399,39.965413,3.185493,1.663449,11.234507,1.504903,1.299316,4.110904,75,13362,0,0
1275,3,18.651852,2.012533,17.187259,1.541660,2.555094,39.935866,2.705950,1.472972,9.749220,1.279646,1.064477,3.763685,63,11615,0,0
1276,3,2.940816,2.022305,19.758274,1.541294,15.718370,39.958754,3.122898,1.877370,11.136173,1.601444,1.254649,4.086236,75,13362,0,0
1277,3,7.961697,2.068068,17.107802,2.377597,12.519748,39.966844,2.660007,1.501502,9.670481,1.328779,1.052280,3.585347,63,11615,0,0
1278,3,2.950500,2.050347,19.669149,1.559123,15.784919,39.963691,3.171075,1.708798,11.268643,1.550005,1.287089,4.170549,75,13362,0,0
1279,3,8.447266,2.059855,16.867282,1.569000,13.113010,39.996558,2.592750,1.523319,9.724670,1.324822,1.036736,3.754123,63,11615,0,0
1280,3,2.878479,2.035909,19.689507,1.532294,15.833652,39.933933,3.208486,1.886749,10.896044,1.602224,1.286058,4.087287,75,13362,0,0
1281,3,7.544468,2.051860,17.160862,1.537781,13.722351,39.965461,2.647583,1.653422,9.667270,1.196866,1.107144,3.708452,63,11615,0,0
1282,3,2.941630,2.054782,19.529229,1.563822,15.930067,39.964749,3.187019,1.745019,11.055976,1.641893,1.323351,3.917792,75,13362,0,0
1283,3,2.902486,2.048842,17.176785,1.473979,18.383647,39.936896,2.697988,1.430444,9.687710,1.284814,1.133067,3.646379,63,11615,0,0
1284,3,2.975342,2.066949,19.680244,1.540114,15.769979,39.965678,3.126950,1.737091,11.309499,1.601152,1.329678,4.066837,75,13362,0,0
1285,3,7.408590,2.027995,17.236267,1.530111,13.790378,39.965346,2.489305,1.452701,9.947547,1.368418,1.166779,3.676863,63,11615,0,0
1286,3,2.926005,2.048645,19.660353,1.561001,15.818149,39.965508,3.152354,1.801693,11.160475,1.719588,1.224223,4.044250,75,13362,0,0
1287,3,73.504198,2.050754,17.060615,1.535563,7.864482,99.964857,2.831468,1.535902,9.752713,1.319455,1.169159,3.707191,63,11615,0,0
1288,3,2.923611,2.040751,19.725050,1.539849,15.740092,39.928602,3.165534,1.956295,10.988719,1.589515,1.249993,4.091003,75,13362,0,0
1289,3,7.568312,2.013631,17.200026,1.552056,13.644511,39.964905,2.658084,1.571648,9.767971,1.285906,1.067824,3.729611,63,11615,0,0
1290,3,2.895555,2.052565,19.579644,1.543735,15.946818,39.965752,3.320173,1.852729,10.892337,1.556095,1.330349,4.067237,75,13362,0,0
1291,3,8.598796,2.075433,17.014194,1.536689,12.815491,39.965169,2.849504,1.557048,9.784987,1.299811,1.066928,3.756588,63,11615,0,0
1292,3,2.972744,2.054253,19.433119,1.583978,16.005900,39.995741,3.274913,1.705746,10.940467,1.554911,1.224264,4.057119,75,13362,0,0
1293,3,6.932454,2.046597,17.104506,1.534234,14.362996,39.934191,2.497959,1.582092,9.744442,1.333934,1.067112,3.684933,63,11615,0,0
1294,3,2.919373,2.039910,19.809625,1.529351,15.706943,39.965291,3.000258,1.735087,11.279982,1.721361,1.291155,4.043732,75,13362,0,0
1295,3,8.397814,2.067864,17.020399,1.546380,13.001160,39.965752,2.699463,1.436717,9.638184,1.388472,1.000234,3.590061,63,11615,0,0
1296,3,2.894830,2.049174,19.689365,1.535739,15.816243,39.936178,3.034003,1.946988,11.069251,1.578786,1.222616,4.123203,75,13362,0,0
1297,3,7.813361,2.056966,17.066013,1.542413,13.543640,39.965427,2.649946,1.432814,9.753564,1.406375,1.121969,3.656687,63,11615,0,0
1298,3,2.944438,2.067139,19.509576,1.545770,15.965990,39.965773,3.425975,1.619063,10.971432,1.643778,1.292026,3.944326,75,13362,0,0
1299,3,2.963426,2.048726,16.980462,1.443292,18.577996,39.965176,2.671970,1.605187,9.831180,1.286007,1.110891,3.771010,63,11615,0,0
1300,3,19.560330,2.046929,19.655382,1.445943,19.317586,59.979241,3.041643,1.843079,11.201657,1.554769,1.249349,4.112654,75,13362,0,0
1301,3,7.624525,2.059943,17.285746,1.540398,13.494141,39.944811,2.704180,1.543145,9.714956,1.261631,1.149068,3.703057,63,11615,0,0
1302,3,2.961582,2.046977,19.663445,1.537272,15.803216,39.965515,3.070780,1.713698,11.269277,1.636091,1.446828,4.096351,75,13362,0,0
1303,3,2.903205,2.060750,17.325840,1.441284,18.295770,39.966098,2.758291,1.515266,9.778493,1.318983,1.024248,3.759637,63,11615,0,0
1304,3,8.035183,2.049350,19.600376,1.525425,10.803446,39.964430,2.979821,1.802036,11.279080,1.627428,1.339745,4.112159,75,13362,0,0
1305,3,7.369880,2.054864,16.905931,1.533379,14.156148,39.965339,2.530582,1.556156,9.762906,1.354363,1.158434,3.731428,63,11615,0,0
1306,3,2.889160,2.045091,19.469740,1.527873,16.078715,39.965488,3.016825,1.822228,11.103478,1.507270,1.290846,4.057644,75,13362,0,0
1307,3,2.899556,2.054688,17.211297,1.466838,18.360284,39.937975,2.506748,1.522244,9.774421,1.204888,1.103878,3.640574,63,11615,0,0
1308,3,2.970337,2.066698,19.687290,1.545295,15.762648,39.965569,3.230011,1.755252,11.019680,1.644389,1.326786,3.949666,75,13362,0,0
1309,3,9.099114,2.053901,17.271315,1.536574,12.078593,39.985596,2.755090,1.511390,9.742391,1.274841,1.032176,3.683563,63,11615,0,0
1310,3,2.899068,2.058390,19.656609,1.541185,15.847514,39.944377,3.147078,1.765330,11.134711,1.554304,1.332896,4.086487,75,13362,0,0
1311,3,2.964769,2.053080,17.133043,1.468669,18.399251,39.965732,2.563683,1.653300,9.728756,1.324656,1.036374,3.726308,63,11615,0,0
1312,3,80.611810,2.030273,19.771091,1.467590,18.114075,119.964566,3.029572,2.004849,11.175045,1.706770,1.319051,4.029975,75,13362,0,0
1313,3,7.978119,2.013997,17.175541,1.541985,13.262851,39.958496,2.701067,1.547082,9.783067,1.364573,1.074636,3.754978,63,11615,0,0
1314,3,2.949341,2.061035,19.675761,1.563694,15.804891,39.993686,3.074846,1.705017,11.273183,1.762363,1.294746,4.043447,75,13362,0,0
1315,3,2.919264,2.043505,17.209452,1.491035,18.317240,39.936991,2.611766,1.478295,9.847992,1.263238,0.994585,3.727122,63,11615,0,0
1316,3,7.907837,2.071120,19.779277,1.531630,10.746806,39.965549,3.080600,1.805094,11.285780,1.686161,1.308699,4.098677,75,13362,0,0
1317,3,7.453891,2.052870,17.213189,1.537191,13.780246,39.984517,2.577101,1.449073,9.885173,1.406616,1.068858,3.716576,63,11615,0,0
1318,3,2.922465,2.054443,19.630466,1.536112,15.856906,39.945950,3.237396,1.753140,11.076470,1.586890,1.222399,4.205777,75,13362,0,0
1319,3,2.934916,2.053752,17.169027,1.466560,18.395325,39.965827,2.574307,1.578817,9.642995,1.228770,1.102807,3.707750,63,11615,0,0
1320,3,7.485840,2.083225,19.549330,1.564935,11.391968,39.992072,3.368232,1.734273,10.849928,1.723212,1.256690,3.875251,75,13362,0,0
1321,3,7.873623,2.055318,17.115512,1.541721,13.406759,39.937615,2.647881,1.564128,9.697015,1.280738,1.076118,3.778015,63,11615,0,0
1322,3,2.933316,2.055318,19.692661,1.561588,15.805345,39.992910,3.190131,1.770372,11.166531,1.595103,1.308183,4.057749,75,13362,0,0
1323,3,2.902805,2.058770,17.217400,1.466248,18.365214,39.951667,2.645270,1.538940,9.804986,1.287167,1.072673,3.706248,63,11615,0,0
1324,3,2.903944,2.033047,19.585327,1.545546,15.915914,39.950731,3.223178,1.817915,11.004656,1.535777,1.215749,4.095605,75,13362,0,0
1325,3,22.379178,2.066182,16.747077,1.463108,19.375800,59.965162,2.570065,1.708883,9.550479,1.279680,0.996402,3.685594,63,11615,0,0
1326,3,2.911404,2.065443,19.751804,1.536614,15.727858,39.927680,3.129540,1.662187,11.204403,1.723690,1.295932,4.049401,75,13362,0,0
1327,3,2.926900,2.026035,17.050347,1.457269,18.530660,39.965176,2.605893,1.657837,9.529477,1.318736,1.070689,3.619507,63,11615,0,0
1328,3,2.924065,2.001139,19.698215,1.605218,15.802043,40.029541,3.261729,1.713325,11.247060,1.635844,1.281847,4.077884,75,13362,0,0
1329,3,11.347961,2.074843,17.143575,1.527222,9.882826,39.901584,2.708191,1.520070,9.621941,1.326263,0.998220,3.796556,63,11615,0,0
1330,3,2.958849,2.052965,19.707045,1.547431,15.751668,39.964993,3.113349,1.950467,11.134956,1.628211,1.260040,4.133067,75,13362,0,0
1331,3,2.942315,2.053670,17.215373,1.452915,18.355197,39.965800,2.754317,1.488627,9.732717,1.289317,1.072534,3.724257,63,11615,0,0
1332,3,2.907328,2.066664,19.505493,1.538662,16.013652,39.965135,3.135081,1.867794,11.013509,1.630971,1.225328,4.091912,75,13362,0,0
1333,3,8.004727,2.049594,16.951504,1.538350,13.470907,39.965488,2.578427,1.558139,9.809886,1.371016,1.081116,3.669061,63,11615,0,0
1334,3,2.944750,2.015381,19.626817,1.540961,15.852607,39.965135,3.074154,1.748745,11.335273,1.710788,1.444411,4.123830,75,13362,0,0
1335,3,2.891242,2.046658,17.266303,1.459710,18.317505,39.934760,2.584507,1.492272,9.822147,1.371863,1.066467,3.675395,63,11615,0,0
1336,3,2.962138,2.059130,19.806247,1.536736,15.660495,39.965617,3.197374,1.794291,11.119988,1.596161,1.290324,4.132758,75,13362,0,0
1337,3,79.869269,2.051643,17.184543,1.533841,1.377563,99.965217,2.708391,1.477678,9.768117,1.354394,1.129171,3.815508,63,11615,0,0
1338,3,2.940267,2.067769,19.507365,1.547411,15.963582,39.958625,3.219784,1.704942,11.031637,1.554287,1.257751,4.018029,75,13362,0,0
1339,3,2.959473,2.050788,17.017307,1.443658,18.544284,39.964722,2.543769,1.474050,9.758759,1.289174,1.083381,3.681122,63,11615,0,0
1340,3,2.937446,2.019864,19.710822,1.535678,15.781514,39.965461,3.029789,1.917043,11.181756,1.634979,1.221266,4.087935,75,13362,0,0
1341,3,11.510376,2.069926,17.105469,1.539727,9.809177,39.964749,2.749498,1.593865,9.718577,1.230570,1.028998,3.902442,63,11615,0,0
1342,3,2.957709,2.054104,19.678189,1.543755,15.785482,39.965135,3.147234,1.795268,11.302450,1.749346,1.328098,3.996280,75,13362,0,0
1343,3,2.940694,2.054891,16.844360,1.467923,18.712016,39.964993,2.658312,1.563002,9.608639,1.316101,1.030796,3.689646,63,11615,0,0
1344,3,2.910258,2.068034,19.551900,1.543199,15.960144,39.965502,3.045865,1.727336,11.224267,1.756148,1.297655,4.103855,75,13362,0,0
1345,3,11.133870,2.048014,17.002421,1.520230,10.308980,39.965502,2.556576,1.607578,9.911903,1.509528,1.021379,3.730743,63,11615,0,0
1346,3,2.945394,2.056525,19.639608,1.565552,15.841078,39.991631,3.013224,1.813724,11.269545,1.545685,1.263401,4.116163,75,13362,0,0
1347,3,2.886068,2.041626,17.209791,1.440036,18.402486,39.938382,2.644714,1.502082,9.702094,1.303263,1.146593,3.665897,63,11615,0,0
1348,3,2.955729,2.057109,19.778049,1.540365,15.690884,39.965027,3.193658,1.722531,11.268260,1.661062,1.184014,4.181970,75,13362,0,0
1349,3,7.856160,2.051615,17.203790,1.548659,13.358459,39.967068,2.558326,1.540605,9.734880,1.205485,1.140835,3.652968,63,11615,0,0
1350,3,17.512431,2.056512,19.636719,1.531731,1.303297,39.984178,2.954702,1.648149,11.376428,1.628588,1.254483,4.087853,75,13362,0,0
1351,3,2.933390,2.055379,17.114190,1.465264,18.424052,39.936896,2.660458,1.542765,9.728054,1.200239,1.143412,3.748125,63,11615,0,0
1352,3,2.965342,2.050130,19.700036,1.533502,15.766805,39.965685,3.129049,1.699619,11.418474,1.732713,1.330329,3.986966,75,13362,0,0
1353,3,7.714478,2.050374,17.351196,1.544176,13.355082,39.964932,2.721025,1.618412,9.742940,1.359999,1.064575,3.703196,63,11615,0,0
1354,3,7.512933,2.018833,19.647298,1.531908,11.273031,39.965169,3.009352,1.790744,11.366343,1.753147,1.360185,4.041467,75,13362,0,0
1355,3,2.907254,2.052612,16.840970,1.472833,18.745097,39.966153,2.525021,1.784278,9.638665,1.281894,1.108999,3.671417,63,11615,0,0
1356,3,2.872559,2.030090,19.633782,1.537638,15.919793,39.963772,3.111759,1.768209,11.206930,1.741079,1.423818,4.020854,75,13362,0,0
1357,3,10.920844,2.066135,16.817023,1.548713,10.678942,39.965522,2.553613,1.643467,9.671624,1.234470,1.034217,3.659580,63,11615,0,0
1358,3,2.954868,2.013733,19.684645,1.543118,15.782803,39.965434,3.168599,1.665802,11.247972,1.852861,1.220554,3.959635,75,13362,0,0
1359,3,2.937744,2.054253,16.877686,1.471571,18.678134,39.965135,2.453105,1.521166,9.917145,1.375651,1.106374,3.744775,63,11615,0,0
1360,3,2.911906,2.066311,19.678277,1.557590,15.808736,39.956509,3.356347,1.757718,11.074036,1.509827,1.263201,4.126662,75,13362,0,0
1361,3,7.749885,2.055698,17.087124,1.576436,13.530185,39.943631,2.709666,1.455726,9.694763,1.414039,1.065162,3.592536,63,11615,0,0
1362,3,81.411641,2.063232,19.692824,1.520108,17.371975,119.996548,3.074636,1.661557,11.287113,1.738902,1.258426,4.041345,75,13362,0,0
1363,3,2.899909,2.029826,17.229567,1.447639,18.349915,39.927029,2.619395,1.483944,9.889679,1.398824,1.061639,3.672760,63,11615,0,0
1364,3,2.911709,1.996684,19.743232,1.536133,15.774367,39.965441,3.163235,1.841248,11.075901,1.548872,1.329373,4.086914,75,13362,0,0
1365,3,7.451979,2.053202,17.302646,1.560059,13.678630,39.993313,2.567006,1.525472,9.939138,1.329912,1.136095,3.674337,63,11615,0,0
1366,3,8.391100,2.057353,19.771410,1.535970,10.237996,39.936476,3.181790,1.816630,11.357256,1.723148,1.255636,4.097449,75,13362,0,0
1367,3,2.930817,2.016724,17.170169,1.478536,18.385817,39.965339,2.695808,1.481439,9.750485,1.323673,1.101145,3.730693,63,11615,0,0
1368,3,2.900336,2.055583,19.572747,1.595466,15.924988,39.993537,3.267124,1.672102,11.081485,1.757426,1.262360,4.045278,75,13362,0,0
1369,3,7.721700,2.053975,17.283915,1.535902,13.395013,39.936530,2.687795,1.581702,9.691362,1.239661,1.074307,3.775859,63,11615,0,0
1370,3,7.030830,2.042847,19.717211,1.544352,11.673252,39.965644,3.151981,1.717553,11.296000,1.752886,1.267022,4.139272,75,13362,0,0
1371,3,2.895657,2.050354,17.212450,1.458903,18.398031,39.965040,2.709239,1.559404,9.740000,1.229763,1.071964,3.729563,63,11615,0,0
1372,3,2.905585,2.031562,19.541816,1.544176,15.973436,39.965013,3.128493,1.746874,11.185445,1.674883,1.341824,3.983690,75,13362,0,0
1373,3,7.571818,2.075907,16.897502,1.536784,13.959296,39.965400,2.454610,1.601864,9.883501,1.400642,1.146356,3.704403,63,11615,0,0
1374,3,2.935991,2.054864,19.430749,1.568000,16.030334,39.965074,3.092807,1.745517,10.848161,1.615885,1.221558,3.973168,75,13362,0,0
1375,3,18.250556,2.075053,16.897780,1.533495,3.283162,39.964993,2.688616,1.481323,9.739770,1.346971,1.116574,3.719957,63,11615,0,0
1376,3,2.981222,2.061944,19.664056,1.539693,15.773600,39.958571,3.203254,1.806736,11.168433,1.549015,1.329661,4.141022,75,13362,0,0
1377,3,8.970805,2.059557,17.274896,1.564562,12.185438,39.995700,2.736162,1.382497,9.751509,1.248701,1.074371,3.661133,63,11615,0,0
1378,3,2.934353,2.058919,19.637112,1.540392,15.822435,39.934292,3.181220,1.925493,11.039358,1.469574,1.296865,4.171156,75,13362,0,0
1379,3,7.447144,2.053202,17.222188,1.552870,13.742954,39.965156,2.614448,1.627096,9.726515,1.361043,1.095066,3.711450,63,11615,0,0
1380,3,2.942335,2.055176,19.761122,1.539056,15.739502,39.982015,3.055566,1.839057,11.366516,1.726159,1.313873,4.054901,75,13362,0,0
1381,3,7.480889,2.073859,17.050123,1.530884,13.887004,39.948900,2.540700,1.541707,9.604072,1.325097,1.065640,3.601922,63,11615,0,0
1382,3,2.975125,2.071981,19.759142,1.544752,15.686279,39.965298,3.188439,1.764214,11.320004,1.702813,1.297692,4.146966,75,13362,0,0
1383,3,2.913093,2.068373,17.310838,1.492588,18.274909,39.991428,2.682966,1.566016,9.811679,1.284251,1.127014,3.775543,63,11615,0,0
1384,3,2.934875,2.062080,19.569146,1.539795,15.894952,39.938768,3.138719,1.697089,11.245222,1.537862,1.296936,4.169830,75,13362,0,0
1385,3,7.557604,1.999539,17.098802,1.538296,13.771030,39.965732,2.597283,1.627502,9.668186,1.246236,1.074446,3.748379,63,11615,0,0
1386,3,2.904012,2.061110,19.571547,1.542779,15.946411,39.964749,3.413737,1.885549,10.825273,1.595747,1.221883,4.042396,75,13362,0,0
1387,3,82.210782,2.064806,16.846381,1.482890,19.425144,119.965196,2.627560,1.594615,9.682926,1.280460,1.065616,3.722104,63,11615,0,0
1388,3,2.946360,2.060649,19.478939,1.599548,15.961751,39.986599,3.185886,1.738871,11.025048,1.813972,1.329254,3.829346,75,13362,0,0
1389,3,7.786926,2.056600,17.227587,1.541117,13.380737,39.936367,2.611705,1.524251,9.855465,1.202518,1.174333,3.639496,63,11615,0,0
1390,3,2.951891,2.047994,19.725701,1.538927,15.748271,39.964789,3.141364,1.847765,11.189226,1.592228,1.330129,4.017849,75,13362,0,0
1391,3,7.883986,2.058940,17.285739,1.583533,13.262288,40.015547,2.673197,1.554579,9.786879,1.527968,1.056671,3.650380,63,11615,0,0
1392,3,2.901957,2.057020,19.666029,1.537679,15.809035,39.914700,3.265025,1.862908,10.936056,1.465654,1.326582,4.101729,75,13362,0,0
1393,3,7.777391,2.064453,17.291653,1.533061,13.363234,39.965339,2.627238,1.600040,9.743303,1.311920,1.104017,3.622226,63,11615,0,0
1394,3,2.903829,2.058912,19.477614,1.529324,16.054328,39.965095,3.148770,1.717492,11.094757,1.554901,1.376492,3.999980,75,13362,0,0
1395,3,7.616503,2.073310,16.982368,1.532328,13.834629,39.965827,2.680908,1.564301,9.733727,1.232185,1.072601,3.827671,63,11615,0,0
1396,3,2.985250,2.068041,19.595696,1.542392,15.841410,39.964749,3.018358,1.797641,11.311249,1.594710,1.294010,4.057475,75,13362,0,0
1397,3,7.440450,2.059509,16.884074,2.367316,13.275106,39.966946,2.565599,1.669817,9.678416,1.285211,1.068692,3.667955,63,11615,0,0
1398,3,2.943197,2.064453,19.678345,1.531874,15.810825,39.964240,3.034234,1.730838,11.378004,1.724172,1.372091,4.015964,75,13362,0,0
1399,3,2.985586,2.066705,16.984677,1.479607,18.515327,39.965196,2.708971,1.753682,9.653707,1.342553,1.061903,3.662615,63,11615,0,0
1400,3,17.052314,2.063416,19.583306,1.528531,1.801351,39.965502,3.005330,1.750119,11.259057,1.750668,1.289900,4.028446,75,13362,0,0
1401,3,7.630724,2.067891,16.818895,1.534641,13.973897,39.958157,2.583015,1.610572,9.652703,1.374851,1.095496,3.532088,63,11615,0,0
1402,3,2.998962,2.077142,19.703512,1.534309,15.728719,39.965502,3.283040,1.661469,11.158247,1.636773,1.307485,4.088382,75,13362,0,0
1403,3,2.937710,2.036255,17.034173,1.456333,18.537286,39.965502,2.676351,1.577555,9.639940,1.282033,1.069166,3.579386,63,11615,0,0
1404,3,7.589945,2.074687,19.717495,1.545980,11.111450,39.964871,3.123589,1.822544,11.295607,1.514025,1.399367,4.198032,75,13362,0,0
1405,3,7.761125,2.063192,17.028032,1.542562,13.633213,39.964932,2.590776,1.477960,10.011498,1.247664,1.173886,3.696381,63,11615,0,0
1406,3,2.965400,2.059848,19.620348,1.545464,15.834005,39.965217,3.308414,1.796719,11.090112,1.650655,1.306525,4.013221,75,13362,0,0
1407,3,2.950887,2.062459,16.799235,1.476861,18.738498,39.965481,2.595632,1.591302,9.714050,1.322198,1.064175,3.703027,63,11615,0,0
1408,3,2.934347,2.060113,19.539931,1.546285,15.945123,39.965685,2.974481,1.765042,11.199707,1.719059,1.330539,4.117201,75,13362,0,0
1409,3,7.591180,2.059821,16.944824,1.535027,13.894043,39.965074,2.527673,1.593214,9.877875,1.370541,1.141066,3.675351,63,11615,0,0
1410,3,2.884427,2.041545,19.523383,1.563212,16.018467,39.989488,3.066003,1.824575,11.109945,1.513418,1.238247,4.078342,75,13362,0,0
1411,3,2.905789,2.059753,17.216234,1.458774,18.332113,39.912910,2.613505,1.506595,9.809736,1.244124,1.105303,3.653731,63,11615,0,0
1412,3,76.138828,2.061951,19.468811,1.541694,2.836182,99.985514,3.165602,1.701304,11.117259,1.551863,1.322564,4.068400,75,13362,0,0
1413,3,7.147692,2.060045,17.335517,1.535326,13.919705,39.938239,2.762007,1.555200,9.668362,1.226946,1.070726,3.835629,63,11615,0,0
1414,3,2.982619,2.076450,19.645521,1.533440,15.804003,39.965583,3.076185,1.807234,11.170614,1.553884,1.338365,4.150316,75,13362,0,0
1415,3,2.907694,2.060581,17.255466,1.465780,18.336887,39.965827,2.608392,1.661801,9.751380,1.480184,1.177650,3.727353,63,11615,0,0
1416,3,7.230259,2.080750,19.412231,1.542094,11.779975,39.964559,3.133501,1.964406,10.738790,1.542097,1.223036,4.053216,75,13362,0,0
1417,3,7.532511,2.060425,16.920959,1.536614,13.975579,39.965664,2.550642,1.481940,9.951657,1.284946,1.107191,3.696862,63,11615,0,0
1418,3,2.950534,2.038052,19.711263,1.583693,15.746602,39.992093,3.039527,1.834069,11.254072,1.766886,1.327030,4.031355,75,13362,0,0
1419,3,2.901510,2.061896,17.261773,1.474141,18.320184,39.957608,2.800700,1.467448,9.805332,1.245026,1.131015,3.630259,63,11615,0,0
1420,3,9.064840,2.063307,19.764296,1.533454,9.582180,39.944770,3.208503,1.708218,11.241503,1.580210,1.296471,4.097697,75,13362,0,0
1421,3,8.097799,2.056986,17.283440,1.538859,13.063266,39.983365,2.716946,1.558421,9.708225,1.233300,1.107371,3.810245,63,11615,0,0
1422,3,2.910970,2.064860,19.607171,1.539469,15.889581,39.947191,3.146888,1.926341,10.993673,1.626272,1.258114,4.061133,75,13362,0,0
1423,3,2.938944,2.056200,17.081082,1.474948,18.470133,39.965108,2.676826,1.563378,9.660899,1.286784,1.104055,3.721819,63,11615,0,0
1424,3,2.957655,2.044488,19.688327,1.542711,15.796780,39.985474,3.026774,1.838606,11.328257,1.683679,1.257962,4.024726,75,13362,0,0
1425,3,21.023383,2.061069,17.258491,1.474209,0.189317,39.945401,2.614872,1.641859,9.807295,1.363057,1.163673,3.734602,63,11615,0,0
1426,3,2.968635,2.076443,19.726712,1.544142,15.719482,39.958971,3.118961,1.684811,11.243028,1.653690,1.281369,4.013075,75,13362,0,0
1427,3,2.951904,2.077488,17.317335,1.465780,18.250685,39.985704,2.625512,1.577332,9.814572,1.344357,1.031179,3.681291,63,11615,0,0
1428,3,2.904690,2.059909,19.561612,1.535753,15.943346,39.945401,3.203227,1.715057,11.090468,1.599759,1.262255,4.094170,75,13362,0,0
1429,3,11.635695,2.022454,17.152588,1.539402,9.636325,39.964010,2.662075,1.480916,9.733127,1.276859,1.062571,3.761271,63,11615,0,0
1430,3,2.978465,2.060886,19.705699,1.563158,15.739522,39.986844,3.116235,1.867466,11.192064,1.543274,1.255720,4.124342,75,13362,0,0
1431,3,2.902866,2.062276,17.205275,1.439792,18.395874,39.943807,2.578142,1.585992,9.745846,1.320628,1.103980,3.651398,63,11615,0,0
1432,3,2.924357,2.046441,19.723022,1.536614,15.781670,39.965664,3.046868,1.724894,11.341142,1.674981,1.369595,4.102461,75,13362,0,0
1433,3,7.484504,2.058682,17.379205,1.539964,13.561673,39.965346,2.605526,1.563917,9.824558,1.277798,1.168196,3.760044,63,11615,0,0
1434,3,2.902195,2.057963,21.138468,1.528456,14.395603,39.964722,3.055467,1.651015,11.276598,1.674859,1.262760,3.981635,75,13362,0,0
1435,3,2.949938,2.066691,17.067959,1.454366,18.493239,39.965502,2.608622,1.579407,9.876960,1.368306,1.092509,3.713966,63,11615,0,0
1436,3,2.976905,2.064677,19.703813,1.565186,15.745707,39.991611,2.991767,1.799873,11.352427,1.664636,1.343655,4.033013,75,13362,0,0
1437,3,75.644335,2.103617,17.048008,1.537489,5.708103,99.937934,2.577945,1.606530,9.704051,1.233388,1.144257,3.688080,63,11615,0,0
1438,3,2.944058,2.067383,19.731249,1.537950,15.745734,39.958991,3.170397,1.786214,11.123342,1.590118,1.299357,4.239929,75,13362,0,0
1439,3,2.986504,2.065694,17.240390,1.448256,18.289795,39.964945,2.684330,1.575656,9.808689,1.343977,1.105303,3.697957,63,11615,0,0
