frame,phase,update_ms,vehicles_included_ms,submit_ms,finish_ms,present_ms,total_ms,bounds_included_ms,prepare_included_ms,dispatch_included_ms,packet_included_ms,dma_included_ms,vif_wait_included_ms,flushes,triangles,uploads,reuploads
120,0,7.694936,2.214362,42.115333,1.028961,9.127563,59.966793,6.993140,3.489278,23.481723,3.186069,3.076209,8.221985,169,28090,0,0
121,0,7.469330,2.245721,36.884213,1.004954,14.607544,59.966041,6.532993,2.970059,19.671794,2.525879,2.536153,6.888679,143,23211,0,0
122,0,3.072357,2.282166,42.131141,1.030589,13.724630,59.958716,6.900489,3.429843,23.620527,3.247301,3.066989,8.229204,169,28090,0,0
123,0,3.031504,2.207635,36.794939,0.974152,19.165975,59.966570,6.498847,2.878343,19.769250,2.649811,2.449765,6.827070,143,23211,0,0
124,0,2.984121,2.199110,42.367855,1.000526,13.612908,59.965410,7.043203,3.476122,23.627743,3.412055,2.926883,8.166277,169,28090,0,0
125,0,22.396610,2.201667,37.023597,0.998179,19.547465,79.965851,6.434408,2.983934,19.835642,2.760773,2.632060,6.892069,143,23211,0,0
126,0,2.963531,2.145006,42.400713,1.032633,13.569004,59.965881,7.217428,3.349887,23.403178,3.283366,2.995555,8.080807,169,28090,0,0
127,0,3.077077,2.255018,37.222490,0.981727,18.684787,59.966081,6.406148,3.081570,19.609812,2.501560,2.668081,6.815735,143,23211,0,0
128,0,2.975854,2.190016,41.953325,1.028222,13.979458,59.936859,6.921889,3.459357,23.100739,3.369317,2.884054,8.085137,169,28090,0,0
129,0,10.776052,2.199693,36.945472,1.001482,11.243056,59.966061,6.522203,2.941433,19.812700,2.689891,2.633348,6.763821,143,23211,0,0
130,0,3.020437,2.197849,42.000159,1.018504,13.946533,59.985633,7.032094,3.510122,23.227271,3.231510,3.046468,8.149272,169,28090,0,0
131,0,2.993249,2.175429,36.927466,0.980082,19.038466,59.939263,6.491340,2.862061,19.658342,2.803318,2.631287,6.629886,143,23211,0,0
132,0,3.024384,2.195808,41.948992,1.031413,13.979119,59.983907,7.171085,3.310310,23.094048,3.234779,2.855794,8.101542,169,28090,0,0
133,0,8.684085,2.195692,37.004289,1.028436,13.230815,59.947625,6.701274,3.014130,19.560055,2.605784,2.389357,6.708845,143,23211,0,0
134,0,3.028147,2.205770,41.967811,1.061544,13.934197,59.991699,7.302266,3.338508,22.979974,3.346141,2.846297,8.106466,169,28090,0,0
135,0,3.009613,2.194919,36.940874,1.008989,18.979831,59.939307,6.510451,2.876519,19.713199,2.706729,2.453749,6.672984,143,23211,0,0
136,0,3.005137,2.182638,42.022173,1.001482,13.937086,59.965878,7.002275,3.384304,23.165158,3.435686,2.916884,8.144952,169,28090,0,0
137,0,84.439924,2.193373,36.968564,1.039856,17.542128,139.990472,6.436211,2.997979,19.713277,2.722555,2.519314,6.748064,143,23211,0,0
138,0,3.004974,2.194634,42.401906,1.004228,13.522603,59.933712,7.151801,3.435506,23.437575,3.191440,3.161285,8.305542,169,28090,0,0
139,0,2.970279,2.186632,37.327511,0.981720,18.686340,59.965851,6.547139,3.001967,19.676602,2.748918,2.521396,6.562388,143,23211,0,0
140,0,3.016551,2.171678,42.302500,1.004513,13.642171,59.965736,7.170681,3.438755,23.340369,3.374359,3.034207,7.944390,169,28090,0,0
141,0,10.491791,2.210022,36.761207,0.997637,11.715386,59.966020,6.451023,2.972887,19.754540,2.647349,2.492106,6.805067,143,23211,0,0
142,0,3.023733,2.174859,41.947852,1.042647,13.970486,59.984717,6.942691,3.571615,23.285645,3.218041,2.960605,8.162316,169,28090,0,0
143,0,2.965159,2.181166,37.007300,1.029928,18.944390,59.946777,6.486281,3.092811,19.649746,2.787815,2.426999,6.716566,143,23211,0,0
144,0,3.056671,2.229607,41.942115,1.044600,13.941474,59.984860,6.927582,3.390849,23.491462,3.215746,2.987932,8.134956,169,28090,0,0
145,0,11.734121,2.166816,37.041887,1.028870,10.141758,59.946635,6.341281,3.085476,19.723016,2.691867,2.613074,6.702691,143,23211,0,0
146,0,3.069509,2.247260,41.985348,1.043657,13.866896,59.965410,7.114604,3.366177,23.367025,3.158264,2.865889,8.185191,169,28090,0,0
147,0,3.018056,2.200365,37.038286,1.023821,18.878920,59.959083,6.312822,2.990099,19.997484,2.811883,2.524448,6.814294,143,23211,0,0
148,0,3.077504,2.255317,42.020443,1.039751,13.828261,59.965959,7.020155,3.450745,23.430674,3.278944,2.898105,8.282498,169,28090,0,0
149,0,7.455841,2.265103,36.837765,1.027740,14.614461,59.935808,6.454858,2.866075,19.767578,2.552375,2.600759,6.896800,143,23211,0,0
150,0,14.920013,2.211304,42.233985,0.997548,1.814616,59.966163,7.005269,3.323439,23.694390,3.274977,2.984053,8.151442,169,28090,0,0
151,0,3.072859,2.214396,36.695492,1.010284,19.187398,59.966034,6.553758,2.803189,19.663652,2.706523,2.474101,6.781064,143,23211,0,0
152,0,2.988108,2.204122,42.248328,1.035065,13.694377,59.965878,7.194695,3.460999,23.188494,3.364102,2.973050,8.077379,169,28090,0,0
153,0,7.930430,2.199870,36.949459,1.006687,14.079692,59.966268,6.694255,3.003242,19.575979,2.719994,2.481296,6.720039,143,23211,0,0
154,0,7.789093,2.220988,42.205929,1.003126,8.968140,59.966288,6.879927,3.705088,23.341732,3.389398,2.999478,8.236121,169,28090,0,0
155,0,3.069427,2.248047,36.830156,0.975176,19.098239,59.972999,6.428304,2.899604,19.815362,2.643850,2.470327,6.897898,143,23211,0,0
156,0,2.987885,2.203383,42.223629,1.033369,13.706123,59.951006,7.198700,3.425449,23.173309,3.242686,2.842061,8.162401,169,28090,0,0
157,0,7.333384,2.204536,36.722470,1.004696,14.905572,59.966122,6.456685,3.039225,19.647831,2.776706,2.445085,6.664330,143,23211,0,0
158,0,2.984812,2.200711,42.256304,1.030026,13.694756,59.965898,7.181566,3.576321,23.109382,3.343865,2.910095,8.114183,169,28090,0,0
159,0,3.040693,2.189602,36.769860,0.972870,19.182353,59.965776,6.527415,2.924018,19.675913,2.758114,2.492781,6.783956,143,23211,0,0
160,0,2.982188,2.199090,42.237505,1.011532,13.734694,59.965919,7.136685,3.411431,23.327976,3.345500,3.023343,8.199592,169,28090,0,0
161,0,11.571930,2.202291,37.047401,1.040795,10.306017,59.966142,6.540524,3.038615,19.576118,2.602583,2.655260,6.779867,143,23211,0,0
162,0,66.132185,2.240363,42.097673,1.036730,10.667935,119.934523,7.019104,3.599372,22.959378,3.413140,2.846069,8.061164,169,28090,0,0
163,0,3.038822,2.215800,37.255897,1.033071,18.661764,59.989553,6.671648,2.983670,19.571140,2.589881,2.556953,6.759911,143,23211,0,0
164,0,3.028758,2.209642,42.417457,1.027588,13.461887,59.935689,7.388970,3.351373,23.447747,3.295376,3.124671,8.139933,169,28090,0,0
165,0,8.062035,2.200745,36.923987,1.004005,13.975945,59.965973,6.424689,2.915582,19.711850,2.741913,2.492113,6.787309,143,23211,0,0
166,0,7.331472,2.183811,42.247189,1.024475,9.382460,59.985596,7.072995,3.505927,23.213253,3.384786,2.926266,8.187147,169,28090,0,0
167,0,2.960520,2.176412,36.985246,0.983273,19.017307,59.946347,6.542206,2.979628,19.683089,2.710083,2.352573,6.563300,143,23211,0,0
168,0,3.048716,2.192274,42.055430,1.008135,13.853394,59.965675,6.951379,3.297051,23.388631,3.145186,2.990736,8.124135,169,28090,0,0
169,0,7.296268,2.211222,36.972226,1.026713,14.670403,59.965610,6.574714,3.097866,19.499841,2.773526,2.492801,6.703813,143,23211,0,0
170,0,7.382192,2.171543,42.320852,1.005354,9.258192,59.966590,6.873803,3.517931,23.556285,3.376668,2.996318,8.057804,169,28090,0,0
171,0,3.021474,2.198588,36.632545,1.011980,19.299818,59.965817,6.527100,2.933702,19.650296,2.714854,2.500393,6.728889,143,23211,0,0
172,0,3.065236,2.245443,42.151466,1.003638,13.745843,59.966183,6.960849,3.398343,23.370965,3.219754,3.095123,8.209344,169,28090,0,0
173,0,8.079213,2.248440,36.759783,1.035841,14.084371,59.959208,6.566311,3.017178,19.267459,2.562639,2.490563,6.683377,143,23211,0,0
174,0,2.980601,2.168132,42.349789,1.002818,13.632955,59.966163,7.047831,3.367723,23.502777,3.271474,3.011380,8.359273,169,28090,0,0
175,0,16.648326,2.163303,36.979570,1.006744,5.330261,59.964901,6.556695,2.880364,19.819770,2.774685,2.491991,6.710436,143,23211,0,0
176,0,3.021739,2.207330,42.303382,1.005178,13.635518,59.965817,7.013312,3.393372,23.556183,3.269670,3.061534,8.392032,169,28090,0,0
177,0,6.918772,2.206970,36.973914,1.033322,15.069085,59.995093,6.536377,3.031921,19.651683,2.674354,2.458160,6.696194,143,23211,0,0
178,0,2.993947,2.184048,42.375871,1.009878,13.557088,59.936785,6.951189,3.514730,23.480862,3.312585,3.018877,8.247467,169,28090,0,0
179,0,7.190867,2.204719,36.951555,1.006507,14.817173,59.966102,6.599779,2.914517,19.809157,2.467424,2.598094,6.967217,143,23211,0,0
180,0,3.039764,2.205200,41.969967,1.021237,13.934360,59.965329,7.120921,3.250956,23.362684,3.187110,3.052077,8.047624,169,28090,0,0
181,0,7.508019,2.206014,36.762014,1.001346,14.665582,59.936961,6.515238,2.987590,19.723141,2.574663,2.501472,6.822862,143,23211,0,0
182,0,3.052256,2.209052,42.087399,1.027910,13.791314,59.958879,6.799510,3.473151,23.572069,3.189941,2.948344,8.300703,169,28090,0,0
183,0,3.029165,2.206740,36.657386,1.013665,19.265991,59.966207,6.441366,2.941589,19.703688,2.706658,2.461290,6.668800,143,23211,0,0
184,0,3.071252,2.282620,42.140249,1.028368,13.726373,59.966241,7.109270,3.298787,23.558855,3.075083,3.341556,8.185486,169,28090,0,0
185,0,7.382965,2.195821,36.950619,1.004079,14.628215,59.965878,6.486918,3.024014,19.688165,2.597039,2.492188,6.810093,143,23211,0,0
186,0,3.059757,2.239536,42.225806,1.032074,13.648397,59.966034,7.126814,3.356215,23.553640,3.121952,3.225433,8.330750,169,28090,0,0
187,0,77.401093,2.210605,36.707394,1.001678,4.855225,119.965390,6.519836,2.944956,19.726841,2.682231,2.521484,6.747748,143,23211,0,0
188,0,3.049164,2.241109,42.149187,0.995331,13.772217,59.965898,7.019314,3.366916,23.482330,3.200619,3.023095,8.215651,169,28090,0,0
189,0,9.246552,2.178874,37.157223,1.034156,12.528090,59.966020,6.540921,2.863105,19.716041,2.676849,2.612983,6.706085,143,23211,0,0
190,0,2.970340,2.187168,42.232093,1.031837,13.724196,59.958466,7.033552,3.521905,23.283657,3.249451,2.919627,8.123661,169,28090,0,0
191,0,7.692352,2.211202,36.798072,1.000749,14.474847,59.966020,6.178253,2.891947,20.053372,2.731906,2.519606,6.886973,143,23211,0,0
192,0,2.990868,2.206923,42.283383,1.028076,13.663486,59.965814,7.175544,3.361579,23.372223,3.512224,2.940525,8.068980,169,28090,0,0
193,0,7.566986,2.215447,36.918698,1.034668,14.445631,59.965983,6.646678,2.984002,19.583998,2.741896,2.557332,6.829614,143,23211,0,0
194,0,3.023176,2.200880,42.383074,0.999990,13.531169,59.937408,7.146420,3.782454,23.235521,3.350233,2.843282,7.941406,169,28090,0,0
195,0,7.151398,2.199700,36.967811,1.004493,14.842502,59.966203,6.443949,2.781813,19.873396,2.513624,2.596690,6.966417,143,23211,0,0
196,0,3.046207,2.196194,41.938839,1.028541,13.962782,59.976369,7.068210,3.369453,23.190464,3.413900,3.018762,8.166979,169,28090,0,0
197,0,7.282115,2.192478,36.885861,1.854207,13.927911,59.950094,6.476474,2.835063,19.850559,2.644430,2.529806,6.835236,143,23211,0,0
198,0,3.046736,2.196486,41.983354,1.043671,13.889933,59.963694,6.877665,3.417006,23.146261,3.237871,2.907552,8.147190,169,28090,0,0
199,0,2.981774,2.196655,36.954119,0.978499,19.014391,59.928782,6.285431,3.003933,19.907447,2.817254,2.478967,6.716583,143,23211,0,0
200,0,16.664859,2.199782,43.767778,1.007924,18.525499,79.966061,7.101047,3.540860,23.192851,3.417850,2.908464,8.000868,169,28090,0,0
201,0,7.462433,2.233432,37.351010,1.028188,14.123922,59.965552,6.691125,3.135037,19.447628,2.632667,2.564616,6.724321,143,23211,0,0
202,0,3.074649,2.252536,42.220476,1.006894,13.664218,59.966237,6.961860,3.467963,23.426310,3.182678,2.970768,8.252435,169,28090,0,0
203,0,3.025930,2.236138,36.836504,0.986294,19.138496,59.987223,6.278320,2.737278,19.931166,2.757202,2.529978,6.968686,143,23211,0,0
204,0,7.449080,2.213182,42.034258,1.030921,9.430027,59.944285,7.092682,3.373298,23.229068,3.312748,2.872508,8.252441,169,28090,0,0
205,0,7.424795,2.235894,36.695919,1.069129,14.776157,59.966000,6.506436,2.880507,19.691203,2.730292,2.602386,6.642646,143,23211,0,0
206,0,3.054250,2.229499,42.013180,1.057492,13.861443,59.986365,6.953556,3.484165,23.540070,3.279904,3.007385,8.141666,169,28090,0,0
207,0,3.001678,2.185588,36.735145,0.991445,19.209798,59.938066,6.358280,2.987454,19.885596,2.893195,2.515377,6.729435,143,23211,0,0
208,0,3.071523,2.246650,42.061622,1.029070,13.803460,59.965675,7.125051,3.411360,23.370300,3.189887,2.847192,8.214020,169,28090,0,0
209,0,7.597422,2.212857,36.758338,1.027822,14.557638,59.941220,6.510980,2.779012,19.864872,2.522227,2.732707,6.974403,143,23211,0,0
210,0,2.942861,2.158135,42.312375,1.057017,13.653280,59.965532,7.089739,3.399441,23.450294,3.537448,2.838335,8.116794,169,28090,0,0
211,0,3.032047,2.243327,36.750404,0.987905,19.167196,59.937551,6.529287,2.900791,19.646396,2.681742,2.532491,6.829288,143,23211,0,0
212,0,79.236738,2.200826,41.880978,1.010980,17.808675,139.937371,7.304104,3.487671,22.960510,3.245890,2.989963,8.172967,169,28090,0,0
213,0,8.176768,2.239088,37.282427,1.049225,13.504862,60.013282,6.840858,2.876363,19.552636,2.637099,2.458425,6.777561,143,23211,0,0
214,0,2.975942,2.191474,42.315833,1.032003,13.588047,59.911825,7.318573,3.407861,22.988783,3.261597,2.869642,8.126641,169,28090,0,0
215,0,2.969818,2.185113,36.982398,1.007036,19.006056,59.965308,6.516537,2.989251,19.619015,2.665649,2.599192,6.758080,143,23211,0,0
216,0,8.219330,2.171522,42.295834,1.005208,8.446303,59.966675,6.970849,3.424500,23.701263,3.360687,2.977308,8.174225,169,28090,0,0
217,0,7.754628,2.171156,36.837236,1.033664,14.339620,59.965149,6.594550,2.975294,19.470710,2.565840,2.512010,6.713213,143,23211,0,0
218,0,3.038930,2.204841,42.028968,1.031389,13.885410,59.984697,7.038791,3.326077,23.380598,3.166083,3.040609,8.223351,169,28090,0,0
219,0,2.969533,2.185838,37.035316,1.005853,18.936320,59.947021,6.561222,2.994113,19.790090,2.765886,2.581333,6.782847,143,23211,0,0
220,0,8.587697,2.310805,42.131866,1.032227,8.214315,59.966105,7.155178,3.406691,23.262339,3.149913,3.151527,8.131582,169,28090,0,0
221,0,7.735524,2.192335,37.016090,1.027354,14.186686,59.965654,6.562683,2.988627,19.764282,2.790215,2.490336,6.733839,143,23211,0,0
222,0,3.063833,2.274733,42.097775,1.029531,13.774882,59.966020,6.929884,3.345127,23.704820,3.195370,3.159251,8.269392,169,28090,0,0
223,0,3.031030,2.209134,36.710025,1.006873,19.210626,59.958554,6.326501,2.992228,19.684330,2.837114,2.463342,6.789541,143,23211,0,0
224,0,3.022288,2.237956,42.271644,1.028005,13.643758,59.965695,6.982595,3.387085,23.617978,3.143511,3.086650,8.419535,169,28090,0,0
225,0,30.499888,2.189148,36.815650,1.027537,11.623535,79.966610,6.385386,2.916104,19.927127,2.733704,2.628659,6.788676,143,23211,0,0
226,0,3.027618,2.205343,42.449866,1.057180,13.430868,59.965532,7.095761,3.371399,23.646634,3.409180,3.009393,8.093740,169,28090,0,0
227,0,3.021874,2.199592,37.028785,0.999278,18.886088,59.936025,6.440097,2.895338,19.766897,2.711487,2.569007,6.599060,143,23211,0,0
228,0,3.031667,2.243212,42.120948,0.993249,13.820462,59.966326,6.827698,3.409370,23.663598,3.294105,3.022563,8.328498,169,28090,0,0
229,0,11.157298,2.241591,36.755185,1.032227,11.020908,59.965617,6.435286,2.701416,19.879903,2.601664,2.568169,6.813121,143,23211,0,0
230,0,2.964712,2.180671,42.215146,1.003252,13.782749,59.965858,7.236152,3.367269,23.348714,3.459256,3.044688,8.110053,169,28090,0,0
231,0,3.053579,2.200345,36.759518,0.973480,19.179525,59.966102,6.328654,3.047024,19.621206,2.691416,2.523258,6.854875,143,23211,0,0
232,0,2.983999,2.199151,42.343319,1.005737,13.625868,59.958923,7.013963,3.601101,23.524984,3.350986,2.915846,8.185133,169,28090,0,0
233,0,7.476796,2.215122,36.926632,1.004523,14.576521,59.984473,6.740278,2.830750,19.530206,2.643945,2.572133,6.638852,143,23211,0,0
234,0,2.957347,2.173767,42.338070,1.035973,13.615363,59.946754,6.965939,3.528836,23.498935,3.399241,3.203661,8.176358,169,28090,0,0
235,0,3.043467,2.225450,36.897010,0.973304,19.052463,59.966244,6.334869,2.966858,19.886122,2.650469,2.526276,6.808509,143,23211,0,0
236,0,3.030426,2.210259,42.368283,1.034651,13.532355,59.965715,7.008280,3.375671,23.693444,3.472968,3.097446,8.065803,169,28090,0,0
237,0,140.491445,2.247531,36.811805,1.026533,1.636380,179.966163,6.384901,2.905660,19.829739,2.729930,2.484528,6.939124,143,23211,0,0
238,0,3.045400,2.208367,42.188412,1.057573,13.674533,59.965919,7.056424,3.392802,23.434038,3.288388,2.924143,8.221307,169,28090,0,0
239,0,3.042525,2.219299,37.293718,1.004489,18.587036,59.927768,6.520701,2.744975,20.095669,2.609714,2.735118,6.959568,143,23211,0,0
240,0,2.974396,2.154473,41.954241,1.030782,14.006483,59.965902,7.113180,3.276964,23.398851,3.282572,2.875366,8.086731,169,28090,0,0
241,0,10.682702,2.161601,36.945594,1.004232,11.333693,59.966220,6.367096,2.913947,19.796733,2.957123,2.389930,6.615868,143,23211,0,0
242,0,3.001597,2.179064,42.072405,0.994951,13.896539,59.965491,6.880866,3.287143,23.680861,3.429654,2.883657,8.249413,169,28090,0,0
243,0,3.018802,2.195835,36.980398,0.981672,18.955254,59.936127,6.478156,3.019151,19.589684,2.654331,2.500268,6.695919,143,23211,0,0
244,0,3.040029,2.251485,42.041806,1.035010,13.848891,59.965736,7.061269,3.296495,23.384132,3.158712,3.026167,8.200151,169,28090,0,0
245,0,12.007253,2.187080,37.008562,0.996185,9.954529,59.966529,6.498840,3.061584,19.695323,2.522244,2.528232,6.771471,143,23211,0,0
246,0,3.021210,2.193542,42.137692,1.032244,13.774183,59.965329,7.208452,3.443448,23.007202,3.336609,2.879496,8.096853,169,28090,0,0
247,0,3.051341,2.199273,36.731503,0.971656,19.212009,59.966509,6.339444,2.976630,19.826681,2.571245,2.583567,6.668637,143,23211,0,0
248,0,3.007412,2.183851,42.188327,1.032722,13.730069,59.958530,7.183180,3.426080,23.233544,3.464857,2.904490,8.171695,169,28090,0,0
249,0,7.378652,2.198629,36.946245,1.033067,14.607937,59.965902,6.634861,2.859612,19.712365,2.673255,2.491031,6.693627,143,23211,0,0
250,0,17.826257,2.196920,42.329302,1.025733,18.784559,79.965851,7.291158,3.572530,23.125675,3.204424,2.908725,8.095754,169,28090,0,0
251,0,3.078420,2.253384,37.294776,1.002567,18.590156,59.965919,6.825416,2.808512,19.861786,2.678050,2.538771,6.775964,143,23211,0,0
252,0,2.962446,2.176507,42.359534,1.001668,13.612786,59.936435,7.222419,3.498820,23.256755,3.346266,3.007762,8.110138,169,28090,0,0
253,0,10.139306,2.188531,36.889035,1.006246,11.931064,59.965651,6.536835,3.012980,19.519725,2.559970,2.643446,6.586572,143,23211,0,0
254,0,7.178023,2.170437,42.310564,1.006158,9.471334,59.966078,6.875607,3.588752,23.528826,3.449168,3.036479,8.089138,169,28090,0,0
255,0,2.984256,2.200873,36.933041,0.984962,19.063673,59.965932,6.777920,2.857842,19.574181,2.846056,2.528914,6.681105,143,23211,0,0
256,0,3.048465,2.191291,41.993995,0.998505,13.918050,59.959015,6.845506,3.494697,23.285685,3.241323,2.980252,8.148098,169,28090,0,0
257,0,6.862450,2.252211,36.899465,1.002825,15.172526,59.937266,6.631158,3.011210,19.720259,2.524540,2.598043,6.894663,143,23211,0,0
258,0,3.068186,2.249946,42.184363,0.999047,13.714505,59.966102,6.969387,3.505419,23.276845,3.188609,3.091600,8.101566,169,28090,0,0
259,0,3.034943,2.211243,36.790382,0.978668,19.166748,59.970740,6.589634,2.893575,19.676480,2.561076,2.618513,6.868171,143,23211,0,0
260,0,3.037303,2.218628,42.382931,1.026330,13.515001,59.961565,7.273248,3.408529,23.363271,3.360101,2.858836,8.039964,169,28090,0,0
261,0,6.822500,2.204542,36.765113,1.004418,15.374193,59.966224,6.444414,2.851142,19.846307,2.691342,2.645806,6.787503,143,23211,0,0
262,0,74.735009,2.163764,42.252499,1.004985,1.972853,119.965346,7.108955,3.435031,23.527001,3.410255,3.098640,8.079878,169,28090,0,0
263,0,3.081390,2.226535,37.191179,0.970269,18.723145,59.965983,6.641164,2.889689,19.730672,2.656508,2.520298,6.888885,143,23211,0,0
264,0,3.018056,2.191026,42.179175,1.034383,13.726739,59.958354,7.411936,3.442369,22.765645,3.179128,2.871073,8.077467,169,28090,0,0
265,0,7.375621,2.173509,36.978533,1.033936,14.577549,59.965637,6.557031,3.018907,19.654093,2.664876,2.409007,6.817929,143,23211,0,0
266,0,7.670281,2.180433,42.154453,1.003211,9.138279,59.966224,7.075877,3.371419,23.325456,3.454190,2.918464,8.083442,169,28090,0,0
267,0,3.077403,2.254435,36.775916,0.973877,19.155023,59.982218,6.401025,2.941081,19.785058,2.670234,2.417328,6.881907,143,23211,0,0
268,0,2.968672,2.185872,42.217512,1.006873,13.756951,59.950009,7.271725,3.432183,23.189036,3.411357,2.905548,8.159614,169,28090,0,0
269,0,7.626353,2.234972,36.873430,1.020579,14.486226,60.006588,6.321655,3.047214,19.760817,2.610101,2.549384,6.908308,143,23211,0,0
270,0,7.624129,2.198480,42.360084,0.997481,8.943285,59.924978,7.110189,3.552239,23.558102,3.358480,2.899675,8.155643,169,28090,0,0
271,0,3.063080,2.240648,36.881059,0.974216,19.047668,59.966024,6.446225,2.964539,19.757161,2.925045,2.562110,6.775879,143,23211,0,0
272,0,2.975467,2.189650,42.132829,1.005534,13.800347,59.914178,7.041212,3.524126,23.401628,3.470222,2.995890,7.817576,169,28090,0,0
273,0,7.125295,2.197747,36.977556,1.030246,14.825684,59.958781,6.743476,3.069811,19.395603,2.569997,2.390320,6.638587,143,23211,0,0
274,0,3.025211,2.186096,42.086117,0.999627,13.855286,59.966241,6.967350,3.493310,23.308224,3.069953,3.130151,8.212487,169,28090,0,0
275,0,16.757172,2.248773,36.798987,1.049374,5.360060,59.965593,6.531691,2.850450,19.772820,2.575473,2.540443,6.961921,143,23211,0,0
276,0,3.086965,2.247491,42.174862,1.028785,13.675795,59.966407,7.094703,3.522556,23.335497,3.321954,3.025594,8.187486,169,28090,0,0
277,0,7.800039,2.176493,36.978227,1.006833,14.180962,59.966061,6.475552,2.852329,19.872786,2.800713,2.644107,6.741401,143,23211,0,0
278,0,3.006249,2.188083,42.346649,1.030460,13.582309,59.965668,7.149044,3.507460,23.373060,3.088518,2.980828,8.274651,169,28090,0,0
279,0,7.528920,2.183553,37.069109,1.027903,14.340149,59.966081,6.403829,2.942600,19.960446,2.652544,2.578074,6.948347,143,23211,0,0
280,0,3.030487,2.183078,42.387122,1.028439,13.519769,59.965817,6.954112,3.602275,23.552195,3.503832,2.911455,8.102030,169,28090,0,0
281,0,6.976288,2.203003,37.054318,1.005110,14.930488,59.966203,6.383999,2.896491,20.043132,2.677585,2.649855,6.833957,143,23211,0,0
282,0,3.055532,2.204135,42.007219,1.001377,13.894979,59.959106,7.076874,3.444733,23.265466,3.200046,2.995300,8.205170,169,28090,0,0
283,0,2.989410,2.204549,36.915931,0.981750,19.048191,59.935282,6.599464,3.004178,19.568451,2.656325,2.453657,6.767415,143,23211,0,0
284,0,3.059289,2.211358,42.032874,1.026744,13.846965,59.965871,7.044688,3.331346,23.279148,3.322198,2.979699,8.226596,169,28090,0,0
285,0,6.660207,2.203783,36.754466,1.002926,15.548543,59.966142,6.431644,2.892504,19.927982,2.897400,2.537740,6.769840,143,23211,0,0
286,0,3.076324,2.252455,42.134959,0.999142,13.756022,59.966448,7.172696,3.448808,23.335310,3.363614,3.017029,8.199222,169,28090,0,0
287,0,70.467478,2.250068,36.862281,1.027462,11.608799,119.966020,6.589132,2.969218,19.625827,2.524746,2.489594,6.905385,143,23211,0,0
288,0,3.033213,2.209880,42.083106,0.994849,13.854221,59.965390,6.938717,3.421651,23.481517,3.324826,3.015835,8.092672,169,28090,0,0
289,0,8.147532,2.191305,37.195329,0.998328,13.625014,59.966203,6.549252,2.862400,19.817864,2.629601,2.497793,6.942759,143,23211,0,0
290,0,3.034231,2.244676,42.150957,0.999325,13.774773,59.959286,6.952413,3.441522,23.580516,3.351529,3.112345,8.097348,169,28090,0,0
291,0,7.860884,2.200697,36.981896,1.029453,14.093282,59.965515,6.569831,2.738342,19.970123,2.567339,2.703488,6.817105,143,23211,0,0
292,0,2.976179,2.193102,42.314246,0.996372,13.679260,59.966058,6.841515,3.415358,23.624610,3.517107,3.008820,8.232581,169,28090,0,0
293,0,7.347544,2.192932,36.978838,1.004537,14.637546,59.968465,6.434075,2.921895,19.956390,2.725542,2.637634,6.816583,143,23211,0,0
294,0,2.959483,2.174832,42.282976,1.032718,13.688178,59.963355,6.994232,3.424160,23.466115,3.482649,2.985263,8.119324,169,28090,0,0
295,0,7.982391,2.197205,36.986081,1.045546,13.972636,59.986654,6.596358,2.848802,19.782678,2.484304,2.699649,6.870256,143,23211,0,0
296,0,2.946055,2.161865,41.931081,0.997413,14.070760,59.945309,6.937744,3.369500,23.299662,3.165165,2.944804,8.078773,169,28090,0,0
297,0,7.008230,2.194112,36.909902,1.027727,15.042664,59.988522,6.643819,2.876628,19.536767,2.739360,2.579658,6.576250,143,23211,0,0
298,0,2.965749,2.182014,42.268816,1.008419,13.700534,59.943519,7.118622,3.404195,23.453606,3.352956,3.058740,8.044579,169,28090,0,0
299,0,3.079553,2.250604,36.727332,0.979916,19.171746,59.958547,6.442152,2.951124,19.412743,2.605262,2.436842,6.805823,143,23211,0,0
300,0,15.805627,2.218703,43.526689,0.974952,19.648675,79.955943,7.030657,3.297221,23.380164,3.322242,2.941199,8.279212,169,28090,0,0
301,0,8.125173,2.183872,37.098060,1.029253,13.694085,59.946571,6.759671,2.902079,19.491079,2.601349,2.419688,6.705068,143,23211,0,0
302,0,3.016876,2.227776,42.187741,1.001102,13.760525,59.966244,7.044600,3.495714,23.231452,3.151994,3.057248,8.249329,169,28090,0,0
303,0,3.052846,2.192654,36.741777,0.974762,19.212830,59.982215,6.323646,2.983670,19.631639,2.588135,2.485548,6.792002,143,23211,0,0
304,0,7.256582,2.243171,42.084897,1.036947,9.570631,59.949056,7.316508,3.487664,22.884603,3.239516,2.873698,8.065647,169,28090,0,0
305,0,7.592573,2.211358,36.882423,0.992672,14.508050,59.975718,6.352719,2.811008,19.922051,2.718981,2.547207,6.800615,143,23211,0,0
306,0,2.948429,2.162584,42.281938,1.004411,13.691806,59.926585,6.855570,3.554881,23.448734,3.449090,2.912910,8.038835,169,28090,0,0
307,0,3.028697,2.238349,36.948076,0.974070,19.015483,59.966326,6.483409,2.975552,19.790697,2.679209,2.449198,6.950104,143,23211,0,0
308,0,3.008636,2.170152,42.367428,1.033932,13.548394,59.958391,6.877557,3.481717,23.631324,3.330997,3.190019,8.064497,169,28090,0,0
309,0,8.460581,2.206007,36.729835,1.004106,13.771111,59.965634,6.492798,3.035041,19.588955,2.720856,2.430003,6.741906,143,23211,0,0
310,0,3.043386,2.205912,42.022742,0.996511,13.903524,59.966163,7.076528,3.328335,23.342109,3.236782,3.074114,8.170254,169,28090,0,0
311,0,2.984155,2.198235,37.069129,1.004042,18.879415,59.936740,6.365411,2.946587,20.039263,2.653846,2.685326,6.758375,143,23211,0,0
312,0,71.723460,2.177483,41.951311,1.007911,5.283502,119.966183,7.163367,3.406026,23.161964,3.195306,2.925198,8.129333,169,28090,0,0
313,0,7.013614,2.157071,37.316260,1.008053,14.599643,59.937571,6.588006,2.915358,19.836375,2.697920,2.488352,6.727322,143,23211,0,0
314,0,2.990529,2.171326,42.384050,1.015137,13.576470,59.966187,7.257697,3.342129,23.508820,3.409776,2.912967,8.023821,169,28090,0,0
315,0,3.011973,2.192254,36.937171,1.003944,19.012607,59.965695,6.557892,2.813626,19.974847,2.711280,2.583808,6.853689,143,23211,0,0
316,0,7.506026,2.251058,42.093530,1.028208,9.349040,59.976803,6.911228,3.297011,23.657203,3.162496,3.022146,8.334917,169,28090,0,0
317,0,7.082204,2.193271,36.905738,2.039615,13.922940,59.950497,6.444716,3.009508,19.548706,2.700144,2.581682,6.569458,143,23211,0,0
318,0,3.002587,2.174065,42.015398,1.033932,13.911614,59.963531,7.041063,3.334215,23.524017,3.394555,2.848894,8.342940,169,28090,0,0
319,0,3.018341,2.196703,36.947988,0.989485,18.982496,59.938310,6.675018,2.914341,19.679626,2.676588,2.492004,6.765866,143,23211,0,0
320,0,7.797211,2.175062,42.357622,1.026279,8.784546,59.965658,6.865984,3.410265,23.638953,3.402863,2.968611,8.173726,169,28090,0,0
321,0,7.319021,2.178704,36.889828,1.002709,14.727648,59.939206,6.292219,2.894572,19.936900,2.770335,2.568210,6.890703,143,23211,0,0
322,0,3.031599,2.207655,42.042213,1.035431,13.856812,59.966054,7.151218,3.511997,23.056105,3.170854,2.965980,8.097568,169,28090,0,0
323,0,3.057078,2.199497,36.826901,0.975345,19.106900,59.966224,6.469635,2.900696,20.014933,2.779690,2.776720,6.615278,143,23211,0,0
324,0,3.025319,2.198235,42.154416,1.007202,13.778781,59.965719,7.137726,3.331957,23.324009,3.369676,2.975596,8.107025,169,28090,0,0
325,0,20.842072,2.197340,36.920420,1.026903,1.169000,59.958394,6.669586,3.050856,19.358744,2.808000,2.482910,6.503520,143,23211,0,0
326,0,2.986094,2.201443,42.292294,1.033464,13.653659,59.965512,7.157420,3.489078,23.067186,3.174659,3.023102,8.076681,169,28090,0,0
327,0,3.048343,2.240465,36.861304,0.997979,19.084167,59.991794,6.526716,3.021016,19.643633,2.621009,2.484297,6.713409,143,23211,0,0
328,0,2.979211,2.194227,42.339542,1.037825,13.582852,59.939429,7.105109,3.452738,23.502821,3.409848,3.134016,8.099362,169,28090,0,0
329,0,12.130483,2.198602,37.017310,1.006934,9.811822,59.966549,6.407081,2.863193,19.829139,2.720032,2.490150,6.813795,143,23211,0,0
330,0,3.002981,2.181227,41.934994,0.994069,14.033834,59.965878,7.012014,3.377801,23.353146,3.393724,2.957642,8.090122,169,28090,0,0
331,0,2.983042,2.179850,36.915483,1.014069,19.053243,59.965837,6.416022,3.311076,19.289890,2.610565,2.453044,6.737434,143,23211,0,0
332,0,3.012319,2.190952,41.984717,1.000336,13.977417,59.974789,6.957021,3.445194,23.293705,3.405636,2.994185,8.057081,169,28090,0,0
333,0,7.475291,2.187039,36.723792,1.000939,14.757636,59.957659,6.341207,3.093289,19.639628,2.884684,2.492669,6.622630,143,23211,0,0
334,0,3.035248,2.210585,41.989214,1.000363,13.952752,59.977576,7.045190,3.508175,23.258257,3.198585,2.911594,8.138529,169,28090,0,0
335,0,2.977448,2.171021,36.944617,0.978841,19.046176,59.947083,6.435978,2.944770,19.819794,2.822113,2.436083,6.696384,143,23211,0,0
336,0,3.037465,2.208096,41.971575,1.032033,13.924662,59.965736,7.103424,3.322028,23.260410,3.288055,3.057058,8.110755,169,28090,0,0
337,0,75.904076,2.254171,36.828915,1.033986,6.169413,119.936391,6.556363,2.864414,19.427551,2.571587,2.384084,6.821818,143,23211,0,0
338,0,3.035343,2.178752,42.517961,1.027598,13.384420,59.965322,7.258653,3.515761,23.276096,3.298496,2.931196,8.137207,169,28090,0,0
339,0,2.980920,2.197795,37.073625,0.980052,18.931335,59.965932,6.422180,2.795709,19.822534,2.600742,2.681441,6.739987,143,23211,0,0
340,0,3.038883,2.179613,41.989865,1.001760,13.946635,59.977142,7.054701,3.503533,23.136600,3.147342,3.005127,8.176371,169,28090,0,0
341,0,11.111582,2.203261,36.671790,1.028744,11.142409,59.954525,6.387397,2.830804,19.930996,2.688850,2.706906,6.792155,143,23211,0,0
342,0,3.060089,2.207011,42.096453,1.007789,13.794630,59.958961,6.896067,3.587504,23.320302,3.382172,3.148410,8.311537,169,28090,0,0
343,0,3.033925,2.209676,36.712765,1.011959,19.207391,59.966041,6.428765,2.712497,19.888746,2.565128,2.706702,6.857659,143,23211,0,0
344,0,2.992910,2.184062,42.330929,1.004896,13.637024,59.965759,7.181454,3.403293,23.466682,3.190440,3.052026,8.250793,169,28090,0,0
345,0,11.778656,2.251227,36.891680,1.002391,10.293437,59.966163,6.636186,2.864020,19.689555,2.479509,2.426497,6.985487,143,23211,0,0
346,0,2.938561,2.152466,42.380673,1.056739,13.559726,59.935699,7.073134,3.489590,23.528642,3.580271,2.967763,8.136271,169,28090,0,0
347,0,3.057424,2.200270,36.831865,0.993161,19.084059,59.966509,6.545583,2.891174,19.792514,2.727078,2.553382,6.753099,143,23211,0,0
348,0,3.000763,2.177612,41.945716,1.033647,13.991896,59.972022,7.035116,3.316196,23.484436,3.237525,2.921709,8.117198,169,28090,0,0
349,0,7.695546,2.207784,36.944434,1.003740,14.315850,59.959571,6.368625,3.232473,19.597856,2.686215,2.634708,6.707909,143,23211,0,0
350,0,16.748627,2.184001,42.316966,0.968523,19.932129,79.966244,6.972585,3.377109,23.645620,3.379642,3.018806,8.219259,169,28090,0,0
351,0,3.080977,2.256734,37.230323,0.969228,18.678731,59.959259,6.503543,2.949009,19.843140,2.603960,2.515669,6.939955,143,23211,0,0
352,0,2.982100,2.198947,42.289140,1.032572,13.662082,59.965895,7.451094,3.359138,23.048072,3.298333,2.876289,8.189758,169,28090,0,0
353,0,7.151276,2.242771,36.935543,1.049018,14.853644,59.989482,6.356110,3.143955,19.585137,2.603855,2.554023,6.752360,143,23211,0,0
354,0,7.083886,2.218750,41.974097,1.026391,9.832119,59.916494,7.106422,3.407918,23.276181,3.328742,2.810018,8.038612,169,28090,0,0
355,0,2.982697,2.180047,36.972938,1.008158,19.002292,59.966085,6.535092,3.072245,19.516120,2.652995,2.639547,6.792616,143,23211,0,0
356,0,3.039378,2.195631,42.294674,1.003723,13.628574,59.966349,7.128866,3.446940,23.357737,3.334646,2.899780,8.116282,169,28090,0,0
357,0,6.992808,2.166497,37.100087,1.029622,14.842916,59.965434,6.412608,2.962063,19.975725,2.697059,2.532630,6.863278,143,23211,0,0
358,0,3.013716,2.181241,42.052141,1.032491,13.886485,59.984833,7.040293,3.405009,23.355937,3.106740,3.167955,8.241659,169,28090,0,0
359,0,2.956207,2.172770,37.007300,1.002377,18.981377,59.947262,6.312490,3.018612,19.833740,2.850186,2.523641,6.725332,143,23211,0,0
480,1,3.071540,2.183492,49.621399,1.536675,5.737732,59.967346,8.940443,5.433838,24.534434,3.428284,3.590057,7.957296,203,28830,0,0
481,1,7.485508,2.176907,43.552009,1.541416,7.386780,59.965712,7.957286,4.691881,20.981564,2.969632,2.913011,6.822428,166,23819,0,0
482,1,3.114977,2.198934,49.515218,1.543247,5.792745,59.966187,8.931929,5.411601,24.783349,3.486711,3.803026,8.006229,203,28830,0,0
483,1,3.117208,2.252428,43.213481,1.538771,12.095805,59.965264,7.782010,4.690613,20.733361,2.890954,2.806034,6.520816,166,23819,0,0
484,1,3.088440,2.173781,49.903076,1.541209,5.433004,59.965729,9.131727,5.498003,24.720642,3.508447,3.535211,7.794532,203,28830,0,0
485,1,7.256741,2.171712,43.596558,1.539134,7.566610,59.959042,7.783735,4.678457,21.102536,3.185940,2.879764,6.686432,166,23819,0,0
486,1,3.092997,2.185438,49.366577,1.542206,5.964050,59.965830,8.822333,5.458754,24.795926,3.538208,3.613088,7.951114,203,28830,0,0
487,1,69.076965,2.184720,43.528225,1.562219,5.798387,119.965797,8.048889,4.607931,20.766127,2.853329,2.837335,6.780911,166,23819,0,0
488,1,3.117235,2.269680,49.573018,1.544902,5.730808,59.965963,9.047136,5.400899,24.850772,3.476607,3.473131,8.012353,203,28830,0,0
489,1,6.398783,2.181146,43.585924,1.539870,8.441121,59.965698,7.872389,4.603421,20.822730,3.085215,2.832072,6.581618,166,23819,0,0
490,1,3.089254,2.193488,49.542792,1.539117,5.794983,59.966146,8.775794,5.457031,24.977743,3.497643,3.580448,8.128666,203,28830,0,0
491,1,8.075155,2.213942,43.387472,1.539117,6.964417,59.966159,8.109877,4.608961,20.862094,2.791751,2.796851,6.659990,166,23819,0,0
492,1,3.063049,2.181722,49.487189,1.537896,5.877665,59.965800,9.010769,5.379924,24.737006,3.500461,3.691505,7.883691,203,28830,0,0
493,1,7.673564,2.184733,43.687059,1.548269,7.050273,59.959164,8.004008,4.854336,20.577932,3.001533,2.741347,6.607456,166,23819,0,0
494,1,3.043613,2.161323,49.485806,1.542063,5.894246,59.965729,8.950409,5.341580,24.902157,3.479665,3.647281,7.875298,203,28830,0,0
495,1,7.345323,2.170180,43.502116,1.537954,7.580160,59.965552,8.064891,4.591722,20.714593,2.913530,2.925005,6.680888,166,23819,0,0
496,1,3.047594,2.170363,49.252747,1.540965,6.124736,59.966041,8.744853,5.525194,24.569807,3.571869,3.598419,7.868273,203,28830,0,0
497,1,7.461270,2.214735,43.340719,1.540378,7.637227,59.979594,8.199405,4.598029,20.473670,2.698754,2.837067,6.476396,166,23819,0,0
498,1,3.040114,2.198669,49.806566,1.543515,5.518711,59.908905,9.032962,5.553996,24.528792,3.615587,3.617781,7.890920,203,28830,0,0
499,1,3.034159,2.151876,43.593675,1.541663,11.814853,59.984351,7.765727,4.632724,21.004703,2.910326,2.952552,6.631273,166,23819,0,0
500,1,16.773315,2.197415,49.595398,1.537771,12.040690,79.947174,9.001394,5.542555,24.721168,3.586375,3.488722,8.029575,203,28830,0,0
501,1,7.296902,2.192166,43.541667,1.566406,7.586989,59.991964,7.979618,4.531806,21.103621,2.978248,2.987891,6.711833,166,23819,0,0
502,1,3.039415,2.169630,49.780613,1.541467,5.571567,59.933061,9.210303,5.494704,24.551446,3.438961,3.681637,7.862203,203,28830,0,0
503,1,3.057041,2.198378,43.535489,1.537021,11.805745,59.935296,8.005578,4.827569,20.659186,2.825402,2.816403,6.687256,166,23819,0,0
504,1,7.424764,2.248203,49.521817,1.544128,1.505364,59.996073,8.837307,5.397922,24.710561,3.588325,3.505246,7.918260,203,28830,0,0
505,1,7.584357,2.207228,43.636495,1.537876,7.177022,59.935750,7.971341,4.740929,20.838304,3.011122,2.871799,6.700782,166,23819,0,0
506,1,3.112922,2.209710,49.670654,1.531830,5.649862,59.965268,9.013774,5.369880,24.946937,3.576684,3.534325,7.982107,203,28830,0,0
507,1,3.089430,2.169590,43.370117,1.545793,11.960632,59.965973,8.059903,4.532661,20.792643,2.987817,2.854309,6.628069,166,23819,0,0
508,1,3.103353,2.255425,49.583747,1.535431,5.743184,59.965715,8.791677,5.350410,25.047028,3.655446,3.661333,7.946591,203,28830,0,0
509,1,7.457479,2.167148,43.588528,1.545339,7.374369,59.965715,8.008718,4.489895,20.825890,2.959273,2.908780,6.537781,166,23819,0,0
510,1,3.046495,2.199144,49.625793,1.540890,5.753167,59.966346,9.063412,5.258389,25.020979,3.557339,3.610728,8.033803,203,28830,0,0
511,1,3.117472,2.190979,43.313280,1.540626,11.987623,59.959001,7.907006,4.648007,20.766391,2.902245,2.971541,6.535828,166,23819,0,0
512,1,71.575609,2.247789,49.541748,1.476776,17.372233,139.966366,8.767368,5.452359,24.912069,3.624868,3.627709,7.989071,203,28830,0,0
513,1,6.857490,2.196486,43.440572,1.543087,8.124729,59.965878,7.928884,4.681708,20.701850,2.842628,2.890676,6.571370,166,23819,0,0
514,1,3.018426,2.147746,49.729824,1.569173,5.616225,59.933648,9.019914,5.546109,24.922875,3.824829,3.598562,7.749814,203,28830,0,0
515,1,3.076090,2.185059,43.571459,1.532708,11.786377,59.966634,7.695608,4.858819,20.733687,2.812385,2.948907,6.709873,166,23819,0,0
516,1,7.428799,2.252197,49.519552,1.536516,1.499383,59.984250,9.030914,5.396830,24.596975,3.602458,3.475545,7.878930,203,28830,0,0
517,1,7.008647,2.176426,43.583930,1.533488,7.821242,59.947306,7.944943,4.933492,20.662432,2.823273,2.993941,6.508606,166,23819,0,0
518,1,3.113837,2.212687,49.675049,1.537472,5.631809,59.958167,9.121206,5.379300,24.832954,3.493035,3.536184,7.991662,203,28830,0,0
519,1,3.130229,2.207438,43.344204,1.550893,11.940715,59.966041,8.106771,4.773051,20.561568,2.934672,2.896990,6.649092,166,23819,0,0
520,1,7.448812,2.233554,49.858365,1.529348,1.128866,59.965390,8.870945,5.596436,24.757189,3.730706,3.505364,8.003269,203,28830,0,0
521,1,7.464966,2.184136,43.519226,1.538523,7.443258,59.965973,7.979458,4.613776,20.983314,2.783502,3.020043,6.772478,166,23819,0,0
522,1,3.074972,2.194682,49.557705,1.538849,5.794637,59.966163,8.841919,5.403334,24.804562,3.565972,3.522030,7.824602,203,28830,0,0
523,1,3.115004,2.183356,43.652534,1.558244,11.640008,59.965790,7.957275,4.711789,21.038255,3.049055,2.877207,6.534176,166,23819,0,0
524,1,3.090739,2.201355,49.624376,1.547543,5.703301,59.965959,8.779680,5.494758,24.895684,3.629781,3.549306,7.850315,203,28830,0,0
525,1,20.978333,2.266317,43.267076,1.540517,14.180054,79.965980,7.948395,4.719377,20.743106,2.776669,2.837158,6.648858,166,23819,0,0
526,1,3.076165,2.193237,49.483100,1.544227,5.862522,59.966014,8.681607,5.405334,24.695194,3.551954,3.589386,7.870558,203,28830,0,0
527,1,3.074097,2.193020,43.675178,1.547685,11.662103,59.959062,8.009040,4.870945,20.775862,2.819533,2.841343,6.540524,166,23819,0,0
528,1,3.086880,2.177294,49.455377,1.534176,5.889099,59.965532,8.837630,5.411736,24.877024,3.653334,3.504232,8.063117,203,28830,0,0
529,1,11.387112,2.221069,43.676982,1.541273,3.360026,59.965393,7.937917,4.683743,20.961582,2.963359,2.987508,6.664134,166,23819,0,0
530,1,3.081258,2.173414,49.456855,1.535068,5.892924,59.966105,8.852254,5.450901,24.522641,3.471076,3.538598,7.968245,203,28830,0,0
531,1,3.083984,2.205553,43.120572,1.542898,12.218872,59.966326,7.966380,4.571072,20.771803,2.922628,3.068451,6.527351,166,23819,0,0
532,1,3.086466,2.177951,49.405924,1.538571,5.934998,59.965959,8.987071,5.404327,24.477888,3.369354,3.410678,8.033149,203,28830,0,0
533,1,6.934808,2.178419,43.349820,1.544613,8.136529,59.965769,8.160756,4.726108,20.662720,2.938670,2.742140,6.555481,166,23819,0,0
534,1,3.080397,2.235385,49.828864,1.539174,5.487061,59.935496,8.795163,5.439518,25.086928,3.721483,3.709649,7.939328,203,28830,0,0
535,1,3.051934,2.174201,43.431627,1.592933,11.882928,59.959422,7.946516,4.709120,20.678775,2.853736,2.990573,6.561547,166,23819,0,0
536,1,3.002801,2.160129,49.353421,1.536821,6.042291,59.935333,8.638733,5.350952,24.851227,3.641212,3.567356,7.872382,203,28830,0,0
537,1,74.510579,2.219082,43.571866,1.462799,0.412354,119.957598,8.073961,4.456814,20.756324,2.861545,2.840959,6.689199,166,23819,0,0
538,1,3.076809,2.193047,49.388570,1.541945,5.939799,59.947123,8.956306,5.443970,24.436259,3.425981,3.536096,7.974091,203,28830,0,0
539,1,3.129679,2.201931,43.622477,1.539992,11.673279,59.965427,8.051985,4.705729,20.831719,2.882385,2.874342,6.750312,166,23819,0,0
540,1,3.057488,2.164571,49.900784,1.544525,5.463338,59.966136,8.981869,5.593363,24.543833,3.577125,3.482005,7.914263,203,28830,0,0
541,1,11.351203,2.177558,43.582520,1.543996,3.488139,59.965858,7.955983,4.769511,20.633450,2.920990,2.880819,6.591068,166,23819,0,0
542,1,3.067586,2.187961,49.811774,1.545746,5.510559,59.935666,9.100623,5.463759,24.676042,3.499769,3.511783,8.120260,203,28830,0,0
543,1,3.084737,2.194973,43.610297,1.540727,11.749485,59.985246,7.984589,4.632684,21.022678,2.937375,2.958706,6.696201,166,23819,0,0
544,1,3.033223,2.181335,49.801744,1.541290,5.563354,59.939612,9.199866,5.445245,24.566464,3.368941,3.546143,7.968272,203,28830,0,0
545,1,11.284092,2.189392,43.558702,1.541826,3.551263,59.935883,7.883464,4.618117,21.090278,2.929708,2.923391,6.744958,166,23819,0,0
546,1,3.125787,2.214749,49.691026,1.536641,5.632724,59.986179,9.003652,5.447544,24.917931,3.620511,3.504154,8.030494,203,28830,0,0
547,1,3.017734,2.172635,43.497932,1.540629,11.888991,59.945285,7.955753,4.608473,20.924947,2.825321,2.983002,6.737688,166,23819,0,0
548,1,3.100627,2.220262,49.728278,1.565382,5.595601,59.989889,8.909698,5.337487,25.051971,3.750800,3.666704,7.901052,203,28830,0,0
549,1,7.148844,2.179938,43.473307,1.544040,7.775146,59.941338,8.112379,4.587097,20.813253,3.006958,2.855601,6.624254,166,23819,0,0
550,1,15.995782,2.198853,49.643765,1.565219,12.760620,79.965386,9.416019,5.475837,24.311635,3.483303,3.513699,7.798631,203,28830,0,0
551,1,3.045037,2.170668,43.505093,1.541728,11.843764,59.935621,7.784715,4.810872,20.695652,2.988227,2.926873,6.433997,166,23819,0,0
552,1,2.996006,2.154121,49.855353,1.535926,5.597690,59.984975,9.022898,5.463691,25.021264,3.509959,3.579373,8.009040,203,28830,0,0
553,1,7.169047,2.150594,43.459900,1.539653,7.771586,59.940186,7.805328,4.743266,20.934380,2.920756,2.960490,6.740618,166,23819,0,0
554,1,7.441121,2.222161,49.634623,1.538313,1.351854,59.965912,9.278720,5.500868,24.698761,3.452901,3.788700,7.858324,203,28830,0,0
555,1,3.111376,2.197876,43.408936,1.537940,11.907403,59.965654,7.954709,4.539144,20.758681,2.984958,2.986969,6.623121,166,23819,0,0
556,1,3.092312,2.203606,49.674255,1.535926,5.663506,59.966000,8.767571,5.415704,24.762295,3.630239,3.545071,8.012821,203,28830,0,0
557,1,7.708767,2.215983,43.306173,2.352993,6.618618,59.986552,7.855659,4.718587,20.828000,3.002241,2.842221,6.528158,166,23819,0,0
558,1,3.079264,2.196642,49.521322,1.540958,5.803209,59.944753,8.938694,5.459493,24.682153,3.486009,3.698734,7.938975,203,28830,0,0
559,1,3.138563,2.262031,43.269253,1.539934,12.018629,59.966380,7.899122,4.592916,20.830583,2.945831,2.814348,6.573873,166,23819,0,0
560,1,3.101142,2.187792,49.539775,1.537927,5.787177,59.966020,9.144514,5.570136,24.292969,3.376248,3.411964,7.855445,203,28830,0,0
561,1,7.337789,2.208693,43.645894,1.540639,7.441454,59.965776,8.190708,4.579644,20.644426,2.795030,2.714698,6.472144,166,23819,0,0
562,1,67.427219,2.259060,49.681464,1.541443,1.308912,119.959039,9.072845,5.514689,24.651418,3.397264,3.502964,7.983663,203,28830,0,0
563,1,3.088033,2.176046,43.453857,1.545000,11.878676,59.965566,7.875960,4.553636,20.966356,2.939450,2.854285,6.513112,166,23819,0,0
564,1,3.045044,2.168674,49.804450,1.531857,5.584568,59.965919,8.992449,5.446079,24.868415,3.879323,3.358944,7.763038,203,28830,0,0
565,1,6.608663,2.253215,43.154358,1.567708,8.660760,59.991489,8.091068,4.561008,20.807526,3.004591,2.711555,6.815138,166,23819,0,0
566,1,7.350769,2.202711,49.642788,1.545732,1.400831,59.940121,8.746063,5.293518,24.943281,3.524204,3.625627,8.044685,203,28830,0,0
567,1,3.075121,2.166924,43.537170,1.542965,11.810154,59.965410,7.763899,4.819756,20.725749,2.913734,2.960466,6.595164,166,23819,0,0
568,1,2.990607,2.149502,49.896322,1.571476,5.534736,59.993140,9.081868,5.366930,24.819990,3.564317,3.535414,8.018599,203,28830,0,0
569,1,6.505758,2.189250,43.633002,1.536279,8.263373,59.938412,7.918732,4.711361,20.967455,2.893890,2.951009,6.570702,166,23819,0,0
570,1,6.738898,2.210219,49.671102,1.568949,2.007094,59.986043,9.092343,5.656887,24.441813,3.548431,3.581160,7.908329,203,28830,0,0
571,1,3.059313,2.166368,43.456618,1.534573,11.887505,59.938009,8.068542,4.494419,20.862668,2.918148,3.057770,6.747091,166,23819,0,0
572,1,3.066552,2.178826,49.699731,1.547363,5.652154,59.965800,8.824639,5.384962,24.995114,3.547295,3.542684,7.961436,203,28830,0,0
573,1,7.009006,2.188802,43.603807,1.539693,7.812859,59.965366,8.081984,4.514350,20.980289,2.830736,2.886163,6.717061,166,23819,0,0
574,1,3.115180,2.266798,49.545227,1.542389,5.735494,59.938290,9.177544,5.562080,24.336911,3.506836,3.657233,7.735284,203,28830,0,0
575,1,17.237284,2.227458,43.654439,1.457364,17.616428,79.965515,8.028032,4.540385,20.936401,2.958981,2.917447,6.589183,166,23819,0,0
576,1,3.119012,2.205885,49.686713,1.561930,5.602024,59.969679,8.877275,5.588481,24.649540,3.513326,3.403707,7.924866,203,28830,0,0
577,1,7.422011,2.249437,43.600593,1.570133,7.368883,59.961619,7.825127,4.780277,21.007962,3.092194,2.893860,6.513455,166,23819,0,0
578,1,3.093452,2.178718,49.688497,1.539968,5.645304,59.967221,8.939724,5.508681,24.563673,3.462735,3.575158,7.902883,203,28830,0,0
579,1,9.038940,2.202738,43.618334,1.543840,5.756626,59.957740,7.846992,4.649116,20.682549,2.961728,2.809224,6.670397,166,23819,0,0
580,1,3.140320,2.260186,49.653687,1.542457,5.629551,59.966014,9.029463,5.428548,24.669498,3.640622,3.548421,7.878381,203,28830,0,0
581,1,7.261007,2.178725,43.602993,1.539025,7.562731,59.965756,8.094781,4.639167,20.879500,2.946750,2.990285,6.691881,166,23819,0,0
582,1,3.110067,2.262553,49.648092,1.540046,5.685472,59.983676,8.839823,5.391113,24.967068,3.432509,3.656416,8.008348,203,28830,0,0
583,1,3.067695,2.182353,43.331726,1.537760,12.010512,59.947693,8.113217,4.637112,20.477427,2.786845,2.925195,6.531101,166,23819,0,0
584,1,3.130032,2.200494,49.607646,1.542623,5.685418,59.965719,9.220150,5.291022,24.744812,3.475715,3.521891,7.993808,203,28830,0,0
585,1,9.516032,2.174086,43.658352,1.543942,5.247633,59.965959,8.140232,4.610372,20.773329,2.892785,2.957706,6.604994,166,23819,0,0
586,1,3.088793,2.241652,49.584920,1.549825,5.741713,59.965251,9.177734,5.317179,24.564735,3.831150,3.443729,7.765466,203,28830,0,0
587,1,68.750685,2.219604,43.679755,1.535051,6.000705,119.966197,8.021786,4.821954,20.765561,2.807621,2.883508,6.546027,166,23819,0,0
588,1,3.110908,2.197069,49.446920,1.535655,5.864563,59.958045,8.909112,5.382128,24.650347,3.609819,3.510189,7.863756,203,28830,0,0
589,1,7.184692,2.258436,43.294969,1.538245,7.948093,59.966000,7.939687,4.645467,20.821272,2.976593,2.922414,6.564982,166,23819,0,0
590,1,3.067871,2.156670,49.479947,1.538150,5.880195,59.966163,8.994605,5.477715,24.638397,3.625922,3.543484,7.677053,203,28830,0,0
591,1,8.694139,2.239305,43.274048,1.543644,6.453417,59.965247,7.954451,4.554247,20.683424,2.916779,3.109406,6.504113,166,23819,0,0
592,1,3.090230,2.174839,49.480896,1.532640,5.862257,59.966024,8.760444,5.274567,24.939870,3.614688,3.628313,7.911428,203,28830,0,0
593,1,7.299072,2.197767,43.655646,1.541429,7.443305,59.939453,7.904246,4.652859,20.911123,2.864156,3.035231,6.580532,166,23819,0,0
594,1,3.150187,2.220662,49.452962,1.538669,5.823771,59.965590,9.070407,5.317206,24.821045,3.748311,3.450911,7.798581,203,28830,0,0
595,1,7.097005,2.221748,43.329414,1.538757,8.000807,59.965983,7.903839,4.788537,20.786970,2.871674,2.884728,6.629740,166,23819,0,0
596,1,3.081014,2.199632,49.506165,1.543070,5.835666,59.965915,8.762383,5.445563,24.893918,3.703983,3.537750,7.827844,203,28830,0,0
597,1,6.781935,2.193617,43.612434,1.535255,8.028843,59.958466,7.895769,4.706624,20.963667,2.770877,3.078769,6.826508,166,23819,0,0
598,1,3.086114,2.204020,49.481066,1.539995,5.859022,59.966197,9.137868,5.283474,24.638326,3.515849,3.623193,7.799713,203,28830,0,0
599,1,3.126587,2.200182,43.650309,1.541772,11.646986,59.965654,8.213799,4.691630,20.584802,2.798479,3.008840,6.608005,166,23819,0,0
600,1,16.183851,2.218723,49.730598,1.539853,12.482456,79.936757,9.013852,5.334269,24.916996,3.489407,3.719723,8.106601,203,28830,0,0
601,1,7.480686,2.172214,43.494548,1.539981,7.450779,59.965993,7.974369,4.689277,20.834805,2.826755,3.063565,6.654158,166,23819,0,0
602,1,3.082011,2.171549,49.479173,1.542599,5.861952,59.965736,8.934174,5.480238,24.679142,3.664825,3.432329,7.891815,203,28830,0,0
603,1,3.083978,2.203959,43.206306,1.537255,12.138312,59.965851,7.758189,4.608412,20.898010,2.934374,3.022213,6.465264,166,23819,0,0
604,1,7.439399,2.206584,49.647502,1.584496,1.294176,59.965573,9.030151,5.679199,24.664625,3.673655,3.506273,7.746928,203,28830,0,0
605,1,10.663296,2.214796,43.304647,1.546098,4.452406,59.966448,7.908393,4.693481,20.937910,2.975288,2.808841,6.685360,166,23819,0,0
606,1,3.091593,2.211921,49.570475,1.540453,5.755914,59.958435,8.867533,5.408556,24.982198,3.821632,3.623037,7.849562,203,28830,0,0
607,1,3.102458,2.221639,43.682949,1.537008,11.644016,59.966431,8.241967,4.605604,20.731472,2.848758,2.772274,6.595744,166,23819,0,0
608,1,3.124573,2.241977,49.917725,1.594286,5.379510,60.016093,8.716319,5.678338,24.811907,3.629971,3.465841,8.011007,203,28830,0,0
609,1,7.216532,2.169813,43.592394,1.538615,7.541741,59.889282,7.977146,4.623461,20.886149,3.012811,2.981452,6.637414,166,23819,0,0
610,1,3.039510,2.156433,49.458598,1.544067,5.923252,59.965427,8.875834,5.342672,24.779426,3.651079,3.525954,7.912201,203,28830,0,0
611,1,3.096741,2.180908,43.566535,1.542643,11.759861,59.965780,8.169464,4.569634,20.642192,2.883535,2.755354,6.679525,166,23819,0,0
612,1,66.295932,2.297682,49.567878,1.533244,2.539422,119.936476,8.930973,5.504632,24.602244,3.368059,3.410489,8.125102,203,28830,0,0
613,1,7.031677,2.162164,43.638821,1.534912,7.759800,59.965210,7.766269,4.760966,20.989278,3.048204,2.883857,6.697181,166,23819,0,0
614,1,3.141378,2.256565,49.616157,1.541002,5.660224,59.958761,9.285268,5.330146,24.405636,3.379015,3.443464,7.948771,203,28830,0,0
615,1,3.082567,2.197218,43.414530,1.539975,11.928643,59.965715,7.779890,4.566393,20.945594,2.861816,2.852054,6.711483,166,23819,0,0
616,1,7.437405,2.201959,49.883179,1.530982,1.114292,59.965858,9.111376,5.419488,24.997691,3.509789,3.546455,7.914419,203,28830,0,0
617,1,7.537930,2.186517,43.163106,1.540992,7.723829,59.965858,7.741886,4.806227,20.969055,2.915042,3.100366,6.583306,166,23819,0,0
618,1,3.113566,2.198446,49.530172,1.534370,5.787896,59.966003,8.782647,5.603366,24.719038,3.395108,3.529633,7.889777,203,28830,0,0
619,1,3.110881,2.244161,43.111721,1.560384,12.182814,59.965800,8.093214,4.803467,20.576328,2.838715,2.936273,6.485182,166,23819,0,0
620,1,7.643656,2.250054,49.595934,1.563334,1.163079,59.966003,8.824361,5.613712,24.662743,3.501373,3.537082,8.073971,203,28830,0,0
621,1,7.175557,2.239000,43.267558,1.541429,7.981106,59.965651,7.986766,4.463447,20.737935,2.924323,2.803864,6.521837,166,23819,0,0
622,1,3.135417,2.252109,49.598640,1.540246,5.711534,59.985836,8.709086,5.448954,24.947255,3.472917,3.770409,8.047736,203,28830,0,0
623,1,3.070421,2.224745,43.496867,1.540677,11.830756,59.938721,8.030555,4.725172,20.720154,2.775174,2.904741,6.586548,166,23819,0,0
624,1,3.132426,2.206089,49.569804,1.537238,5.726427,59.965895,8.875787,5.598511,24.632531,3.416802,3.471086,7.951538,203,28830,0,0
625,1,21.021898,2.172241,43.338745,1.545288,14.060052,79.965983,8.059730,4.594367,20.848924,2.888631,2.884284,6.756304,166,23819,0,0
626,1,3.075602,2.227431,49.553860,1.528429,5.808072,59.965963,9.031596,5.331048,24.539730,3.616442,3.655345,7.823992,203,28830,0,0
627,1,3.115384,2.236206,43.274760,1.538805,12.037299,59.966248,7.846595,4.619710,20.808170,2.786753,2.959510,6.445119,166,23819,0,0
628,1,3.086080,2.203762,49.809923,1.535661,5.534478,59.966142,9.141422,5.419596,24.960510,3.665368,3.707669,7.955895,203,28830,0,0
629,1,11.436639,2.244005,43.660712,1.563446,3.304749,59.965546,8.134471,4.718201,20.539781,2.896712,2.769908,6.520877,166,23819,0,0
630,1,3.088623,2.205098,49.477424,1.536903,5.863254,59.966203,8.943366,5.331618,24.909993,3.397847,3.585826,8.003940,203,28830,0,0
631,1,3.120870,2.273356,43.694784,1.540487,11.608880,59.965020,7.830495,4.811740,20.867683,2.948052,2.818397,6.618866,166,23819,0,0
632,1,3.082642,2.200562,49.251166,1.575809,6.049364,59.958981,8.813744,5.654677,24.501550,3.529232,3.542996,7.903819,203,28830,0,0
633,1,7.399638,2.188897,43.574266,1.559079,7.455112,59.988095,7.961860,4.919576,20.715749,2.821882,2.934733,6.702627,166,23819,0,0
634,1,3.056525,2.178121,49.470947,1.537333,5.878228,59.943034,8.797431,5.458394,24.757843,3.431970,3.691420,8.102058,203,28830,0,0
635,1,3.107795,2.224833,43.677958,1.535319,11.645135,59.966207,8.076409,4.531684,20.900574,2.931861,2.885824,6.511980,166,23819,0,0
636,1,3.072795,2.162835,49.917948,1.540107,5.434984,59.965834,9.006548,5.438470,24.875505,3.618829,3.563232,7.815660,203,28830,0,0
637,1,76.619493,2.209649,43.219883,1.491157,18.634962,139.965495,7.877469,4.988458,20.566688,3.008809,2.853760,6.542986,166,23819,0,0
638,1,3.024306,2.181491,49.373969,1.541002,5.998176,59.937453,8.705085,5.386068,24.799408,3.539086,3.543057,7.980543,203,28830,0,0
639,1,3.116136,2.192410,43.537550,1.565236,11.766181,59.985104,8.030921,4.714627,20.727251,2.871321,2.950731,6.597175,166,23819,0,0
640,1,2.991821,2.150513,49.840230,1.546502,5.534403,59.912957,9.033162,5.477444,24.651598,3.438070,3.514631,8.011261,203,28830,0,0
641,1,13.596117,2.241401,43.409566,1.534014,1.426466,59.966163,7.989041,4.571472,20.632935,2.839525,2.757039,6.718394,166,23819,0,0
642,1,3.088230,2.206970,49.630358,1.570092,5.647061,59.935740,9.038988,5.509223,24.865797,3.566973,3.559357,7.931959,203,28830,0,0
643,1,3.051839,2.175191,43.625637,1.568966,11.743361,59.989804,7.877109,4.618941,21.069919,3.016724,2.991143,6.715108,166,23819,0,0
644,1,3.059252,2.183872,49.836385,1.539083,5.507094,59.941813,9.394263,5.462497,24.616770,3.587107,3.480031,7.909353,203,28830,0,0
645,1,11.432671,2.170919,43.521898,1.538432,3.472812,59.965814,8.194797,4.417853,21.026282,2.928901,2.904463,6.776608,166,23819,0,0
646,1,3.031508,2.165846,49.450338,1.540738,5.912713,59.935296,8.979160,5.665724,24.519253,3.482147,3.438758,7.851729,203,28830,0,0
647,1,3.028470,2.153456,43.579875,1.534573,11.822984,59.965902,7.864682,4.716207,20.936306,2.824548,3.019196,6.676717,166,23819,0,0
648,1,3.117961,2.199022,49.685262,1.539588,5.633721,59.976532,8.865726,5.505961,24.833998,3.742879,3.471181,7.869883,203,28830,0,0
649,1,6.892354,2.241903,43.254076,1.553046,8.248623,59.948100,7.872023,4.609334,21.060042,2.945326,3.004561,6.727024,166,23819,0,0
650,1,17.929633,2.188287,49.709005,1.576280,10.751105,79.966024,8.897376,5.667792,24.800998,3.496321,3.772271,8.007690,203,28830,0,0
651,1,3.089851,2.178270,43.498169,1.545397,11.832730,59.966146,8.171624,4.561306,20.592682,2.803545,2.739692,6.720167,166,23819,0,0
652,1,3.036479,2.193780,49.791287,1.564151,5.597480,59.989397,9.119242,5.291077,24.785034,3.417497,3.433614,8.084117,203,28830,0,0
653,1,7.083062,2.195672,43.594977,1.553609,7.710809,59.942457,8.127377,4.556742,20.741316,2.837460,2.880405,6.682105,166,23819,0,0
654,1,7.032227,2.205824,49.796048,1.561832,1.575650,59.965756,8.892853,5.473694,25.096415,3.688524,3.601478,7.866452,203,28830,0,0
655,1,3.057536,2.203912,43.463569,1.544308,11.874444,59.939857,7.987651,4.660136,20.723060,2.701711,2.887085,6.613285,166,23819,0,0
656,1,3.073154,2.185825,49.687853,1.541806,5.662998,59.965810,9.015110,5.375753,24.609799,3.527418,3.519304,8.068688,203,28830,0,0
657,1,7.219876,2.194980,43.365024,1.539639,7.834364,59.958903,7.939548,4.625515,20.762834,2.878340,2.951382,6.596646,166,23819,0,0
658,1,3.109111,2.261197,49.637031,1.534746,5.685194,59.966081,9.080736,5.344788,24.699972,3.518941,3.619985,7.866621,203,28830,0,0
659,1,3.104255,2.221829,43.358459,1.536133,11.966709,59.965556,8.072656,4.640869,20.487522,2.935086,2.778232,6.562619,166,23819,0,0
660,1,3.081868,2.194668,49.573778,1.528849,5.781447,59.965942,8.987654,5.684916,24.559764,3.471164,3.624139,7.863139,203,28830,0,0
661,1,7.819173,2.241855,43.247952,1.538540,7.360175,59.965841,7.918230,4.736667,20.932319,2.967841,2.884789,6.760220,166,23819,0,0
662,1,66.194051,2.206326,49.393724,1.544067,2.840651,119.972493,8.844516,5.392242,24.734243,3.839732,3.497053,7.910973,203,28830,0,0
663,1,3.085124,2.201206,43.497504,1.570865,11.805345,59.958839,7.960317,5.001200,20.633202,2.817478,2.780128,6.527113,166,23819,0,0
664,1,3.084595,2.168267,49.893127,1.532691,5.455987,59.966400,9.066223,5.522949,24.547821,3.337545,3.436893,7.955356,203,28830,0,0
665,1,7.604350,2.252943,43.230720,1.539893,7.583937,59.958900,7.949873,4.509067,20.747681,2.942956,2.887767,6.603146,166,23819,0,0
666,1,7.121792,2.188619,49.512126,1.539666,1.792196,59.965780,8.841702,5.312324,24.866238,3.545532,3.568909,7.898315,203,28830,0,0
667,1,3.139119,2.221225,43.545417,1.532450,11.749159,59.966146,8.077223,4.765462,20.625749,2.904639,2.777195,6.635708,166,23819,0,0
668,1,3.032369,2.188212,49.877998,1.540453,5.483975,59.934794,8.947469,5.527167,24.909824,3.615438,3.458120,7.852546,203,28830,0,0
669,1,7.828071,2.197951,43.519755,1.564490,7.078383,59.990699,8.017707,4.654853,20.754276,2.935554,2.884637,6.614797,166,23819,0,0
670,1,7.034329,2.206441,49.517415,1.540473,1.847928,59.940145,9.059587,5.211005,24.863139,3.442152,3.689891,7.928267,203,28830,0,0
671,1,3.077026,2.168722,43.566840,1.539062,11.787855,59.970785,7.867303,4.682197,20.897583,2.825402,2.983219,6.695384,166,23819,0,0
672,1,3.035583,2.193739,49.793057,1.539229,5.612189,59.980058,9.177741,5.268690,24.636776,3.458021,3.614376,8.007440,203,28830,0,0
673,1,7.804328,2.189657,43.361206,1.541409,7.239529,59.946472,8.000746,4.552321,20.808526,2.958337,2.887397,6.701314,166,23819,0,0
674,1,3.086643,2.197978,49.569587,1.571092,5.732408,59.959730,8.995670,5.748183,24.509989,3.622396,3.608198,7.871484,203,28830,0,0
675,1,16.758843,2.199470,43.663235,1.442139,18.110101,79.974318,8.278049,4.554050,20.849114,2.906643,2.911723,6.415151,166,23819,0,0
676,1,3.139608,2.216973,49.675503,1.541734,5.600023,59.956868,8.908461,5.431152,24.824324,3.678680,3.511085,7.999291,203,28830,0,0
677,1,7.586148,2.248088,43.617879,2.655772,6.081156,59.940955,7.979519,4.434882,20.890188,2.899926,2.900041,6.622430,166,23819,0,0
678,1,3.082479,2.182766,49.639506,1.537594,5.703891,59.963470,9.036960,5.622830,24.464610,3.464027,3.555301,7.964498,203,28830,0,0
679,1,6.919291,2.249383,43.574361,1.569563,7.902778,59.965993,8.178358,4.502496,20.831200,2.848904,2.846181,6.543884,166,23819,0,0
680,1,3.151062,2.273207,49.579393,1.541870,5.693515,59.965841,8.962826,5.466390,24.595591,3.677921,3.500271,7.777245,203,28830,0,0
681,1,7.277846,2.217170,43.347473,1.537543,7.803155,59.966017,8.031135,4.694987,20.684621,2.942763,2.851668,6.642320,166,23819,0,0
682,1,3.141635,2.258931,49.567817,1.538289,5.711012,59.958754,8.813460,5.565620,24.682288,3.440623,3.661730,7.882419,203,28830,0,0
683,1,3.083177,2.201674,43.358209,1.538845,11.986037,59.966268,8.013811,4.572266,20.636397,2.899278,2.967885,6.548808,166,23819,0,0
684,1,3.117188,2.271430,49.593757,1.535916,5.719510,59.966370,9.011410,5.512906,24.727936,3.332303,3.493279,8.037299,203,28830,0,0
685,1,7.361125,2.194987,43.671149,1.539415,7.394172,59.965861,8.077576,4.690213,20.771956,2.880296,2.943983,6.581265,166,23819,0,0
686,1,3.140591,2.292053,49.542765,1.541673,5.741035,59.966064,8.924065,5.466736,24.653520,3.468658,3.563412,7.945180,203,28830,0,0
687,1,70.880296,2.177049,43.112854,1.558309,4.433526,119.984985,7.640540,4.758111,20.905877,2.815738,2.905643,6.696398,166,23819,0,0
688,1,3.052185,2.175286,49.422899,1.548336,5.923618,59.947038,9.012295,5.347724,24.737244,3.665334,3.435082,7.912574,203,28830,0,0
689,1,7.235786,2.204915,43.657694,1.541321,7.530389,59.965190,8.072798,4.716621,20.782708,2.884644,2.954237,6.615078,166,23819,0,0
690,1,3.067485,2.163669,49.812568,1.564724,5.513841,59.958618,8.987610,5.886146,24.644294,3.483721,3.574436,7.816023,203,28830,0,0
691,1,7.195435,2.223145,43.658637,1.542908,7.569248,59.966227,8.180783,4.643853,20.631229,2.903202,2.885291,6.564524,166,23819,0,0
692,1,3.114563,2.183831,49.881388,1.543287,5.426636,59.965875,9.244622,5.497240,24.548299,3.428046,3.595846,7.819302,203,28830,0,0
693,1,7.575317,2.197605,43.299140,1.542386,7.549364,59.966207,7.742415,4.786621,20.992154,3.139618,2.883002,6.565698,166,23819,0,0
694,1,3.079997,2.171543,49.410021,1.536648,5.939663,59.966329,8.603906,5.720839,24.557502,3.527066,3.484277,7.873057,203,28830,0,0
695,1,7.543972,2.201124,43.359307,1.540612,7.521600,59.965491,8.096395,4.523933,20.698917,2.939779,2.814721,6.755195,166,23819,0,0
696,1,3.082662,2.182719,49.487657,1.537004,5.858697,59.966020,8.758077,5.816935,24.561998,3.594604,3.450029,7.874030,203,28830,0,0
697,1,7.045973,2.250047,43.030402,1.588487,8.309191,59.974053,7.871480,4.845032,20.766042,2.974141,2.964966,6.571150,166,23819,0,0
698,1,3.040690,2.170593,49.787503,1.561035,5.590691,59.979919,9.010905,5.518277,24.816450,3.598846,3.639730,8.100786,203,28830,0,0
699,1,3.016771,2.174642,43.354146,1.576233,11.989516,59.936666,8.127519,4.823798,20.408318,2.822289,2.860111,6.586216,166,23819,0,0
700,1,14.659844,2.185248,49.612739,1.535539,14.158054,79.966176,9.081838,5.276672,24.910950,3.562544,3.522068,7.930369,203,28830,0,0
701,1,7.875895,2.188544,43.404629,1.544420,7.159695,59.984639,7.857171,4.619093,20.942349,2.764825,2.768270,6.662638,166,23819,0,0
702,1,3.009013,2.166402,49.832201,1.538147,5.567539,59.946899,8.953206,5.349325,24.975803,3.497725,3.761671,8.031857,203,28830,0,0
703,1,3.087416,2.206645,43.497789,1.539775,11.812005,59.936985,7.941627,4.676222,20.964990,2.941406,2.993296,6.651343,166,23819,0,0
704,1,7.967055,2.239312,49.563646,1.514669,0.920546,59.965915,8.996918,5.537937,24.791626,3.534359,3.506643,8.041985,203,28830,0,0
705,1,7.339322,2.240044,43.256185,1.537944,7.831943,59.965393,7.850511,4.735209,20.687337,3.034682,2.904812,6.560096,166,23819,0,0
706,1,3.090678,2.242289,49.587104,1.536750,5.750963,59.965495,9.164483,5.384284,24.643399,3.440230,3.693634,8.030955,203,28830,0,0
707,1,3.127631,2.210049,43.322245,1.535509,11.980943,59.966329,7.896379,4.647244,20.669091,2.874925,2.925327,6.586989,166,23819,0,0
708,1,3.096578,2.249322,49.558499,1.548825,5.755629,59.959530,8.802778,5.236213,24.815318,3.596748,3.649607,7.842943,203,28830,0,0
709,1,7.441006,2.182366,43.544617,1.539975,7.440423,59.966020,8.020532,4.624546,21.001885,3.092244,2.963196,6.751801,166,23819,0,0
710,1,3.087097,2.203606,49.438782,1.533546,5.880893,59.940318,9.131402,5.498820,24.361013,3.485074,3.496260,7.694075,203,28830,0,0
711,1,3.170186,2.277215,43.672363,1.537852,11.584798,59.965200,8.014642,4.504015,20.763940,3.074992,2.808044,6.404277,166,23819,0,0
712,1,72.925368,2.214851,49.834459,1.542864,15.663547,139.966237,9.039303,5.383816,24.925330,3.478485,3.559163,7.904036,203,28830,0,0
713,1,8.622125,2.238783,43.333049,1.544518,6.465976,59.965668,7.844903,4.466064,21.014523,2.974026,2.935503,6.635701,166,23819,0,0
714,1,3.076396,2.194383,49.506565,1.536787,5.846469,59.966217,9.029758,5.304932,24.944899,3.432661,3.944977,7.955075,203,28830,0,0
715,1,3.130107,2.219679,43.614366,1.558146,11.655958,59.958577,8.366774,4.636936,20.442607,2.854479,2.766239,6.544006,166,23819,0,0
716,1,7.842007,2.259332,49.811930,1.499268,0.812819,59.966024,8.995714,5.385423,24.939294,3.573632,3.507935,8.024472,203,28830,0,0
717,1,7.543640,2.200521,43.309245,1.534878,7.577691,59.965454,7.907111,4.666945,20.761522,3.139757,2.901082,6.388997,166,23819,0,0
718,1,3.039144,2.163452,49.757121,1.570028,5.599155,59.965447,8.994137,5.338515,25.062463,3.563239,3.618290,8.021094,203,28830,0,0
719,1,3.092434,2.182475,43.565857,1.568220,11.767239,59.993751,7.870921,4.621399,21.112474,2.900689,3.016503,6.745277,166,23819,0,0
840,2,3.031762,2.242649,18.847449,1.035807,17.052036,39.967055,4.178463,1.344920,10.794305,1.437846,1.255714,4.019823,71,13028,0,0
841,2,11.336694,2.199456,16.295081,1.006585,11.298035,39.936395,3.828542,1.190589,9.374769,1.283434,0.984338,3.653171,59,11281,0,0
842,2,3.050934,2.204271,18.719459,1.035631,17.159309,39.965332,4.129215,1.391205,10.729489,1.474413,1.265683,3.908440,71,13028,0,0
843,2,2.976729,2.193719,16.323829,0.984768,19.691474,39.976800,3.812737,1.110430,9.427233,1.219723,0.978166,3.656623,59,11281,0,0
844,2,2.993235,2.208435,18.968258,1.012980,16.953688,39.928162,4.263736,1.378547,10.843509,1.465302,1.216485,4.115085,71,13028,0,0
845,2,11.551951,2.196174,16.311357,1.005134,11.097276,39.965719,3.517002,1.144155,9.618852,1.334866,1.016018,3.542935,59,11281,0,0
846,2,2.967662,2.184794,18.919959,1.001200,17.077223,39.966044,4.288727,1.397397,10.700056,1.396522,1.290622,3.960653,71,13028,0,0
847,2,3.016144,2.198683,16.327003,0.980537,19.642015,39.965698,3.629005,1.119310,9.660438,1.359548,1.097555,3.614122,59,11281,0,0
848,2,3.055573,2.206977,18.725949,1.031596,17.152988,39.966105,4.233721,1.248125,10.737742,1.612837,1.222293,3.947805,71,13028,0,0
849,2,7.502024,2.241591,16.273739,1.004883,15.185276,39.965922,3.673584,1.114332,9.497810,1.242927,1.060876,3.585663,59,11281,0,0
850,2,16.669172,2.233961,18.818295,1.036194,3.413303,39.936964,4.096486,1.384864,10.844564,1.518731,1.256707,3.997304,71,13028,0,0
851,2,3.063121,2.197300,16.104957,1.008314,19.782267,39.958659,3.651625,1.108490,9.391520,1.280226,1.072096,3.656189,59,11281,0,0
852,2,3.018036,2.192722,18.872799,1.003242,17.072028,39.966105,4.092407,1.279836,10.903005,1.461117,1.361518,3.967356,71,13028,0,0
853,2,7.666670,2.197367,16.303952,1.005646,14.990092,39.966359,3.604723,1.079461,9.668155,1.362274,1.161509,3.552504,59,11281,0,0
854,2,7.644684,2.244147,18.780636,1.007562,12.532939,39.965820,4.168789,1.314409,10.710687,1.438717,1.174672,4.083523,71,13028,0,0
855,2,2.982934,2.198649,16.247826,0.983863,19.751845,39.966468,3.626811,1.184136,9.527456,1.241018,0.977268,3.674974,59,11281,0,0
856,2,3.023733,2.199843,18.721676,1.003347,17.217143,39.965898,4.123969,1.331553,10.738956,1.478434,1.186849,3.992062,71,13028,0,0
857,2,7.981923,2.178765,16.364417,1.008542,14.629469,39.984351,3.746630,1.169206,9.476980,1.163435,0.975515,3.685689,59,11281,0,0
858,2,2.954166,2.171014,18.932634,1.005144,17.054782,39.946726,4.102509,1.419868,10.841994,1.476997,1.176432,4.068061,71,13028,0,0
859,2,3.020471,2.193068,16.101803,1.002462,19.840529,39.965264,3.679654,1.139489,9.435184,1.356693,0.946540,3.568529,59,11281,0,0
860,2,3.048960,2.228163,18.800351,1.031016,17.109395,39.989722,4.230632,1.360748,10.779517,1.598229,1.202810,3.973131,71,13028,0,0
861,2,7.245080,2.224562,16.260434,1.007243,15.429640,39.942396,3.773763,1.191905,9.306932,1.197734,1.046990,3.667236,59,11281,0,0
862,2,69.655589,2.202955,18.948300,1.007270,10.354926,99.966085,4.312826,1.339925,10.812337,1.436608,1.177043,4.078071,71,13028,0,0
863,2,3.008860,2.185072,16.606910,0.976722,19.366530,39.959022,3.793060,1.041704,9.427036,1.365262,0.979747,3.689307,59,11281,0,0
864,2,3.024560,2.195360,18.879391,1.011149,17.050917,39.966017,4.196184,1.322374,10.663008,1.431220,1.268660,4.125932,71,13028,0,0
865,2,7.075734,2.187636,16.063066,1.033210,15.793993,39.966003,3.591180,1.108192,9.410777,1.305071,1.020677,3.489132,59,11281,0,0
866,2,6.909671,2.203708,18.986284,1.031175,12.003628,38.930759,4.154622,1.270457,10.814392,1.441850,1.332513,4.087413,71,13028,0,0
867,2,2.983103,2.199422,16.551327,1.011848,19.413866,39.960144,3.572893,1.035363,9.520657,1.285556,1.120388,3.559757,59,11281,0,0
868,2,3.034495,2.176927,19.020830,1.007158,16.903680,39.966163,4.272942,1.417609,10.624800,1.534888,1.179253,4.049323,71,13028,0,0
869,2,7.678043,2.178257,16.219703,1.021420,15.069268,39.988434,3.708137,1.083486,9.398041,1.390221,1.016615,3.637370,59,11281,0,0
870,2,8.462718,2.205994,18.787086,1.032569,11.660719,39.943091,4.173242,1.406877,10.701877,1.520230,1.219588,4.001302,71,13028,0,0
871,2,3.045217,2.191996,16.120358,1.011712,19.788371,39.965658,3.675913,1.150503,9.315542,1.314867,0.945126,3.625112,59,11281,0,0
872,2,3.017792,2.170668,18.927487,1.000841,17.020006,39.966125,4.340444,1.295807,10.736298,1.386644,1.251234,4.098212,71,13028,0,0
873,2,7.476206,2.245253,16.228614,1.032772,15.228265,39.965858,3.707167,1.114376,9.551151,1.281881,1.076111,3.727285,59,11281,0,0
874,2,3.061242,2.210205,18.780270,1.027656,17.097154,39.966322,4.166887,1.289975,10.854835,1.514540,1.219018,4.056359,71,13028,0,0
875,2,18.490611,2.183628,16.276506,1.006687,4.192505,39.966309,3.890221,1.103404,9.191732,1.287296,1.013499,3.582513,59,11281,0,0
876,2,3.008148,2.188524,18.956438,0.999383,16.994995,39.958964,4.108873,1.287862,11.048896,1.674801,1.209503,3.971768,71,13028,0,0
877,2,8.050568,2.181790,16.302405,1.009193,14.622572,39.984738,3.753462,1.239841,9.295417,1.319204,0.979414,3.666595,59,11281,0,0
878,2,2.983449,2.172885,19.003577,1.005202,16.954692,39.946920,4.264889,1.400753,10.919708,1.396440,1.244717,4.061591,71,13028,0,0
879,2,7.535736,2.200202,16.177243,1.008253,15.243734,39.964966,3.757501,1.200016,9.168789,1.283200,0.947934,3.619910,59,11281,0,0
880,2,3.025055,2.198798,18.879289,1.010491,17.020854,39.935689,4.196123,1.285119,10.847385,1.528439,1.181593,4.037231,71,13028,0,0
881,2,7.657705,2.193502,16.177934,1.006809,15.123718,39.966166,3.575311,1.078156,9.609914,1.327091,1.182855,3.509294,59,11281,0,0
882,2,3.017853,2.195245,18.799923,1.001641,17.155762,39.975179,4.251984,1.282169,10.791470,1.431057,1.256158,4.126872,71,13028,0,0
883,2,2.981700,2.197442,16.240516,0.986525,19.747884,39.956624,3.715217,1.036180,9.539280,1.196754,0.944648,3.556196,59,11281,0,0
884,2,2.997420,2.191033,18.857683,1.010430,17.071594,39.937127,4.314718,1.317295,10.807631,1.440372,1.254035,4.015174,71,13028,0,0
885,2,7.648794,2.209859,16.131039,0.999237,15.186890,39.965959,3.723311,1.037764,9.404873,1.325107,1.051331,3.637889,59,11281,0,0
886,2,3.015981,2.189317,18.872250,1.014865,17.063009,39.966105,4.233259,1.213267,10.822222,1.517541,1.335361,4.018799,71,13028,0,0
887,2,69.522878,2.227614,16.171872,1.003418,13.267836,99.966003,3.722605,1.073429,9.340766,1.226718,1.050964,3.561601,59,11281,0,0
888,2,3.004120,2.188260,19.018165,1.011749,16.924805,39.958839,4.371416,1.364102,10.728207,1.522583,1.169234,3.989363,71,13028,0,0
889,2,8.365441,2.200324,16.488841,1.040453,14.070509,39.965244,3.810157,1.067118,9.375109,1.377516,1.015144,3.518914,59,11281,0,0
890,2,2.953705,2.171685,18.921417,1.005008,17.086745,39.966875,4.413690,1.328373,10.640394,1.576430,1.193264,4.038181,71,13028,0,0
891,2,7.101485,2.202955,16.152612,1.001628,15.709975,39.965698,3.722022,1.031498,9.439277,1.367208,0.984121,3.537699,59,11281,0,0
892,2,3.059777,2.238261,18.768022,1.029802,17.131951,39.989553,4.145637,1.374535,10.717102,1.567434,1.315908,3.913425,71,13028,0,0
893,2,7.503265,2.179118,16.141334,1.007599,15.289673,39.941871,3.673459,1.111827,9.357839,1.243981,0.979791,3.580899,59,11281,0,0
894,2,3.031620,2.207994,18.792803,1.035370,17.105550,39.965342,4.178260,1.404375,10.781572,1.430491,1.273821,4.111250,71,13028,0,0
895,2,8.095673,2.195238,16.348324,1.008379,14.513991,39.966366,3.614658,1.077281,9.623695,1.341956,1.009104,3.663479,59,11281,0,0
896,2,2.994795,2.172621,18.873511,1.004659,17.093255,39.966220,4.223080,1.211260,10.799598,1.655453,1.219842,3.954315,71,13028,0,0
897,2,7.850149,2.232849,16.218889,1.030073,14.892951,39.992062,3.682580,1.101858,9.434021,1.263492,1.051341,3.567359,59,11281,0,0
898,2,3.025903,2.204380,18.908362,1.009837,16.995036,39.939138,4.147159,1.433940,10.803711,1.513414,1.177389,3.984087,71,13028,0,0
899,2,3.070255,2.281013,16.140784,1.011136,19.743496,39.965671,3.676666,1.127279,9.377977,1.245426,0.944302,3.639818,59,11281,0,0
900,2,17.730682,2.182427,18.742774,1.035248,2.457682,39.966387,4.120202,1.363430,10.806396,1.514377,1.238244,4.089389,71,13028,0,0
901,2,7.633128,2.209283,16.133501,1.028097,15.164117,39.958842,3.662001,1.149953,9.433967,1.276516,0.947608,3.551931,59,11281,0,0
902,2,3.051985,2.262499,18.855709,1.005680,17.052863,39.966237,4.335405,1.283607,10.640574,1.443014,1.185147,4.098592,71,13028,0,0
903,2,2.991438,2.206048,16.340084,0.986955,19.617811,39.936289,3.695414,1.153327,9.599918,1.307515,0.945072,3.516890,59,11281,0,0
904,2,7.414351,2.202087,18.880673,1.011271,12.659905,39.966200,4.229533,1.444906,10.781253,1.506236,1.181074,4.061751,71,13028,0,0
905,2,7.955773,2.211256,16.108680,1.034075,14.867201,39.965729,3.739237,1.079166,9.407674,1.319326,1.018239,3.600891,59,11281,0,0
906,2,3.034590,2.211216,18.668800,1.002014,17.260491,39.965895,4.122684,1.262922,10.780670,1.562653,1.183668,3.913323,71,13028,0,0
907,2,3.030772,2.201145,16.208371,0.976586,19.720120,39.935849,3.771837,1.083696,9.424130,1.281464,1.064331,3.650570,59,11281,0,0
908,2,3.010162,2.197584,18.912676,1.004147,17.011651,39.938636,4.131626,1.438049,10.841441,1.546553,1.177422,4.049171,71,13028,0,0
909,2,6.929894,2.196052,16.277076,1.009664,15.749383,39.966017,3.665951,1.241452,9.356988,1.202237,1.017405,3.622070,59,11281,0,0
910,2,3.011905,2.159356,18.882911,1.018185,17.052809,39.965810,4.336239,1.332421,10.748901,1.354658,1.323598,4.039530,71,13028,0,0
911,2,3.006989,2.182970,16.088986,1.021600,19.847819,39.965393,3.599989,1.041060,9.408034,1.195808,0.982693,3.566332,59,11281,0,0
912,2,68.671539,2.222799,18.716671,1.035634,11.541972,99.965817,4.153307,1.340769,10.765177,1.595957,1.218502,3.914188,71,13028,0,0
913,2,7.039866,2.211270,16.546302,1.006422,15.366801,39.959391,3.698246,1.039764,9.518599,1.320482,1.089308,3.597032,59,11281,0,0
914,2,3.020599,2.201504,18.943844,1.011943,16.989454,39.965841,4.240726,1.315762,10.809601,1.443244,1.290626,4.027842,71,13028,0,0
915,2,3.062490,2.242255,16.159197,1.005900,19.738620,39.966207,3.688158,1.139306,9.408268,1.205570,1.019579,3.653130,59,11281,0,0
916,2,7.372528,2.161574,18.738196,1.033641,12.821370,39.965736,4.114241,1.444455,10.717892,1.482412,1.220527,3.972212,71,13028,0,0
917,2,7.146834,2.183492,16.350772,1.833856,14.636495,39.967957,3.742954,1.079054,9.609833,1.369405,1.014231,3.525828,59,11281,0,0
918,2,3.054426,2.193712,18.758874,1.034078,17.116489,39.963867,4.135691,1.311296,10.918840,1.476830,1.149577,4.009915,71,13028,0,0
919,2,3.038388,2.195767,16.212162,0.984660,19.730625,39.965834,3.819187,1.156436,9.245134,1.321069,0.946055,3.647868,59,11281,0,0
920,2,7.313419,2.193298,18.885047,1.001597,12.736145,39.936208,4.210520,1.330129,10.679806,1.563541,1.222375,4.062025,71,13028,0,0
921,2,7.151296,2.267815,16.161841,1.033830,15.618930,39.965898,3.859395,1.002045,9.408332,1.204861,1.052504,3.691739,59,11281,0,0
922,2,3.043460,2.231540,18.900557,1.005239,17.016785,39.966041,4.414724,1.293928,10.684943,1.478811,1.254815,4.101834,71,13028,0,0
923,2,2.996999,2.173971,16.190833,0.978353,19.799452,39.965637,3.665612,1.001543,9.494032,1.264791,1.093330,3.584334,59,11281,0,0
924,2,3.070621,2.248176,18.807166,1.056864,17.054091,39.988742,4.133016,1.373498,10.834473,1.396386,1.219259,4.105143,71,13028,0,0
925,2,18.646895,2.211724,16.214311,1.017873,4.063843,39.942922,3.734636,1.082096,9.451569,1.397559,1.015306,3.681047,59,11281,0,0
926,2,3.039351,2.215271,18.728431,1.037343,17.153239,39.958364,4.229343,1.249376,10.820438,1.651055,1.184367,3.917518,71,13028,0,0
927,2,3.065521,2.206733,16.268429,0.981262,19.650852,39.966064,3.713335,1.087331,9.398807,1.233822,1.046448,3.576148,59,11281,0,0
928,2,3.023244,2.203606,18.936785,1.008199,16.997776,39.966003,4.238254,1.208876,10.936676,1.542263,1.254367,4.004557,71,13028,0,0
929,2,10.687503,2.199558,16.224199,1.015652,12.040432,39.967787,3.811771,1.204525,9.358073,1.245046,1.154334,3.602068,59,11281,0,0
930,2,2.989953,2.175205,18.946286,1.030813,16.997131,39.964183,4.248244,1.469601,10.669250,1.554884,1.141527,4.042311,71,13028,0,0
931,2,3.014008,2.163805,16.151486,0.976047,19.824361,39.965902,3.635763,1.075633,9.383789,1.201501,1.019365,3.583079,59,11281,0,0
932,2,3.023651,2.232700,18.879188,1.002936,17.060187,39.965963,4.178491,1.404083,10.744551,1.431051,1.289185,4.143575,71,13028,0,0
933,2,6.525482,2.198561,16.110063,1.001784,16.284139,39.921468,3.680281,1.062978,9.364675,1.200968,1.006914,3.635030,59,11281,0,0
934,2,3.057749,2.208143,18.748932,1.035563,17.123413,39.965658,4.170068,1.394121,10.683879,1.566250,1.205977,3.981805,71,13028,0,0
935,2,2.985118,2.203261,16.337318,0.983293,19.660333,39.966061,3.739543,1.047550,9.485219,1.279290,0.941545,3.650160,59,11281,0,0
936,2,3.023421,2.200399,18.924761,1.008443,17.009026,39.965651,4.089834,1.408220,10.802507,1.668542,1.144704,3.987311,71,13028,0,0
937,2,68.793969,2.173991,16.317746,1.008094,13.846408,99.966217,3.731144,1.136237,9.568793,1.359785,0.979567,3.623406,59,11281,0,0
938,2,3.042870,2.253940,18.837480,1.051676,16.995904,39.927931,4.267531,1.288564,10.768246,1.482866,1.249681,4.016079,71,13028,0,0
939,2,3.006738,2.160909,16.534766,0.976712,19.447069,39.965285,3.816376,1.048269,9.405090,1.161733,1.052399,3.601705,59,11281,0,0
940,2,3.023305,2.232998,18.810991,1.020260,17.132460,39.987016,4.191477,1.444387,10.670251,1.387519,1.217848,4.169169,71,13028,0,0
941,2,10.512115,2.211466,16.134945,1.031609,12.266602,39.945272,3.711714,1.046689,9.416690,1.278039,1.053935,3.699297,59,11281,0,0
942,2,3.030813,2.179572,18.719052,1.036089,17.179620,39.965573,4.269596,1.296763,10.643389,1.558702,1.187249,3.986233,71,13028,0,0
943,2,2.966393,2.181396,16.303748,0.985179,19.711019,39.966339,3.710181,1.178843,9.340990,1.282745,1.048564,3.614315,59,11281,0,0
944,2,2.984704,2.198276,18.888730,1.013760,17.048815,39.936008,4.014703,1.403286,10.880395,1.589654,1.183136,3.975399,71,13028,0,0
945,2,11.221100,2.182787,16.229936,1.005001,11.509738,39.965776,3.674093,1.036333,9.486589,1.246341,1.052199,3.531633,59,11281,0,0
946,2,2.986766,2.203830,18.921892,1.005941,17.050836,39.965434,4.183302,1.355486,10.836188,1.432888,1.251790,4.134996,71,13028,0,0
947,2,3.009959,2.185940,16.168372,0.977102,19.810730,39.966163,3.688507,1.110979,9.471612,1.270094,1.082296,3.561096,59,11281,0,0
948,2,3.071320,2.250359,18.770382,1.004598,17.119561,39.965861,4.318553,1.413333,10.499013,1.394630,1.202772,3.957750,71,13028,0,0
949,2,7.160940,2.189501,16.255917,1.007962,15.540677,39.965495,3.751763,1.129096,9.458360,1.318410,0.981103,3.555216,59,11281,0,0
950,2,18.212840,2.231683,18.997901,1.010098,1.763882,39.984721,4.164124,1.391890,10.864098,1.509962,1.324548,4.061089,71,13028,0,0
951,2,3.028127,2.219469,16.310421,0.977719,19.623956,39.940223,3.723395,1.114044,9.441647,1.280535,1.073744,3.613210,59,11281,0,0
952,2,3.018890,2.195136,18.714210,1.032461,17.199463,39.965023,4.163293,1.334245,10.745171,1.479964,1.221015,3.971829,71,13028,0,0
953,2,7.335412,2.212253,16.186337,1.044963,15.399529,39.966241,3.775899,1.032318,9.480764,1.321231,1.013329,3.604523,59,11281,0,0
954,2,7.004093,2.208184,18.721798,1.033413,13.177192,39.936496,4.143382,1.207191,10.915012,1.551992,1.267724,4.009009,71,13028,0,0
955,2,3.068980,2.280735,16.117489,0.978756,19.801344,39.966570,3.759423,1.076128,9.403802,1.290999,1.019708,3.632999,59,11281,0,0
956,2,2.963125,2.180644,18.921892,1.032491,17.048537,39.966044,4.381280,1.315169,10.603522,1.423469,1.183489,3.975460,71,13028,0,0
957,2,7.751170,2.197415,16.316179,1.010312,14.888279,39.965939,3.648556,1.175700,9.526093,1.282769,1.017897,3.603295,59,11281,0,0
958,2,3.055308,2.266507,18.782467,1.035102,17.114346,39.987223,4.331933,1.255415,10.737396,1.484443,1.257219,4.001292,71,13028,0,0
959,2,2.985850,2.201681,16.374752,0.988491,19.595384,39.944478,3.708523,1.121396,9.546848,1.246253,1.025642,3.636356,59,11281,0,0
960,2,3.006392,2.182163,18.747331,1.033078,17.149794,39.936595,4.182078,1.362430,10.730598,1.488024,1.182580,3.950809,71,13028,0,0
961,2,7.338837,2.213101,16.172869,1.037855,15.416056,39.965617,3.799995,1.000431,9.483226,1.242279,0.945933,3.652683,59,11281,0,0
962,2,69.457306,2.206604,18.753476,1.010966,10.744724,99.966471,4.086355,1.295366,10.901638,1.478411,1.399312,4.001394,71,13028,0,0
963,2,3.047434,2.209303,16.603105,1.008274,19.300151,39.958964,3.774478,1.088009,9.519650,1.326308,1.054850,3.717824,59,11281,0,0
964,2,3.018097,2.189880,18.887814,1.003723,17.064243,39.973877,4.310632,1.322452,10.664280,1.464542,1.219615,4.166012,71,13028,0,0
965,2,8.489383,2.247057,16.191789,1.033610,14.242974,39.957757,3.716407,1.046492,9.505073,1.243707,0.947313,3.724155,59,11281,0,0
966,2,7.585704,2.255554,18.822751,1.004812,12.570597,39.983863,4.424215,1.317257,10.545281,1.428301,1.147898,4.105957,71,13028,0,0
967,2,2.986460,2.202508,16.327382,0.982246,19.651747,39.947835,3.726925,1.067434,9.620297,1.328142,1.040283,3.639228,59,11281,0,0
968,2,3.012583,2.189989,18.709551,3.105391,17.199490,42.027015,4.186469,1.285695,10.779293,1.440318,1.238047,3.983724,71,13028,0,0
969,2,6.816538,2.207492,16.518083,0.998681,13.564419,37.897722,3.699948,1.006093,9.486766,1.282867,1.133528,3.656002,59,11281,0,0
970,2,7.073124,2.192457,18.981523,1.003293,12.908074,39.966014,4.171037,1.324144,10.930033,1.387597,1.252296,4.097351,71,13028,0,0
971,2,3.032155,2.241462,16.591895,0.978112,19.363797,39.965959,3.582472,1.157501,9.504069,1.262461,1.011041,3.667345,59,11281,0,0
972,2,3.023529,2.215610,18.859901,1.001892,17.080438,39.965759,4.124034,1.445797,10.741472,1.431000,1.293552,4.083700,71,13028,0,0
973,2,7.810733,2.187500,16.229001,0.997942,14.928053,39.965729,3.613854,1.101423,9.591220,1.274194,0.980682,3.649336,59,11281,0,0
974,2,3.032474,2.244181,18.686072,1.024400,17.243985,39.986932,4.075931,1.286197,10.672685,1.461219,1.180773,4.079071,71,13028,0,0
975,2,16.291548,2.210951,15.996002,0.997250,6.659444,39.944244,3.509406,1.151404,9.308478,1.246667,1.048906,3.571170,59,11281,0,0
976,2,3.043406,2.219822,18.614112,0.994961,17.306179,39.958659,3.979404,1.290904,10.818034,1.515669,1.216834,3.925205,71,13028,0,0
977,2,7.872867,2.212558,16.032413,1.001116,15.059136,39.965532,3.570706,1.009555,9.474613,1.238308,1.010800,3.650757,59,11281,0,0
978,2,3.018334,2.197361,18.835527,1.000078,17.082187,39.936127,4.093747,1.258335,10.997403,1.502920,1.217343,4.034797,71,13028,0,0
979,2,7.760847,2.212280,16.008338,1.003476,15.193515,39.966176,3.519002,1.132131,9.377174,1.256866,0.978817,3.648129,59,11281,0,0
980,2,2.983327,2.199415,18.767575,1.002150,17.212545,39.965597,4.153636,1.324544,10.792467,1.488997,1.144016,4.076470,71,13028,0,0
981,2,7.723541,2.170139,15.927629,0.999719,15.314948,39.965837,3.411818,1.096717,9.462718,1.370121,1.050751,3.455421,59,11281,0,0
982,2,3.037832,2.248027,18.691688,0.997860,17.238112,39.965491,4.394321,1.311371,10.463938,1.392768,1.185543,4.048587,71,13028,0,0
983,2,2.960785,2.174940,16.174089,0.977210,19.826877,39.938961,3.559540,1.083238,9.591173,1.354916,1.085480,3.559126,59,11281,0,0
984,2,3.021495,2.165873,18.601295,0.993981,17.349128,39.965898,3.941203,1.240394,10.933126,1.477308,1.220469,4.068807,71,13028,0,0
985,2,7.393056,2.191088,15.861996,1.003252,15.707167,39.965471,3.516754,1.037174,9.314735,1.328895,1.035973,3.512936,59,11281,0,0
986,2,2.972300,2.187073,18.851966,1.001997,17.139798,39.966061,4.207201,1.349782,10.818193,1.480645,1.247626,4.090013,71,13028,0,0
987,2,69.607269,2.199110,16.226763,1.004934,13.126607,99.965573,3.594513,1.079647,9.566240,1.199514,1.032125,3.664402,59,11281,0,0
988,2,3.004018,2.188416,19.017270,0.996945,16.941298,39.959530,4.380466,1.278229,10.816345,1.432281,1.279978,4.001004,71,13028,0,0
989,2,7.267141,2.188877,16.491350,1.003238,15.204149,39.965878,3.607581,1.058767,9.537099,1.207486,1.102146,3.716390,59,11281,0,0
990,2,3.010725,2.227634,18.858415,1.003089,17.093235,39.965464,4.255436,1.381846,10.612274,1.437622,1.232947,4.030765,71,13028,0,0
991,2,7.492259,2.239597,16.134783,1.001102,15.337633,39.965776,3.651052,1.054647,9.510000,1.327915,1.080098,3.696503,59,11281,0,0
992,2,3.068390,2.244269,18.700863,1.023027,17.196120,39.988400,4.030514,1.256412,10.887339,1.468408,1.255530,4.084886,71,13028,0,0
993,2,7.546634,2.190653,15.922624,0.999610,15.474440,39.943309,3.595466,1.008894,9.295556,1.235809,1.003879,3.432648,59,11281,0,0
994,2,3.027252,2.205885,18.579363,1.021935,17.359178,39.987729,4.066315,1.251156,10.791487,1.541080,1.180247,4.046899,71,13028,0,0
995,2,7.892724,2.172384,15.971778,1.000953,15.078078,39.943532,3.481940,1.202694,9.383979,1.279473,1.017849,3.581302,59,11281,0,0
996,2,2.993798,2.180779,18.749468,0.999006,17.195218,39.937490,4.054827,1.353658,10.859850,1.486857,1.242357,3.992384,71,13028,0,0
997,2,7.185476,2.247389,16.069570,1.003869,15.707269,39.966183,3.444919,1.157928,9.475355,1.270820,1.041226,3.626180,59,11281,0,0
998,2,2.977583,2.194655,18.847246,1.005612,17.135288,39.965729,4.203322,1.441627,10.623057,1.427300,1.142975,4.107981,71,13028,0,0
999,2,3.044769,2.194132,15.904151,0.978380,0.038622,19.965922,3.448649,1.047380,9.358487,1.373274,1.021535,3.468641,59,11281,0,0
1000,2,17.904931,2.200277,19.005022,1.000729,2.055027,39.965708,4.070241,1.328891,11.062697,1.508782,1.212335,4.002903,71,13028,0,0
1001,2,7.413625,2.229546,16.387421,1.001166,15.156731,39.958944,3.593401,1.101485,9.299333,1.323914,0.943729,3.613617,59,11281,0,0
1002,2,3.034129,2.215922,18.831621,0.999644,17.100423,39.965817,4.304430,1.414174,10.518094,1.428914,1.218936,4.072991,71,13028,0,0
1003,2,3.036346,2.213711,16.005042,0.978519,19.945645,39.965552,3.495348,1.040782,9.507111,1.319183,1.141130,3.570567,59,11281,0,0
1004,2,7.335331,2.147251,18.605567,0.997840,13.027256,39.965993,3.880510,1.332462,10.789174,1.352495,1.400886,4.045912,71,13028,0,0
1005,2,7.868825,2.210565,16.182187,1.002085,14.912069,39.965166,3.673079,1.141083,9.443502,1.200487,1.115431,3.686211,59,11281,0,0
1006,2,3.043020,2.254957,18.654456,0.999288,17.269138,39.965902,4.359572,1.277883,10.544749,1.442434,1.188639,4.072276,71,13028,0,0
1007,2,2.979218,2.194940,16.220150,1.002764,19.763726,39.965858,3.682200,1.140323,9.404850,1.236426,0.980275,3.691589,59,11281,0,0
1008,2,2.997989,2.181851,18.922258,1.004737,17.013563,39.938548,4.112878,1.403354,10.903398,1.513577,1.213945,4.007928,71,13028,0,0
1009,2,7.252268,2.229574,16.001970,0.998247,15.713108,39.965593,3.538083,1.075395,9.354808,1.320964,0.978227,3.643918,59,11281,0,0
1010,2,2.980682,2.198385,18.785316,0.999624,17.200216,39.965837,4.158437,1.359148,10.667243,1.433322,1.159790,4.074042,71,13028,0,0
1011,2,3.006785,2.183384,15.978594,0.977926,20.002658,39.965963,3.574677,1.109582,9.372911,1.302219,1.072971,3.650560,59,11281,0,0
1012,2,69.012197,2.273492,18.647112,1.000787,11.305318,99.965413,4.137299,1.345405,10.727722,1.397444,1.284851,4.034661,71,13028,0,0
1013,2,7.258108,2.180576,16.461015,1.005612,15.234063,39.958798,3.585826,1.010196,9.493886,1.244520,1.006629,3.674811,59,11281,0,0
1014,2,3.010244,2.195468,18.825314,0.997772,17.133097,39.966427,4.336466,1.338328,10.595361,1.435716,1.181444,4.030450,71,13028,0,0
1015,2,3.038415,2.215190,15.990251,0.971276,19.965888,39.965830,3.606432,1.144972,9.315494,1.205916,0.984724,3.535099,59,11281,0,0
1016,2,8.248240,2.274896,18.644446,1.023448,12.074646,39.990780,4.124712,1.210758,10.728051,1.610189,1.271203,3.928969,71,13028,0,0
1017,2,7.127079,2.184136,16.083384,1.001360,15.728088,39.939911,3.491096,1.044013,9.609765,1.358860,1.086775,3.542579,59,11281,0,0
1018,2,3.000193,2.177639,18.584673,0.994788,17.386732,39.966387,3.980079,1.369626,10.777852,1.432790,1.199626,4.055542,71,13028,0,0
1019,2,2.938887,2.151523,16.180444,0.975983,19.870158,39.965471,3.819105,1.108687,9.333652,1.323412,1.019446,3.529060,59,11281,0,0
1020,2,7.083893,2.170790,18.790972,1.002438,13.088677,39.965980,4.110328,1.392910,10.788100,1.389472,1.231605,4.049981,71,13028,0,0
1021,2,7.534983,2.234280,16.058753,1.003021,15.369080,39.965837,3.598304,1.095584,9.444146,1.249674,0.981479,3.648509,59,11281,0,0
1022,2,3.049001,2.240980,18.694753,1.000936,17.235982,39.980672,4.004842,1.380022,10.784444,1.435337,1.146071,4.012078,71,13028,0,0
1023,2,2.991506,2.168850,16.246558,0.976620,19.736423,39.951107,3.721052,1.085039,9.533359,1.284671,0.945502,3.682933,59,11281,0,0
1024,2,3.017792,2.194858,18.584856,0.995107,17.368286,39.966041,4.087880,1.323191,10.707594,1.526984,1.280182,3.996592,71,13028,0,0
1025,2,20.241038,2.145942,15.975766,1.042803,2.726800,39.986406,3.375793,1.042538,9.517354,1.241625,1.058038,3.556841,59,11281,0,0
1026,2,3.007823,2.224067,18.846453,0.998159,17.085592,39.938026,4.121657,1.362430,10.897620,1.518965,1.248383,4.052534,71,13028,0,0
1027,2,3.031077,2.208198,16.028887,0.976186,19.930033,39.966183,3.521935,1.072466,9.436262,1.330655,1.008236,3.548923,59,11281,0,0
1028,2,2.985314,2.165771,18.795834,0.999488,17.185316,39.965953,4.298062,1.332842,10.666270,1.461087,1.215949,4.056915,71,13028,0,0
1029,2,10.141184,2.190640,15.987484,0.995575,12.841410,39.965654,3.358198,1.116465,9.552144,1.313527,1.043745,3.581746,59,11281,0,0
1030,2,3.038137,2.208978,18.600725,1.022193,17.330987,39.992042,4.114604,1.281877,10.737729,1.597989,1.221995,4.068624,71,13028,0,0
1031,2,2.996124,2.170410,16.132870,0.976532,19.850647,39.956173,3.714732,1.239221,9.299438,1.369568,1.016734,3.610016,59,11281,0,0
1032,2,2.982391,2.170546,18.778866,0.998464,17.189107,39.948829,4.038544,1.391700,10.895362,1.403900,1.311652,4.084073,71,13028,0,0
1033,2,7.327518,2.190904,16.180478,1.009620,15.448683,39.966298,3.468153,1.089016,9.665944,1.368703,1.121941,3.557926,59,11281,0,0
1034,2,2.949249,2.164822,18.873267,1.003703,17.139316,39.965535,4.197605,1.367354,10.737284,1.495887,1.286513,4.043474,71,13028,0,0
1035,2,3.040354,2.190809,15.925635,0.969862,0.029683,19.965535,3.468662,1.069394,9.406725,1.363871,1.072228,3.512455,59,11281,0,0
1036,2,3.052880,2.228956,18.896033,1.003164,17.014526,39.966604,3.992015,1.334296,10.936913,1.594618,1.288133,3.924323,71,13028,0,0
1037,2,69.388357,2.172194,16.378143,1.833499,12.367872,99.967872,3.570835,1.121334,9.424859,1.271956,1.016771,3.576443,59,11281,0,0
1038,2,3.035811,2.192044,18.813697,1.000336,17.106873,39.956716,4.177002,1.248939,10.766859,1.561886,1.247986,4.029371,71,13028,0,0
1039,2,2.978160,2.155294,16.482032,0.979591,19.526238,39.966020,3.657220,1.090681,9.429765,1.206590,0.979628,3.683228,59,11281,0,0
1040,2,3.059804,2.208299,18.692990,0.995829,17.217502,39.966125,3.985365,1.257538,10.919539,1.473690,1.235911,4.089715,71,13028,0,0
1041,2,10.192820,2.202671,16.229407,1.002553,12.540975,39.965756,3.581984,1.123823,9.554630,1.279182,0.972141,3.571143,59,11281,0,0
1042,2,3.011871,2.189785,18.604285,0.997331,17.352837,39.966326,3.940260,1.371636,10.672916,1.391513,1.224280,3.953606,71,13028,0,0
1043,2,3.060876,2.235718,16.099932,0.976003,19.830383,39.967194,3.613057,1.065630,9.348460,1.200385,0.997735,3.642880,59,11281,0,0
1044,2,2.990095,2.205885,18.860857,1.003415,17.109592,39.963959,4.128191,1.328318,10.909502,1.505222,1.269318,3.984138,71,13028,0,0
1045,2,11.662120,2.244988,16.090756,1.001729,11.211521,39.966125,3.613241,1.049198,9.485094,1.161811,1.113770,3.664903,59,11281,0,0
1046,2,3.046295,2.182332,18.718014,1.000953,17.200412,39.965675,4.259040,1.369497,10.594120,1.477302,1.182956,4.034017,71,13028,0,0
1047,2,3.021210,2.171455,15.932838,0.973758,0.038378,19.966183,3.458866,1.164229,9.348267,1.275126,1.020159,3.591532,59,11281,0,0
1048,2,3.018016,2.194594,18.975420,0.999630,16.972934,39.966000,4.164764,1.320346,10.971748,1.429040,1.284990,4.070862,71,13028,0,0
1049,2,7.347748,2.211270,16.495643,1.005391,15.116794,39.965576,3.796580,1.134983,9.316352,1.203915,1.197161,3.611701,59,11281,0,0
1050,2,16.430728,2.202426,18.587277,1.008240,3.939507,39.965752,3.979950,1.332638,10.712925,1.483066,1.330624,3.972487,71,13028,0,0
1051,2,3.021020,2.191528,16.092038,0.979414,19.891588,39.984060,3.639665,1.077996,9.382775,1.293488,1.102895,3.577084,59,11281,0,0
1052,2,2.957591,2.174655,18.802182,1.003964,17.176812,39.940548,4.211378,1.271790,10.898322,1.395999,1.180732,4.139662,71,13028,0,0
1053,2,8.480581,2.221537,16.105242,1.005829,14.374003,39.965654,3.620555,1.273922,9.297906,1.201341,0.981940,3.686869,59,11281,0,0
1054,2,7.604319,2.200080,18.784014,1.021990,12.577976,39.988298,4.094513,1.291772,10.846561,1.513994,1.215308,4.062080,71,13028,0,0
1055,2,2.951691,2.168830,16.286150,1.006392,19.699042,39.943275,3.556356,1.107737,9.572035,1.271983,0.977705,3.689172,59,11281,0,0
1056,2,3.011627,2.176941,18.833696,0.997094,17.123725,39.966142,3.989505,1.337857,11.005368,1.354828,1.445106,4.129720,71,13028,0,0
1057,2,7.397003,2.180969,15.966590,0.998471,15.603366,39.965430,3.605899,1.078963,9.361535,1.329556,0.984290,3.569292,59,11281,0,0
1058,2,2.986230,2.200792,18.902707,0.996782,17.051100,39.936818,3.989451,1.462131,10.928524,1.432095,1.310052,4.071601,71,13028,0,0
1059,2,3.062571,2.239875,16.038713,0.978678,19.885593,39.965556,3.716068,0.998552,9.329824,1.256497,1.015191,3.565653,59,11281,0,0
1060,2,3.045664,2.224806,18.811195,1.001217,17.107985,39.966061,4.196798,1.381541,10.703857,1.511817,1.246501,4.101617,71,13028,0,0
1061,2,7.476444,2.234802,16.111447,0.998945,15.378689,39.965525,3.612715,1.047811,9.466966,1.244775,0.980313,3.695767,59,11281,0,0
1062,2,69.851932,2.193448,18.910397,1.020813,10.154066,99.937208,4.178026,1.403636,10.769728,1.465305,1.289483,4.097317,71,13028,0,0
1063,2,3.013112,2.186137,16.584876,0.979309,19.406325,39.983622,3.714166,1.120175,9.591838,1.254523,0.943461,3.697706,59,11281,0,0
1064,2,2.981476,2.166619,18.940460,1.007351,17.011936,39.941223,4.183285,1.248566,10.906196,1.536801,1.279972,4.095049,71,13028,0,0
1065,2,7.368866,2.200290,16.313575,0.997108,15.286289,39.965837,3.671519,1.038713,9.379333,1.485786,1.019562,3.427829,59,11281,0,0
1066,2,7.969777,2.199599,18.848948,1.038361,12.128120,39.985206,4.073330,1.456360,10.908641,1.422414,1.203566,4.080221,71,13028,0,0
1067,2,2.975772,2.189819,16.096920,1.001624,19.845147,39.919464,3.501672,1.005364,9.636875,1.440403,1.086517,3.563395,59,11281,0,0
1068,2,3.031342,2.182027,18.595144,0.992374,17.346571,39.965430,3.969035,1.388228,10.666280,1.447574,1.275574,4.017185,71,13028,0,0
1069,2,7.592662,2.236844,16.141578,0.997810,15.234646,39.966695,3.489465,1.108171,9.476912,1.243802,0.944472,3.623905,59,11281,0,0
1070,2,7.061974,2.190728,18.593441,0.994198,13.287835,39.937449,4.139147,1.208344,10.859924,1.658844,1.294152,3.986599,71,13028,0,0
1071,2,3.059397,2.208591,15.981747,0.974491,19.949856,39.965491,3.504259,1.039337,9.382477,1.300900,1.017700,3.659295,59,11281,0,0
1072,2,3.010813,2.183078,18.737932,0.997555,17.219577,39.965878,4.088542,1.331146,10.757511,1.623247,1.221842,3.964552,71,13028,0,0
1073,2,7.462833,2.221449,16.012977,1.000281,15.461012,39.937103,3.555705,1.081913,9.427433,1.205448,1.024662,3.640144,59,11281,0,0
1074,2,3.055654,2.205499,18.584042,0.992635,17.333489,39.965820,3.965898,1.365577,10.760074,1.474942,1.303385,4.076789,71,13028,0,0
1075,2,16.617455,2.206685,16.047950,1.000078,6.300490,39.965973,3.452616,1.143884,9.501851,1.190806,1.015771,3.716634,59,11281,0,0
1076,2,3.026235,2.207119,18.564104,1.007511,17.367683,39.965532,3.913561,1.372182,10.795753,1.498223,1.261800,3.863213,71,13028,0,0
1077,2,7.202131,2.210558,16.053667,1.002703,15.700026,39.958527,3.592088,1.089637,9.487786,1.282647,1.053711,3.644904,59,11281,0,0
1078,2,2.980255,2.196581,20.399044,1.004232,15.582635,39.966166,4.237362,1.401805,10.646481,1.516229,1.204095,3.984344,71,13028,0,0
1079,2,7.606394,2.170593,15.996497,1.003764,15.359266,39.965922,3.601400,1.131639,9.263736,1.245344,0.977963,3.607958,59,11281,0,0
1200,3,16.482869,2.209710,22.155450,1.458096,19.870599,59.967014,5.568454,1.972456,10.969825,1.596436,1.294542,3.984060,75,13362,0,0
1201,3,7.741442,2.188605,19.304403,1.539958,11.373081,39.958883,4.734490,1.550222,9.587257,1.361901,1.117557,3.550490,63,11615,0,0
1202,3,3.080343,2.164998,22.235772,1.535139,13.114882,39.966136,5.481167,1.855425,11.168796,1.542233,1.303874,4.096612,75,13362,0,0
1203,3,3.069455,2.157959,19.359785,1.544172,15.992174,39.965586,4.973487,1.543460,9.657030,1.401181,1.154694,3.562958,63,11615,0,0
1204,3,7.512702,2.242879,22.006185,1.569129,8.877496,39.965512,5.240309,1.973884,11.040161,1.541948,1.273126,4.084025,75,13362,0,0
1205,3,7.903605,2.199280,19.136332,1.539880,11.386563,39.966380,4.670302,1.627357,9.742137,1.422150,1.077898,3.661007,63,11615,0,0
1206,3,3.120144,2.239427,22.044678,1.549113,13.251906,39.965841,5.452528,1.985562,10.914551,1.659010,1.229957,3.997342,75,13362,0,0
1207,3,2.996318,2.155518,18.937642,1.536170,16.495416,39.965546,4.760003,1.652998,9.498013,1.273661,1.102153,3.562717,63,11615,0,0
1208,3,3.097704,2.183940,22.181620,1.538598,13.147976,39.965898,5.464932,1.893999,11.030724,1.615906,1.230764,4.030897,75,13362,0,0
1209,3,7.288642,2.233615,19.206665,1.540036,11.930800,39.966142,4.499881,1.768199,9.736216,1.320723,1.159261,3.610969,63,11615,0,0
1210,3,3.085069,2.199999,21.792745,1.560455,13.556132,39.994402,5.313002,1.852665,10.924174,1.596917,1.337541,3.868852,75,13362,0,0
1211,3,3.073920,2.193271,19.394470,1.531433,15.937595,39.937419,4.671383,1.720456,9.572666,1.281325,1.042284,3.663374,63,11615,0,0
1212,3,67.284315,2.163805,22.113654,1.536496,9.031345,99.965810,5.579556,1.810842,11.077315,1.503289,1.416066,3.935184,75,13362,0,0
1213,3,7.588704,2.198357,19.475321,1.542670,11.352410,39.959106,4.856120,1.604604,9.638397,1.324154,1.048082,3.646898,63,11615,0,0
1214,3,3.061435,2.180400,23.812690,1.540022,11.569872,39.984019,5.556644,1.907515,11.067203,1.628801,1.263357,3.976376,75,13362,0,0
1215,3,3.014567,2.174038,19.427802,1.531599,15.973334,39.947303,4.841746,1.705360,9.591081,1.188480,1.118910,3.653629,63,11615,0,0
1216,3,7.487840,2.215610,22.034729,1.564270,8.908217,39.995056,5.353539,1.858897,10.936401,1.567047,1.266086,3.946652,75,13362,0,0
1217,3,7.221320,2.162537,19.368103,1.535926,11.811456,39.936805,4.700728,1.625831,9.627950,1.229672,1.080817,3.595093,63,11615,0,0
1218,3,3.062093,2.180969,22.255602,1.543315,13.104994,39.966003,5.526432,1.846927,11.115828,1.554969,1.319478,4.064019,75,13362,0,0
1219,3,3.061327,2.192356,19.459269,1.545434,15.872993,39.939022,4.858005,1.668101,9.637943,1.383545,1.046183,3.550985,63,11615,0,0
1220,3,7.742330,2.193054,22.157640,1.566471,8.524604,39.991045,5.572313,1.860016,11.023983,1.662008,1.268094,4.001879,75,13362,0,0
1221,3,8.492839,2.210720,19.247952,1.567098,10.632175,39.940063,4.592848,1.738858,9.566752,1.358392,1.118401,3.576765,63,11615,0,0
1222,3,3.123271,2.241347,22.236660,1.535987,13.070326,39.966244,5.517832,1.985718,11.015184,1.508731,1.376272,4.031996,75,13362,0,0
1223,3,3.043308,2.199253,19.427639,1.538188,15.928623,39.937758,4.821686,1.535682,9.720055,1.193200,1.081014,3.607517,63,11615,0,0
1224,3,3.085470,2.170105,22.236681,1.537174,13.124498,39.983822,5.533349,1.851383,11.047475,1.537103,1.276072,4.069645,75,13362,0,0
1225,3,20.892626,2.196608,19.516744,1.455034,18.083530,59.947934,4.583710,1.534834,9.862868,1.359823,1.040554,3.544827,63,11615,0,0
1226,3,3.096185,2.247959,22.240404,1.537703,13.084378,39.958669,5.610897,1.925466,11.008318,1.528090,1.197008,4.091329,75,13362,0,0
1227,3,3.019002,2.164029,19.497274,1.544064,15.877618,39.937958,4.675405,1.549598,9.748535,1.361705,1.083008,3.626862,63,11615,0,0
1228,3,3.095133,2.248508,22.265042,1.546672,13.058424,39.965271,5.444004,1.917826,11.070689,1.546478,1.308584,3.987963,75,13362,0,0
1229,3,11.392124,2.214878,19.432421,1.544393,7.597568,39.966505,4.692159,1.643124,9.656301,1.256799,1.047231,3.676171,63,11615,0,0
1230,3,3.151611,2.253615,21.938748,1.569821,13.305474,39.965654,5.275096,1.815979,11.083713,1.522732,1.387699,4.113647,75,13362,0,0
1231,3,3.084188,2.202603,19.037598,1.538564,16.305813,39.966163,4.775604,1.681502,9.493629,1.267958,1.083666,3.568044,63,11615,0,0
1232,3,3.071174,2.184679,21.954929,1.534651,13.405002,39.965756,5.430111,1.857751,10.914215,1.505588,1.306512,3.971256,75,13362,0,0
1233,3,7.427755,2.214098,19.237434,1.543861,11.756565,39.965613,4.708628,1.707889,9.702352,1.268829,1.071415,3.628194,63,11615,0,0
1234,3,3.091492,2.242798,21.991353,1.531718,13.352085,39.966648,5.223460,1.918481,11.073554,1.628350,1.308672,3.965013,75,13362,0,0
1235,3,3.076762,2.197564,19.069322,1.538205,16.281243,39.965532,4.736223,1.695733,9.510725,1.231828,1.087592,3.648132,63,11615,0,0
1236,3,3.138896,2.256239,21.866767,1.539432,13.420498,39.965593,5.398685,1.966929,10.928372,1.589115,1.266866,4.004503,75,13362,0,0
1237,3,78.366231,2.180827,18.952745,1.528887,1.118076,99.965939,4.770552,1.549510,9.486457,1.319807,1.105635,3.586683,63,11615,0,0
1238,3,3.097785,2.192485,22.158298,1.525218,13.177639,39.958940,5.589067,1.891768,10.993001,1.551246,1.306271,4.064663,75,13362,0,0
1239,3,3.065145,2.178745,19.350789,1.549055,16.019057,39.984046,4.789842,1.608666,9.516062,1.288683,1.042952,3.565314,63,11615,0,0
1240,3,3.069336,2.188327,22.173252,1.531111,13.173821,39.947520,5.355014,1.929901,11.080360,1.552029,1.405423,4.122877,75,13362,0,0
1241,3,11.537272,2.198263,19.157939,1.539653,7.730828,39.965691,4.671885,1.546132,9.590183,1.400302,1.130408,3.563277,63,11615,0,0
1242,3,3.075406,2.193854,22.206889,1.539486,13.162286,39.984066,5.499335,1.863637,11.166389,1.623661,1.315647,4.136051,75,13362,0,0
1243,3,3.067037,2.181824,19.368741,1.531481,15.980414,39.947673,4.779436,1.547821,9.611681,1.276920,1.074148,3.622091,63,11615,0,0
1244,3,3.081624,2.175564,22.236274,1.543477,13.104892,39.966268,5.598633,1.931868,11.100847,1.504632,1.337616,4.026313,75,13362,0,0
1245,3,11.720744,2.181003,19.432556,1.535865,7.276950,39.966115,4.952084,1.560862,9.554376,1.271325,1.112145,3.594062,63,11615,0,0
1246,3,3.075738,2.189304,21.801439,1.542830,13.550869,39.970876,5.250058,1.841685,10.982564,1.641585,1.271457,3.917714,75,13362,0,0
1247,3,3.023424,2.152846,19.049269,1.565799,16.321771,39.960263,4.468197,1.666409,9.839667,1.374142,1.209880,3.594204,63,11615,0,0
1248,3,3.067322,2.185540,22.304348,1.546302,13.060723,39.978695,5.447120,2.084354,10.988702,1.506870,1.305549,4.108209,75,13362,0,0
1249,3,9.050937,2.199931,19.406582,1.539836,9.956007,39.953362,4.726142,1.657101,9.654592,1.310265,1.079081,3.598378,63,11615,0,0
1250,3,16.397759,2.267402,21.917060,1.453918,0.215101,39.983839,5.372108,1.961199,10.787360,1.601952,1.264119,3.836239,75,13362,0,0
1251,3,2.999471,2.158739,19.413154,1.536048,15.992872,39.941545,4.828939,1.485572,9.765174,1.415938,1.070329,3.618242,63,11615,0,0
1252,3,3.080058,2.198073,22.205227,1.538388,13.142124,39.965797,5.559150,1.858422,11.028507,1.540243,1.269636,4.001475,75,13362,0,0
1253,3,8.411045,2.221063,19.238715,1.533769,10.782606,39.966136,4.721493,1.541012,9.519328,1.350928,1.142934,3.465817,63,11615,0,0
1254,3,7.467801,2.225206,22.026998,1.538228,8.932875,39.965902,5.349928,1.936666,11.079597,1.560872,1.233049,3.966797,75,13362,0,0
1255,3,3.079909,2.194777,19.247423,1.536251,16.102329,39.965912,4.824822,1.579776,9.788120,1.315223,1.003404,3.549696,63,11615,0,0
1256,3,3.096754,2.189589,22.133999,1.542948,13.192356,39.966058,5.371908,2.013072,11.122745,1.510400,1.425229,4.019674,75,13362,0,0
1257,3,7.736084,2.192064,19.150194,1.537493,11.542189,39.965959,4.582950,1.675747,9.757002,1.334201,1.040751,3.605632,63,11615,0,0
1258,3,3.056790,2.175652,21.776143,1.533830,13.598809,39.965573,5.213820,1.933170,10.875834,1.591197,1.275350,3.895399,75,13362,0,0
1259,3,3.014391,2.146105,18.997579,1.535339,16.418715,39.966024,4.638957,1.690420,9.589600,1.447673,1.148794,3.524773,63,11615,0,0
1260,3,3.037001,2.152635,21.834663,1.537710,13.556559,39.965932,5.390917,1.912303,10.908790,1.614868,1.235274,3.875098,75,13362,0,0
1261,3,7.579325,2.188348,18.970934,1.534729,11.881117,39.966105,4.762719,1.631460,9.598307,1.303877,1.111559,3.554247,63,11615,0,0
1262,3,71.749471,2.183912,22.049581,1.541663,4.642598,99.983314,5.623437,1.849803,11.015567,1.636658,1.267303,4.031277,75,13362,0,0
1263,3,3.096096,2.199782,19.495585,1.544132,15.805813,39.941627,4.740821,1.569645,9.694909,1.230170,1.076708,3.640476,63,11615,0,0
1264,3,3.111274,2.195123,22.026632,1.536174,13.292107,39.966187,5.323581,1.830068,11.050395,1.512427,1.272912,4.066328,75,13362,0,0
1265,3,8.054308,2.183573,19.376072,1.535431,11.022244,39.988054,4.856225,1.618534,9.494717,1.398848,1.026577,3.569556,63,11615,0,0
1266,3,7.281311,2.208950,21.981066,1.541423,9.140008,39.943807,5.381009,1.801497,11.039263,1.605394,1.315684,3.965512,75,13362,0,0
1267,3,3.118632,2.197069,19.554782,1.545956,15.746562,39.965932,4.507592,1.670054,9.889041,1.316203,1.076152,3.630137,63,11615,0,0
1268,3,3.038540,2.195530,22.113647,1.564863,13.255093,39.972144,5.717370,1.860823,10.998742,1.550805,1.303958,3.941037,75,13362,0,0
1269,3,7.263590,2.188110,19.027045,1.540731,12.128147,39.959513,4.867099,1.535580,9.607276,1.193237,1.089433,3.661838,63,11615,0,0
1270,3,7.256978,2.176839,21.980930,1.531603,9.196425,39.965936,5.503991,1.772783,11.000264,1.596815,1.308265,3.982656,75,13362,0,0
1271,3,3.085856,2.180820,19.454983,1.532145,15.892083,39.965068,4.771539,1.581367,9.727980,1.303524,1.184726,3.524523,63,11615,0,0
1272,3,3.077006,2.191182,21.955241,1.541758,13.392334,39.966339,5.471280,1.938019,10.953213,1.635769,1.263119,3.865173,75,13362,0,0
1273,3,7.832621,2.177931,18.977729,1.542382,11.613247,39.965980,4.713555,1.562215,9.619832,1.298370,1.106611,3.596005,63,11615,0,0
1274,3,3.083801,2.198073,21.949571,1.529293,13.403354,39.966020,5.455692,1.818688,11.116170,1.590505,1.304369,3.992289,75,13362,0,0
1275,3,17.484233,2.147339,19.051805,1.535160,1.895087,39.966285,4.748413,1.597124,9.446927,1.230506,1.010997,3.630059,63,11615,0,0
1276,3,3.158251,2.274875,21.820841,1.545410,13.434299,39.958801,5.291914,1.850250,10.994948,1.504788,1.354126,4.093699,75,13362,0,0
1277,3,7.808065,2.181885,19.394226,2.375166,10.390591,39.968048,4.702365,1.562490,9.608707,1.322751,1.075704,3.526628,63,11615,0,0
1278,3,3.110799,2.248467,22.267463,1.539873,13.045546,39.963681,5.392090,1.916419,11.058119,1.656484,1.321045,4.018965,75,13362,0,0
1279,3,7.550951,2.248515,19.576152,1.534929,11.304070,39.966102,4.873223,1.545990,9.750600,1.307658,1.074164,3.598389,63,11615,0,0
1280,3,3.093113,2.247226,22.285604,1.538293,13.048964,39.965973,5.467000,1.861359,11.157779,1.507395,1.380486,4.025465,75,13362,0,0
1281,3,6.707770,2.214634,19.005147,1.537476,12.715285,39.965678,4.832252,1.603309,9.544800,1.323561,1.046282,3.556651,63,11615,0,0
1282,3,3.143941,2.262973,21.926846,1.527625,13.367547,39.965959,5.291131,1.819604,11.167057,1.648078,1.464539,4.035743,75,13362,0,0
1283,3,3.090149,2.208164,18.994371,1.538408,16.357151,39.980079,4.755649,1.603784,9.541572,1.187083,1.095439,3.608480,63,11615,0,0
1284,3,3.094625,2.247409,22.175605,1.534034,13.147698,39.951962,5.462921,1.866713,11.159539,1.581289,1.411004,3.947442,75,13362,0,0
1285,3,7.293701,2.198161,19.401232,1.543047,11.727960,39.965939,4.665100,1.670251,9.603519,1.280216,1.084120,3.610084,63,11615,0,0
1286,3,3.049662,2.203064,21.924079,1.534424,13.457594,39.965759,5.417569,1.907813,10.881914,1.546580,1.342275,3.890272,75,13362,0,0
1287,3,72.895610,2.244561,19.185655,1.543901,6.311415,99.936581,4.634732,1.576535,9.523899,1.231222,1.108266,3.571486,63,11615,0,0
1288,3,3.047065,2.169935,22.159851,1.533735,13.218309,39.958961,5.432044,1.907732,11.016557,1.508304,1.322686,4.100871,75,13362,0,0
1289,3,7.504754,2.174432,19.412055,1.541951,11.478814,39.937575,4.821791,1.635603,9.557193,1.189697,1.082167,3.629374,63,11615,0,0
1290,3,3.055976,2.185866,22.090963,1.533207,13.259589,39.939735,5.604082,1.847850,10.941918,1.553711,1.409644,3.933038,75,13362,0,0
1291,3,8.042101,2.213732,19.466248,1.542379,10.915053,39.965780,4.715441,1.683231,9.733287,1.283953,1.047852,3.600854,63,11615,0,0
1292,3,3.008063,2.164178,22.142721,1.538530,13.229424,39.918738,5.560042,1.917145,10.860450,1.632670,1.257592,3.976335,75,13362,0,0
1293,3,7.451341,2.163961,19.419718,1.544349,11.550958,39.966366,4.613336,1.601671,9.704186,1.311317,1.040392,3.647312,63,11615,0,0
1294,3,3.029765,2.186490,22.125176,1.536584,13.245253,39.936778,5.410509,1.962989,11.000817,1.593882,1.262200,3.945845,75,13362,0,0
1295,3,7.273763,2.196804,19.476549,1.534651,11.652778,39.937741,4.753550,1.621823,9.631931,1.227549,1.077582,3.672309,63,11615,0,0
1296,3,3.041728,2.174778,22.124193,1.529053,13.270806,39.965780,5.515035,1.893836,11.032328,1.428660,1.411140,4.057102,75,13362,0,0
1297,3,7.396179,2.178175,19.435879,1.540056,11.593926,39.966041,4.644104,1.622711,9.713206,1.388662,1.168101,3.636091,63,11615,0,0
1298,3,3.071465,2.187731,22.024889,1.535668,13.308519,39.940542,5.498210,1.823157,10.954820,1.423309,1.268500,4.067912,75,13362,0,0
1299,3,3.092224,2.193759,19.527669,1.543087,15.803277,39.966258,4.712596,1.689524,9.617889,1.188399,1.078108,3.628499,63,11615,0,0
1300,3,17.550483,2.224704,21.980245,1.454444,18.980523,59.965695,5.301568,1.877499,10.972412,1.605323,1.197706,4.028442,75,13362,0,0
1301,3,7.990729,2.180678,19.428162,1.560143,11.000963,39.979997,4.776052,1.589128,9.630764,1.335826,1.082940,3.620314,63,11615,0,0
1302,3,3.012750,2.171224,22.140571,1.542843,13.248325,39.944489,5.454766,2.005832,10.981286,1.638713,1.377947,3.943159,75,13362,0,0
1303,3,3.116909,2.234266,19.237671,1.536048,16.075148,39.965776,4.795688,1.603950,9.541548,1.317203,1.118998,3.501753,63,11615,0,0
1304,3,7.320482,2.208910,21.994690,1.541812,9.083096,39.940080,5.361582,1.730893,11.068654,1.634749,1.310886,4.025448,75,13362,0,0
1305,3,7.361247,2.164619,19.492520,1.536231,11.575758,39.965756,4.874966,1.696801,9.494127,1.225199,1.081462,3.615126,63,11615,0,0
1306,3,2.978875,2.136427,22.171516,1.534610,13.231391,39.916392,5.562368,1.882362,10.980957,1.550337,1.235416,4.073107,75,13362,0,0
1307,3,3.136705,2.256395,19.223531,1.552216,16.072184,39.984636,4.783017,1.608951,9.556129,1.298269,1.153086,3.558285,63,11615,0,0
1308,3,3.014838,2.172743,22.128920,1.539819,13.263238,39.946815,5.563375,1.854095,10.879693,1.507494,1.233276,3.956428,75,13362,0,0
1309,3,7.485548,2.179688,19.418382,1.561405,11.519904,39.985240,4.715749,1.641829,9.600559,1.237155,1.082079,3.598965,63,11615,0,0
1310,3,3.044678,2.171922,22.122179,1.534319,13.244968,39.946143,5.542497,1.814911,10.858619,1.631717,1.333805,3.915568,75,13362,0,0
1311,3,3.080065,2.230218,19.293844,1.575260,16.058885,40.008053,4.724942,1.589332,9.596347,1.358429,1.044969,3.591268,63,11615,0,0
1312,3,75.467651,2.267103,21.897522,1.542762,1.014784,99.922719,5.491533,1.896935,10.901825,1.709924,1.308017,3.840688,75,13362,0,0
1313,3,7.687900,2.207458,19.508898,1.537499,11.195828,39.930125,4.749915,1.546085,9.635010,1.450066,1.108412,3.571550,63,11615,0,0
1314,3,3.147929,2.268141,21.923041,1.545878,13.349216,39.966064,5.560059,1.806976,10.845601,1.581529,1.270637,3.983090,75,13362,0,0
1315,3,3.074212,2.194790,19.505514,1.543060,15.860582,39.983368,4.778425,1.581777,9.721914,1.310299,1.071194,3.649746,63,11615,0,0
1316,3,7.826850,2.203593,22.326335,1.541541,8.253676,39.948402,5.327667,1.922346,11.197517,1.545213,1.268619,3.985989,75,13362,0,0
1317,3,7.726440,2.179382,19.532050,1.540076,11.167474,39.966041,4.887407,1.584191,9.517809,1.324151,1.077460,3.634165,63,11615,0,0
1318,3,3.087212,2.206692,22.039497,1.535665,13.303684,39.966058,5.424442,1.933394,10.898655,1.668311,1.237322,3.941138,75,13362,0,0
1319,3,3.087362,2.205926,19.086717,1.536702,16.255324,39.966105,4.732483,1.608521,9.601651,1.237122,1.077549,3.669840,63,11615,0,0
1320,3,7.980408,2.175693,21.784715,1.535804,8.664870,39.965797,5.431593,1.846568,10.921594,1.669071,1.282549,3.854479,75,13362,0,0
1321,3,7.843167,2.163683,19.028870,1.538252,11.555366,39.965654,4.508101,1.631487,9.687330,1.309455,1.113241,3.516893,63,11615,0,0
1322,3,3.053569,2.165860,22.002936,1.535173,13.374383,39.966061,5.379859,1.785316,11.018545,1.541714,1.267083,3.991394,75,13362,0,0
1323,3,3.090997,2.182699,19.077664,1.535458,16.262404,39.966522,4.815063,1.565331,9.631236,1.320462,1.114010,3.535956,63,11615,0,0
1324,3,3.075467,2.189406,21.989237,1.540321,13.377129,39.982154,5.456326,1.822405,10.818037,1.517066,1.232975,4.021216,75,13362,0,0
1325,3,21.167236,2.179138,19.551846,1.449137,17.781630,59.949849,4.672533,1.652564,9.702725,1.273037,1.178372,3.581245,63,11615,0,0
1326,3,3.082370,2.197700,22.097460,1.542152,13.206353,39.928335,5.554525,1.822598,10.857480,1.604136,1.292586,3.916911,75,13362,0,0
1327,3,3.097968,2.249152,19.252869,1.533444,16.082045,39.966326,4.655724,1.569875,9.541704,1.224331,1.137695,3.654399,63,11615,0,0
1328,3,3.051588,2.173177,22.099759,1.574053,13.245395,39.970795,5.450599,1.998884,10.918304,1.602329,1.338565,3.970208,75,13362,0,0
1329,3,11.465576,2.181369,19.480231,1.561978,7.442166,39.949951,4.791870,1.571862,9.639991,1.237240,1.144667,3.600671,63,11615,0,0
1330,3,3.025594,2.183350,22.064962,1.538510,13.317213,39.946279,5.485887,1.884759,10.868357,1.504069,1.235996,3.972548,75,13362,0,0
1331,3,3.119229,2.200758,19.464010,1.541036,15.841505,39.965780,4.683143,1.618846,9.740685,1.303613,1.110402,3.678128,63,11615,0,0
1332,3,3.094547,2.197890,21.994470,1.541124,13.335537,39.965678,5.264635,1.936195,11.047848,1.595062,1.368974,3.977539,75,13362,0,0
1333,3,7.301371,2.195001,19.015449,1.537737,12.111565,39.966122,4.869215,1.601193,9.521712,1.330156,1.082241,3.612264,63,11615,0,0
1334,3,3.123027,2.199700,21.983324,1.538900,13.320468,39.965719,5.574985,1.857832,10.909163,1.541989,1.394199,3.960592,75,13362,0,0
1335,3,3.134040,2.209439,19.084412,1.531755,16.216119,39.966326,4.769385,1.660356,9.560174,1.271756,1.070926,3.632178,63,11615,0,0
1336,3,3.085653,2.200670,21.939697,1.542345,13.398268,39.965963,5.396044,1.879832,10.944583,1.602247,1.237166,3.994005,75,13362,0,0
1337,3,76.969971,2.202718,18.971442,1.533783,2.491211,99.966407,4.639923,1.641720,9.527337,1.273509,1.115618,3.543430,63,11615,0,0
1338,3,3.099067,2.217712,22.237040,1.540690,13.082228,39.959025,5.489376,1.923187,10.991004,1.580492,1.257999,4.054779,75,13362,0,0
1339,3,3.089823,2.189874,19.443685,1.541043,15.891466,39.966017,4.764258,1.605811,9.750936,1.228153,1.080987,3.659200,63,11615,0,0
1340,3,3.098314,2.253126,22.276367,1.540263,13.050774,39.965719,5.426737,1.914758,11.148268,1.548604,1.295861,3.974511,75,13362,0,0
1341,3,11.559842,2.214674,19.164388,1.539103,7.702671,39.966003,4.712728,1.682081,9.680701,1.271488,1.149326,3.651184,63,11615,0,0
1342,3,3.128723,2.245761,21.858527,1.539608,13.439385,39.966244,5.508989,1.890337,10.872135,1.631683,1.234795,3.930237,75,13362,0,0
1343,3,3.047207,2.172987,18.989868,1.542297,16.386549,39.965922,4.625387,1.652639,9.571296,1.316637,1.080543,3.578003,63,11615,0,0
1344,3,3.079285,2.199022,21.827983,1.541612,13.516758,39.965637,5.280663,1.848223,10.955692,1.629747,1.238837,4.022102,75,13362,0,0
1345,3,11.277181,2.198961,19.502801,1.544522,7.613437,39.937941,4.585005,1.636919,9.790914,1.269012,1.047672,3.694173,63,11615,0,0
1346,3,3.116597,2.269436,22.265198,1.570340,13.036574,39.988708,5.567796,1.842482,11.156209,1.505476,1.419830,4.017293,75,13362,0,0
1347,3,3.085849,2.210524,19.478746,1.543026,15.835829,39.943451,4.843048,1.555505,9.684875,1.307987,1.083320,3.658820,63,11615,0,0
1348,3,3.142768,2.260966,22.211995,1.540263,13.070224,39.965251,5.514421,1.974070,10.959581,1.501183,1.264960,4.021230,75,13362,0,0
1349,3,7.733622,2.170220,19.440335,1.539069,11.253181,39.966207,4.852149,1.496518,9.745361,1.309109,1.068719,3.688721,63,11615,0,0
1350,3,16.116713,2.195523,22.206265,1.475674,0.138597,39.937249,5.482157,1.993690,10.997491,1.521868,1.272013,4.010922,75,13362,0,0
1351,3,3.095730,2.188775,19.455668,1.564331,15.842950,39.958679,4.892609,1.556563,9.715505,1.392402,1.036828,3.591621,63,11615,0,0
1352,3,3.091044,2.243252,21.910468,1.555054,13.431980,39.988546,5.444339,1.906057,10.831336,1.510966,1.305640,3.871758,75,13362,0,0
1353,3,7.487712,2.201097,19.488749,1.535902,11.403992,39.916355,4.708934,1.604635,9.807268,1.319638,1.044535,3.525845,63,11615,0,0
1354,3,7.490784,2.205783,22.074592,1.533732,8.867303,39.966410,5.436110,1.863041,11.074117,1.551446,1.306929,4.011275,75,13362,0,0
1355,3,3.040080,2.195835,19.453552,1.540934,15.901299,39.935866,4.809285,1.515710,9.712162,1.317498,1.046529,3.664140,63,11615,0,0
1356,3,3.080363,2.199870,22.273546,1.535617,13.076579,39.966105,5.463416,1.937259,11.107829,1.588253,1.403622,3.957214,75,13362,0,0
1357,3,7.578674,2.201525,19.586555,1.536184,11.265279,39.966692,4.776696,1.550988,9.822025,1.312486,1.112722,3.644643,63,11615,0,0
1358,3,3.096754,2.248027,21.932502,1.532281,13.404439,39.965976,5.395955,1.858497,11.012560,1.668440,1.343055,3.940901,75,13362,0,0
1359,3,3.089749,2.212301,19.020671,1.539124,16.315911,39.965454,4.764031,1.555264,9.488342,1.319617,1.080132,3.585832,63,11615,0,0
1360,3,3.152384,2.269267,21.931912,1.533044,13.349148,39.966488,5.412747,1.781355,11.133799,1.643690,1.359005,4.034142,75,13362,0,0
1361,3,7.613525,2.257033,19.118232,1.539341,11.694478,39.965576,4.621497,1.631412,9.750682,1.353550,1.150085,3.644572,63,11615,0,0
1362,3,76.751553,2.263889,21.931742,1.464837,19.826558,119.974691,5.356961,1.774492,11.120605,1.661363,1.412350,3.966305,75,13362,0,0
1363,3,3.041484,2.200317,19.401842,1.538140,15.968709,39.950175,4.736440,1.566749,9.622403,1.315399,1.073802,3.600003,63,11615,0,0
1364,3,3.125346,2.205729,22.187507,1.540704,13.112874,39.966431,5.552236,1.822289,11.115655,1.424601,1.235155,4.148933,75,13362,0,0
1365,3,7.895813,2.228706,19.473029,1.530528,11.067118,39.966488,4.693383,1.721788,9.661835,1.268975,1.188761,3.543104,63,11615,0,0
1366,3,7.261081,2.220893,22.081326,1.533973,9.089613,39.965993,5.475176,1.787208,11.232083,1.670871,1.305671,3.967851,75,13362,0,0
1367,3,3.120728,2.203471,19.251811,1.539517,16.053440,39.965495,4.606747,1.670685,9.800781,1.271189,1.096541,3.602227,63,11615,0,0
1368,3,3.110548,2.185357,22.133267,1.532461,13.189840,39.966115,5.392992,2.003608,11.059397,1.542714,1.308173,3.963647,75,13362,0,0
1369,3,7.620083,2.194261,18.961894,1.537245,11.846720,39.965942,4.662445,1.605181,9.602871,1.351030,1.150170,3.533145,63,11615,0,0
1370,3,7.307943,2.194641,22.128750,1.532399,8.996969,39.966061,5.380093,1.818709,11.178491,1.585846,1.303697,4.091943,75,13362,0,0
1371,3,3.015164,2.173835,20.494134,1.535733,14.921034,39.966064,4.724843,1.585270,9.533532,1.271922,1.071723,3.572137,63,11615,0,0
1372,3,3.088257,2.199795,21.803372,1.536438,13.540724,39.968791,5.332031,1.921153,10.838165,1.560750,1.279870,3.907688,75,13362,0,0
1373,3,7.495680,2.201762,19.108771,1.533810,11.824721,39.962982,4.811751,1.632657,9.528720,1.234212,1.006415,3.702881,63,11615,0,0
1374,3,3.142497,2.211785,22.158963,1.562314,13.124647,39.988420,5.455889,1.975491,10.992791,1.543311,1.359677,4.004337,75,13362,0,0
1375,3,17.217773,2.210029,19.220181,1.533539,1.971761,39.943254,4.612918,1.506907,9.581604,1.362423,1.156996,3.554952,63,11615,0,0
1376,3,3.130541,2.222805,22.233643,1.538550,13.056166,39.958900,5.509369,1.892168,11.044074,1.608270,1.293830,3.950053,75,13362,0,0
1377,3,7.765856,2.186015,19.452087,1.540229,11.207526,39.965698,4.699605,1.557939,9.784705,1.278100,1.083733,3.668528,63,11615,0,0
1378,3,3.094747,2.247687,22.232381,1.544010,13.094964,39.966102,5.575782,1.817257,11.197493,1.805071,1.344438,3.901940,75,13362,0,0
1379,3,7.959764,2.215481,19.169820,1.540710,11.295464,39.965759,4.651560,1.708588,9.660085,1.262631,1.140025,3.676839,63,11615,0,0
1380,3,3.104560,2.257128,21.976705,1.579851,13.305149,39.966265,5.396667,1.821960,11.132843,1.565559,1.372582,4.006707,75,13362,0,0
1381,3,7.752190,2.158447,18.941637,1.538940,11.733046,39.965814,4.558363,1.655982,9.485908,1.377869,1.079135,3.509067,63,11615,0,0
1382,3,3.123067,2.243028,21.898383,1.529792,13.414517,39.965759,5.414232,1.825178,11.094645,1.641530,1.382307,4.083293,75,13362,0,0
1383,3,3.069926,2.189772,19.017992,1.539161,16.338779,39.965858,4.719103,1.644548,9.503632,1.228112,1.045888,3.617255,63,11615,0,0
1384,3,3.085476,2.237732,21.895610,1.534159,13.450351,39.965597,5.293074,1.892392,10.976057,1.582730,1.286635,4.028032,75,13362,0,0
1385,3,7.680135,2.187561,19.449300,1.540097,11.267307,39.936839,4.692091,1.555579,9.682383,1.312764,1.153039,3.613590,63,11615,0,0
1386,3,3.106866,2.260017,22.282111,1.540670,13.036797,39.966444,5.531793,1.886936,11.115333,1.583327,1.329932,4.080783,75,13362,0,0
1387,3,70.572510,2.224575,19.455655,1.542521,8.395155,99.965841,4.716424,1.636492,9.592523,1.393097,1.004466,3.581089,63,11615,0,0
1388,3,3.078837,2.200195,22.157355,1.541361,13.181390,39.958944,5.236298,1.909956,11.118958,1.556332,1.267900,4.111243,75,13362,0,0
1389,3,7.390483,2.199036,19.482978,1.536275,11.555718,39.965454,4.805474,1.670251,9.583279,1.289900,1.008294,3.586792,63,11615,0,0
1390,3,3.075358,2.183573,22.158142,1.543762,13.188917,39.966180,5.625020,1.815569,10.997023,1.504310,1.230638,4.031752,75,13362,0,0
1391,3,7.250610,2.256497,19.178263,1.542141,11.994744,39.965759,4.759481,1.677663,9.567691,1.311110,1.068573,3.615797,63,11615,0,0
1392,3,3.055562,2.175564,22.107510,1.542792,13.259833,39.965698,5.443827,1.846120,11.113573,1.548665,1.196615,4.025570,75,13362,0,0
1393,3,7.473022,2.180522,19.040941,1.539836,11.912265,39.966064,4.494927,1.724158,9.568319,1.241499,1.006788,3.585876,63,11615,0,0
1394,3,3.087565,2.203464,22.140205,1.546143,13.192173,39.966085,5.335012,1.845513,11.292965,1.672675,1.441789,3.982574,75,13362,0,0
1395,3,7.747843,2.199320,19.216370,1.542091,11.459791,39.966095,4.685055,1.667748,9.756565,1.302606,1.031887,3.683468,63,11615,0,0
1396,3,3.087708,2.178935,22.101590,1.540243,13.236504,39.966044,5.687815,1.888702,10.901286,1.623386,1.193448,4.009169,75,13362,0,0
1397,3,7.196052,2.178942,19.210673,2.315918,11.245700,39.968343,4.672523,1.604177,9.840278,1.481584,1.007114,3.679833,63,11615,0,0
1398,3,3.083313,2.201497,22.087023,1.542358,13.250787,39.963481,5.340132,1.984907,11.053429,1.505747,1.264943,4.036953,75,13362,0,0
1399,3,3.095093,2.181797,19.320747,1.531047,16.019138,39.966024,4.599993,1.676700,9.577084,1.347083,1.109365,3.564969,63,11615,0,0
1400,3,18.397902,2.232795,22.242032,1.454112,17.889282,59.983327,5.367808,1.811642,11.285343,1.771922,1.425612,3.994849,75,13362,0,0
1401,3,7.919339,2.252448,19.263692,1.532020,11.226637,39.941688,4.801039,1.564762,9.550696,1.271664,1.038388,3.586863,63,11615,0,0
1402,3,3.095907,2.215705,22.299425,1.542786,13.028354,39.966471,5.468916,1.969167,11.020796,1.614017,1.300981,4.004510,75,13362,0,0
1403,3,3.061544,2.181912,19.461412,1.536272,15.906386,39.965613,4.819326,1.588023,9.598233,1.380510,1.074843,3.556515,63,11615,0,0
1404,3,7.401713,2.214966,22.088874,1.545695,8.929945,39.966227,5.415714,1.929833,10.969706,1.610602,1.234402,3.997789,75,13362,0,0
1405,3,6.725715,2.196147,18.921305,1.538127,12.780796,39.965942,4.651645,1.667416,9.465966,1.353431,1.114577,3.488807,63,11615,0,0
1406,3,3.107951,2.261346,21.933275,1.568997,13.355679,39.965902,5.154599,1.814846,11.260227,1.611538,1.440420,4.076660,75,13362,0,0
1407,3,3.069682,2.188958,19.404521,1.538486,15.925456,39.938144,4.824643,1.585907,9.658291,1.192851,1.115743,3.676534,63,11615,0,0
1408,3,3.122220,2.242147,22.303609,1.538001,13.002170,39.966000,5.593625,1.824378,11.218777,1.664202,1.299811,4.112261,75,13362,0,0
1409,3,7.469604,2.237135,19.198079,1.535929,11.732781,39.936395,4.601593,1.503408,9.557831,1.348718,1.159885,3.549337,63,11615,0,0
1410,3,3.113064,2.201626,22.268453,1.537740,13.046522,39.965780,5.511024,1.971710,11.025723,1.583045,1.269426,3.935998,75,13362,0,0
1411,3,3.084771,2.241313,19.449185,1.540219,15.863478,39.937653,4.718262,1.592614,9.625719,1.352576,1.034515,3.678128,63,11615,0,0
1412,3,72.854980,2.203491,22.130188,1.535828,3.444614,99.965610,5.552087,1.854251,10.990143,1.475267,1.302680,3.984646,75,13362,0,0
1413,3,7.565145,2.203016,19.353312,1.539527,11.501133,39.959117,4.703189,1.709429,9.498606,1.231920,1.047855,3.536357,63,11615,0,0
1414,3,3.071262,2.192783,22.083869,1.545003,13.236464,39.936598,5.507541,1.820065,11.033776,1.605784,1.360382,3.905924,75,13362,0,0
1415,3,3.126811,2.278965,19.249254,1.530006,16.073134,39.979204,4.611708,1.677094,9.597378,1.354496,1.121023,3.536248,63,11615,0,0
1416,3,7.320414,2.196791,21.970039,1.535275,9.126906,39.952633,5.384861,1.919505,10.910509,1.568319,1.259433,3.985182,75,13362,0,0
1417,3,7.664429,2.257128,19.235786,1.530965,11.534519,39.965698,4.652883,1.507653,9.542914,1.376509,1.168132,3.573900,63,11615,0,0
1418,3,3.090841,2.172967,22.071581,1.536414,13.267388,39.966224,5.559889,1.801900,11.094354,1.581648,1.343777,4.045668,75,13362,0,0
1419,3,3.079841,2.232917,19.089294,1.539100,16.257663,39.965898,4.814026,1.670183,9.543393,1.268846,1.038242,3.619073,63,11615,0,0
1420,3,8.861715,2.198120,21.972154,1.533983,7.598070,39.965922,5.335520,1.809099,11.040324,1.554816,1.319461,3.968255,75,13362,0,0
1421,3,6.660685,2.229614,19.191305,1.545671,12.568007,39.965668,4.781704,1.719221,9.548791,1.300975,1.141222,3.608449,63,11615,0,0
1422,3,3.019735,2.176066,22.140645,1.542379,13.235141,39.937900,5.552110,1.870297,10.983751,1.543199,1.271691,3.883304,75,13362,0,0
1423,3,3.137173,2.262309,19.571655,1.540870,15.716953,39.966651,4.699795,1.707435,9.757178,1.307522,1.151072,3.539171,63,11615,0,0
1424,3,3.094910,2.250909,22.107483,1.543498,13.189039,39.934930,5.538873,1.940443,10.848477,1.510820,1.303738,4.015645,75,13362,0,0
1425,3,22.412333,2.180067,19.500943,1.543559,16.509047,59.965881,4.666677,1.649913,9.713281,1.345676,1.185679,3.603397,63,11615,0,0
1426,3,3.091200,2.182407,22.213630,1.539754,13.127516,39.972100,5.599616,1.852522,11.145128,1.553304,1.310123,4.071872,75,13362,0,0
1427,3,3.047689,2.198073,19.401048,1.540487,15.963576,39.952799,4.755313,1.630151,9.594418,1.347700,1.045766,3.591051,63,11615,0,0
1428,3,3.079183,2.196228,22.244344,1.535956,13.106357,39.965841,5.549174,1.924191,11.006538,1.578776,1.278198,4.059937,75,13362,0,0
1429,3,11.034370,2.268751,19.541951,1.535112,7.827223,39.938656,4.875559,1.746969,9.551883,1.222639,1.151113,3.607558,63,11615,0,0
1430,3,3.105164,2.257053,22.297919,1.539307,13.023370,39.965759,5.554877,1.937364,11.072428,1.464817,1.307658,3.980530,75,13362,0,0
1431,3,3.084981,2.203301,19.456061,1.537910,15.887132,39.966085,4.725959,1.653127,9.611647,1.188992,1.074504,3.659051,63,11615,0,0
1432,3,3.144945,2.263869,21.929220,1.534668,13.356805,39.965637,5.236535,1.735538,11.143833,1.543515,1.298482,4.054311,75,13362,0,0
1433,3,7.741150,2.184645,19.101935,1.538025,11.584710,39.965820,4.776391,1.600847,9.656372,1.403659,1.043505,3.523312,63,11615,0,0
1434,3,3.085598,2.201213,21.977437,1.536540,13.366652,39.966227,5.520477,1.839983,10.885800,1.598012,1.331980,3.911363,75,13362,0,0
1435,3,3.111735,2.203729,19.088467,1.539856,16.226067,39.966125,4.770972,1.655311,9.565247,1.285719,1.079868,3.571448,63,11615,0,0
1436,3,3.083415,2.199687,21.988186,1.537421,13.357042,39.966064,5.319102,1.915382,10.937137,1.616475,1.294498,3.914076,75,13362,0,0
1437,3,77.132772,2.240309,19.242479,1.536682,2.053908,99.965841,4.532796,1.729550,9.750370,1.396403,1.162025,3.628435,63,11615,0,0
1438,3,3.087118,2.218472,21.979723,1.566935,13.344984,39.978760,5.440009,1.914568,10.940854,1.572734,1.346676,3.875834,75,13362,0,0
1439,3,3.060913,2.179294,19.479397,1.542945,15.862644,39.945899,4.706387,1.667158,9.621321,1.286943,1.074337,3.647322,63,11615,0,0
